<?xml version="1.0" encoding="UTF-8"?>
<Entities>
    <LocalizationTables>
        <LocalizationTable
         description="ja localization table"
         homeMashup=""
         name="ja"
         tags="PTC:factory-demo">
            <avatar></avatar>
            <DesignTimePermissions>
                <Create></Create>
                <Read></Read>
                <Update></Update>
                <Delete></Delete>
                <Metadata></Metadata>
            </DesignTimePermissions>
            <RunTimePermissions></RunTimePermissions>
            <VisibilityPermissions></VisibilityPermissions>
            <ConfigurationTables>
                <ConfigurationTable
                 description="Localization Tokens"
                 isMultiRow="true"
                 name="LocalizationTokens"
                 ordinal="0">
                    <DataShape>
                        <FieldDefinitions>
                            <FieldDefinition
                             aspect.friendlyName="Translation context"
                             baseType="STRING"
                             description="Translation context"
                             name="context"
                             ordinal="3"></FieldDefinition>
                            <FieldDefinition
                             aspect.friendlyName="Token name"
                             baseType="STRING"
                             description="Token name"
                             name="name"
                             ordinal="0"></FieldDefinition>
                            <FieldDefinition
                             aspect.friendlyName="Token usage"
                             baseType="STRING"
                             description="Token usage"
                             name="usage"
                             ordinal="2"></FieldDefinition>
                            <FieldDefinition
                             aspect.friendlyName="Localized value"
                             baseType="STRING"
                             description="Localized value"
                             name="value"
                             ordinal="1"></FieldDefinition>
                        </FieldDefinitions>
                    </DataShape>
                    <Rows>
                        <Row>
                            <name>
                            <![CDATA[
                            PTC.Factory.Demo.ManufacturingPlanningTileLabel
                            ]]>
                            </name>
                            <value>
                            <![CDATA[
                            [デモ] 製造計画
                            ]]>
                            </value>
                        </Row>
                        <Row>
                            <name>
                            <![CDATA[
                            PTC.Factory.Demo.ManufacturingPlanningTileDescription
                            ]]>
                            </name>
                            <value>
                            <![CDATA[
                            [デモ] ジョブオーダーを管理し、インポートされた作業定義および材料を表示します。
                            ]]>
                            </value>
                        </Row>
                        <Row>
                            <name>
                            <![CDATA[
                            PTC.Factory.Demo.Attachments
                            ]]>
                            </name>
                            <value>
                            <![CDATA[
                            添付資料
                            ]]>
                            </value>
                        </Row>
                        <Row>
                            <name>
                            <![CDATA[
                            PTC.Factory.Demo.ControlCharacteristics
                            ]]>
                            </name>
                            <value>
                            <![CDATA[
                            制御特性
                            ]]>
                            </value>
                        </Row>
                        <Row>
                            <name>
                            <![CDATA[
                            PTC.Factory.Demo.SequenceNumber
                            ]]>
                            </name>
                            <value>
                            <![CDATA[
                            シーケンス番号
                            ]]>
                            </value>
                        </Row>
                        <Row>
                            <name>
                            <![CDATA[
                            PTC.Factory.Demo.WorkDefinition.OperationsTitle
                            ]]>
                            </name>
                            <value>
                            <![CDATA[
                            オペレーション
                            ]]>
                            </value>
                        </Row>
                        <Row>
                            <name>
                            <![CDATA[
                            PTC.Factory.Demo.ViewMaterial
                            ]]>
                            </name>
                            <value>
                            <![CDATA[
                            材料を表示
                            ]]>
                            </value>
                        </Row>
                        <Row>
                            <name>
                            <![CDATA[
                            PTC.Factory.Demo.IDLabel
                            ]]>
                            </name>
                            <value>
                            <![CDATA[
                            ID
                            ]]>
                            </value>
                        </Row>
                        <Row>
                            <name>
                            <![CDATA[
                            PTC.Factory.Demo.Source
                            ]]>
                            </name>
                            <value>
                            <![CDATA[
                            ソース
                            ]]>
                            </value>
                        </Row>
                        <Row>
                            <name>
                            <![CDATA[
                            PTC.Factory.Demo.DefaultUnit
                            ]]>
                            </name>
                            <value>
                            <![CDATA[
                            デフォルト単位
                            ]]>
                            </value>
                        </Row>
                        <Row>
                            <name>
                            <![CDATA[
                            PTC.Factory.Demo.WorkTypeLabel
                            ]]>
                            </name>
                            <value>
                            <![CDATA[
                            作業タイプ
                            ]]>
                            </value>
                        </Row>
                        <Row>
                            <name>
                            <![CDATA[
                            PTC.Factory.Demo.Duration
                            ]]>
                            </name>
                            <value>
                            <![CDATA[
                            期間
                            ]]>
                            </value>
                        </Row>
                        <Row>
                            <name>
                            <![CDATA[
                            PTC.Factory.Demo.DurationUOM
                            ]]>
                            </name>
                            <value>
                            <![CDATA[
                            期間の測定単位
                            ]]>
                            </value>
                        </Row>
                        <Row>
                            <name>
                            <![CDATA[
                            PTC.Factory.Demo.ViewWorkDefinition
                            ]]>
                            </name>
                            <value>
                            <![CDATA[
                            作業定義を表示
                            ]]>
                            </value>
                        </Row>
                        <Row>
                            <name>
                            <![CDATA[
                            PTC.Factory.Demo.MaterialDefinitionTitleLabel
                            ]]>
                            </name>
                            <value>
                            <![CDATA[
                            材料 - {0}
                            ]]>
                            </value>
                        </Row>
                        <Row>
                            <name>
                            <![CDATA[
                            PTC.Factory.Demo.WorkDefinitionTitleLabel
                            ]]>
                            </name>
                            <value>
                            <![CDATA[
                            作業定義 - {0}
                            ]]>
                            </value>
                        </Row>
                        <Row>
                            <name>
                            <![CDATA[
                            PTC.Factory.Demo.ItemLabel
                            ]]>
                            </name>
                            <value>
                            <![CDATA[
                            アイテム
                            ]]>
                            </value>
                        </Row>
                        <Row>
                            <name>
                            <![CDATA[
                            PTC.Factory.Demo.QuantityUnitOfMeasureLabel
                            ]]>
                            </name>
                            <value>
                            <![CDATA[
                            数量の測定単位
                            ]]>
                            </value>
                        </Row>
                        <Row>
                            <name>
                            <![CDATA[
                            PTC.Factory.Demo.DispatchStatusLabel
                            ]]>
                            </name>
                            <value>
                            <![CDATA[
                            発送ステータス
                            ]]>
                            </value>
                        </Row>
                        <Row>
                            <name>
                            <![CDATA[
                            PTC.Factory.Demo.CreateJobOrderTooltip
                            ]]>
                            </name>
                            <value>
                            <![CDATA[
                            ジョブオーダーを作成
                            ]]>
                            </value>
                        </Row>
                        <Row>
                            <name>
                            <![CDATA[
                            PTC.Factory.Demo.CreateJobOrderUpperCase
                            ]]>
                            </name>
                            <value>
                            <![CDATA[
                            ジョブオーダーを作成
                            ]]>
                            </value>
                        </Row>
                        <Row>
                            <name>
                            <![CDATA[
                            PTC.Factory.Demo.JobOrderTitleLabel
                            ]]>
                            </name>
                            <value>
                            <![CDATA[
                            ジョブオーダー - {0}
                            ]]>
                            </value>
                        </Row>
                        <Row>
                            <name>
                            <![CDATA[
                            PTC.Factory.Demo.EditJobOrder
                            ]]>
                            </name>
                            <value>
                            <![CDATA[
                            ジョブオーダーを編集
                            ]]>
                            </value>
                        </Row>
                        <Row>
                            <name>
                            <![CDATA[
                            PTC.Factory.Demo.LinkItemUpperCase
                            ]]>
                            </name>
                            <value>
                            <![CDATA[
                            アイテムをリンク
                            ]]>
                            </value>
                        </Row>
                        <Row>
                            <name>
                            <![CDATA[
                            PTC.Factory.Demo.PhysicalLocation
                            ]]>
                            </name>
                            <value>
                            <![CDATA[
                            物理的な場所
                            ]]>
                            </value>
                        </Row>
                        <Row>
                            <name>
                            <![CDATA[
                            PTC.Factory.Demo.ThingName
                            ]]>
                            </name>
                            <value>
                            <![CDATA[
                            Thing 名
                            ]]>
                            </value>
                        </Row>
                        <Row>
                            <name>
                            <![CDATA[
                            PTC.Factory.Demo.EquipmentLevel
                            ]]>
                            </name>
                            <value>
                            <![CDATA[
                            設備レベル
                            ]]>
                            </value>
                        </Row>
                        <Row>
                            <name>
                            <![CDATA[
                            PTC.Factory.Demo.AddLinkedEquipment
                            ]]>
                            </name>
                            <value>
                            <![CDATA[
                            リンクされた設備を追加
                            ]]>
                            </value>
                        </Row>
                        <Row>
                            <name>
                            <![CDATA[
                            PTC.Factory.Demo.AddLinkedItem
                            ]]>
                            </name>
                            <value>
                            <![CDATA[
                            リンクされたアイテムを追加
                            ]]>
                            </value>
                        </Row>
                        <Row>
                            <name>
                            <![CDATA[
                            PTC.Factory.Demo.LinkEquipmentUpperCase
                            ]]>
                            </name>
                            <value>
                            <![CDATA[
                            設備をリンク
                            ]]>
                            </value>
                        </Row>
                        <Row>
                            <name>
                            <![CDATA[
                            PTC.Factory.Demo.RemoveLinkedEquipment
                            ]]>
                            </name>
                            <value>
                            <![CDATA[
                            設備をリンク解除
                            ]]>
                            </value>
                        </Row>
                        <Row>
                            <name>
                            <![CDATA[
                            PTC.Factory.Demo.RemoveLinkedItem
                            ]]>
                            </name>
                            <value>
                            <![CDATA[
                            アイテムをリンク解除
                            ]]>
                            </value>
                        </Row>
                        <Row>
                            <name>
                            <![CDATA[
                            PTC.Factory.Demo.RemoveLinkedEquipmentUpperCase
                            ]]>
                            </name>
                            <value>
                            <![CDATA[
                            設備をリンク解除
                            ]]>
                            </value>
                        </Row>
                        <Row>
                            <name>
                            <![CDATA[
                            PTC.Factory.Demo.RemoveLinkedEquipmentConfirmation
                            ]]>
                            </name>
                            <value>
                            <![CDATA[
                            選択した設備のリンクを解除しますか?
                            ]]>
                            </value>
                        </Row>
                        <Row>
                            <name>
                            <![CDATA[
                            PTC.Factory.Demo.Duration
                            ]]>
                            </name>
                            <value>
                            <![CDATA[
                            期間
                            ]]>
                            </value>
                        </Row>
                        <Row>
                            <name>
                            <![CDATA[
                            PTC.Factory.Demo.DurationUOM
                            ]]>
                            </name>
                            <value>
                            <![CDATA[
                            期間の測定単位
                            ]]>
                            </value>
                        </Row>
                        <Row>
                            <name>
                            <![CDATA[
                            PTC.Factory.Demo.MaterialsTabName
                            ]]>
                            </name>
                            <value>
                            <![CDATA[
                            材料
                            ]]>
                            </value>
                        </Row>
                        <Row>
                            <name>
                            <![CDATA[
                            PTC.Factory.Demo.WorkDefinitionsTabName
                            ]]>
                            </name>
                            <value>
                            <![CDATA[
                            作業定義
                            ]]>
                            </value>
                        </Row>
                        <Row>
                            <name>
                            <![CDATA[
                            PTC.Factory.Demo.JobOrdersTabName
                            ]]>
                            </name>
                            <value>
                            <![CDATA[
                            ジョブオーダー
                            ]]>
                            </value>
                        </Row>
                        <Row>
                            <name>
                            <![CDATA[
                            PTC.Factory.Demo.Category
                            ]]>
                            </name>
                            <value>
                            <![CDATA[
                            カテゴリ
                            ]]>
                            </value>
                        </Row>
                        <Row>
                            <name>
                            <![CDATA[
                            PTC.Factory.Demo.UpperLimit
                            ]]>
                            </name>
                            <value>
                            <![CDATA[
                            上限
                            ]]>
                            </value>
                        </Row>
                        <Row>
                            <name>
                            <![CDATA[
                            PTC.Factory.Demo.LowerLimit
                            ]]>
                            </name>
                            <value>
                            <![CDATA[
                            下限
                            ]]>
                            </value>
                        </Row>
                        <Row>
                            <name>
                            <![CDATA[
                            PTC.Factory.Demo.NominalValue
                            ]]>
                            </name>
                            <value>
                            <![CDATA[
                            基準値
                            ]]>
                            </value>
                        </Row>
                        <Row>
                            <name>
                            <![CDATA[
                            PTC.Factory.Demo.Create
                            ]]>
                            </name>
                            <value>
                            <![CDATA[
                            作成
                            ]]>
                            </value>
                        </Row>
                        <Row>
                            <name>
                            <![CDATA[
                            PTC.Factory.Demo.Edit
                            ]]>
                            </name>
                            <value>
                            <![CDATA[
                            編集
                            ]]>
                            </value>
                        </Row>
                        <Row>
                            <name>
                            <![CDATA[
                            PTC.Factory.Demo.Refresh
                            ]]>
                            </name>
                            <value>
                            <![CDATA[
                            再表示
                            ]]>
                            </value>
                        </Row>
                        <Row>
                            <name>
                            <![CDATA[
                            PTC.Factory.Demo.Link
                            ]]>
                            </name>
                            <value>
                            <![CDATA[
                            リンク
                            ]]>
                            </value>
                        </Row>
                        <Row>
                            <name>
                            <![CDATA[
                            PTC.Factory.Demo.Unlink
                            ]]>
                            </name>
                            <value>
                            <![CDATA[
                            リンク解除
                            ]]>
                            </value>
                        </Row>
                        <Row>
                            <name>
                            <![CDATA[
                            PTC.Factory.Demo.MaterialsMenuName
                            ]]>
                            </name>
                            <value>
                            <![CDATA[
                            - 材料
                            ]]>
                            </value>
                        </Row>
                        <Row>
                            <name>
                            <![CDATA[
                            PTC.Factory.Demo.WorkDefinitionsMenuName
                            ]]>
                            </name>
                            <value>
                            <![CDATA[
                            - 作業定義
                            ]]>
                            </value>
                        </Row>
                        <Row>
                            <name>
                            <![CDATA[
                            PTC.Factory.Demo.JobOrdersMenuName
                            ]]>
                            </name>
                            <value>
                            <![CDATA[
                            - ジョブオーダー
                            ]]>
                            </value>
                        </Row>
                        <Row>
                            <name>
                            <![CDATA[
                            PTC.Factory.Demo.WorkInstructions
                            ]]>
                            </name>
                            <value>
                            <![CDATA[
                            作業指示
                            ]]>
                            </value>
                        </Row>
                        <Row>
                            <name>
                            <![CDATA[
                            PTC.Factory.Demo.UnlinkJobOrderWorkDefinitionToolTip
                            ]]>
                            </name>
                            <value>
                            <![CDATA[
                            作業定義をジョブオーダーからリンク解除
                            ]]>
                            </value>
                        </Row>
                        <Row>
                            <name>
                            <![CDATA[
                            PTC.Factory.Demo.LinkJobOrderWorkDefinitionToolTip
                            ]]>
                            </name>
                            <value>
                            <![CDATA[
                            作業定義をジョブオーダーにリンク
                            ]]>
                            </value>
                        </Row>
                        <Row>
                            <name>
                            <![CDATA[
                            PTC.Factory.Demo.LinkWorkDefinitionsDescription
                            ]]>
                            </name>
                            <value>
                            <![CDATA[
                            選択した作業定義のコピーを作成し、ジョブオーダーにリンクします。複数の作業定義を選択するには、Ctrl キーを押しながらクリックしてください。
                            ]]>
                            </value>
                        </Row>
                        <Row>
                            <name>
                            <![CDATA[
                            PTC.Factory.Demo.LinkWorkDefinitions
                            ]]>
                            </name>
                            <value>
                            <![CDATA[
                            作業定義をジョブオーダーにリンク
                            ]]>
                            </value>
                        </Row>
                        <Row>
                            <name>
                            <![CDATA[
                            PTC.Factory.Demo.SelectDropDown
                            ]]>
                            </name>
                            <value>
                            <![CDATA[
                            選択...
                            ]]>
                            </value>
                        </Row>
                        <Row>
                            <name>
                            <![CDATA[
                            PTC.Factory.Demo.SelectDateTime
                            ]]>
                            </name>
                            <value>
                            <![CDATA[
                            日付と時間を選択
                            ]]>
                            </value>
                        </Row>
                    </Rows>
                </ConfigurationTable>
            </ConfigurationTables>
        </LocalizationTable>
    </LocalizationTables>
</Entities>
