<?xml version="1.0" encoding="UTF-8"?>
<Entities>
    <LocalizationTables>
        <LocalizationTable
         description="it localization table"
         homeMashup=""
         name="it"
         tags="PTC:factory-demo">
            <avatar></avatar>
            <DesignTimePermissions>
                <Create></Create>
                <Read></Read>
                <Update></Update>
                <Delete></Delete>
                <Metadata></Metadata>
            </DesignTimePermissions>
            <RunTimePermissions></RunTimePermissions>
            <VisibilityPermissions></VisibilityPermissions>
            <ConfigurationTables>
                <ConfigurationTable
                 description="Localization Tokens"
                 isMultiRow="true"
                 name="LocalizationTokens"
                 ordinal="0">
                    <DataShape>
                        <FieldDefinitions>
                            <FieldDefinition
                             aspect.friendlyName="Translation context"
                             baseType="STRING"
                             description="Translation context"
                             name="context"
                             ordinal="3"></FieldDefinition>
                            <FieldDefinition
                             aspect.friendlyName="Token name"
                             baseType="STRING"
                             description="Token name"
                             name="name"
                             ordinal="0"></FieldDefinition>
                            <FieldDefinition
                             aspect.friendlyName="Token usage"
                             baseType="STRING"
                             description="Token usage"
                             name="usage"
                             ordinal="2"></FieldDefinition>
                            <FieldDefinition
                             aspect.friendlyName="Localized value"
                             baseType="STRING"
                             description="Localized value"
                             name="value"
                             ordinal="1"></FieldDefinition>
                        </FieldDefinitions>
                    </DataShape>
                    <Rows>
                        <Row>
                            <name>
                            <![CDATA[
                            PTC.Factory.Demo.ManufacturingPlanningTileLabel
                            ]]>
                            </name>
                            <value>
                            <![CDATA[
                            [Demo] Pianificazione della produzione
                            ]]>
                            </value>
                        </Row>
                        <Row>
                            <name>
                            <![CDATA[
                            PTC.Factory.Demo.ManufacturingPlanningTileDescription
                            ]]>
                            </name>
                            <value>
                            <![CDATA[
                            [Demo] Consente di gestire le commesse e di visualizzare le definizioni di lavorazione e i materiali importati.
                            ]]>
                            </value>
                        </Row>
                        <Row>
                            <name>
                            <![CDATA[
                            PTC.Factory.Demo.Attachments
                            ]]>
                            </name>
                            <value>
                            <![CDATA[
                            Allegati
                            ]]>
                            </value>
                        </Row>
                        <Row>
                            <name>
                            <![CDATA[
                            PTC.Factory.Demo.ControlCharacteristics
                            ]]>
                            </name>
                            <value>
                            <![CDATA[
                            Caratteristiche di controllo
                            ]]>
                            </value>
                        </Row>
                        <Row>
                            <name>
                            <![CDATA[
                            PTC.Factory.Demo.SequenceNumber
                            ]]>
                            </name>
                            <value>
                            <![CDATA[
                            Numero sequenza
                            ]]>
                            </value>
                        </Row>
                        <Row>
                            <name>
                            <![CDATA[
                            PTC.Factory.Demo.WorkDefinition.OperationsTitle
                            ]]>
                            </name>
                            <value>
                            <![CDATA[
                            Operazioni
                            ]]>
                            </value>
                        </Row>
                        <Row>
                            <name>
                            <![CDATA[
                            PTC.Factory.Demo.ViewMaterial
                            ]]>
                            </name>
                            <value>
                            <![CDATA[
                            Visualizza materiale
                            ]]>
                            </value>
                        </Row>
                        <Row>
                            <name>
                            <![CDATA[
                            PTC.Factory.Demo.IDLabel
                            ]]>
                            </name>
                            <value>
                            <![CDATA[
                            ID
                            ]]>
                            </value>
                        </Row>
                        <Row>
                            <name>
                            <![CDATA[
                            PTC.Factory.Demo.Source
                            ]]>
                            </name>
                            <value>
                            <![CDATA[
                            Origine
                            ]]>
                            </value>
                        </Row>
                        <Row>
                            <name>
                            <![CDATA[
                            PTC.Factory.Demo.DefaultUnit
                            ]]>
                            </name>
                            <value>
                            <![CDATA[
                            Unità di default
                            ]]>
                            </value>
                        </Row>
                        <Row>
                            <name>
                            <![CDATA[
                            PTC.Factory.Demo.WorkTypeLabel
                            ]]>
                            </name>
                            <value>
                            <![CDATA[
                            Tipo di lavorazione
                            ]]>
                            </value>
                        </Row>
                        <Row>
                            <name>
                            <![CDATA[
                            PTC.Factory.Demo.Duration
                            ]]>
                            </name>
                            <value>
                            <![CDATA[
                            Durata
                            ]]>
                            </value>
                        </Row>
                        <Row>
                            <name>
                            <![CDATA[
                            PTC.Factory.Demo.DurationUOM
                            ]]>
                            </name>
                            <value>
                            <![CDATA[
                            Unità di misura durata
                            ]]>
                            </value>
                        </Row>
                        <Row>
                            <name>
                            <![CDATA[
                            PTC.Factory.Demo.ViewWorkDefinition
                            ]]>
                            </name>
                            <value>
                            <![CDATA[
                            Visualizza definizione di lavorazione
                            ]]>
                            </value>
                        </Row>
                        <Row>
                            <name>
                            <![CDATA[
                            PTC.Factory.Demo.MaterialDefinitionTitleLabel
                            ]]>
                            </name>
                            <value>
                            <![CDATA[
                            MATERIALE - {0}
                            ]]>
                            </value>
                        </Row>
                        <Row>
                            <name>
                            <![CDATA[
                            PTC.Factory.Demo.WorkDefinitionTitleLabel
                            ]]>
                            </name>
                            <value>
                            <![CDATA[
                            DEFINIZIONE DI LAVORAZIONE - {0}
                            ]]>
                            </value>
                        </Row>
                        <Row>
                            <name>
                            <![CDATA[
                            PTC.Factory.Demo.ItemLabel
                            ]]>
                            </name>
                            <value>
                            <![CDATA[
                            Elemento
                            ]]>
                            </value>
                        </Row>
                        <Row>
                            <name>
                            <![CDATA[
                            PTC.Factory.Demo.QuantityUnitOfMeasureLabel
                            ]]>
                            </name>
                            <value>
                            <![CDATA[
                            Unità di misura quantità
                            ]]>
                            </value>
                        </Row>
                        <Row>
                            <name>
                            <![CDATA[
                            PTC.Factory.Demo.DispatchStatusLabel
                            ]]>
                            </name>
                            <value>
                            <![CDATA[
                            Stato invio
                            ]]>
                            </value>
                        </Row>
                        <Row>
                            <name>
                            <![CDATA[
                            PTC.Factory.Demo.CreateJobOrderTooltip
                            ]]>
                            </name>
                            <value>
                            <![CDATA[
                            Crea commessa
                            ]]>
                            </value>
                        </Row>
                        <Row>
                            <name>
                            <![CDATA[
                            PTC.Factory.Demo.CreateJobOrderUpperCase
                            ]]>
                            </name>
                            <value>
                            <![CDATA[
                            CREA COMMESSA
                            ]]>
                            </value>
                        </Row>
                        <Row>
                            <name>
                            <![CDATA[
                            PTC.Factory.Demo.JobOrderTitleLabel
                            ]]>
                            </name>
                            <value>
                            <![CDATA[
                            COMMESSA - {0}
                            ]]>
                            </value>
                        </Row>
                        <Row>
                            <name>
                            <![CDATA[
                            PTC.Factory.Demo.EditJobOrder
                            ]]>
                            </name>
                            <value>
                            <![CDATA[
                            Modifica commessa
                            ]]>
                            </value>
                        </Row>
                        <Row>
                            <name>
                            <![CDATA[
                            PTC.Factory.Demo.LinkItemUpperCase
                            ]]>
                            </name>
                            <value>
                            <![CDATA[
                            COLLEGA ELEMENTO
                            ]]>
                            </value>
                        </Row>
                        <Row>
                            <name>
                            <![CDATA[
                            PTC.Factory.Demo.PhysicalLocation
                            ]]>
                            </name>
                            <value>
                            <![CDATA[
                            Ubicazione fisica
                            ]]>
                            </value>
                        </Row>
                        <Row>
                            <name>
                            <![CDATA[
                            PTC.Factory.Demo.ThingName
                            ]]>
                            </name>
                            <value>
                            <![CDATA[
                            Nome oggetto
                            ]]>
                            </value>
                        </Row>
                        <Row>
                            <name>
                            <![CDATA[
                            PTC.Factory.Demo.EquipmentLevel
                            ]]>
                            </name>
                            <value>
                            <![CDATA[
                            Livello impianto
                            ]]>
                            </value>
                        </Row>
                        <Row>
                            <name>
                            <![CDATA[
                            PTC.Factory.Demo.AddLinkedEquipment
                            ]]>
                            </name>
                            <value>
                            <![CDATA[
                            Aggiungi impianto collegato
                            ]]>
                            </value>
                        </Row>
                        <Row>
                            <name>
                            <![CDATA[
                            PTC.Factory.Demo.AddLinkedItem
                            ]]>
                            </name>
                            <value>
                            <![CDATA[
                            Aggiungi elemento collegato
                            ]]>
                            </value>
                        </Row>
                        <Row>
                            <name>
                            <![CDATA[
                            PTC.Factory.Demo.LinkEquipmentUpperCase
                            ]]>
                            </name>
                            <value>
                            <![CDATA[
                            COLLEGA IMPIANTO
                            ]]>
                            </value>
                        </Row>
                        <Row>
                            <name>
                            <![CDATA[
                            PTC.Factory.Demo.RemoveLinkedEquipment
                            ]]>
                            </name>
                            <value>
                            <![CDATA[
                            Scollega impianto
                            ]]>
                            </value>
                        </Row>
                        <Row>
                            <name>
                            <![CDATA[
                            PTC.Factory.Demo.RemoveLinkedItem
                            ]]>
                            </name>
                            <value>
                            <![CDATA[
                            Scollega elemento
                            ]]>
                            </value>
                        </Row>
                        <Row>
                            <name>
                            <![CDATA[
                            PTC.Factory.Demo.RemoveLinkedEquipmentUpperCase
                            ]]>
                            </name>
                            <value>
                            <![CDATA[
                            SCOLLEGA IMPIANTO
                            ]]>
                            </value>
                        </Row>
                        <Row>
                            <name>
                            <![CDATA[
                            PTC.Factory.Demo.RemoveLinkedEquipmentConfirmation
                            ]]>
                            </name>
                            <value>
                            <![CDATA[
                            Scollegare l'impianto selezionato?
                            ]]>
                            </value>
                        </Row>
                        <Row>
                            <name>
                            <![CDATA[
                            PTC.Factory.Demo.Duration
                            ]]>
                            </name>
                            <value>
                            <![CDATA[
                            Durata
                            ]]>
                            </value>
                        </Row>
                        <Row>
                            <name>
                            <![CDATA[
                            PTC.Factory.Demo.DurationUOM
                            ]]>
                            </name>
                            <value>
                            <![CDATA[
                            Unità di misura durata
                            ]]>
                            </value>
                        </Row>
                        <Row>
                            <name>
                            <![CDATA[
                            PTC.Factory.Demo.MaterialsTabName
                            ]]>
                            </name>
                            <value>
                            <![CDATA[
                            Materiali
                            ]]>
                            </value>
                        </Row>
                        <Row>
                            <name>
                            <![CDATA[
                            PTC.Factory.Demo.WorkDefinitionsTabName
                            ]]>
                            </name>
                            <value>
                            <![CDATA[
                            Definizioni di lavorazione
                            ]]>
                            </value>
                        </Row>
                        <Row>
                            <name>
                            <![CDATA[
                            PTC.Factory.Demo.JobOrdersTabName
                            ]]>
                            </name>
                            <value>
                            <![CDATA[
                            Commesse
                            ]]>
                            </value>
                        </Row>
                        <Row>
                            <name>
                            <![CDATA[
                            PTC.Factory.Demo.Category
                            ]]>
                            </name>
                            <value>
                            <![CDATA[
                            Categoria
                            ]]>
                            </value>
                        </Row>
                        <Row>
                            <name>
                            <![CDATA[
                            PTC.Factory.Demo.UpperLimit
                            ]]>
                            </name>
                            <value>
                            <![CDATA[
                            Limite superiore
                            ]]>
                            </value>
                        </Row>
                        <Row>
                            <name>
                            <![CDATA[
                            PTC.Factory.Demo.LowerLimit
                            ]]>
                            </name>
                            <value>
                            <![CDATA[
                            Limite inferiore
                            ]]>
                            </value>
                        </Row>
                        <Row>
                            <name>
                            <![CDATA[
                            PTC.Factory.Demo.NominalValue
                            ]]>
                            </name>
                            <value>
                            <![CDATA[
                            Valore nominale
                            ]]>
                            </value>
                        </Row>
                        <Row>
                            <name>
                            <![CDATA[
                            PTC.Factory.Demo.Create
                            ]]>
                            </name>
                            <value>
                            <![CDATA[
                            Crea
                            ]]>
                            </value>
                        </Row>
                        <Row>
                            <name>
                            <![CDATA[
                            PTC.Factory.Demo.Edit
                            ]]>
                            </name>
                            <value>
                            <![CDATA[
                            Modifica
                            ]]>
                            </value>
                        </Row>
                        <Row>
                            <name>
                            <![CDATA[
                            PTC.Factory.Demo.Refresh
                            ]]>
                            </name>
                            <value>
                            <![CDATA[
                            Aggiorna
                            ]]>
                            </value>
                        </Row>
                        <Row>
                            <name>
                            <![CDATA[
                            PTC.Factory.Demo.Link
                            ]]>
                            </name>
                            <value>
                            <![CDATA[
                            Collega
                            ]]>
                            </value>
                        </Row>
                        <Row>
                            <name>
                            <![CDATA[
                            PTC.Factory.Demo.Unlink
                            ]]>
                            </name>
                            <value>
                            <![CDATA[
                            Scollega
                            ]]>
                            </value>
                        </Row>
                        <Row>
                            <name>
                            <![CDATA[
                            PTC.Factory.Demo.MaterialsMenuName
                            ]]>
                            </name>
                            <value>
                            <![CDATA[
                            - Materiali
                            ]]>
                            </value>
                        </Row>
                        <Row>
                            <name>
                            <![CDATA[
                            PTC.Factory.Demo.WorkDefinitionsMenuName
                            ]]>
                            </name>
                            <value>
                            <![CDATA[
                            - Definizioni di lavorazione
                            ]]>
                            </value>
                        </Row>
                        <Row>
                            <name>
                            <![CDATA[
                            PTC.Factory.Demo.JobOrdersMenuName
                            ]]>
                            </name>
                            <value>
                            <![CDATA[
                            - Commesse
                            ]]>
                            </value>
                        </Row>
                        <Row>
                            <name>
                            <![CDATA[
                            PTC.Factory.Demo.WorkInstructions
                            ]]>
                            </name>
                            <value>
                            <![CDATA[
                            Istruzioni di lavorazione
                            ]]>
                            </value>
                        </Row>
                        <Row>
                            <name>
                            <![CDATA[
                            PTC.Factory.Demo.UnlinkJobOrderWorkDefinitionToolTip
                            ]]>
                            </name>
                            <value>
                            <![CDATA[
                            Scollega la definizione di lavorazione dalla commessa
                            ]]>
                            </value>
                        </Row>
                        <Row>
                            <name>
                            <![CDATA[
                            PTC.Factory.Demo.LinkJobOrderWorkDefinitionToolTip
                            ]]>
                            </name>
                            <value>
                            <![CDATA[
                            Collega le definizioni di lavorazione alla commessa
                            ]]>
                            </value>
                        </Row>
                        <Row>
                            <name>
                            <![CDATA[
                            PTC.Factory.Demo.LinkWorkDefinitionsDescription
                            ]]>
                            </name>
                            <value>
                            <![CDATA[
                            Crea copie delle definizioni di lavorazione selezionate e le collega alla commessa. Utilizzare CTRL+clic per selezionare più definizioni di lavorazione.
                            ]]>
                            </value>
                        </Row>
                        <Row>
                            <name>
                            <![CDATA[
                            PTC.Factory.Demo.LinkWorkDefinitions
                            ]]>
                            </name>
                            <value>
                            <![CDATA[
                            Collega definizioni di lavorazione alla commessa
                            ]]>
                            </value>
                        </Row>
                        <Row>
                            <name>
                            <![CDATA[
                            PTC.Factory.Demo.SelectDropDown
                            ]]>
                            </name>
                            <value>
                            <![CDATA[
                            Seleziona...
                            ]]>
                            </value>
                        </Row>
                        <Row>
                            <name>
                            <![CDATA[
                            PTC.Factory.Demo.SelectDateTime
                            ]]>
                            </name>
                            <value>
                            <![CDATA[
                            Seleziona data e ora
                            ]]>
                            </value>
                        </Row>
                    </Rows>
                </ConfigurationTable>
            </ConfigurationTables>
        </LocalizationTable>
    </LocalizationTables>
</Entities>
