<?xml version="1.0" encoding="UTF-8"?>
<Entities>
    <LocalizationTables>
        <LocalizationTable
         description="de localization table"
         homeMashup=""
         name="de"
         tags="PTC:factory-demo">
            <avatar></avatar>
            <DesignTimePermissions>
                <Create></Create>
                <Read></Read>
                <Update></Update>
                <Delete></Delete>
                <Metadata></Metadata>
            </DesignTimePermissions>
            <RunTimePermissions></RunTimePermissions>
            <VisibilityPermissions></VisibilityPermissions>
            <ConfigurationTables>
                <ConfigurationTable
                 description="Localization Tokens"
                 isMultiRow="true"
                 name="LocalizationTokens"
                 ordinal="0">
                    <DataShape>
                        <FieldDefinitions>
                            <FieldDefinition
                             aspect.friendlyName="Translation context"
                             baseType="STRING"
                             description="Translation context"
                             name="context"
                             ordinal="3"></FieldDefinition>
                            <FieldDefinition
                             aspect.friendlyName="Token name"
                             baseType="STRING"
                             description="Token name"
                             name="name"
                             ordinal="0"></FieldDefinition>
                            <FieldDefinition
                             aspect.friendlyName="Token usage"
                             baseType="STRING"
                             description="Token usage"
                             name="usage"
                             ordinal="2"></FieldDefinition>
                            <FieldDefinition
                             aspect.friendlyName="Localized value"
                             baseType="STRING"
                             description="Localized value"
                             name="value"
                             ordinal="1"></FieldDefinition>
                        </FieldDefinitions>
                    </DataShape>
                    <Rows>
                        <Row>
                            <name>
                            <![CDATA[
                            PTC.Factory.Demo.ManufacturingPlanningTileLabel
                            ]]>
                            </name>
                            <value>
                            <![CDATA[
                            [Demo] Fertigungsplanung
                            ]]>
                            </value>
                        </Row>
                        <Row>
                            <name>
                            <![CDATA[
                            PTC.Factory.Demo.ManufacturingPlanningTileDescription
                            ]]>
                            </name>
                            <value>
                            <![CDATA[
                            [Demo] Projektaufträge verwalten und importierte Arbeitsdefinitionen und Materialien anzeigen.
                            ]]>
                            </value>
                        </Row>
                        <Row>
                            <name>
                            <![CDATA[
                            PTC.Factory.Demo.Attachments
                            ]]>
                            </name>
                            <value>
                            <![CDATA[
                            Anhänge
                            ]]>
                            </value>
                        </Row>
                        <Row>
                            <name>
                            <![CDATA[
                            PTC.Factory.Demo.ControlCharacteristics
                            ]]>
                            </name>
                            <value>
                            <![CDATA[
                            Steuereigenschaften
                            ]]>
                            </value>
                        </Row>
                        <Row>
                            <name>
                            <![CDATA[
                            PTC.Factory.Demo.SequenceNumber
                            ]]>
                            </name>
                            <value>
                            <![CDATA[
                            Sequenznummer
                            ]]>
                            </value>
                        </Row>
                        <Row>
                            <name>
                            <![CDATA[
                            PTC.Factory.Demo.WorkDefinition.OperationsTitle
                            ]]>
                            </name>
                            <value>
                            <![CDATA[
                            Operationen
                            ]]>
                            </value>
                        </Row>
                        <Row>
                            <name>
                            <![CDATA[
                            PTC.Factory.Demo.ViewMaterial
                            ]]>
                            </name>
                            <value>
                            <![CDATA[
                            Material anzeigen
                            ]]>
                            </value>
                        </Row>
                        <Row>
                            <name>
                            <![CDATA[
                            PTC.Factory.Demo.IDLabel
                            ]]>
                            </name>
                            <value>
                            <![CDATA[
                            ID
                            ]]>
                            </value>
                        </Row>
                        <Row>
                            <name>
                            <![CDATA[
                            PTC.Factory.Demo.Source
                            ]]>
                            </name>
                            <value>
                            <![CDATA[
                            Quelle
                            ]]>
                            </value>
                        </Row>
                        <Row>
                            <name>
                            <![CDATA[
                            PTC.Factory.Demo.DefaultUnit
                            ]]>
                            </name>
                            <value>
                            <![CDATA[
                            Standardeinheit
                            ]]>
                            </value>
                        </Row>
                        <Row>
                            <name>
                            <![CDATA[
                            PTC.Factory.Demo.WorkTypeLabel
                            ]]>
                            </name>
                            <value>
                            <![CDATA[
                            Arbeitstyp
                            ]]>
                            </value>
                        </Row>
                        <Row>
                            <name>
                            <![CDATA[
                            PTC.Factory.Demo.Duration
                            ]]>
                            </name>
                            <value>
                            <![CDATA[
                            Dauer
                            ]]>
                            </value>
                        </Row>
                        <Row>
                            <name>
                            <![CDATA[
                            PTC.Factory.Demo.DurationUOM
                            ]]>
                            </name>
                            <value>
                            <![CDATA[
                            Maßeinheit für die Dauer
                            ]]>
                            </value>
                        </Row>
                        <Row>
                            <name>
                            <![CDATA[
                            PTC.Factory.Demo.ViewWorkDefinition
                            ]]>
                            </name>
                            <value>
                            <![CDATA[
                            Arbeitsdefinition anzeigen
                            ]]>
                            </value>
                        </Row>
                        <Row>
                            <name>
                            <![CDATA[
                            PTC.Factory.Demo.MaterialDefinitionTitleLabel
                            ]]>
                            </name>
                            <value>
                            <![CDATA[
                            MATERIAL - {0}
                            ]]>
                            </value>
                        </Row>
                        <Row>
                            <name>
                            <![CDATA[
                            PTC.Factory.Demo.WorkDefinitionTitleLabel
                            ]]>
                            </name>
                            <value>
                            <![CDATA[
                            ARBEITSDEFINITION - {0}
                            ]]>
                            </value>
                        </Row>
                        <Row>
                            <name>
                            <![CDATA[
                            PTC.Factory.Demo.ItemLabel
                            ]]>
                            </name>
                            <value>
                            <![CDATA[
                            Element
                            ]]>
                            </value>
                        </Row>
                        <Row>
                            <name>
                            <![CDATA[
                            PTC.Factory.Demo.QuantityUnitOfMeasureLabel
                            ]]>
                            </name>
                            <value>
                            <![CDATA[
                            Maßeinheit für die Menge
                            ]]>
                            </value>
                        </Row>
                        <Row>
                            <name>
                            <![CDATA[
                            PTC.Factory.Demo.DispatchStatusLabel
                            ]]>
                            </name>
                            <value>
                            <![CDATA[
                            Versandstatus
                            ]]>
                            </value>
                        </Row>
                        <Row>
                            <name>
                            <![CDATA[
                            PTC.Factory.Demo.CreateJobOrderTooltip
                            ]]>
                            </name>
                            <value>
                            <![CDATA[
                            Projektauftrag erstellen
                            ]]>
                            </value>
                        </Row>
                        <Row>
                            <name>
                            <![CDATA[
                            PTC.Factory.Demo.CreateJobOrderUpperCase
                            ]]>
                            </name>
                            <value>
                            <![CDATA[
                            PROJEKTAUFTRAG ERSTELLEN
                            ]]>
                            </value>
                        </Row>
                        <Row>
                            <name>
                            <![CDATA[
                            PTC.Factory.Demo.JobOrderTitleLabel
                            ]]>
                            </name>
                            <value>
                            <![CDATA[
                            PROJEKTAUFTRAG - {0}
                            ]]>
                            </value>
                        </Row>
                        <Row>
                            <name>
                            <![CDATA[
                            PTC.Factory.Demo.EditJobOrder
                            ]]>
                            </name>
                            <value>
                            <![CDATA[
                            Projektauftrag bearbeiten
                            ]]>
                            </value>
                        </Row>
                        <Row>
                            <name>
                            <![CDATA[
                            PTC.Factory.Demo.LinkItemUpperCase
                            ]]>
                            </name>
                            <value>
                            <![CDATA[
                            ELEMENT VERKNÜPFEN
                            ]]>
                            </value>
                        </Row>
                        <Row>
                            <name>
                            <![CDATA[
                            PTC.Factory.Demo.PhysicalLocation
                            ]]>
                            </name>
                            <value>
                            <![CDATA[
                            Physischer Standort
                            ]]>
                            </value>
                        </Row>
                        <Row>
                            <name>
                            <![CDATA[
                            PTC.Factory.Demo.ThingName
                            ]]>
                            </name>
                            <value>
                            <![CDATA[
                            Dingname
                            ]]>
                            </value>
                        </Row>
                        <Row>
                            <name>
                            <![CDATA[
                            PTC.Factory.Demo.EquipmentLevel
                            ]]>
                            </name>
                            <value>
                            <![CDATA[
                            Anlagenebene
                            ]]>
                            </value>
                        </Row>
                        <Row>
                            <name>
                            <![CDATA[
                            PTC.Factory.Demo.AddLinkedEquipment
                            ]]>
                            </name>
                            <value>
                            <![CDATA[
                            Verknüpfte Anlage hinzufügen
                            ]]>
                            </value>
                        </Row>
                        <Row>
                            <name>
                            <![CDATA[
                            PTC.Factory.Demo.AddLinkedItem
                            ]]>
                            </name>
                            <value>
                            <![CDATA[
                            Verknüpftes Element hinzufügen
                            ]]>
                            </value>
                        </Row>
                        <Row>
                            <name>
                            <![CDATA[
                            PTC.Factory.Demo.LinkEquipmentUpperCase
                            ]]>
                            </name>
                            <value>
                            <![CDATA[
                            ANLAGE VERKNÜPFEN
                            ]]>
                            </value>
                        </Row>
                        <Row>
                            <name>
                            <![CDATA[
                            PTC.Factory.Demo.RemoveLinkedEquipment
                            ]]>
                            </name>
                            <value>
                            <![CDATA[
                            Verknüpfung für Anlage aufheben
                            ]]>
                            </value>
                        </Row>
                        <Row>
                            <name>
                            <![CDATA[
                            PTC.Factory.Demo.RemoveLinkedItem
                            ]]>
                            </name>
                            <value>
                            <![CDATA[
                            Verknüpfung für Element aufheben
                            ]]>
                            </value>
                        </Row>
                        <Row>
                            <name>
                            <![CDATA[
                            PTC.Factory.Demo.RemoveLinkedEquipmentUpperCase
                            ]]>
                            </name>
                            <value>
                            <![CDATA[
                            VERKNÜPFUNG FÜR ANLAGE AUFHEBEN
                            ]]>
                            </value>
                        </Row>
                        <Row>
                            <name>
                            <![CDATA[
                            PTC.Factory.Demo.RemoveLinkedEquipmentConfirmation
                            ]]>
                            </name>
                            <value>
                            <![CDATA[
                            Möchten Sie die Verknüpfung für die ausgewählte Anlage wirklich aufheben?
                            ]]>
                            </value>
                        </Row>
                        <Row>
                            <name>
                            <![CDATA[
                            PTC.Factory.Demo.Duration
                            ]]>
                            </name>
                            <value>
                            <![CDATA[
                            Dauer
                            ]]>
                            </value>
                        </Row>
                        <Row>
                            <name>
                            <![CDATA[
                            PTC.Factory.Demo.DurationUOM
                            ]]>
                            </name>
                            <value>
                            <![CDATA[
                            Maßeinheit für die Dauer
                            ]]>
                            </value>
                        </Row>
                        <Row>
                            <name>
                            <![CDATA[
                            PTC.Factory.Demo.MaterialsTabName
                            ]]>
                            </name>
                            <value>
                            <![CDATA[
                            Materialien
                            ]]>
                            </value>
                        </Row>
                        <Row>
                            <name>
                            <![CDATA[
                            PTC.Factory.Demo.WorkDefinitionsTabName
                            ]]>
                            </name>
                            <value>
                            <![CDATA[
                            Arbeitsdefinitionen
                            ]]>
                            </value>
                        </Row>
                        <Row>
                            <name>
                            <![CDATA[
                            PTC.Factory.Demo.JobOrdersTabName
                            ]]>
                            </name>
                            <value>
                            <![CDATA[
                            Projektaufträge
                            ]]>
                            </value>
                        </Row>
                        <Row>
                            <name>
                            <![CDATA[
                            PTC.Factory.Demo.Category
                            ]]>
                            </name>
                            <value>
                            <![CDATA[
                            Kategorie
                            ]]>
                            </value>
                        </Row>
                        <Row>
                            <name>
                            <![CDATA[
                            PTC.Factory.Demo.UpperLimit
                            ]]>
                            </name>
                            <value>
                            <![CDATA[
                            Obere Grenze
                            ]]>
                            </value>
                        </Row>
                        <Row>
                            <name>
                            <![CDATA[
                            PTC.Factory.Demo.LowerLimit
                            ]]>
                            </name>
                            <value>
                            <![CDATA[
                            Untere Grenze
                            ]]>
                            </value>
                        </Row>
                        <Row>
                            <name>
                            <![CDATA[
                            PTC.Factory.Demo.NominalValue
                            ]]>
                            </name>
                            <value>
                            <![CDATA[
                            Nennwert
                            ]]>
                            </value>
                        </Row>
                        <Row>
                            <name>
                            <![CDATA[
                            PTC.Factory.Demo.Create
                            ]]>
                            </name>
                            <value>
                            <![CDATA[
                            Erstellen
                            ]]>
                            </value>
                        </Row>
                        <Row>
                            <name>
                            <![CDATA[
                            PTC.Factory.Demo.Edit
                            ]]>
                            </name>
                            <value>
                            <![CDATA[
                            Bearbeiten
                            ]]>
                            </value>
                        </Row>
                        <Row>
                            <name>
                            <![CDATA[
                            PTC.Factory.Demo.Refresh
                            ]]>
                            </name>
                            <value>
                            <![CDATA[
                            Aktualisieren
                            ]]>
                            </value>
                        </Row>
                        <Row>
                            <name>
                            <![CDATA[
                            PTC.Factory.Demo.Link
                            ]]>
                            </name>
                            <value>
                            <![CDATA[
                            Verknüpfen
                            ]]>
                            </value>
                        </Row>
                        <Row>
                            <name>
                            <![CDATA[
                            PTC.Factory.Demo.Unlink
                            ]]>
                            </name>
                            <value>
                            <![CDATA[
                            Verknüpfung aufheben
                            ]]>
                            </value>
                        </Row>
                        <Row>
                            <name>
                            <![CDATA[
                            PTC.Factory.Demo.MaterialsMenuName
                            ]]>
                            </name>
                            <value>
                            <![CDATA[
                            - Materialien
                            ]]>
                            </value>
                        </Row>
                        <Row>
                            <name>
                            <![CDATA[
                            PTC.Factory.Demo.WorkDefinitionsMenuName
                            ]]>
                            </name>
                            <value>
                            <![CDATA[
                            - Arbeitsdefinitionen
                            ]]>
                            </value>
                        </Row>
                        <Row>
                            <name>
                            <![CDATA[
                            PTC.Factory.Demo.JobOrdersMenuName
                            ]]>
                            </name>
                            <value>
                            <![CDATA[
                            - Projektaufträge
                            ]]>
                            </value>
                        </Row>
                        <Row>
                            <name>
                            <![CDATA[
                            PTC.Factory.Demo.WorkInstructions
                            ]]>
                            </name>
                            <value>
                            <![CDATA[
                            Arbeitsanweisungen
                            ]]>
                            </value>
                        </Row>
                        <Row>
                            <name>
                            <![CDATA[
                            PTC.Factory.Demo.UnlinkJobOrderWorkDefinitionToolTip
                            ]]>
                            </name>
                            <value>
                            <![CDATA[
                            Verknüpfung der Arbeitsdefinition mit dem Projektauftrag aufheben
                            ]]>
                            </value>
                        </Row>
                        <Row>
                            <name>
                            <![CDATA[
                            PTC.Factory.Demo.LinkJobOrderWorkDefinitionToolTip
                            ]]>
                            </name>
                            <value>
                            <![CDATA[
                            Arbeitsdefinitionen mit dem Projektauftrag verknüpfen
                            ]]>
                            </value>
                        </Row>
                        <Row>
                            <name>
                            <![CDATA[
                            PTC.Factory.Demo.LinkWorkDefinitionsDescription
                            ]]>
                            </name>
                            <value>
                            <![CDATA[
                            Kopien der ausgewählten Arbeitsdefinitionen erstellen und sie mit dem Projektauftrag verknüpfen. Strg-Taste drücken und klicken, um mehrere Arbeitsdefinitionen auszuwählen.
                            ]]>
                            </value>
                        </Row>
                        <Row>
                            <name>
                            <![CDATA[
                            PTC.Factory.Demo.LinkWorkDefinitions
                            ]]>
                            </name>
                            <value>
                            <![CDATA[
                            Arbeitsdefinitionen mit dem Projektauftrag verknüpfen
                            ]]>
                            </value>
                        </Row>
                        <Row>
                            <name>
                            <![CDATA[
                            PTC.Factory.Demo.SelectDropDown
                            ]]>
                            </name>
                            <value>
                            <![CDATA[
                            Auswählen...
                            ]]>
                            </value>
                        </Row>
                        <Row>
                            <name>
                            <![CDATA[
                            PTC.Factory.Demo.SelectDateTime
                            ]]>
                            </name>
                            <value>
                            <![CDATA[
                            Datum und Zeit auswählen
                            ]]>
                            </value>
                        </Row>
                    </Rows>
                </ConfigurationTable>
            </ConfigurationTables>
        </LocalizationTable>
    </LocalizationTables>
</Entities>
