<?xml version="1.0" encoding="UTF-8"?>
<Entities>
    <LocalizationTables>
        <LocalizationTable
         description="ko localization table"
         homeMashup=""
         name="ko"
         tags="PTC:factory-demo">
            <avatar></avatar>
            <DesignTimePermissions>
                <Create></Create>
                <Read></Read>
                <Update></Update>
                <Delete></Delete>
                <Metadata></Metadata>
            </DesignTimePermissions>
            <RunTimePermissions></RunTimePermissions>
            <VisibilityPermissions></VisibilityPermissions>
            <ConfigurationTables>
                <ConfigurationTable
                 description="Localization Tokens"
                 isMultiRow="true"
                 name="LocalizationTokens"
                 ordinal="0">
                    <DataShape>
                        <FieldDefinitions>
                            <FieldDefinition
                             aspect.friendlyName="Translation context"
                             baseType="STRING"
                             description="Translation context"
                             name="context"
                             ordinal="3"></FieldDefinition>
                            <FieldDefinition
                             aspect.friendlyName="Token name"
                             baseType="STRING"
                             description="Token name"
                             name="name"
                             ordinal="0"></FieldDefinition>
                            <FieldDefinition
                             aspect.friendlyName="Token usage"
                             baseType="STRING"
                             description="Token usage"
                             name="usage"
                             ordinal="2"></FieldDefinition>
                            <FieldDefinition
                             aspect.friendlyName="Localized value"
                             baseType="STRING"
                             description="Localized value"
                             name="value"
                             ordinal="1"></FieldDefinition>
                        </FieldDefinitions>
                    </DataShape>
                    <Rows>
                        <Row>
                            <name>
                            <![CDATA[
                            PTC.Factory.Demo.ManufacturingPlanningTileLabel
                            ]]>
                            </name>
                            <value>
                            <![CDATA[
                            [데모] 제조 계획
                            ]]>
                            </value>
                        </Row>
                        <Row>
                            <name>
                            <![CDATA[
                            PTC.Factory.Demo.ManufacturingPlanningTileDescription
                            ]]>
                            </name>
                            <value>
                            <![CDATA[
                            [데모] 작업 지시서를 관리하고 가져온 작업 정의 및 재료를 봅니다.
                            ]]>
                            </value>
                        </Row>
                        <Row>
                            <name>
                            <![CDATA[
                            PTC.Factory.Demo.Attachments
                            ]]>
                            </name>
                            <value>
                            <![CDATA[
                            첨부 파일
                            ]]>
                            </value>
                        </Row>
                        <Row>
                            <name>
                            <![CDATA[
                            PTC.Factory.Demo.ControlCharacteristics
                            ]]>
                            </name>
                            <value>
                            <![CDATA[
                            제어 특징
                            ]]>
                            </value>
                        </Row>
                        <Row>
                            <name>
                            <![CDATA[
                            PTC.Factory.Demo.SequenceNumber
                            ]]>
                            </name>
                            <value>
                            <![CDATA[
                            시퀀스 번호
                            ]]>
                            </value>
                        </Row>
                        <Row>
                            <name>
                            <![CDATA[
                            PTC.Factory.Demo.WorkDefinition.OperationsTitle
                            ]]>
                            </name>
                            <value>
                            <![CDATA[
                            작업
                            ]]>
                            </value>
                        </Row>
                        <Row>
                            <name>
                            <![CDATA[
                            PTC.Factory.Demo.ViewMaterial
                            ]]>
                            </name>
                            <value>
                            <![CDATA[
                            재료 보기
                            ]]>
                            </value>
                        </Row>
                        <Row>
                            <name>
                            <![CDATA[
                            PTC.Factory.Demo.IDLabel
                            ]]>
                            </name>
                            <value>
                            <![CDATA[
                            ID
                            ]]>
                            </value>
                        </Row>
                        <Row>
                            <name>
                            <![CDATA[
                            PTC.Factory.Demo.Source
                            ]]>
                            </name>
                            <value>
                            <![CDATA[
                            소스
                            ]]>
                            </value>
                        </Row>
                        <Row>
                            <name>
                            <![CDATA[
                            PTC.Factory.Demo.DefaultUnit
                            ]]>
                            </name>
                            <value>
                            <![CDATA[
                            기본 단위
                            ]]>
                            </value>
                        </Row>
                        <Row>
                            <name>
                            <![CDATA[
                            PTC.Factory.Demo.WorkTypeLabel
                            ]]>
                            </name>
                            <value>
                            <![CDATA[
                            작업 유형
                            ]]>
                            </value>
                        </Row>
                        <Row>
                            <name>
                            <![CDATA[
                            PTC.Factory.Demo.Duration
                            ]]>
                            </name>
                            <value>
                            <![CDATA[
                            기간
                            ]]>
                            </value>
                        </Row>
                        <Row>
                            <name>
                            <![CDATA[
                            PTC.Factory.Demo.DurationUOM
                            ]]>
                            </name>
                            <value>
                            <![CDATA[
                            기간 측정 단위
                            ]]>
                            </value>
                        </Row>
                        <Row>
                            <name>
                            <![CDATA[
                            PTC.Factory.Demo.ViewWorkDefinition
                            ]]>
                            </name>
                            <value>
                            <![CDATA[
                            작업 정의 보기
                            ]]>
                            </value>
                        </Row>
                        <Row>
                            <name>
                            <![CDATA[
                            PTC.Factory.Demo.MaterialDefinitionTitleLabel
                            ]]>
                            </name>
                            <value>
                            <![CDATA[
                            재료 - {0}
                            ]]>
                            </value>
                        </Row>
                        <Row>
                            <name>
                            <![CDATA[
                            PTC.Factory.Demo.WorkDefinitionTitleLabel
                            ]]>
                            </name>
                            <value>
                            <![CDATA[
                            작업 정의 - {0}
                            ]]>
                            </value>
                        </Row>
                        <Row>
                            <name>
                            <![CDATA[
                            PTC.Factory.Demo.ItemLabel
                            ]]>
                            </name>
                            <value>
                            <![CDATA[
                            항목
                            ]]>
                            </value>
                        </Row>
                        <Row>
                            <name>
                            <![CDATA[
                            PTC.Factory.Demo.QuantityUnitOfMeasureLabel
                            ]]>
                            </name>
                            <value>
                            <![CDATA[
                            수량 측정 단위
                            ]]>
                            </value>
                        </Row>
                        <Row>
                            <name>
                            <![CDATA[
                            PTC.Factory.Demo.DispatchStatusLabel
                            ]]>
                            </name>
                            <value>
                            <![CDATA[
                            발송 상태
                            ]]>
                            </value>
                        </Row>
                        <Row>
                            <name>
                            <![CDATA[
                            PTC.Factory.Demo.CreateJobOrderTooltip
                            ]]>
                            </name>
                            <value>
                            <![CDATA[
                            작업 지시서 만들기
                            ]]>
                            </value>
                        </Row>
                        <Row>
                            <name>
                            <![CDATA[
                            PTC.Factory.Demo.CreateJobOrderUpperCase
                            ]]>
                            </name>
                            <value>
                            <![CDATA[
                            작업 지시서 만들기
                            ]]>
                            </value>
                        </Row>
                        <Row>
                            <name>
                            <![CDATA[
                            PTC.Factory.Demo.JobOrderTitleLabel
                            ]]>
                            </name>
                            <value>
                            <![CDATA[
                            작업 지시서 - {0}
                            ]]>
                            </value>
                        </Row>
                        <Row>
                            <name>
                            <![CDATA[
                            PTC.Factory.Demo.EditJobOrder
                            ]]>
                            </name>
                            <value>
                            <![CDATA[
                            작업 지시서 편집
                            ]]>
                            </value>
                        </Row>
                        <Row>
                            <name>
                            <![CDATA[
                            PTC.Factory.Demo.LinkItemUpperCase
                            ]]>
                            </name>
                            <value>
                            <![CDATA[
                            항목 연결
                            ]]>
                            </value>
                        </Row>
                        <Row>
                            <name>
                            <![CDATA[
                            PTC.Factory.Demo.PhysicalLocation
                            ]]>
                            </name>
                            <value>
                            <![CDATA[
                            실제 위치
                            ]]>
                            </value>
                        </Row>
                        <Row>
                            <name>
                            <![CDATA[
                            PTC.Factory.Demo.ThingName
                            ]]>
                            </name>
                            <value>
                            <![CDATA[
                            사물 이름
                            ]]>
                            </value>
                        </Row>
                        <Row>
                            <name>
                            <![CDATA[
                            PTC.Factory.Demo.EquipmentLevel
                            ]]>
                            </name>
                            <value>
                            <![CDATA[
                            장비 수준
                            ]]>
                            </value>
                        </Row>
                        <Row>
                            <name>
                            <![CDATA[
                            PTC.Factory.Demo.AddLinkedEquipment
                            ]]>
                            </name>
                            <value>
                            <![CDATA[
                            연결된 장비 추가
                            ]]>
                            </value>
                        </Row>
                        <Row>
                            <name>
                            <![CDATA[
                            PTC.Factory.Demo.AddLinkedItem
                            ]]>
                            </name>
                            <value>
                            <![CDATA[
                            연결된 항목 추가
                            ]]>
                            </value>
                        </Row>
                        <Row>
                            <name>
                            <![CDATA[
                            PTC.Factory.Demo.LinkEquipmentUpperCase
                            ]]>
                            </name>
                            <value>
                            <![CDATA[
                            장비 연결
                            ]]>
                            </value>
                        </Row>
                        <Row>
                            <name>
                            <![CDATA[
                            PTC.Factory.Demo.RemoveLinkedEquipment
                            ]]>
                            </name>
                            <value>
                            <![CDATA[
                            장비 연결 끊기
                            ]]>
                            </value>
                        </Row>
                        <Row>
                            <name>
                            <![CDATA[
                            PTC.Factory.Demo.RemoveLinkedItem
                            ]]>
                            </name>
                            <value>
                            <![CDATA[
                            항목 연결 끊기
                            ]]>
                            </value>
                        </Row>
                        <Row>
                            <name>
                            <![CDATA[
                            PTC.Factory.Demo.RemoveLinkedEquipmentUpperCase
                            ]]>
                            </name>
                            <value>
                            <![CDATA[
                            장비 연결 끊기
                            ]]>
                            </value>
                        </Row>
                        <Row>
                            <name>
                            <![CDATA[
                            PTC.Factory.Demo.RemoveLinkedEquipmentConfirmation
                            ]]>
                            </name>
                            <value>
                            <![CDATA[
                            선택한 장비의 연결을 끊겠습니까?
                            ]]>
                            </value>
                        </Row>
                        <Row>
                            <name>
                            <![CDATA[
                            PTC.Factory.Demo.Duration
                            ]]>
                            </name>
                            <value>
                            <![CDATA[
                            기간
                            ]]>
                            </value>
                        </Row>
                        <Row>
                            <name>
                            <![CDATA[
                            PTC.Factory.Demo.DurationUOM
                            ]]>
                            </name>
                            <value>
                            <![CDATA[
                            기간 측정 단위
                            ]]>
                            </value>
                        </Row>
                        <Row>
                            <name>
                            <![CDATA[
                            PTC.Factory.Demo.MaterialsTabName
                            ]]>
                            </name>
                            <value>
                            <![CDATA[
                            재료
                            ]]>
                            </value>
                        </Row>
                        <Row>
                            <name>
                            <![CDATA[
                            PTC.Factory.Demo.WorkDefinitionsTabName
                            ]]>
                            </name>
                            <value>
                            <![CDATA[
                            작업 정의
                            ]]>
                            </value>
                        </Row>
                        <Row>
                            <name>
                            <![CDATA[
                            PTC.Factory.Demo.JobOrdersTabName
                            ]]>
                            </name>
                            <value>
                            <![CDATA[
                            작업 지시서
                            ]]>
                            </value>
                        </Row>
                        <Row>
                            <name>
                            <![CDATA[
                            PTC.Factory.Demo.Category
                            ]]>
                            </name>
                            <value>
                            <![CDATA[
                            범주
                            ]]>
                            </value>
                        </Row>
                        <Row>
                            <name>
                            <![CDATA[
                            PTC.Factory.Demo.UpperLimit
                            ]]>
                            </name>
                            <value>
                            <![CDATA[
                            상한값
                            ]]>
                            </value>
                        </Row>
                        <Row>
                            <name>
                            <![CDATA[
                            PTC.Factory.Demo.LowerLimit
                            ]]>
                            </name>
                            <value>
                            <![CDATA[
                            하한값
                            ]]>
                            </value>
                        </Row>
                        <Row>
                            <name>
                            <![CDATA[
                            PTC.Factory.Demo.NominalValue
                            ]]>
                            </name>
                            <value>
                            <![CDATA[
                            공칭값
                            ]]>
                            </value>
                        </Row>
                        <Row>
                            <name>
                            <![CDATA[
                            PTC.Factory.Demo.Create
                            ]]>
                            </name>
                            <value>
                            <![CDATA[
                            만들기
                            ]]>
                            </value>
                        </Row>
                        <Row>
                            <name>
                            <![CDATA[
                            PTC.Factory.Demo.Edit
                            ]]>
                            </name>
                            <value>
                            <![CDATA[
                            편집
                            ]]>
                            </value>
                        </Row>
                        <Row>
                            <name>
                            <![CDATA[
                            PTC.Factory.Demo.Refresh
                            ]]>
                            </name>
                            <value>
                            <![CDATA[
                            새로 고침
                            ]]>
                            </value>
                        </Row>
                        <Row>
                            <name>
                            <![CDATA[
                            PTC.Factory.Demo.Link
                            ]]>
                            </name>
                            <value>
                            <![CDATA[
                            연결
                            ]]>
                            </value>
                        </Row>
                        <Row>
                            <name>
                            <![CDATA[
                            PTC.Factory.Demo.Unlink
                            ]]>
                            </name>
                            <value>
                            <![CDATA[
                            연결 끊기
                            ]]>
                            </value>
                        </Row>
                        <Row>
                            <name>
                            <![CDATA[
                            PTC.Factory.Demo.MaterialsMenuName
                            ]]>
                            </name>
                            <value>
                            <![CDATA[
                            - 재료
                            ]]>
                            </value>
                        </Row>
                        <Row>
                            <name>
                            <![CDATA[
                            PTC.Factory.Demo.WorkDefinitionsMenuName
                            ]]>
                            </name>
                            <value>
                            <![CDATA[
                            - 작업 정의
                            ]]>
                            </value>
                        </Row>
                        <Row>
                            <name>
                            <![CDATA[
                            PTC.Factory.Demo.JobOrdersMenuName
                            ]]>
                            </name>
                            <value>
                            <![CDATA[
                            - 작업 지시서
                            ]]>
                            </value>
                        </Row>
                        <Row>
                            <name>
                            <![CDATA[
                            PTC.Factory.Demo.WorkInstructions
                            ]]>
                            </name>
                            <value>
                            <![CDATA[
                            작업 지침
                            ]]>
                            </value>
                        </Row>
                        <Row>
                            <name>
                            <![CDATA[
                            PTC.Factory.Demo.UnlinkJobOrderWorkDefinitionToolTip
                            ]]>
                            </name>
                            <value>
                            <![CDATA[
                            작업 지시서에서 작업 정의 연결 끊기
                            ]]>
                            </value>
                        </Row>
                        <Row>
                            <name>
                            <![CDATA[
                            PTC.Factory.Demo.LinkJobOrderWorkDefinitionToolTip
                            ]]>
                            </name>
                            <value>
                            <![CDATA[
                            작업 지시서에 작업 정의 연결
                            ]]>
                            </value>
                        </Row>
                        <Row>
                            <name>
                            <![CDATA[
                            PTC.Factory.Demo.LinkWorkDefinitionsDescription
                            ]]>
                            </name>
                            <value>
                            <![CDATA[
                            선택한 작업 정의의 복사본을 만들어 작업 지시서에 연결합니다. 여러 작업 정의를 선택하려면 Ctrl+클릭을 사용합니다.
                            ]]>
                            </value>
                        </Row>
                        <Row>
                            <name>
                            <![CDATA[
                            PTC.Factory.Demo.LinkWorkDefinitions
                            ]]>
                            </name>
                            <value>
                            <![CDATA[
                            작업 지시서에 작업 정의 연결
                            ]]>
                            </value>
                        </Row>
                        <Row>
                            <name>
                            <![CDATA[
                            PTC.Factory.Demo.SelectDropDown
                            ]]>
                            </name>
                            <value>
                            <![CDATA[
                            선택...
                            ]]>
                            </value>
                        </Row>
                        <Row>
                            <name>
                            <![CDATA[
                            PTC.Factory.Demo.SelectDateTime
                            ]]>
                            </name>
                            <value>
                            <![CDATA[
                            날짜 및 시간 선택
                            ]]>
                            </value>
                        </Row>
                    </Rows>
                </ConfigurationTable>
            </ConfigurationTables>
        </LocalizationTable>
    </LocalizationTables>
</Entities>
