<?xml version="1.0" encoding="UTF-8"?>
<Entities>
    <LocalizationTables>
        <LocalizationTable
         description="zh-TW localization table"
         homeMashup=""
         name="zh-TW"
         tags="PTC:factory-demo">
            <avatar></avatar>
            <DesignTimePermissions>
                <Create></Create>
                <Read></Read>
                <Update></Update>
                <Delete></Delete>
                <Metadata></Metadata>
            </DesignTimePermissions>
            <RunTimePermissions></RunTimePermissions>
            <VisibilityPermissions></VisibilityPermissions>
            <ConfigurationTables>
                <ConfigurationTable
                 description="Localization Tokens"
                 isMultiRow="true"
                 name="LocalizationTokens"
                 ordinal="0">
                    <DataShape>
                        <FieldDefinitions>
                            <FieldDefinition
                             aspect.friendlyName="Translation context"
                             baseType="STRING"
                             description="Translation context"
                             name="context"
                             ordinal="3"></FieldDefinition>
                            <FieldDefinition
                             aspect.friendlyName="Token name"
                             baseType="STRING"
                             description="Token name"
                             name="name"
                             ordinal="0"></FieldDefinition>
                            <FieldDefinition
                             aspect.friendlyName="Token usage"
                             baseType="STRING"
                             description="Token usage"
                             name="usage"
                             ordinal="2"></FieldDefinition>
                            <FieldDefinition
                             aspect.friendlyName="Localized value"
                             baseType="STRING"
                             description="Localized value"
                             name="value"
                             ordinal="1"></FieldDefinition>
                        </FieldDefinitions>
                    </DataShape>
                    <Rows>
                        <Row>
                            <name>
                            <![CDATA[
                            PTC.Factory.Demo.ManufacturingPlanningTileLabel
                            ]]>
                            </name>
                            <value>
                            <![CDATA[
                            [示範] 製造計劃
                            ]]>
                            </value>
                        </Row>
                        <Row>
                            <name>
                            <![CDATA[
                            PTC.Factory.Demo.ManufacturingPlanningTileDescription
                            ]]>
                            </name>
                            <value>
                            <![CDATA[
                            [示範] 管理工作訂單並檢視匯入的工作定義和物料。
                            ]]>
                            </value>
                        </Row>
                        <Row>
                            <name>
                            <![CDATA[
                            PTC.Factory.Demo.Attachments
                            ]]>
                            </name>
                            <value>
                            <![CDATA[
                            附件
                            ]]>
                            </value>
                        </Row>
                        <Row>
                            <name>
                            <![CDATA[
                            PTC.Factory.Demo.ControlCharacteristics
                            ]]>
                            </name>
                            <value>
                            <![CDATA[
                            控制特性
                            ]]>
                            </value>
                        </Row>
                        <Row>
                            <name>
                            <![CDATA[
                            PTC.Factory.Demo.SequenceNumber
                            ]]>
                            </name>
                            <value>
                            <![CDATA[
                            工序編號
                            ]]>
                            </value>
                        </Row>
                        <Row>
                            <name>
                            <![CDATA[
                            PTC.Factory.Demo.WorkDefinition.OperationsTitle
                            ]]>
                            </name>
                            <value>
                            <![CDATA[
                            作業
                            ]]>
                            </value>
                        </Row>
                        <Row>
                            <name>
                            <![CDATA[
                            PTC.Factory.Demo.ViewMaterial
                            ]]>
                            </name>
                            <value>
                            <![CDATA[
                            檢視物料
                            ]]>
                            </value>
                        </Row>
                        <Row>
                            <name>
                            <![CDATA[
                            PTC.Factory.Demo.IDLabel
                            ]]>
                            </name>
                            <value>
                            <![CDATA[
                            ID
                            ]]>
                            </value>
                        </Row>
                        <Row>
                            <name>
                            <![CDATA[
                            PTC.Factory.Demo.Source
                            ]]>
                            </name>
                            <value>
                            <![CDATA[
                            來源
                            ]]>
                            </value>
                        </Row>
                        <Row>
                            <name>
                            <![CDATA[
                            PTC.Factory.Demo.DefaultUnit
                            ]]>
                            </name>
                            <value>
                            <![CDATA[
                            預設單位
                            ]]>
                            </value>
                        </Row>
                        <Row>
                            <name>
                            <![CDATA[
                            PTC.Factory.Demo.WorkTypeLabel
                            ]]>
                            </name>
                            <value>
                            <![CDATA[
                            工作類型
                            ]]>
                            </value>
                        </Row>
                        <Row>
                            <name>
                            <![CDATA[
                            PTC.Factory.Demo.Duration
                            ]]>
                            </name>
                            <value>
                            <![CDATA[
                            持續期間
                            ]]>
                            </value>
                        </Row>
                        <Row>
                            <name>
                            <![CDATA[
                            PTC.Factory.Demo.DurationUOM
                            ]]>
                            </name>
                            <value>
                            <![CDATA[
                            持續期間量測單位
                            ]]>
                            </value>
                        </Row>
                        <Row>
                            <name>
                            <![CDATA[
                            PTC.Factory.Demo.ViewWorkDefinition
                            ]]>
                            </name>
                            <value>
                            <![CDATA[
                            檢視工作定義
                            ]]>
                            </value>
                        </Row>
                        <Row>
                            <name>
                            <![CDATA[
                            PTC.Factory.Demo.MaterialDefinitionTitleLabel
                            ]]>
                            </name>
                            <value>
                            <![CDATA[
                            物料 - {0}
                            ]]>
                            </value>
                        </Row>
                        <Row>
                            <name>
                            <![CDATA[
                            PTC.Factory.Demo.WorkDefinitionTitleLabel
                            ]]>
                            </name>
                            <value>
                            <![CDATA[
                            工作定義 - {0}
                            ]]>
                            </value>
                        </Row>
                        <Row>
                            <name>
                            <![CDATA[
                            PTC.Factory.Demo.ItemLabel
                            ]]>
                            </name>
                            <value>
                            <![CDATA[
                            項目
                            ]]>
                            </value>
                        </Row>
                        <Row>
                            <name>
                            <![CDATA[
                            PTC.Factory.Demo.QuantityUnitOfMeasureLabel
                            ]]>
                            </name>
                            <value>
                            <![CDATA[
                            數量的量測單位
                            ]]>
                            </value>
                        </Row>
                        <Row>
                            <name>
                            <![CDATA[
                            PTC.Factory.Demo.DispatchStatusLabel
                            ]]>
                            </name>
                            <value>
                            <![CDATA[
                            分派狀況
                            ]]>
                            </value>
                        </Row>
                        <Row>
                            <name>
                            <![CDATA[
                            PTC.Factory.Demo.CreateJobOrderTooltip
                            ]]>
                            </name>
                            <value>
                            <![CDATA[
                            建立工作訂單
                            ]]>
                            </value>
                        </Row>
                        <Row>
                            <name>
                            <![CDATA[
                            PTC.Factory.Demo.CreateJobOrderUpperCase
                            ]]>
                            </name>
                            <value>
                            <![CDATA[
                            建立工作訂單
                            ]]>
                            </value>
                        </Row>
                        <Row>
                            <name>
                            <![CDATA[
                            PTC.Factory.Demo.JobOrderTitleLabel
                            ]]>
                            </name>
                            <value>
                            <![CDATA[
                            工作訂單 - {0}
                            ]]>
                            </value>
                        </Row>
                        <Row>
                            <name>
                            <![CDATA[
                            PTC.Factory.Demo.EditJobOrder
                            ]]>
                            </name>
                            <value>
                            <![CDATA[
                            編輯工作訂單
                            ]]>
                            </value>
                        </Row>
                        <Row>
                            <name>
                            <![CDATA[
                            PTC.Factory.Demo.LinkItemUpperCase
                            ]]>
                            </name>
                            <value>
                            <![CDATA[
                            連結項目
                            ]]>
                            </value>
                        </Row>
                        <Row>
                            <name>
                            <![CDATA[
                            PTC.Factory.Demo.PhysicalLocation
                            ]]>
                            </name>
                            <value>
                            <![CDATA[
                            實際位置
                            ]]>
                            </value>
                        </Row>
                        <Row>
                            <name>
                            <![CDATA[
                            PTC.Factory.Demo.ThingName
                            ]]>
                            </name>
                            <value>
                            <![CDATA[
                            物件名稱
                            ]]>
                            </value>
                        </Row>
                        <Row>
                            <name>
                            <![CDATA[
                            PTC.Factory.Demo.EquipmentLevel
                            ]]>
                            </name>
                            <value>
                            <![CDATA[
                            設備層級
                            ]]>
                            </value>
                        </Row>
                        <Row>
                            <name>
                            <![CDATA[
                            PTC.Factory.Demo.AddLinkedEquipment
                            ]]>
                            </name>
                            <value>
                            <![CDATA[
                            新增連結的設備
                            ]]>
                            </value>
                        </Row>
                        <Row>
                            <name>
                            <![CDATA[
                            PTC.Factory.Demo.AddLinkedItem
                            ]]>
                            </name>
                            <value>
                            <![CDATA[
                            新增連結的項目
                            ]]>
                            </value>
                        </Row>
                        <Row>
                            <name>
                            <![CDATA[
                            PTC.Factory.Demo.LinkEquipmentUpperCase
                            ]]>
                            </name>
                            <value>
                            <![CDATA[
                            連結設備
                            ]]>
                            </value>
                        </Row>
                        <Row>
                            <name>
                            <![CDATA[
                            PTC.Factory.Demo.RemoveLinkedEquipment
                            ]]>
                            </name>
                            <value>
                            <![CDATA[
                            取消連結設備
                            ]]>
                            </value>
                        </Row>
                        <Row>
                            <name>
                            <![CDATA[
                            PTC.Factory.Demo.RemoveLinkedItem
                            ]]>
                            </name>
                            <value>
                            <![CDATA[
                            取消連結項目
                            ]]>
                            </value>
                        </Row>
                        <Row>
                            <name>
                            <![CDATA[
                            PTC.Factory.Demo.RemoveLinkedEquipmentUpperCase
                            ]]>
                            </name>
                            <value>
                            <![CDATA[
                            取消連結設備
                            ]]>
                            </value>
                        </Row>
                        <Row>
                            <name>
                            <![CDATA[
                            PTC.Factory.Demo.RemoveLinkedEquipmentConfirmation
                            ]]>
                            </name>
                            <value>
                            <![CDATA[
                            您確定要取消連結所選設備嗎?
                            ]]>
                            </value>
                        </Row>
                        <Row>
                            <name>
                            <![CDATA[
                            PTC.Factory.Demo.Duration
                            ]]>
                            </name>
                            <value>
                            <![CDATA[
                            持續期間
                            ]]>
                            </value>
                        </Row>
                        <Row>
                            <name>
                            <![CDATA[
                            PTC.Factory.Demo.DurationUOM
                            ]]>
                            </name>
                            <value>
                            <![CDATA[
                            持續期間量測單位
                            ]]>
                            </value>
                        </Row>
                        <Row>
                            <name>
                            <![CDATA[
                            PTC.Factory.Demo.MaterialsTabName
                            ]]>
                            </name>
                            <value>
                            <![CDATA[
                            物料
                            ]]>
                            </value>
                        </Row>
                        <Row>
                            <name>
                            <![CDATA[
                            PTC.Factory.Demo.WorkDefinitionsTabName
                            ]]>
                            </name>
                            <value>
                            <![CDATA[
                            工作定義
                            ]]>
                            </value>
                        </Row>
                        <Row>
                            <name>
                            <![CDATA[
                            PTC.Factory.Demo.JobOrdersTabName
                            ]]>
                            </name>
                            <value>
                            <![CDATA[
                            工作訂單
                            ]]>
                            </value>
                        </Row>
                        <Row>
                            <name>
                            <![CDATA[
                            PTC.Factory.Demo.Category
                            ]]>
                            </name>
                            <value>
                            <![CDATA[
                            類別
                            ]]>
                            </value>
                        </Row>
                        <Row>
                            <name>
                            <![CDATA[
                            PTC.Factory.Demo.UpperLimit
                            ]]>
                            </name>
                            <value>
                            <![CDATA[
                            上限
                            ]]>
                            </value>
                        </Row>
                        <Row>
                            <name>
                            <![CDATA[
                            PTC.Factory.Demo.LowerLimit
                            ]]>
                            </name>
                            <value>
                            <![CDATA[
                            下限
                            ]]>
                            </value>
                        </Row>
                        <Row>
                            <name>
                            <![CDATA[
                            PTC.Factory.Demo.NominalValue
                            ]]>
                            </name>
                            <value>
                            <![CDATA[
                            額定值
                            ]]>
                            </value>
                        </Row>
                        <Row>
                            <name>
                            <![CDATA[
                            PTC.Factory.Demo.Create
                            ]]>
                            </name>
                            <value>
                            <![CDATA[
                            建立
                            ]]>
                            </value>
                        </Row>
                        <Row>
                            <name>
                            <![CDATA[
                            PTC.Factory.Demo.Edit
                            ]]>
                            </name>
                            <value>
                            <![CDATA[
                            編輯
                            ]]>
                            </value>
                        </Row>
                        <Row>
                            <name>
                            <![CDATA[
                            PTC.Factory.Demo.Refresh
                            ]]>
                            </name>
                            <value>
                            <![CDATA[
                            重新整理
                            ]]>
                            </value>
                        </Row>
                        <Row>
                            <name>
                            <![CDATA[
                            PTC.Factory.Demo.Link
                            ]]>
                            </name>
                            <value>
                            <![CDATA[
                            連結
                            ]]>
                            </value>
                        </Row>
                        <Row>
                            <name>
                            <![CDATA[
                            PTC.Factory.Demo.Unlink
                            ]]>
                            </name>
                            <value>
                            <![CDATA[
                            取消連結
                            ]]>
                            </value>
                        </Row>
                        <Row>
                            <name>
                            <![CDATA[
                            PTC.Factory.Demo.MaterialsMenuName
                            ]]>
                            </name>
                            <value>
                            <![CDATA[
                            - 物料
                            ]]>
                            </value>
                        </Row>
                        <Row>
                            <name>
                            <![CDATA[
                            PTC.Factory.Demo.WorkDefinitionsMenuName
                            ]]>
                            </name>
                            <value>
                            <![CDATA[
                            - 工作定義
                            ]]>
                            </value>
                        </Row>
                        <Row>
                            <name>
                            <![CDATA[
                            PTC.Factory.Demo.JobOrdersMenuName
                            ]]>
                            </name>
                            <value>
                            <![CDATA[
                            - 工作訂單
                            ]]>
                            </value>
                        </Row>
                        <Row>
                            <name>
                            <![CDATA[
                            PTC.Factory.Demo.WorkInstructions
                            ]]>
                            </name>
                            <value>
                            <![CDATA[
                            工作說明
                            ]]>
                            </value>
                        </Row>
                        <Row>
                            <name>
                            <![CDATA[
                            PTC.Factory.Demo.UnlinkJobOrderWorkDefinitionToolTip
                            ]]>
                            </name>
                            <value>
                            <![CDATA[
                            從工作訂單取消連結工作定義
                            ]]>
                            </value>
                        </Row>
                        <Row>
                            <name>
                            <![CDATA[
                            PTC.Factory.Demo.LinkJobOrderWorkDefinitionToolTip
                            ]]>
                            </name>
                            <value>
                            <![CDATA[
                            將工作定義連結至工作訂單
                            ]]>
                            </value>
                        </Row>
                        <Row>
                            <name>
                            <![CDATA[
                            PTC.Factory.Demo.LinkWorkDefinitionsDescription
                            ]]>
                            </name>
                            <value>
                            <![CDATA[
                            建立所選工作定義的副本並將其連結至工作訂單。使用 CTRL 和點擊來選取多個工作定義。
                            ]]>
                            </value>
                        </Row>
                        <Row>
                            <name>
                            <![CDATA[
                            PTC.Factory.Demo.LinkWorkDefinitions
                            ]]>
                            </name>
                            <value>
                            <![CDATA[
                            將工作定義連結至工作訂單
                            ]]>
                            </value>
                        </Row>
                        <Row>
                            <name>
                            <![CDATA[
                            PTC.Factory.Demo.SelectDropDown
                            ]]>
                            </name>
                            <value>
                            <![CDATA[
                            選取...
                            ]]>
                            </value>
                        </Row>
                        <Row>
                            <name>
                            <![CDATA[
                            PTC.Factory.Demo.SelectDateTime
                            ]]>
                            </name>
                            <value>
                            <![CDATA[
                            選取日期和時間
                            ]]>
                            </value>
                        </Row>
                    </Rows>
                </ConfigurationTable>
            </ConfigurationTables>
        </LocalizationTable>
    </LocalizationTables>
</Entities>
