<?xml version="1.0" encoding="UTF-8" standalone="no"?>
<Entities build="b155" majorVersion="7" minorVersion="2" modelPersistenceProviderPackage="NeoPersistenceProviderPackage" revision="2"
          schemaVersion="809">
    <DataShapes>
        <DataShape name="CXSEvent.WritePropertyError" description="Defines fields associated with a WritePropertyError event." tags="Applications:CXS">
            <FieldDefinitions>
                <FieldDefinition aspect.isPrimaryKey="true" baseType="STRING" description="Defines the event id which is a UUID." name="id" ordinal="1"/>
                <FieldDefinition baseType="STRING" description="Error message" name="message" ordinal="2"/>
                <FieldDefinition baseType="STRING" description="The name of the Thing where properties could not be written." name="thingName" ordinal="3"/>
                <FieldDefinition baseType="INFOTABLE" aspect.dataShape="NamedVTQ" description="Defines the properties associated with the event." name="properties" ordinal="4"/>
                <FieldDefinition baseType="JSON" description="Additional context info as a JSON object." name="context" ordinal="5"/>
            </FieldDefinitions>
        </DataShape>
        <DataShape name="CXSEvent.AuthenticationError" description="Defines fields associated with an AuthenticationError event." tags="Applications:CXS">
            <FieldDefinitions>
                <FieldDefinition aspect.isPrimaryKey="true" baseType="STRING" description="Defines the event id which is a UUID" name="id" ordinal="1"/>
                <FieldDefinition baseType="STRING" description="Error message" name="message" ordinal="2"/>
                <FieldDefinition baseType="STRING" description="The name of the Thing that failed to authenticate." name="thingName" ordinal="3"/>
                <FieldDefinition baseType="JSON" description="Additional context info as a JSON object." name="context" ordinal="4"/>
            </FieldDefinitions>
        </DataShape>
        <DataShape name="CXSEvent.InternalError" description="Defines fields associated with an InternalError event." tags="Applications:CXS">
            <FieldDefinitions>
                <FieldDefinition aspect.isPrimaryKey="true" baseType="STRING" description="Defines the event id which is a UUID" name="id" ordinal="1"/>
                <FieldDefinition baseType="STRING" description="Error message" name="message" ordinal="2"/>
                <FieldDefinition baseType="STRING" description="The name of the Protocol Adapter Thing with the internal error." name="thingName" ordinal="3"/>
                <FieldDefinition baseType="JSON" description="Additional context info as a JSON object." name="context" ordinal="4"/>
            </FieldDefinitions>
        </DataShape>
        <DataShape name="CXSEvent.ProtocolError" description="Defines fields associated with a ProtocolError event." tags="Applications:CXS">
            <FieldDefinitions>
                <FieldDefinition aspect.isPrimaryKey="true" baseType="STRING" description="Defines the event id which is a UUID." name="id" ordinal="1"/>
                <FieldDefinition baseType="STRING" description="Error message" name="message" ordinal="2"/>
                <FieldDefinition baseType="STRING" description="The name of the Thing with the internal error." name="thingName" ordinal="3"/>
                <FieldDefinition baseType="JSON" description="Additional context info as a JSON object." name="context" ordinal="4"/>
            </FieldDefinitions>
        </DataShape>
        <DataShape name="CXSEvent.EdgeError" description="Defines fields associated with a EdgeError event." tags="Applications:CXS">
            <FieldDefinitions>
                <FieldDefinition aspect.isPrimaryKey="true" baseType="STRING" description="Defines the event id which is a UUID." name="id" ordinal="1"/>
                <FieldDefinition baseType="STRING" description="Error message" name="message" ordinal="2"/>
                <FieldDefinition baseType="STRING" description="The name of the Thing with the edge error." name="thingName" ordinal="3"/>
                <FieldDefinition baseType="JSON" description="Additional context info as a JSON object." name="context" ordinal="4"/>
            </FieldDefinitions>
        </DataShape>
        <DataShape name="CXSEvent.UserError" description="Defines fields associated with a UserError event." tags="Applications:CXS">
            <FieldDefinitions>
                <FieldDefinition aspect.isPrimaryKey="true" baseType="STRING" description="Defines the event id which is a UUID." name="id" ordinal="1"/>
                <FieldDefinition baseType="STRING" description="Error message" name="message" ordinal="2"/>
                <FieldDefinition baseType="STRING" description="The name of the Thing with the user error." name="thingName" ordinal="3"/>
                <FieldDefinition baseType="JSON" description="Additional context info as a JSON object." name="context" ordinal="4"/>
            </FieldDefinitions>
        </DataShape>
        <DataShape name="CXSEvent.FileNotFoundError" description="Defines fields associated with a FileNotFoundError event." tags="Applications:CXS">
            <FieldDefinitions>
                <FieldDefinition aspect.isPrimaryKey="true" baseType="STRING" description="Defines the event id which is a UUID." name="id" ordinal="1"/>
                <FieldDefinition baseType="STRING" description="Error message" name="message" ordinal="2"/>
                <FieldDefinition baseType="STRING" description="The FileRepository name." name="fileRepositoryName" ordinal="3"/>
                <FieldDefinition baseType="STRING" description="The file path." name="filePath" ordinal="4"/>
                <FieldDefinition baseType="STRING" description="The file name." name="fileName" ordinal="5"/>
                <FieldDefinition baseType="JSON" description="Additional context info as a JSON object." name="context" ordinal="6"/>
            </FieldDefinitions>
        </DataShape>
        <DataShape name="CXSEvent.ThingNotFoundError" description="Defines fields associated with a ThingNotFoundError event." tags="Applications:CXS">
            <FieldDefinitions>
                <FieldDefinition aspect.isPrimaryKey="true" baseType="STRING" description="Defines the event id which is a UUID." name="id" ordinal="1"/>
                <FieldDefinition baseType="STRING" description="Error message" name="message" ordinal="2"/>
                <FieldDefinition baseType="STRING" description="The edge identifier." name="edgeIdentifier" ordinal="3"/>
                <FieldDefinition baseType="JSON" description="Additional context info as a JSON object." name="context" ordinal="4"/>
            </FieldDefinitions>
        </DataShape>
        <DataShape name="CXSEvent.ClearCacheEntry" description="Defines fields associated with a ClearCache event." tags="Applications:CXS">
            <FieldDefinitions>
                <FieldDefinition aspect.isPrimaryKey="true" baseType="STRING" description="Defines the event id which is a UUID." name="id" ordinal="1"/>
                <FieldDefinition baseType="STRING" description="Error message" name="message" ordinal="2"/>
                <FieldDefinition baseType="STRING" description="The cache name." name="cacheName" ordinal="3"/>
                <FieldDefinition baseType="STRING" description="The cache key to clear." name="cacheKey" ordinal="4"/>
                <FieldDefinition baseType="JSON" description="Additional context info as a JSON object." name="context" ordinal="5"/>
            </FieldDefinitions>
        </DataShape>
        <DataShape name="CXS.ThingShapeList" description="List of ThingShapes" tags="Applications:CXS">
            <FieldDefinitions>
                <FieldDefinition baseType="THINGSHAPENAME" description="Thing Shape name." name="item" ordinal="1"/>
            </FieldDefinitions>
        </DataShape>
    </DataShapes>
</Entities>