<?xml version="1.0" encoding="UTF-8" standalone="no"?>
<Entities build="b139" majorVersion="6" minorVersion="6" modelPersistenceProviderPackage="NeoPersistenceProviderPackage" revision="2"
          schemaVersion="809">
    <DataShapes>
        <DataShape baseDataShape="" description="" documentationContent="" homeMashup="" lastModifiedDate="2016-01-04T20:40:06.762Z"
                   name="ProtocolAdapterAvailabilityDataShape" tags="">
            <Owner name="Administrator" type="User"/>
          
            <FieldDefinitions>
                <FieldDefinition baseType="STRING" description="Protocol Adapter Name" name="name" ordinal="0"/>
                <FieldDefinition baseType="STRING" description="Defines the availability group name." name="availabilityGroup"  ordinal="1"/>
                <FieldDefinition baseType="STRING" description="Defines the availability health state (UP, DOWN)." name="healthState" ordinal="2"/>
                <FieldDefinition baseType="DATETIME" description="Defines the last time the availability health state was updated." name="healthStateUpdated" ordinal="3"/>
                <FieldDefinition baseType="BOOLEAN" description="Defines if this Protocol Adapter is the active node in the group." name="active" ordinal="3"/>
            </FieldDefinitions>
        </DataShape>
    </DataShapes>
</Entities>