<?xml version="1.0" encoding="UTF-8"?>
<Entities
 build="b441"
 majorVersion="8"
 minorVersion="4"
 modelPersistenceProviderPackage="PostgresPersistenceProviderPackage"
 revision="0"
 schemaVersion="1040"
 universal="">
    <Things>
        <Thing
         aspect.isEditableExtensionObject="true"
         aspect.isExtension="true"
         description="Import/Export utilities {PTC.Factory.Administration.ImportExportUtils}"
         documentationContent=""
         effectiveThingPackage="PTC.Factory.Administration.ImportExportUtilsPackage"
         enabled="true"
         homeMashup=""
         identifier=""
         lastModifiedDate="2018-11-08T15:35:08.477-05:00"
         name="PTC.Factory.Administration.ImportExportUtils"
         projectName="PTC.SCA.SCO.ImportExport.Manager"
         published="false"
         tags="PTC:sca-sco;PTC:Thing;PTC:sca-sco-importexport-manager"
         thingTemplate="PTC.Factory.Administration.ImportExportUtilsTemplate"
         valueStream="">
            <avatar></avatar>
            <DesignTimePermissions>
                <Create></Create>
                <Read></Read>
                <Update></Update>
                <Delete></Delete>
                <Metadata></Metadata>
            </DesignTimePermissions>
            <RunTimePermissions>
                <Permissions
                 resourceName="*">
                    <PropertyRead>
                        <Principal
                         isPermitted="true"
                         name="Controls Engineer"
                         type="Group"></Principal>
                    </PropertyRead>
                    <PropertyWrite></PropertyWrite>
                    <ServiceInvoke>
                        <Principal
                         isPermitted="true"
                         name="Controls Engineer"
                         type="Group"></Principal>
                    </ServiceInvoke>
                    <EventInvoke>
                        <Principal
                         isPermitted="true"
                         name="Controls Engineer"
                         type="Group"></Principal>
                    </EventInvoke>
                    <EventSubscribe>
                        <Principal
                         isPermitted="true"
                         name="Controls Engineer"
                         type="Group"></Principal>
                    </EventSubscribe>
                </Permissions>
            </RunTimePermissions>
            <VisibilityPermissions>
                <Visibility>
                    <Principal
                     isPermitted="true"
                     name="PTC.Factory.MachineVisibility"
                     type="Organization"></Principal>
                </Visibility>
            </VisibilityPermissions>
            <ConfigurationTableDefinitions></ConfigurationTableDefinitions>
            <ConfigurationTables>
                <ConfigurationTable
                 description="Tags Of entities and data to export"
                 isMultiRow="true"
                 name="TagsToExport"
                 ordinal="0">
                    <DataShape>
                        <FieldDefinitions>
                            <FieldDefinition
                             aspect.dataShape="PTC.Factory.ExportTagConfiguration"
                             baseType="INFOTABLE"
                             description="Tags to be exported"
                             name="TagList"
                             ordinal="0"></FieldDefinition>
                        </FieldDefinitions>
                    </DataShape>
                    <Rows>
                        <Row>
                            <TagList>
                                <infoTable>
                                    <DataShape>
                                        <FieldDefinitions>
                                            <FieldDefinition
                                             baseType="BOOLEAN"
                                             description=""
                                             name="IncludeData"
                                             ordinal="2"></FieldDefinition>
                                            <FieldDefinition
                                             baseType="STRING"
                                             description=""
                                             name="TagName"
                                             ordinal="1"></FieldDefinition>
                                        </FieldDefinitions>
                                    </DataShape>
                                    <Rows>
                                        <Row>
                                            <TagName>
                                            <![CDATA[
                                            PTC:FactoryAppKey
                                            ]]>
                                            </TagName>
                                            <IncludeData>false</IncludeData>
                                        </Row>
                                        <Row>
                                            <TagName>
                                            <![CDATA[
                                            PTC:FactoryKEPServerExInstance
                                            ]]>
                                            </TagName>
                                            <IncludeData>false</IncludeData>
                                        </Row>
                                        <Row>
                                            <TagName>
                                            <![CDATA[
                                            PTC:FactoryDeviceInstance
                                            ]]>
                                            </TagName>
                                            <IncludeData>true</IncludeData>
                                        </Row>
                                        <Row>
                                            <TagName>
                                            <![CDATA[
                                            PTC:FactoryPhysicalAssetInstance
                                            ]]>
                                            </TagName>
                                            <IncludeData>true</IncludeData>
                                        </Row>
                                        <Row>
                                            <TagName>
                                            <![CDATA[
                                            PTC:FactoryTrendInstance
                                            ]]>
                                            </TagName>
                                            <IncludeData>true</IncludeData>
                                        </Row>
                                        <Row>
                                            <TagName>
                                            <![CDATA[
                                            PTC:FactoryConnectionInstance
                                            ]]>
                                            </TagName>
                                            <IncludeData>true</IncludeData>
                                        </Row>
                                        <Row>
                                            <TagName>
                                            <![CDATA[
                                            PTC:FactoryEquipmentInstance
                                            ]]>
                                            </TagName>
                                            <IncludeData>true</IncludeData>
                                        </Row>
                                        <Row>
                                            <TagName>
                                            <![CDATA[
                                            PTC:FactoryPlantNetwork
                                            ]]>
                                            </TagName>
                                            <IncludeData>false</IncludeData>
                                        </Row>
                                    </Rows>
                                </infoTable>
                            </TagList>
                        </Row>
                    </Rows>
                </ConfigurationTable>
            </ConfigurationTables>
            <ThingShape>
                <PropertyDefinitions></PropertyDefinitions>
                <ServiceDefinitions></ServiceDefinitions>
                <EventDefinitions></EventDefinitions>
                <ServiceMappings></ServiceMappings>
                <ServiceImplementations></ServiceImplementations>
                <Subscriptions></Subscriptions>
            </ThingShape>
            <PropertyBindings></PropertyBindings>
            <RemotePropertyBindings></RemotePropertyBindings>
            <RemoteServiceBindings></RemoteServiceBindings>
            <RemoteEventBindings></RemoteEventBindings>
            <AlertConfigurations></AlertConfigurations>
            <ImplementedShapes></ImplementedShapes>
            <ThingProperties></ThingProperties>
        </Thing>
    </Things>
</Entities>
