<?xml version="1.0" encoding="UTF-8"?>
<Entities
 build="b7613"
 majorVersion="0"
 minorVersion="0"
 modelPersistenceProviderPackage="PostgresPersistenceProviderPackage"
 revision="0"
 schemaVersion="1100"
 universal="password">
    <DataShapes>
        <DataShape
         aspect.isEditableExtensionObject="false"
         aspect.isExtension="true"
         baseDataShape=""
         description="Defines the related information for a time period (for example, shift, job order, and so on), such as start time, end time, and shift schedule ID. {PTC.SCA.SCO.TimeInfo}"
         documentationContent=""
         homeMashup=""
         lastModifiedDate="2019-09-04T13:09:19.184-04:00"
         name="PTC.SCA.SCO.TimeInfo"
         projectName="PTC.SCA.SCO.KPI.Model"
         tags="PTC:sca-sco;PTC:DataShape;PTC:sca-sco-kpi-model">
            <avatar></avatar>
            <DesignTimePermissions>
                <Create></Create>
                <Read></Read>
                <Update></Update>
                <Delete></Delete>
                <Metadata></Metadata>
            </DesignTimePermissions>
            <RunTimePermissions></RunTimePermissions>
            <VisibilityPermissions>
                <Visibility>
                    <Principal
                     isPermitted="true"
                     name="PTC.Factory.MachineVisibility"
                     type="Organization"></Principal>
                </Visibility>
            </VisibilityPermissions>
            <ConfigurationTableDefinitions></ConfigurationTableDefinitions>
            <ConfigurationTables></ConfigurationTables>
            <FieldDefinitions>
                <FieldDefinition
                 aspect.isPrimaryKey="false"
                 baseType="DATETIME"
                 description=""
                 name="EndTimeDate"
                 ordinal="14"></FieldDefinition>
                <FieldDefinition
                 aspect.isPrimaryKey="true"
                 baseType="STRING"
                 description=""
                 name="GeneratedID"
                 ordinal="15"></FieldDefinition>
                <FieldDefinition
                 aspect.isPrimaryKey="false"
                 baseType="STRING"
                 description=""
                 name="ShiftScheduleUID"
                 ordinal="7"></FieldDefinition>
                <FieldDefinition
                 aspect.isPrimaryKey="false"
                 baseType="STRING"
                 description=""
                 name="ShiftUID"
                 ordinal="19"></FieldDefinition>
                <FieldDefinition
                 aspect.isPrimaryKey="false"
                 baseType="STRING"
                 description=""
                 name="SiteUID"
                 ordinal="18"></FieldDefinition>
                <FieldDefinition
                 aspect.isPrimaryKey="false"
                 baseType="DATETIME"
                 description=""
                 name="StartTimeDate"
                 ordinal="13"></FieldDefinition>
                <FieldDefinition
                 aspect.isPrimaryKey="false"
                 baseType="LONG"
                 description=""
                 name="UID"
                 ordinal="16"></FieldDefinition>
            </FieldDefinitions>
        </DataShape>
    </DataShapes>
</Entities>
