<?xml version="1.0" encoding="UTF-8"?>
<Entities
 build="b6955"
 majorVersion="0"
 minorVersion="0"
 modelPersistenceProviderPackage="PostgresPersistenceProviderPackage"
 revision="0"
 schemaVersion="1050"
 universal="password">
    <DataShapes>
        <DataShape
         aspect.isExtension="true"
         baseDataShape=""
         description="Defines the structure for the Calculation Settings configuration table on the PTC.SCA.SCO.KPISchedulerTemplate."
         documentationContent=""
         homeMashup=""
         lastModifiedDate="2019-06-28T11:50:22.001-04:00"
         name="PTC.SCA.SCO.KPISchedulerSettings"
         projectName="PTC.SCA.SCO.KPI.Model"
         tags="PTC:sca-sco;PTC:DataShape;PTC:sca-sco-kpi-model">
            <avatar></avatar>
            <DesignTimePermissions>
                <Create></Create>
                <Read></Read>
                <Update></Update>
                <Delete></Delete>
                <Metadata></Metadata>
            </DesignTimePermissions>
            <RunTimePermissions></RunTimePermissions>
            <VisibilityPermissions>
                <Visibility>
                    <Principal
                     isPermitted="true"
                     name="PTC.Factory.MachineVisibility"
                     type="Organization"></Principal>
                </Visibility>
            </VisibilityPermissions>
            <ConfigurationTableDefinitions></ConfigurationTableDefinitions>
            <ConfigurationTables></ConfigurationTables>
            <FieldDefinitions>
                <FieldDefinition
                 aspect.defaultValue="5"
                 aspect.friendlyName="PTC.SCA.SCO.KPIScheduler.KPICalculationRate"
                 aspect.isPrimaryKey="true"
                 baseType="INTEGER"
                 description="KPI Calculation Rate in minutes"
                 name="kpiCalculationRate"
                 ordinal="1"></FieldDefinition>
                <FieldDefinition
                 aspect.defaultValue="5"
                 aspect.friendlyName="PTC.SCA.SCO.KPIScheduler.KPIElementsCalculationRate"
                 aspect.isPrimaryKey="false"
                 baseType="INTEGER"
                 description="KPI Elements Calculation Rate in minutes"
                 name="kpiElementsCalculationRate"
                 ordinal="2"></FieldDefinition>
            </FieldDefinitions>
        </DataShape>
    </DataShapes>
</Entities>
