<?xml version="1.0" encoding="UTF-8"?>
<Entities
 build="b2122"
 majorVersion="8"
 minorVersion="4"
 modelPersistenceProviderPackage="PostgresPersistenceProviderPackage"
 revision="1"
 schemaVersion="1040"
 universal="password">
    <DataShapes>
        <DataShape
         aspect.isEditableExtensionObject="false"
         aspect.isExtension="true"
         baseDataShape=""
         description="Defines the information related to the duration for each value of the status. {PTC.SCA.SCO.StatusDuration}"
         documentationContent=""
         homeMashup=""
         lastModifiedDate="2019-03-12T17:20:23.004-04:00"
         name="PTC.SCA.SCO.StatusDuration"
         projectName="PTC.SCA.SCO.KPI.Model"
         tags="PTC:sca-sco;PTC:DataShape;PTC:sca-sco-kpi-model">
            <avatar></avatar>
            <DesignTimePermissions>
                <Create></Create>
                <Read></Read>
                <Update></Update>
                <Delete></Delete>
                <Metadata></Metadata>
            </DesignTimePermissions>
            <RunTimePermissions></RunTimePermissions>
            <VisibilityPermissions>
                <Visibility>
                    <Principal
                     isPermitted="true"
                     name="PTC.Factory.MachineVisibility"
                     type="Organization"></Principal>
                </Visibility>
            </VisibilityPermissions>
            <ConfigurationTableDefinitions></ConfigurationTableDefinitions>
            <ConfigurationTables></ConfigurationTables>
            <FieldDefinitions>
                <FieldDefinition
                 aspect.isPrimaryKey="false"
                 baseType="LONG"
                 description=""
                 name="duration"
                 ordinal="2"></FieldDefinition>
                <FieldDefinition
                 aspect.isPrimaryKey="true"
                 baseType="INTEGER"
                 description=""
                 name="status"
                 ordinal="1"></FieldDefinition>
            </FieldDefinitions>
        </DataShape>
    </DataShapes>
</Entities>
