<?xml version="1.0" encoding="UTF-8"?>
<Entities
 build="b11"
 majorVersion="8"
 minorVersion="4"
 modelPersistenceProviderPackage="PostgresPersistenceProviderPackage"
 revision="4"
 schemaVersion="1040"
 universal="password">
    <DataShapes>
        <DataShape
         aspect.isExtension="true"
         baseDataShape=""
         description="Defines threshold values for KPI value ranges, including low and high values, and the color assigned to the value range."
         documentationContent=""
         homeMashup=""
         lastModifiedDate="2019-04-24T09:50:01.295-04:00"
         name="PTC.SCA.SCO.KPIThresholdValues"
         projectName="PTC.SCA.SCO.KPI.Model"
         tags="PTC:sca-sco;PTC:DataShape;PTC:sca-sco-kpi-model">
            <avatar></avatar>
            <DesignTimePermissions>
                <Create></Create>
                <Read></Read>
                <Update></Update>
                <Delete></Delete>
                <Metadata></Metadata>
            </DesignTimePermissions>
            <RunTimePermissions></RunTimePermissions>
            <VisibilityPermissions>
                <Visibility>
                    <Principal
                     isPermitted="true"
                     name="PTC.Factory.MachineVisibility"
                     type="Organization"></Principal>
                </Visibility>
            </VisibilityPermissions>
            <ConfigurationTableDefinitions></ConfigurationTableDefinitions>
            <ConfigurationTables></ConfigurationTables>
            <FieldDefinitions>
                <FieldDefinition
                 aspect.isPrimaryKey="false"
                 baseType="JSON"
                 description="Additional properties to apply for the KPI value range. "
                 name="additionalProperties"
                 ordinal="4"></FieldDefinition>
                <FieldDefinition
                 aspect.isPrimaryKey="true"
                 baseType="STRING"
                 description="The hexadecimal color value for the KPI value range."
                 name="color"
                 ordinal="3"></FieldDefinition>
                <FieldDefinition
                 aspect.isPrimaryKey="false"
                 baseType="NUMBER"
                 description="The high threshold for the KPI value range."
                 name="highValue"
                 ordinal="2"></FieldDefinition>
                <FieldDefinition
                 aspect.isPrimaryKey="false"
                 baseType="NUMBER"
                 description="The low threshold for the KPI value range."
                 name="lowValue"
                 ordinal="1"></FieldDefinition>
            </FieldDefinitions>
        </DataShape>
    </DataShapes>
</Entities>
