<?xml version="1.0" encoding="UTF-8"?>
<Entities
 build="b2013"
 majorVersion="8"
 minorVersion="4"
 modelPersistenceProviderPackage="PostgresPersistenceProviderPackage"
 revision="0"
 schemaVersion="1040"
 universal="password">
    <DataShapes>
        <DataShape
         aspect.isEditableExtensionObject="false"
         aspect.isExtension="true"
         baseDataShape=""
         description="Defines the structure for the DatabaseConfigurationSettings configuration table. {PTC.SCA.SCO.DBConnectionDataShape}"
         documentationContent=""
         homeMashup=""
         lastModifiedDate="2019-02-21T13:54:16.455-05:00"
         name="PTC.SCA.SCO.DBConnectionDataShape"
         projectName="PTC.SCA.SCO.KPI.Model"
         tags="PTC:sca-sco;PTC:DataShape;PTC:sca-sco-kpi-model">
            <avatar></avatar>
            <DesignTimePermissions>
                <Create></Create>
                <Read></Read>
                <Update></Update>
                <Delete></Delete>
                <Metadata></Metadata>
            </DesignTimePermissions>
            <RunTimePermissions></RunTimePermissions>
            <VisibilityPermissions>
                <Visibility>
                    <Principal
                     isPermitted="true"
                     name="PTC.Factory.MachineVisibility"
                     type="Organization"></Principal>
                </Visibility>
            </VisibilityPermissions>
            <ConfigurationTableDefinitions></ConfigurationTableDefinitions>
            <ConfigurationTables></ConfigurationTables>
            <FieldDefinitions>
                <FieldDefinition
                 aspect.isPrimaryKey="true"
                 aspect.thingShape="PTC.SCA.SCO.DatabaseThingShape"
                 baseType="THINGNAME"
                 description=""
                 name="DBConnection"
                 ordinal="1"></FieldDefinition>
            </FieldDefinitions>
        </DataShape>
    </DataShapes>
</Entities>
