<?xml version="1.0" encoding="UTF-8"?>
<Entities
 build="b6871"
 majorVersion="0"
 minorVersion="0"
 modelPersistenceProviderPackage="PostgresPersistenceProviderPackage"
 revision="0"
 schemaVersion="1050"
 universal="password">
    <ThingShapes>
        <ThingShape
         aspect.isEditableExtensionObject="false"
         aspect.isExtension="true"
         className=""
         description="Thing Shape for the effectiveness KPI. {PTC.SCA.SCO.EffectivenessThingShape}"
         documentationContent=""
         homeMashup=""
         lastModifiedDate="2019-05-30T20:47:07.195-04:00"
         name="PTC.SCA.SCO.EffectivenessThingShape"
         projectName="PTC.SCA.SCO.KPI.Model"
         tags="PTC:sca-sco;PTC:ThingShape;PTC:sca-sco-kpi-model">
            <PropertyDefinitions>
                <PropertyDefinition
                 aspect.cacheTime="0.0"
                 aspect.dataChangeType="VALUE"
                 aspect.isLogged="false"
                 aspect.isPersistent="true"
                 baseType="NUMBER"
                 category="KPIs"
                 description="Current value for the effectiveness KPI."
                 isLocalOnly="false"
                 name="Effectiveness_currentValue"
                 ordinal="3"></PropertyDefinition>
                <PropertyDefinition
                 aspect.cacheTime="0.0"
                 aspect.dataChangeType="VALUE"
                 aspect.defaultValue="1969-12-31T19:00:00.000-05:00"
                 aspect.isLogged="false"
                 aspect.isPersistent="true"
                 baseType="DATETIME"
                 category="KPIs"
                 description="Time when the effectiveness KPI was last calculated."
                 isLocalOnly="false"
                 name="Effectiveness_lastCalculatedTime"
                 ordinal="4"></PropertyDefinition>
                <PropertyDefinition
                 aspect.cacheTime="0.0"
                 aspect.dataChangeType="VALUE"
                 aspect.defaultValue="%"
                 aspect.isLogged="false"
                 aspect.isPersistent="true"
                 baseType="STRING"
                 category="KPIs"
                 description="Unit of measure for the effectiveness KPI. The default is %."
                 isLocalOnly="false"
                 name="Effectiveness_unitOfMeasure"
                 ordinal="4"></PropertyDefinition>
            </PropertyDefinitions>
            <ServiceDefinitions>
                <ServiceDefinition
                 aspect.isAsync="false"
                 category="KPIs"
                 description="Calculates the effectiveness KPI."
                 isAllowOverride="true"
                 isLocalOnly="false"
                 isOpen="false"
                 isPrivate="false"
                 name="Effectiveness_Calculate">
                    <ResultType
                     baseType="NUMBER"
                     description=""
                     name="result"
                     ordinal="0"></ResultType>
                    <ParameterDefinitions>
                        <FieldDefinition
                         aspect.dataShape="PTC.SCA.SCO.TimeInfo"
                         baseType="INFOTABLE"
                         description=""
                         name="TimeInfo"
                         ordinal="1"></FieldDefinition>
                    </ParameterDefinitions>
                </ServiceDefinition>
                <ServiceDefinition
                 aspect.isAsync="false"
                 category="KPIs"
                 description="Retrieves the current value for the effectiveness KPI from the property."
                 isAllowOverride="true"
                 isLocalOnly="false"
                 isOpen="false"
                 isPrivate="false"
                 name="Get_Effectiveness_CurrentValue">
                    <ResultType
                     baseType="NUMBER"
                     description=""
                     name="result"
                     ordinal="0"></ResultType>
                    <ParameterDefinitions></ParameterDefinitions>
                </ServiceDefinition>
                <ServiceDefinition
                 aspect.isAsync="false"
                 category="KPIs"
                 description="Retrieves the threshold values for the value range into which the current value of the effectiveness KPI falls, including the low and high values, color assigned for the value range, and any additional properties."
                 isAllowOverride="true"
                 isLocalOnly="false"
                 isOpen="false"
                 isPrivate="false"
                 name="Get_Effectiveness_ThresholdValues">
                    <ResultType
                     aspect.dataShape="PTC.SCA.SCO.KPIThresholdValues"
                     baseType="INFOTABLE"
                     description=""
                     name="result"
                     ordinal="0"></ResultType>
                    <ParameterDefinitions></ParameterDefinitions>
                </ServiceDefinition>
                <ServiceDefinition
                 aspect.isAsync="false"
                 category="KPIs"
                 description="Returns the effectiveness KPI trend by calculating the difference between the current effectiveness value and the previously calculated effectiveness value."
                 isAllowOverride="true"
                 isLocalOnly="false"
                 isOpen="false"
                 isPrivate="false"
                 name="Get_Effectiveness_Trend">
                    <ResultType
                     baseType="NUMBER"
                     description=""
                     name="result"
                     ordinal="0"></ResultType>
                    <ParameterDefinitions></ParameterDefinitions>
                </ServiceDefinition>
                <ServiceDefinition
                 aspect.isAsync="false"
                 category="KPIs"
                 description="Sets the current value for the effectiveness KPI."
                 isAllowOverride="true"
                 isLocalOnly="false"
                 isOpen="false"
                 isPrivate="false"
                 name="Set_Effectiveness_CurrentValue">
                    <ResultType
                     baseType="NOTHING"
                     description=""
                     name="result"
                     ordinal="0"></ResultType>
                    <ParameterDefinitions>
                        <FieldDefinition
                         baseType="NUMBER"
                         description=""
                         name="value"
                         ordinal="1"></FieldDefinition>
                    </ParameterDefinitions>
                </ServiceDefinition>
            </ServiceDefinitions>
            <EventDefinitions></EventDefinitions>
            <ServiceMappings></ServiceMappings>
            <ServiceImplementations>
                <ServiceImplementation
                 description=""
                 handlerName="Script"
                 name="Effectiveness_Calculate">
                    <ConfigurationTables>
                        <ConfigurationTable
                         description=""
                         isMultiRow="false"
                         name="Script"
                         ordinal="0">
                            <DataShape>
                                <FieldDefinitions>
                                    <FieldDefinition
                                     baseType="STRING"
                                     description="code"
                                     name="code"
                                     ordinal="0"></FieldDefinition>
                                </FieldDefinitions>
                            </DataShape>
                            <Rows>
                                <Row>
                                    <code>
                                    <![CDATA[
                                    customLogger = logger.getLoggerContext().getLogger(logger.getName() + ".com.ptc.sca.sco.KPICalculation.Effectiveness");
                                    
                                    var plannedRunTimePerItem = me.plannedRunTimePerItem_PRI;
                                    var producedQuantity = me.producedQuantity_PQ;
                                    var actualProductionTime = me.actualProductionTime_APT;
                                    var effectiveness = 0;
                                    if (TimeInfo.getRowCount() > 0) {
                                        var row = TimeInfo.getRow(0);
                                        var generatedID = row.GeneratedID;
                                        var producedQuantity_PQ_firstValue =   me.GetKPICacheValue({
                                            generatedID:  generatedID/* STRING */,
                                            name: "producedQuantity_PQ_firstValue" /* STRING */
                                    	});
                                        customLogger.debug("producedQuantity_PQ_firstValue[" + generatedID + ": " + producedQuantity_PQ_firstValue);
                                        var diffQuantity = 0;
                                        if (typeof producedQuantity_PQ_firstValue !== 'undefined') {
                                            customLogger.debug("Effectiveness_Calculate Quantity : " + producedQuantity + " - " + producedQuantity_PQ_firstValue);
                                            diffQuantity = producedQuantity - producedQuantity_PQ_firstValue;
                                        }
                                        
                                        customLogger.debug("Effectiveness_Calculate Quantity produced since the beginning of the time period (" + row.GeneratedID + ") till now: " + diffQuantity);
                                        customLogger.debug("Effectiveness_Calculate calculate Effectiveness on PRI: " + plannedRunTimePerItem + ", PQ: " + diffQuantity + ", APT: " + actualProductionTime);
                                    
                                        // if actualProductionTime_APT is 0 then we get a divide by zero case. for this case Effectiveness is set to 1 as the upper limit
                                        if (actualProductionTime === 0) {
                                            effectiveness = 1;
                                        } else {
                                            effectiveness = ((diffQuantity * plannedRunTimePerItem) / actualProductionTime);
                                        }
                                    }
                                    customLogger.debug("Effectiveness_Calculate effectiveness KPI : " + effectiveness);
                                    var result = effectiveness;
                                    
                                    me.Set_Effectiveness_CurrentValue({
                                        value: result
                                    });
                                    
                                    me.Effectiveness_lastCalculatedTime = Date.now();
                                    ]]>
                                    </code>
                                </Row>
                            </Rows>
                        </ConfigurationTable>
                    </ConfigurationTables>
                </ServiceImplementation>
                <ServiceImplementation
                 description=""
                 handlerName="Script"
                 name="Get_Effectiveness_CurrentValue">
                    <ConfigurationTables>
                        <ConfigurationTable
                         description=""
                         isMultiRow="false"
                         name="Script"
                         ordinal="0">
                            <DataShape>
                                <FieldDefinitions>
                                    <FieldDefinition
                                     baseType="STRING"
                                     description="code"
                                     name="code"
                                     ordinal="0"></FieldDefinition>
                                </FieldDefinitions>
                            </DataShape>
                            <Rows>
                                <Row>
                                    <code>
                                    <![CDATA[
                                    result = me.Effectiveness_currentValue;
                                    ]]>
                                    </code>
                                </Row>
                            </Rows>
                        </ConfigurationTable>
                    </ConfigurationTables>
                </ServiceImplementation>
                <ServiceImplementation
                 description=""
                 handlerName="Script"
                 name="Get_Effectiveness_ThresholdValues">
                    <ConfigurationTables>
                        <ConfigurationTable
                         description=""
                         isMultiRow="false"
                         name="Script"
                         ordinal="0">
                            <DataShape>
                                <FieldDefinitions>
                                    <FieldDefinition
                                     baseType="STRING"
                                     description="code"
                                     name="code"
                                     ordinal="0"></FieldDefinition>
                                </FieldDefinitions>
                            </DataShape>
                            <Rows>
                                <Row>
                                    <code>
                                    <![CDATA[
                                    result = Things[me.GetKPIManager()].GetThresholdValues({
                                    	ownerName: me.name /* THINGNAME */,
                                    	kpiName: "Effectiveness" /* STRING */
                                    });
                                    ]]>
                                    </code>
                                </Row>
                            </Rows>
                        </ConfigurationTable>
                    </ConfigurationTables>
                </ServiceImplementation>
                <ServiceImplementation
                 description=""
                 handlerName="Script"
                 name="Get_Effectiveness_Trend">
                    <ConfigurationTables>
                        <ConfigurationTable
                         description=""
                         isMultiRow="false"
                         name="Script"
                         ordinal="0">
                            <DataShape>
                                <FieldDefinitions>
                                    <FieldDefinition
                                     baseType="STRING"
                                     description="code"
                                     name="code"
                                     ordinal="0"></FieldDefinition>
                                </FieldDefinitions>
                            </DataShape>
                            <Rows>
                                <Row>
                                    <code>
                                    <![CDATA[
                                    result = Things[me.GetKPIManager()].GetTrend({
                                    	ownerName: me.name /* THINGNAME */,
                                    	kpiName: "Effectiveness" /* STRING */
                                    });
                                    ]]>
                                    </code>
                                </Row>
                            </Rows>
                        </ConfigurationTable>
                    </ConfigurationTables>
                </ServiceImplementation>
                <ServiceImplementation
                 description=""
                 handlerName="Script"
                 name="Set_Effectiveness_CurrentValue">
                    <ConfigurationTables>
                        <ConfigurationTable
                         description=""
                         isMultiRow="false"
                         name="Script"
                         ordinal="0">
                            <DataShape>
                                <FieldDefinitions>
                                    <FieldDefinition
                                     baseType="STRING"
                                     description="code"
                                     name="code"
                                     ordinal="0"></FieldDefinition>
                                </FieldDefinitions>
                            </DataShape>
                            <Rows>
                                <Row>
                                    <code>
                                    <![CDATA[
                                    me.Effectiveness_currentValue = value;
                                    ]]>
                                    </code>
                                </Row>
                            </Rows>
                        </ConfigurationTable>
                    </ConfigurationTables>
                </ServiceImplementation>
            </ServiceImplementations>
            <Subscriptions></Subscriptions>
            <avatar></avatar>
            <DesignTimePermissions>
                <Create></Create>
                <Read></Read>
                <Update></Update>
                <Delete></Delete>
                <Metadata></Metadata>
            </DesignTimePermissions>
            <RunTimePermissions></RunTimePermissions>
            <VisibilityPermissions>
                <Visibility>
                    <Principal
                     isPermitted="true"
                     name="PTC.Factory.MachineVisibility"
                     type="Organization"></Principal>
                </Visibility>
            </VisibilityPermissions>
            <ConfigurationTableDefinitions></ConfigurationTableDefinitions>
            <ConfigurationTables></ConfigurationTables>
            <PropertyBindings></PropertyBindings>
            <RemotePropertyBindings></RemotePropertyBindings>
            <RemoteServiceBindings></RemoteServiceBindings>
            <RemoteEventBindings></RemoteEventBindings>
            <AlertConfigurations>
                <AlertDefinitions
                 name="Effectiveness_currentValue"></AlertDefinitions>
                <AlertDefinitions
                 name="Effectiveness_lastCalculatedTime"></AlertDefinitions>
                <AlertDefinitions
                 name="Effectiveness_unitOfMeasure"></AlertDefinitions>
            </AlertConfigurations>
            <InstanceRunTimePermissions></InstanceRunTimePermissions>
        </ThingShape>
    </ThingShapes>
</Entities>
