<?xml version="1.0" encoding="UTF-8"?>
<Entities
 build="b6871"
 majorVersion="0"
 minorVersion="0"
 modelPersistenceProviderPackage="PostgresPersistenceProviderPackage"
 revision="0"
 schemaVersion="1050"
 universal="password">
    <Things>
        <Thing
         aspect.isEditableExtensionObject="true"
         aspect.isExtension="true"
         description="Scheduler that triggers the CalculateKPIs and CalculateKPIElement services. {PTC.SCA.SCO.KPIScheduler}"
         documentationContent=""
         effectiveThingPackage="SchedulerThing"
         enabled="true"
         homeMashup=""
         identifier=""
         lastModifiedDate="2019-05-29T23:21:05.758-04:00"
         name="PTC.SCA.SCO.KPIScheduler"
         projectName="PTC.SCA.SCO.KPI.Scheduler"
         published="false"
         tags="PTC:sca-sco;PTC:Thing;PTC:sca-sco-kpi-scheduler"
         thingTemplate="PTC.SCA.SCO.KPISchedulerTemplate"
         valueStream="">
            <avatar></avatar>
            <DesignTimePermissions>
                <Create></Create>
                <Read></Read>
                <Update></Update>
                <Delete></Delete>
                <Metadata></Metadata>
            </DesignTimePermissions>
            <RunTimePermissions></RunTimePermissions>
            <VisibilityPermissions>
                <Visibility></Visibility>
            </VisibilityPermissions>
            <ConfigurationTableDefinitions></ConfigurationTableDefinitions>
            <ConfigurationTables>
                <ConfigurationTable
                 description=""
                 isMultiRow="false"
                 name="CalculationSettings"
                 ordinal="0">
                    <DataShape>
                        <FieldDefinitions>
                            <FieldDefinition
                             aspect.defaultValue="5"
                             aspect.friendlyName="PTC.SCA.SCO.KPIScheduler.KPICalculationRate"
                             aspect.isPrimaryKey="true"
                             baseType="INTEGER"
                             description="KPI Calculation Rate in minutes"
                             name="kpiCalculationRate"
                             ordinal="1"></FieldDefinition>
                            <FieldDefinition
                             aspect.defaultValue="5"
                             aspect.friendlyName="PTC.SCA.SCO.KPIScheduler.KPIElementsCalculationRate"
                             aspect.isPrimaryKey="false"
                             baseType="INTEGER"
                             description="KPI Elements Calculation Rate in minutes"
                             name="kpiElementsCalculationRate"
                             ordinal="2"></FieldDefinition>
                        </FieldDefinitions>
                    </DataShape>
                    <Rows></Rows>
                </ConfigurationTable>
                <ConfigurationTable
                 description="General Settings"
                 isHidden="true"
                 isMultiRow="false"
                 name="Settings"
                 ordinal="0">
                    <DataShape>
                        <FieldDefinitions>
                            <FieldDefinition
                             aspect.defaultValue="true"
                             baseType="BOOLEAN"
                             description="Automatically enable scheduler on startup"
                             name="enabled"
                             ordinal="0"></FieldDefinition>
                            <FieldDefinition
                             baseType="USERNAME"
                             description="User context in which to run event handlers"
                             name="runAsUser"
                             ordinal="0"></FieldDefinition>
                            <FieldDefinition
                             aspect.defaultValue="0 0/1 * * * ?"
                             baseType="SCHEDULE"
                             description="Execution Schedule (Cron String)"
                             name="schedule"
                             ordinal="0"></FieldDefinition>
                        </FieldDefinitions>
                    </DataShape>
                    <Rows>
                        <Row>
                            <enabled>true</enabled>
                            <runAsUser>
                            <![CDATA[
                            Administrator
                            ]]>
                            </runAsUser>
                            <schedule>
                            <![CDATA[
                            0 0/1 * * * ?
                            ]]>
                            </schedule>
                        </Row>
                    </Rows>
                </ConfigurationTable>
            </ConfigurationTables>
            <ThingShape>
                <PropertyDefinitions></PropertyDefinitions>
                <ServiceDefinitions></ServiceDefinitions>
                <EventDefinitions></EventDefinitions>
                <ServiceMappings></ServiceMappings>
                <ServiceImplementations></ServiceImplementations>
                <Subscriptions></Subscriptions>
            </ThingShape>
            <PropertyBindings></PropertyBindings>
            <RemotePropertyBindings></RemotePropertyBindings>
            <RemoteServiceBindings></RemoteServiceBindings>
            <RemoteEventBindings></RemoteEventBindings>
            <AlertConfigurations></AlertConfigurations>
            <ImplementedShapes></ImplementedShapes>
            <ThingProperties>
                <lastKPIsCalculationTime>
                    <Value>
                        <infoTable>
                            <DataShape>
                                <FieldDefinitions>
                                    <FieldDefinition
                                     aspect.isPrimaryKey="false"
                                     baseType="DATETIME"
                                     description=""
                                     name="date"
                                     ordinal="2"></FieldDefinition>
                                    <FieldDefinition
                                     aspect.isPrimaryKey="true"
                                     baseType="STRING"
                                     description=""
                                     name="key"
                                     ordinal="1"></FieldDefinition>
                                </FieldDefinitions>
                            </DataShape>
                            <Rows></Rows>
                        </infoTable>
                    </Value>
                    <Timestamp>2019-05-29T23:26:00.017-04:00</Timestamp>
                    <Quality>GOOD</Quality>
                </lastKPIsCalculationTime>
                <lastKPIElementsCalculationTime>
                    <Value>
                        <infoTable>
                            <DataShape>
                                <FieldDefinitions>
                                    <FieldDefinition
                                     aspect.isPrimaryKey="false"
                                     baseType="DATETIME"
                                     description=""
                                     name="date"
                                     ordinal="2"></FieldDefinition>
                                    <FieldDefinition
                                     aspect.isPrimaryKey="true"
                                     baseType="STRING"
                                     description=""
                                     name="key"
                                     ordinal="1"></FieldDefinition>
                                </FieldDefinitions>
                            </DataShape>
                            <Rows></Rows>
                        </infoTable>
                    </Value>
                    <Timestamp>2019-05-29T23:26:00.255-04:00</Timestamp>
                    <Quality>GOOD</Quality>
                </lastKPIElementsCalculationTime>
            </ThingProperties>
        </Thing>
    </Things>
</Entities>
