<?xml version="1.0" encoding="UTF-8"?>
<Entities
 build="b6871"
 majorVersion="0"
 minorVersion="0"
 modelPersistenceProviderPackage="PostgresPersistenceProviderPackage"
 revision="0"
 schemaVersion="1050"
 universal="password">
    <ThingShapes>
        <ThingShape
         aspect.isEditableExtensionObject="false"
         aspect.isExtension="true"
         className=""
         description="Thing Shape for the OEE KPI. {PTC.SCA.SCO.OEEThingShape}"
         documentationContent=""
         homeMashup=""
         lastModifiedDate="2019-05-30T20:47:39.531-04:00"
         name="PTC.SCA.SCO.OEEThingShape"
         projectName="PTC.SCA.SCO.KPI.Model"
         tags="PTC:sca-sco;PTC:ThingShape;PTC:sca-sco-kpi-model">
            <PropertyDefinitions>
                <PropertyDefinition
                 aspect.cacheTime="0.0"
                 aspect.dataChangeType="VALUE"
                 aspect.isLogged="false"
                 aspect.isPersistent="true"
                 baseType="NUMBER"
                 category="KPIs"
                 description="Current value for the OEE KPI."
                 isLocalOnly="false"
                 name="OEE_currentValue"
                 ordinal="3"></PropertyDefinition>
                <PropertyDefinition
                 aspect.cacheTime="0.0"
                 aspect.dataChangeType="VALUE"
                 aspect.defaultValue="1969-12-31T19:00:00.000-05:00"
                 aspect.isLogged="false"
                 aspect.isPersistent="true"
                 baseType="DATETIME"
                 category="KPIs"
                 description="Time when the OEE KPI was last calculated."
                 isLocalOnly="false"
                 name="OEE_lastCalculatedTime"
                 ordinal="4"></PropertyDefinition>
                <PropertyDefinition
                 aspect.cacheTime="0.0"
                 aspect.dataChangeType="VALUE"
                 aspect.defaultValue="%"
                 aspect.isLogged="false"
                 aspect.isPersistent="true"
                 baseType="STRING"
                 category="KPIs"
                 description="Unit of measure for the OEE KPI. The default is %."
                 isLocalOnly="false"
                 name="OEE_unitOfMeasure"
                 ordinal="4"></PropertyDefinition>
            </PropertyDefinitions>
            <ServiceDefinitions>
                <ServiceDefinition
                 aspect.isAsync="false"
                 category="KPIs"
                 description="Retrieves the current value for the OEE KPI from the property."
                 isAllowOverride="true"
                 isLocalOnly="false"
                 isOpen="false"
                 isPrivate="false"
                 name="Get_OEE_CurrentValue">
                    <ResultType
                     baseType="NUMBER"
                     description=""
                     name="result"
                     ordinal="0"></ResultType>
                    <ParameterDefinitions></ParameterDefinitions>
                </ServiceDefinition>
                <ServiceDefinition
                 aspect.isAsync="false"
                 category="KPIs"
                 description="Retrieves the threshold values for the value range into which the current value of the OEE KPI falls, including the low and high values, color assigned for the value range, and any additional properties."
                 isAllowOverride="true"
                 isLocalOnly="false"
                 isOpen="false"
                 isPrivate="false"
                 name="Get_OEE_ThresholdValues">
                    <ResultType
                     aspect.dataShape="PTC.SCA.SCO.KPIThresholdValues"
                     baseType="INFOTABLE"
                     description=""
                     name="result"
                     ordinal="0"></ResultType>
                    <ParameterDefinitions></ParameterDefinitions>
                </ServiceDefinition>
                <ServiceDefinition
                 aspect.isAsync="false"
                 category="KPIs"
                 description="Returns the OEE KPI trend by calculating the difference between the current OEE value and the previously calculated OEE value."
                 isAllowOverride="true"
                 isLocalOnly="false"
                 isOpen="false"
                 isPrivate="false"
                 name="Get_OEE_Trend">
                    <ResultType
                     baseType="NUMBER"
                     description=""
                     name="result"
                     ordinal="0"></ResultType>
                    <ParameterDefinitions></ParameterDefinitions>
                </ServiceDefinition>
                <ServiceDefinition
                 aspect.isAsync="false"
                 category="KPIs"
                 description="Calculates the OEE KPI."
                 isAllowOverride="true"
                 isLocalOnly="false"
                 isOpen="false"
                 isPrivate="false"
                 name="OEE_Calculate">
                    <ResultType
                     baseType="NUMBER"
                     description=""
                     name="result"
                     ordinal="0"></ResultType>
                    <ParameterDefinitions>
                        <FieldDefinition
                         aspect.dataShape="PTC.SCA.SCO.TimeInfo"
                         baseType="INFOTABLE"
                         description=""
                         name="TimeInfo"
                         ordinal="1"></FieldDefinition>
                    </ParameterDefinitions>
                </ServiceDefinition>
                <ServiceDefinition
                 aspect.isAsync="false"
                 category="KPIs"
                 description="Sets the current value for OEE KPI."
                 isAllowOverride="true"
                 isLocalOnly="false"
                 isOpen="false"
                 isPrivate="false"
                 name="Set_OEE_CurrentValue">
                    <ResultType
                     baseType="NOTHING"
                     description=""
                     name="result"
                     ordinal="0"></ResultType>
                    <ParameterDefinitions>
                        <FieldDefinition
                         baseType="NUMBER"
                         description=""
                         name="value"
                         ordinal="1"></FieldDefinition>
                    </ParameterDefinitions>
                </ServiceDefinition>
            </ServiceDefinitions>
            <EventDefinitions></EventDefinitions>
            <ServiceMappings></ServiceMappings>
            <ServiceImplementations>
                <ServiceImplementation
                 description=""
                 handlerName="Script"
                 name="Get_OEE_CurrentValue">
                    <ConfigurationTables>
                        <ConfigurationTable
                         description=""
                         isMultiRow="false"
                         name="Script"
                         ordinal="0">
                            <DataShape>
                                <FieldDefinitions>
                                    <FieldDefinition
                                     baseType="STRING"
                                     description="code"
                                     name="code"
                                     ordinal="0"></FieldDefinition>
                                </FieldDefinitions>
                            </DataShape>
                            <Rows>
                                <Row>
                                    <code>
                                    <![CDATA[
                                    result = me.OEE_currentValue;
                                    ]]>
                                    </code>
                                </Row>
                            </Rows>
                        </ConfigurationTable>
                    </ConfigurationTables>
                </ServiceImplementation>
                <ServiceImplementation
                 description=""
                 handlerName="Script"
                 name="Get_OEE_ThresholdValues">
                    <ConfigurationTables>
                        <ConfigurationTable
                         description=""
                         isMultiRow="false"
                         name="Script"
                         ordinal="0">
                            <DataShape>
                                <FieldDefinitions>
                                    <FieldDefinition
                                     baseType="STRING"
                                     description="code"
                                     name="code"
                                     ordinal="0"></FieldDefinition>
                                </FieldDefinitions>
                            </DataShape>
                            <Rows>
                                <Row>
                                    <code>
                                    <![CDATA[
                                    result = Things[me.GetKPIManager()].GetThresholdValues({
                                    	ownerName: me.name /* THINGNAME */,
                                    	kpiName: "OEE" /* STRING */
                                    });
                                    ]]>
                                    </code>
                                </Row>
                            </Rows>
                        </ConfigurationTable>
                    </ConfigurationTables>
                </ServiceImplementation>
                <ServiceImplementation
                 description=""
                 handlerName="Script"
                 name="Get_OEE_Trend">
                    <ConfigurationTables>
                        <ConfigurationTable
                         description=""
                         isMultiRow="false"
                         name="Script"
                         ordinal="0">
                            <DataShape>
                                <FieldDefinitions>
                                    <FieldDefinition
                                     baseType="STRING"
                                     description="code"
                                     name="code"
                                     ordinal="0"></FieldDefinition>
                                </FieldDefinitions>
                            </DataShape>
                            <Rows>
                                <Row>
                                    <code>
                                    <![CDATA[
                                    result = Things[me.GetKPIManager()].GetTrend({
                                    	ownerName: me.name /* THINGNAME */,
                                    	kpiName: "OEE" /* STRING */
                                    });
                                    ]]>
                                    </code>
                                </Row>
                            </Rows>
                        </ConfigurationTable>
                    </ConfigurationTables>
                </ServiceImplementation>
                <ServiceImplementation
                 description=""
                 handlerName="Script"
                 name="OEE_Calculate">
                    <ConfigurationTables>
                        <ConfigurationTable
                         description=""
                         isMultiRow="false"
                         name="Script"
                         ordinal="0">
                            <DataShape>
                                <FieldDefinitions>
                                    <FieldDefinition
                                     baseType="STRING"
                                     description="code"
                                     name="code"
                                     ordinal="0"></FieldDefinition>
                                </FieldDefinitions>
                            </DataShape>
                            <Rows>
                                <Row>
                                    <code>
                                    <![CDATA[
                                    logger = logger.getLoggerContext().getLogger("ScriptLog.com.thingworx.dsl.engine.DSLScript.com.ptc.sca.sco.KPICalculation.OEE");
                                    var qualityRatio = me.Get_QualityRatio_CurrentValue();
                                    var availability = me.Get_Availability_CurrentValue();
                                    var effectiveness = me.Get_Effectiveness_CurrentValue();
                                    var result = qualityRatio * availability * effectiveness;
                                    logger.debug("OEE_Calculate qualityRatio:"+qualityRatio);
                                    logger.debug("OEE_Calculate availability:"+availability);
                                    logger.debug("OEE_Calculate effectiveness:"+effectiveness);
                                    logger.debug("OEE_Calculate oee:"+result);
                                    									
                                    me.Set_OEE_CurrentValue({
                                    	value: result
                                    });
                                    
                                    me.OEE_lastCalculatedTime = Date.now();
                                    ]]>
                                    </code>
                                </Row>
                            </Rows>
                        </ConfigurationTable>
                    </ConfigurationTables>
                </ServiceImplementation>
                <ServiceImplementation
                 description=""
                 handlerName="Script"
                 name="Set_OEE_CurrentValue">
                    <ConfigurationTables>
                        <ConfigurationTable
                         description=""
                         isMultiRow="false"
                         name="Script"
                         ordinal="0">
                            <DataShape>
                                <FieldDefinitions>
                                    <FieldDefinition
                                     baseType="STRING"
                                     description="code"
                                     name="code"
                                     ordinal="0"></FieldDefinition>
                                </FieldDefinitions>
                            </DataShape>
                            <Rows>
                                <Row>
                                    <code>
                                    <![CDATA[
                                    me.OEE_currentValue = value;
                                    ]]>
                                    </code>
                                </Row>
                            </Rows>
                        </ConfigurationTable>
                    </ConfigurationTables>
                </ServiceImplementation>
            </ServiceImplementations>
            <Subscriptions></Subscriptions>
            <avatar></avatar>
            <DesignTimePermissions>
                <Create></Create>
                <Read></Read>
                <Update></Update>
                <Delete></Delete>
                <Metadata></Metadata>
            </DesignTimePermissions>
            <RunTimePermissions></RunTimePermissions>
            <VisibilityPermissions>
                <Visibility>
                    <Principal
                     isPermitted="true"
                     name="PTC.Factory.MachineVisibility"
                     type="Organization"></Principal>
                </Visibility>
            </VisibilityPermissions>
            <ConfigurationTableDefinitions></ConfigurationTableDefinitions>
            <ConfigurationTables></ConfigurationTables>
            <PropertyBindings></PropertyBindings>
            <RemotePropertyBindings></RemotePropertyBindings>
            <RemoteServiceBindings></RemoteServiceBindings>
            <RemoteEventBindings></RemoteEventBindings>
            <AlertConfigurations>
                <AlertDefinitions
                 name="OEE_currentValue"></AlertDefinitions>
                <AlertDefinitions
                 name="OEE_lastCalculatedTime"></AlertDefinitions>
                <AlertDefinitions
                 name="OEE_unitOfMeasure"></AlertDefinitions>
            </AlertConfigurations>
            <InstanceRunTimePermissions></InstanceRunTimePermissions>
        </ThingShape>
    </ThingShapes>
</Entities>
