<?xml version="1.0" encoding="UTF-8"?>
<Entities>
    <LocalizationTables>
        <LocalizationTable
         description="fr localization table"
         homeMashup=""
         name="fr"
         tags="PTC:sca-sco">
            <avatar></avatar>
            <DesignTimePermissions>
                <Create></Create>
                <Read></Read>
                <Update></Update>
                <Delete></Delete>
                <Metadata></Metadata>
            </DesignTimePermissions>
            <RunTimePermissions></RunTimePermissions>
            <VisibilityPermissions>
                <Visibility>
                    <Principal
                     isPermitted="true"
                     name="PTC.Factory.MachineVisibility"
                     type="Organization"></Principal>
                </Visibility>
            </VisibilityPermissions>
            <ConfigurationTables>
                <ConfigurationTable
                 description="Localization Tokens"
                 isMultiRow="true"
                 name="LocalizationTokens"
                 ordinal="0">
                    <DataShape>
                        <FieldDefinitions>
                            <FieldDefinition
                             aspect.friendlyName="Translation context"
                             baseType="STRING"
                             description="Translation context"
                             name="context"
                             ordinal="3"></FieldDefinition>
                            <FieldDefinition
                             aspect.friendlyName="Token name"
                             baseType="STRING"
                             description="Token name"
                             name="name"
                             ordinal="0"></FieldDefinition>
                            <FieldDefinition
                             aspect.friendlyName="Token usage"
                             baseType="STRING"
                             description="Token usage"
                             name="usage"
                             ordinal="2"></FieldDefinition>
                            <FieldDefinition
                             aspect.friendlyName="Localized value"
                             baseType="STRING"
                             description="Localized value"
                             name="value"
                             ordinal="1"></FieldDefinition>
                        </FieldDefinitions>
                    </DataShape>
                    <Rows>
                        <Row>
                            <name>
                            <![CDATA[
                            PTC.SCA.SCO.AssetRemoting.CanLaunchRemoteSession
                            ]]>
                            </name>
                            <value>
                            <![CDATA[
                            Pour accéder à cet actif à distance, cliquez sur le bouton ci-dessous.
                            ]]>
                            </value>
                        </Row>
                        <Row>
                            <name>
                            <![CDATA[
                            PTC.SCA.SCO.AssetRemoting.CannotLaunchRemoteSession
                            ]]>
                            </name>
                            <value>
                            <![CDATA[
                            Cet actif n'a pas été configuré pour l'accès à distance. Contactez votre administrateur pour plus d'informations.
                            ]]>
                            </value>
                        </Row>
                        <Row>
                            <name>
                            <![CDATA[
                            PTC.SCA.SCO.AssetRemoting.LaunchButtonLabel
                            ]]>
                            </name>
                            <value>
                            <![CDATA[
                            Lancer l'accès à distance
                            ]]>
                            </value>
                        </Row>
                        <Row>
                            <name>
                            <![CDATA[
                            PTC.SCA.SCO.AssetRemoting.FileTransfer.Unavailable
                            ]]>
                            </name>
                            <value>
                            <![CDATA[
                            Cet actif n'a pas été configuré pour le transfert de fichiers. Contactez votre administrateur pour plus d'informations.
                            ]]>
                            </value>
                        </Row>
                        <Row>
                            <name>
                            <![CDATA[
                            PTC.SCA.SCO.AssetRemoting.FileTransfer.FileTransferNotAvailableForAsset
                            ]]>
                            </name>
                            <value>
                            <![CDATA[
                            Le transfert de fichiers n'est pas disponible pour cet actif distant. Contactez votre administrateur pour plus d'informations.
                            ]]>
                            </value>
                        </Row>
                        <Row>
                            <name>
                            <![CDATA[
                            PTC.SCA.SCO.AssetRemoting.FileTransferHistory.Unavailable
                            ]]>
                            </name>
                            <value>
                            <![CDATA[
                            Cet actif n'a pas été configuré pour l'historique de transfert de fichiers. Contactez votre administrateur pour plus d'informations.
                            ]]>
                            </value>
                        </Row>
                        <Row>
                            <name>
                            <![CDATA[
                            PTC.SCA.SCO.AssetRemoting.FileTransfer.Bytes
                            ]]>
                            </name>
                            <value>
                            <![CDATA[
                            Octets
                            ]]>
                            </value>
                        </Row>
                        <Row>
                            <name>
                            <![CDATA[
                            PTC.SCA.SCO.AssetRemoting.Name
                            ]]>
                            </name>
                            <value>
                            <![CDATA[
                            Nom
                            ]]>
                            </value>
                        </Row>
                        <Row>
                            <name>
                            <![CDATA[
                            PTC.SCA.SCO.AssetRemoting.Modified Date
                            ]]>
                            </name>
                            <value>
                            <![CDATA[
                            Date de modification
                            ]]>
                            </value>
                        </Row>
                        <Row>
                            <name>
                            <![CDATA[
                            PTC.SCA.SCO.AssetRemoting.Path
                            ]]>
                            </name>
                            <value>
                            <![CDATA[
                            Chemin
                            ]]>
                            </value>
                        </Row>
                        <Row>
                            <name>
                            <![CDATA[
                            PTC.SCA.SCO.AssetRemoting.Table row actions:
                            ]]>
                            </name>
                            <value>
                            <![CDATA[
                            Actions de ligne de table :
                            ]]>
                            </value>
                        </Row>
                        <Row>
                            <name>
                            <![CDATA[
                            PTC.SCA.SCO.AssetRemoting.Directory
                            ]]>
                            </name>
                            <value>
                            <![CDATA[
                            Répertoire
                            ]]>
                            </value>
                        </Row>
                        <Row>
                            <name>
                            <![CDATA[
                            PTC.SCA.SCO.AssetRemoting.FileToTransferFromRemote
                            ]]>
                            </name>
                            <value>
                            <![CDATA[
                            Fichiers à transférer du serveur distant
                            ]]>
                            </value>
                        </Row>
                        <Row>
                            <name>
                            <![CDATA[
                            PTC.SCA.SCO.AssetRemoting.File Transfer
                            ]]>
                            </name>
                            <value>
                            <![CDATA[
                            Transfert de fichiers
                            ]]>
                            </value>
                        </Row>
                        <Row>
                            <name>
                            <![CDATA[
                            PTC.SCA.SCO.AssetRemoting.File Transfers
                            ]]>
                            </name>
                            <value>
                            <![CDATA[
                            Transferts de fichiers
                            ]]>
                            </value>
                        </Row>
                        <Row>
                            <name>
                            <![CDATA[
                            PTC.SCA.SCO.AssetRemoting.Local
                            ]]>
                            </name>
                            <value>
                            <![CDATA[
                            Local
                            ]]>
                            </value>
                        </Row>
                        <Row>
                            <name>
                            <![CDATA[
                            PTC.SCA.SCO.AssetRemoting.Refresh Now
                            ]]>
                            </name>
                            <value>
                            <![CDATA[
                            Actualiser maintenant
                            ]]>
                            </value>
                        </Row>
                        <Row>
                            <name>
                            <![CDATA[
                            PTC.SCA.SCO.AssetRemoting.Yes
                            ]]>
                            </name>
                            <value>
                            <![CDATA[
                            Oui
                            ]]>
                            </value>
                        </Row>
                        <Row>
                            <name>
                            <![CDATA[
                            PTC.SCA.SCO.AssetRemoting.No
                            ]]>
                            </name>
                            <value>
                            <![CDATA[
                            Non
                            ]]>
                            </value>
                        </Row>
                        <Row>
                            <name>
                            <![CDATA[
                            PTC.SCA.SCO.AssetRemoting.Are you sure you want to delete the selected file?
                            ]]>
                            </name>
                            <value>
                            <![CDATA[
                            Etes-vous sûr de vouloir supprimer le fichier sélectionné ?
                            ]]>
                            </value>
                        </Row>
                        <Row>
                            <name>
                            <![CDATA[
                            PTC.SCA.SCO.AssetRemoting.Delete File?
                            ]]>
                            </name>
                            <value>
                            <![CDATA[
                            Supprimer le fichier ?
                            ]]>
                            </value>
                        </Row>
                        <Row>
                            <name>
                            <![CDATA[
                            PTC.SCA.SCO.AssetRemoting.Download file
                            ]]>
                            </name>
                            <value>
                            <![CDATA[
                            Télécharger le fichier
                            ]]>
                            </value>
                        </Row>
                        <Row>
                            <name>
                            <![CDATA[
                            PTC.SCA.SCO.AssetRemoting.Do Action?
                            ]]>
                            </name>
                            <value>
                            <![CDATA[
                            Exécuter l'action ?
                            ]]>
                            </value>
                        </Row>
                        <Row>
                            <name>
                            <![CDATA[
                            PTC.SCA.SCO.AssetRemoting.Confirm Action
                            ]]>
                            </name>
                            <value>
                            <![CDATA[
                            Confirmer l'action
                            ]]>
                            </value>
                        </Row>
                        <Row>
                            <name>
                            <![CDATA[
                            PTC.SCA.SCO.AssetRemoting.Remote
                            ]]>
                            </name>
                            <value>
                            <![CDATA[
                            Distant
                            ]]>
                            </value>
                        </Row>
                        <Row>
                            <name>
                            <![CDATA[
                            PTC.SCA.SCO.AssetRemoting.Recent Transfers
                            ]]>
                            </name>
                            <value>
                            <![CDATA[
                            Transferts récents
                            ]]>
                            </value>
                        </Row>
                        <Row>
                            <name>
                            <![CDATA[
                            PTC.SCA.SCO.AssetRemoting.Message
                            ]]>
                            </name>
                            <value>
                            <![CDATA[
                            Message
                            ]]>
                            </value>
                        </Row>
                        <Row>
                            <name>
                            <![CDATA[
                            PTC.SCA.SCO.AssetRemoting.Message
                            ]]>
                            </name>
                            <value>
                            <![CDATA[
                            Message
                            ]]>
                            </value>
                        </Row>
                        <Row>
                            <name>
                            <![CDATA[
                            PTC.SCA.SCO.AssetRemoting.message
                            ]]>
                            </name>
                            <value>
                            <![CDATA[
                            message
                            ]]>
                            </value>
                        </Row>
                        <Row>
                            <name>
                            <![CDATA[
                            PTC.SCA.SCO.AssetRemoting.Timestamp
                            ]]>
                            </name>
                            <value>
                            <![CDATA[
                            Horodatage
                            ]]>
                            </value>
                        </Row>
                        <Row>
                            <name>
                            <![CDATA[
                            PTC.SCA.SCO.AssetRemoting.timestamp
                            ]]>
                            </name>
                            <value>
                            <![CDATA[
                            horodatage
                            ]]>
                            </value>
                        </Row>
                        <Row>
                            <name>
                            <![CDATA[
                            PTC.SCA.SCO.AssetRemoting.Target Repository
                            ]]>
                            </name>
                            <value>
                            <![CDATA[
                            Référentiel cible
                            ]]>
                            </value>
                        </Row>
                        <Row>
                            <name>
                            <![CDATA[
                            PTC.SCA.SCO.AssetRemoting.target Repository
                            ]]>
                            </name>
                            <value>
                            <![CDATA[
                            référentiel cible
                            ]]>
                            </value>
                        </Row>
                        <Row>
                            <name>
                            <![CDATA[
                            PTC.SCA.SCO.AssetRemoting.targetRepository
                            ]]>
                            </name>
                            <value>
                            <![CDATA[
                            targetRepository
                            ]]>
                            </value>
                        </Row>
                        <Row>
                            <name>
                            <![CDATA[
                            PTC.SCA.SCO.AssetRemoting.State
                            ]]>
                            </name>
                            <value>
                            <![CDATA[
                            Etat
                            ]]>
                            </value>
                        </Row>
                        <Row>
                            <name>
                            <![CDATA[
                            PTC.SCA.SCO.AssetRemoting.TransferInitiated
                            ]]>
                            </name>
                            <value>
                            <![CDATA[
                            Transfert initié
                            ]]>
                            </value>
                        </Row>
                        <Row>
                            <name>
                            <![CDATA[
                            PTC.SCA.SCO.AssetRemoting.TransferQueued
                            ]]>
                            </name>
                            <value>
                            <![CDATA[
                            Transfert en file d'attente
                            ]]>
                            </value>
                        </Row>
                        <Row>
                            <name>
                            <![CDATA[
                            PTC.SCA.SCO.AssetRemoting.TransferError
                            ]]>
                            </name>
                            <value>
                            <![CDATA[
                            Une erreur s'est produite durant le transfert.
                            ]]>
                            </value>
                        </Row>
                        <Row>
                            <name>
                            <![CDATA[
                            PTC.SCA.SCO.AssetRemoting.InvalidFileTransferSelectionError
                            ]]>
                            </name>
                            <value>
                            <![CDATA[
                            Sélectionnez un répertoire source, un fichier source et un répertoire cible.
                            ]]>
                            </value>
                        </Row>
                        <Row>
                            <name>
                            <![CDATA[
                            PTC.SCA.SCO.AssetRemoting.ActiveSessions
                            ]]>
                            </name>
                            <value>
                            <![CDATA[
                            Sessions actives
                            ]]>
                            </value>
                        </Row>
                        <Row>
                            <name>
                            <![CDATA[
                            PTC.SCA.SCO.AssetRemoting.RemoteServer
                            ]]>
                            </name>
                            <value>
                            <![CDATA[
                            Serveur distant
                            ]]>
                            </value>
                        </Row>
                        <Row>
                            <name>
                            <![CDATA[
                            PTC.SCA.SCO.AssetRemoting.AgentIP
                            ]]>
                            </name>
                            <value>
                            <![CDATA[
                            IP actif distant
                            ]]>
                            </value>
                        </Row>
                        <Row>
                            <name>
                            <![CDATA[
                            PTC.SCA.SCO.AssetRemoting.UserIP
                            ]]>
                            </name>
                            <value>
                            <![CDATA[
                            IP client
                            ]]>
                            </value>
                        </Row>
                        <Row>
                            <name>
                            <![CDATA[
                            PTC.SCA.SCO.AssetRemoting.SessionID
                            ]]>
                            </name>
                            <value>
                            <![CDATA[
                            ID session
                            ]]>
                            </value>
                        </Row>
                        <Row>
                            <name>
                            <![CDATA[
                            PTC.SCA.SCO.AssetRemoting.BytesTransferred
                            ]]>
                            </name>
                            <value>
                            <![CDATA[
                            Octets transférés
                            ]]>
                            </value>
                        </Row>
                        <Row>
                            <name>
                            <![CDATA[
                            PTC.SCA.SCO.AssetRemoting.StartSession
                            ]]>
                            </name>
                            <value>
                            <![CDATA[
                            Démarrer la session
                            ]]>
                            </value>
                        </Row>
                        <Row>
                            <name>
                            <![CDATA[
                            PTC.SCA.SCO.AssetRemoting.StartSession_UPCASE
                            ]]>
                            </name>
                            <value>
                            <![CDATA[
                            DEMARRER LA SESSION
                            ]]>
                            </value>
                        </Row>
                        <Row>
                            <name>
                            <![CDATA[
                            PTC.SCA.SCO.AssetRemoting.SelectARemoteEndpoint
                            ]]>
                            </name>
                            <value>
                            <![CDATA[
                            Sélectionner un point de terminaison distant
                            ]]>
                            </value>
                        </Row>
                        <Row>
                            <name>
                            <![CDATA[
                            PTC.SCA.SCO.AssetRemoting.Start
                            ]]>
                            </name>
                            <value>
                            <![CDATA[
                            Démarrer
                            ]]>
                            </value>
                        </Row>
                        <Row>
                            <name>
                            <![CDATA[
                            PTC.SCA.SCO.AssetRemoting.EndSession
                            ]]>
                            </name>
                            <value>
                            <![CDATA[
                            Terminer la session
                            ]]>
                            </value>
                        </Row>
                        <Row>
                            <name>
                            <![CDATA[
                            PTC.SCA.SCO.AssetRemoting.EndSession_UPCASE
                            ]]>
                            </name>
                            <value>
                            <![CDATA[
                            TERMINER LA SESSION
                            ]]>
                            </value>
                        </Row>
                        <Row>
                            <name>
                            <![CDATA[
                            PTC.SCA.SCO.AssetRemoting.ConfirmationEndSession
                            ]]>
                            </name>
                            <value>
                            <![CDATA[
                            Etes-vous sûr de vouloir terminer cette session ?
                            ]]>
                            </value>
                        </Row>
                        <Row>
                            <name>
                            <![CDATA[
                            PTC.SCA.SCO.AssetRemoting.LaunchingClientWait
                            ]]>
                            </name>
                            <value>
                            <![CDATA[
                            Lancement du client. Veuillez patienter...
                            ]]>
                            </value>
                        </Row>
                        <Row>
                            <name>
                            <![CDATA[
                            PTC.SCA.SCO.AssetRemoting.LaunchingClientDownloadNow
                            ]]>
                            </name>
                            <value>
                            <![CDATA[
                            Télécharger maintenant
                            ]]>
                            </value>
                        </Row>
                        <Row>
                            <name>
                            <![CDATA[
                            PTC.SCA.SCO.AssetRemoting.ClientInstallNotDetected
                            ]]>
                            </name>
                            <value>
                            <![CDATA[
                            Aucune installation client détectée. Installez le client Thingworx Remote Access.
                            ]]>
                            </value>
                        </Row>
                        <Row>
                            <name>
                            <![CDATA[
                            PTC.SCA.SCO.AssetRemoting.Retry
                            ]]>
                            </name>
                            <value>
                            <![CDATA[
                            Réessayer
                            ]]>
                            </value>
                        </Row>
                        <Row>
                            <name>
                            <![CDATA[
                            PTC.SCA.SCO.AssetRemoting.ErrorUppercase
                            ]]>
                            </name>
                            <value>
                            <![CDATA[
                            ERREUR
                            ]]>
                            </value>
                        </Row>
                    </Rows>
                </ConfigurationTable>
            </ConfigurationTables>
        </LocalizationTable>
    </LocalizationTables>
</Entities>
