<?xml version="1.0" encoding="UTF-8"?>
<Entities>
    <LocalizationTables>
        <LocalizationTable
         description="Default localization table"
         homeMashup=""
         name="Default"
         tags="PTC:sca-sco">
            <avatar></avatar>
            <DesignTimePermissions>
                <Create></Create>
                <Read></Read>
                <Update></Update>
                <Delete></Delete>
                <Metadata></Metadata>
            </DesignTimePermissions>
            <RunTimePermissions></RunTimePermissions>
            <VisibilityPermissions>
                <Visibility>
                    <Principal
                     isPermitted="true"
                     name="PTC.Factory.MachineVisibility"
                     type="Organization"></Principal>
                </Visibility>
            </VisibilityPermissions>
            <ConfigurationTables>
                <ConfigurationTable
                 description="Localization Tokens"
                 isMultiRow="true"
                 name="LocalizationTokens"
                 ordinal="0">
                    <DataShape>
                        <FieldDefinitions>
                            <FieldDefinition
                             aspect.friendlyName="Token name"
                             baseType="STRING"
                             description="Token name"
                             name="name"
                             ordinal="0"></FieldDefinition>
                            <FieldDefinition
                             aspect.friendlyName="Token value"
                             baseType="STRING"
                             description="Token value"
                             name="value"
                             ordinal="1"></FieldDefinition>
                        </FieldDefinitions>
                    </DataShape>
                    <Rows>
                        <Row>
                            <name>
                            <![CDATA[
                            PTC.SCA.SCO.AssetRemoting.CanLaunchRemoteSession
                            ]]>
                            </name>
                            <value>
                            <![CDATA[
                            To access this asset remotely, click the following button.
                            ]]>
                            </value>
                        </Row>
                        <Row>
                            <name>
                            <![CDATA[
                            PTC.SCA.SCO.AssetRemoting.CannotLaunchRemoteSession
                            ]]>
                            </name>
                            <value>
                            <![CDATA[
                            This asset is not configured for remote access. See your administrator for more information.
                            ]]>
                            </value>
                        </Row>
                        <Row>
                            <name>
                            <![CDATA[
                            PTC.SCA.SCO.AssetRemoting.LaunchButtonLabel
                            ]]>
                            </name>
                            <value>
                            <![CDATA[
                            Launch Remote Access
                            ]]>
                            </value>
                        </Row>
                        <Row>
                            <name>
                            <![CDATA[
                            PTC.SCA.SCO.AssetRemoting.FileTransfer.Unavailable
                            ]]>
                            </name>
                            <value>
                            <![CDATA[
                            This asset is not configured for file transfer. See your administrator for more information.
                            ]]>
                            </value>
                        </Row>
                        <Row>
                            <name>
                            <![CDATA[
                            PTC.SCA.SCO.AssetRemoting.FileTransfer.FileTransferNotAvailableForAsset
                            ]]>
                            </name>
                            <value>
                            <![CDATA[
                            File transfer is not available for this remote asset. Contact your administrator for further assistance
                            ]]>
                            </value>
                        </Row>
                        <Row>
                            <name>
                            <![CDATA[
                            PTC.SCA.SCO.AssetRemoting.FileTransferHistory.Unavailable
                            ]]>
                            </name>
                            <value>
                            <![CDATA[
                            This asset is not configured for file transfer history. See your administrator for more information.
                            ]]>
                            </value>
                        </Row>
                        <Row>
                            <name>
                            <![CDATA[
                            PTC.SCA.SCO.AssetRemoting.FileTransfer.Bytes
                            ]]>
                            </name>
                            <value>
                            <![CDATA[
                            Bytes
                            ]]>
                            </value>
                        </Row>
                        <Row>
                            <name>
                            <![CDATA[
                            PTC.SCA.SCO.AssetRemoting.Name
                            ]]>
                            </name>
                            <value>
                            <![CDATA[
                            Name
                            ]]>
                            </value>
                        </Row>
                        <Row>
                            <name>
                            <![CDATA[
                            PTC.SCA.SCO.AssetRemoting.Modified Date
                            ]]>
                            </name>
                            <value>
                            <![CDATA[
                            Modified Date
                            ]]>
                            </value>
                        </Row>
                        <Row>
                            <name>
                            <![CDATA[
                            PTC.SCA.SCO.AssetRemoting.Path
                            ]]>
                            </name>
                            <value>
                            <![CDATA[
                            Path
                            ]]>
                            </value>
                        </Row>
                        <Row>
                            <name>
                            <![CDATA[
                            PTC.SCA.SCO.AssetRemoting.Table row actions:
                            ]]>
                            </name>
                            <value>
                            <![CDATA[
                            Table row actions:
                            ]]>
                            </value>
                        </Row>
                        <Row>
                            <name>
                            <![CDATA[
                            PTC.SCA.SCO.AssetRemoting.Directory
                            ]]>
                            </name>
                            <value>
                            <![CDATA[
                            Directory
                            ]]>
                            </value>
                        </Row>
                        <Row>
                            <name>
                            <![CDATA[
                            PTC.SCA.SCO.AssetRemoting.FileToTransferFromRemote
                            ]]>
                            </name>
                            <value>
                            <![CDATA[
                            File To Transfer From Remote
                            ]]>
                            </value>
                        </Row>
                        <Row>
                            <name>
                            <![CDATA[
                            PTC.SCA.SCO.AssetRemoting.File Transfer
                            ]]>
                            </name>
                            <value>
                            <![CDATA[
                            File Transfer
                            ]]>
                            </value>
                        </Row>
                        <Row>
                            <name>
                            <![CDATA[
                            PTC.SCA.SCO.AssetRemoting.File Transfers
                            ]]>
                            </name>
                            <value>
                            <![CDATA[
                            File Transfers
                            ]]>
                            </value>
                        </Row>
                        <Row>
                            <name>
                            <![CDATA[
                            PTC.SCA.SCO.AssetRemoting.Local
                            ]]>
                            </name>
                            <value>
                            <![CDATA[
                            Local
                            ]]>
                            </value>
                        </Row>
                        <Row>
                            <name>
                            <![CDATA[
                            PTC.SCA.SCO.AssetRemoting.Refresh Now
                            ]]>
                            </name>
                            <value>
                            <![CDATA[
                            Refresh Now
                            ]]>
                            </value>
                        </Row>
                        <Row>
                            <name>
                            <![CDATA[
                            PTC.SCA.SCO.AssetRemoting.Yes
                            ]]>
                            </name>
                            <value>
                            <![CDATA[
                            Yes
                            ]]>
                            </value>
                        </Row>
                        <Row>
                            <name>
                            <![CDATA[
                            PTC.SCA.SCO.AssetRemoting.No
                            ]]>
                            </name>
                            <value>
                            <![CDATA[
                            No
                            ]]>
                            </value>
                        </Row>
                        <Row>
                            <name>
                            <![CDATA[
                            PTC.SCA.SCO.AssetRemoting.Are you sure you want to delete the selected file?
                            ]]>
                            </name>
                            <value>
                            <![CDATA[
                            Are you sure you want to delete the selected file?
                            ]]>
                            </value>
                        </Row>
                        <Row>
                            <name>
                            <![CDATA[
                            PTC.SCA.SCO.AssetRemoting.Delete File?
                            ]]>
                            </name>
                            <value>
                            <![CDATA[
                            Delete File?
                            ]]>
                            </value>
                        </Row>
                        <Row>
                            <name>
                            <![CDATA[
                            PTC.SCA.SCO.AssetRemoting.Download file
                            ]]>
                            </name>
                            <value>
                            <![CDATA[
                            Download file
                            ]]>
                            </value>
                        </Row>
                        <Row>
                            <name>
                            <![CDATA[
                            PTC.SCA.SCO.AssetRemoting.Do Action?
                            ]]>
                            </name>
                            <value>
                            <![CDATA[
                            Do Action?
                            ]]>
                            </value>
                        </Row>
                        <Row>
                            <name>
                            <![CDATA[
                            PTC.SCA.SCO.AssetRemoting.Confirm Action
                            ]]>
                            </name>
                            <value>
                            <![CDATA[
                            Confirm Action
                            ]]>
                            </value>
                        </Row>
                        <Row>
                            <name>
                            <![CDATA[
                            PTC.SCA.SCO.AssetRemoting.Remote
                            ]]>
                            </name>
                            <value>
                            <![CDATA[
                            Remote
                            ]]>
                            </value>
                        </Row>
                        <Row>
                            <name>
                            <![CDATA[
                            PTC.SCA.SCO.AssetRemoting.Recent Transfers
                            ]]>
                            </name>
                            <value>
                            <![CDATA[
                            Recent Transfers
                            ]]>
                            </value>
                        </Row>
                        <Row>
                            <name>
                            <![CDATA[
                            PTC.SCA.SCO.AssetRemoting.Message
                            ]]>
                            </name>
                            <value>
                            <![CDATA[
                            Message
                            ]]>
                            </value>
                        </Row>
                        <Row>
                            <name>
                            <![CDATA[
                            PTC.SCA.SCO.AssetRemoting.Message
                            ]]>
                            </name>
                            <value>
                            <![CDATA[
                            Message
                            ]]>
                            </value>
                        </Row>
                        <Row>
                            <name>
                            <![CDATA[
                            PTC.SCA.SCO.AssetRemoting.message
                            ]]>
                            </name>
                            <value>
                            <![CDATA[
                            message
                            ]]>
                            </value>
                        </Row>
                        <Row>
                            <name>
                            <![CDATA[
                            PTC.SCA.SCO.AssetRemoting.Timestamp
                            ]]>
                            </name>
                            <value>
                            <![CDATA[
                            Timestamp
                            ]]>
                            </value>
                        </Row>
                        <Row>
                            <name>
                            <![CDATA[
                            PTC.SCA.SCO.AssetRemoting.timestamp
                            ]]>
                            </name>
                            <value>
                            <![CDATA[
                            timestamp
                            ]]>
                            </value>
                        </Row>
                        <Row>
                            <name>
                            <![CDATA[
                            PTC.SCA.SCO.AssetRemoting.Target Repository
                            ]]>
                            </name>
                            <value>
                            <![CDATA[
                            Target Repository
                            ]]>
                            </value>
                        </Row>
                        <Row>
                            <name>
                            <![CDATA[
                            PTC.SCA.SCO.AssetRemoting.target Repository
                            ]]>
                            </name>
                            <value>
                            <![CDATA[
                            target Repository
                            ]]>
                            </value>
                        </Row>
                        <Row>
                            <name>
                            <![CDATA[
                            PTC.SCA.SCO.AssetRemoting.targetRepository
                            ]]>
                            </name>
                            <value>
                            <![CDATA[
                            targetRepository
                            ]]>
                            </value>
                        </Row>
                        <Row>
                            <name>
                            <![CDATA[
                            PTC.SCA.SCO.AssetRemoting.State
                            ]]>
                            </name>
                            <value>
                            <![CDATA[
                            State
                            ]]>
                            </value>
                        </Row>
                        <Row>
                            <name>
                            <![CDATA[
                            PTC.SCA.SCO.AssetRemoting.TransferInitiated
                            ]]>
                            </name>
                            <value>
                            <![CDATA[
                            Transfer Initiated
                            ]]>
                            </value>
                        </Row>
                        <Row>
                            <name>
                            <![CDATA[
                            PTC.SCA.SCO.AssetRemoting.TransferQueued
                            ]]>
                            </name>
                            <value>
                            <![CDATA[
                            Transfer Queued
                            ]]>
                            </value>
                        </Row>
                        <Row>
                            <name>
                            <![CDATA[
                            PTC.SCA.SCO.AssetRemoting.TransferError
                            ]]>
                            </name>
                            <value>
                            <![CDATA[
                            An error occurred during transfer
                            ]]>
                            </value>
                        </Row>
                        <Row>
                            <name>
                            <![CDATA[
                            PTC.SCA.SCO.AssetRemoting.InvalidFileTransferSelectionError
                            ]]>
                            </name>
                            <value>
                            <![CDATA[
                            Please select a source directory, a source file and a target directory.
                            ]]>
                            </value>
                        </Row>
                        <Row>
                            <name>
                            <![CDATA[
                            PTC.SCA.SCO.AssetRemoting.ActiveSessions
                            ]]>
                            </name>
                            <value>
                            <![CDATA[
                            Active Sessions
                            ]]>
                            </value>
                        </Row>
                        <Row>
                            <name>
                            <![CDATA[
                            PTC.SCA.SCO.AssetRemoting.RemoteServer
                            ]]>
                            </name>
                            <value>
                            <![CDATA[
                            Remote Server
                            ]]>
                            </value>
                        </Row>
                        <Row>
                            <name>
                            <![CDATA[
                            PTC.SCA.SCO.AssetRemoting.AgentIP
                            ]]>
                            </name>
                            <value>
                            <![CDATA[
                            Remote Asset IP
                            ]]>
                            </value>
                        </Row>
                        <Row>
                            <name>
                            <![CDATA[
                            PTC.SCA.SCO.AssetRemoting.UserIP
                            ]]>
                            </name>
                            <value>
                            <![CDATA[
                            Client IP
                            ]]>
                            </value>
                        </Row>
                        <Row>
                            <name>
                            <![CDATA[
                            PTC.SCA.SCO.AssetRemoting.SessionID
                            ]]>
                            </name>
                            <value>
                            <![CDATA[
                            Session ID
                            ]]>
                            </value>
                        </Row>
                        <Row>
                            <name>
                            <![CDATA[
                            PTC.SCA.SCO.AssetRemoting.BytesTransferred
                            ]]>
                            </name>
                            <value>
                            <![CDATA[
                            Bytes Transferred
                            ]]>
                            </value>
                        </Row>
                        <Row>
                            <name>
                            <![CDATA[
                            PTC.SCA.SCO.AssetRemoting.StartSession
                            ]]>
                            </name>
                            <value>
                            <![CDATA[
                            Start Session
                            ]]>
                            </value>
                        </Row>
                        <Row>
                            <name>
                            <![CDATA[
                            PTC.SCA.SCO.AssetRemoting.StartSession_UPCASE
                            ]]>
                            </name>
                            <value>
                            <![CDATA[
                            START SESSION
                            ]]>
                            </value>
                        </Row>
                        <Row>
                            <name>
                            <![CDATA[
                            PTC.SCA.SCO.AssetRemoting.SelectARemoteEndpoint
                            ]]>
                            </name>
                            <value>
                            <![CDATA[
                            Select a remote endpoint
                            ]]>
                            </value>
                        </Row>
                        <Row>
                            <name>
                            <![CDATA[
                            PTC.SCA.SCO.AssetRemoting.Start
                            ]]>
                            </name>
                            <value>
                            <![CDATA[
                            Start
                            ]]>
                            </value>
                        </Row>
                        <Row>
                            <name>
                            <![CDATA[
                            PTC.SCA.SCO.AssetRemoting.EndSession
                            ]]>
                            </name>
                            <value>
                            <![CDATA[
                            End Session
                            ]]>
                            </value>
                        </Row>
                        <Row>
                            <name>
                            <![CDATA[
                            PTC.SCA.SCO.AssetRemoting.EndSession_UPCASE
                            ]]>
                            </name>
                            <value>
                            <![CDATA[
                            END SESSION
                            ]]>
                            </value>
                        </Row>
                        <Row>
                            <name>
                            <![CDATA[
                            PTC.SCA.SCO.AssetRemoting.ConfirmationEndSession
                            ]]>
                            </name>
                            <value>
                            <![CDATA[
                            Are you sure you want to end this session?
                            ]]>
                            </value>
                        </Row>
                        <Row>
                            <name>
                            <![CDATA[
                            PTC.SCA.SCO.AssetRemoting.LaunchingClientWait
                            ]]>
                            </name>
                            <value>
                            <![CDATA[
                            Launching client, please wait...
                            ]]>
                            </value>
                        </Row>
                        <Row>
                            <name>
                            <![CDATA[
                            PTC.SCA.SCO.AssetRemoting.LaunchingClientDownloadNow
                            ]]>
                            </name>
                            <value>
                            <![CDATA[
                            Download Now
                            ]]>
                            </value>
                        </Row>
                        <Row>
                            <name>
                            <![CDATA[
                            PTC.SCA.SCO.AssetRemoting.ClientInstallNotDetected
                            ]]>
                            </name>
                            <value>
                            <![CDATA[
                            Client install not detected. Please install the Thingworx Remote Access Client.
                            ]]>
                            </value>
                        </Row>
                        <Row>
                            <name>
                            <![CDATA[
                            PTC.SCA.SCO.AssetRemoting.Retry
                            ]]>
                            </name>
                            <value>
                            <![CDATA[
                            Retry
                            ]]>
                            </value>
                        </Row>
                        <Row>
                            <name>
                            <![CDATA[
                            PTC.SCA.SCO.AssetRemoting.ErrorUppercase
                            ]]>
                            </name>
                            <value>
                            <![CDATA[
                            ERROR
                            ]]>
                            </value>
                        </Row>
                    </Rows>
                </ConfigurationTable>
            </ConfigurationTables>
        </LocalizationTable>
    </LocalizationTables>
</Entities>
