<?xml version="1.0" encoding="UTF-8"?>
<Entities>
    <LocalizationTables>
        <LocalizationTable
         description="zh-TW localization table"
         homeMashup=""
         name="zh-TW"
         tags="PTC:sca-sco">
            <avatar></avatar>
            <DesignTimePermissions>
                <Create></Create>
                <Read></Read>
                <Update></Update>
                <Delete></Delete>
                <Metadata></Metadata>
            </DesignTimePermissions>
            <RunTimePermissions></RunTimePermissions>
            <VisibilityPermissions>
                <Visibility>
                    <Principal
                     isPermitted="true"
                     name="PTC.Factory.MachineVisibility"
                     type="Organization"></Principal>
                </Visibility>
            </VisibilityPermissions>
            <ConfigurationTables>
                <ConfigurationTable
                 description="Localization Tokens"
                 isMultiRow="true"
                 name="LocalizationTokens"
                 ordinal="0">
                    <DataShape>
                        <FieldDefinitions>
                            <FieldDefinition
                             aspect.friendlyName="Translation context"
                             baseType="STRING"
                             description="Translation context"
                             name="context"
                             ordinal="3"></FieldDefinition>
                            <FieldDefinition
                             aspect.friendlyName="Token name"
                             baseType="STRING"
                             description="Token name"
                             name="name"
                             ordinal="0"></FieldDefinition>
                            <FieldDefinition
                             aspect.friendlyName="Token usage"
                             baseType="STRING"
                             description="Token usage"
                             name="usage"
                             ordinal="2"></FieldDefinition>
                            <FieldDefinition
                             aspect.friendlyName="Localized value"
                             baseType="STRING"
                             description="Localized value"
                             name="value"
                             ordinal="1"></FieldDefinition>
                        </FieldDefinitions>
                    </DataShape>
                    <Rows>
                        <Row>
                            <name>
                            <![CDATA[
                            PTC.SCA.SCO.AssetRemoting.CanLaunchRemoteSession
                            ]]>
                            </name>
                            <value>
                            <![CDATA[
                            若要遠端存取此資產，請點擊下列按鈕。
                            ]]>
                            </value>
                        </Row>
                        <Row>
                            <name>
                            <![CDATA[
                            PTC.SCA.SCO.AssetRemoting.CannotLaunchRemoteSession
                            ]]>
                            </name>
                            <value>
                            <![CDATA[
                            此資產尚未設定遠端存取。請諮詢您的管理員以獲得更多資訊。
                            ]]>
                            </value>
                        </Row>
                        <Row>
                            <name>
                            <![CDATA[
                            PTC.SCA.SCO.AssetRemoting.LaunchButtonLabel
                            ]]>
                            </name>
                            <value>
                            <![CDATA[
                            啟動遠端存取
                            ]]>
                            </value>
                        </Row>
                        <Row>
                            <name>
                            <![CDATA[
                            PTC.SCA.SCO.AssetRemoting.FileTransfer.Unavailable
                            ]]>
                            </name>
                            <value>
                            <![CDATA[
                            此資產尚未設定檔案傳輸。請諮詢您的管理員以獲得更多資訊。
                            ]]>
                            </value>
                        </Row>
                        <Row>
                            <name>
                            <![CDATA[
                            PTC.SCA.SCO.AssetRemoting.FileTransfer.FileTransferNotAvailableForAsset
                            ]]>
                            </name>
                            <value>
                            <![CDATA[
                            此遠端資產尚不可使用檔案傳輸。請諮詢您的管理員以獲得進一步協助
                            ]]>
                            </value>
                        </Row>
                        <Row>
                            <name>
                            <![CDATA[
                            PTC.SCA.SCO.AssetRemoting.FileTransferHistory.Unavailable
                            ]]>
                            </name>
                            <value>
                            <![CDATA[
                            此資產尚未設定檔案傳輸歷史記錄。請諮詢您的管理員以獲得更多資訊。
                            ]]>
                            </value>
                        </Row>
                        <Row>
                            <name>
                            <![CDATA[
                            PTC.SCA.SCO.AssetRemoting.FileTransfer.Bytes
                            ]]>
                            </name>
                            <value>
                            <![CDATA[
                            位元組
                            ]]>
                            </value>
                        </Row>
                        <Row>
                            <name>
                            <![CDATA[
                            PTC.SCA.SCO.AssetRemoting.Name
                            ]]>
                            </name>
                            <value>
                            <![CDATA[
                            名稱
                            ]]>
                            </value>
                        </Row>
                        <Row>
                            <name>
                            <![CDATA[
                            PTC.SCA.SCO.AssetRemoting.Modified Date
                            ]]>
                            </name>
                            <value>
                            <![CDATA[
                            已修改日期
                            ]]>
                            </value>
                        </Row>
                        <Row>
                            <name>
                            <![CDATA[
                            PTC.SCA.SCO.AssetRemoting.Path
                            ]]>
                            </name>
                            <value>
                            <![CDATA[
                            路徑
                            ]]>
                            </value>
                        </Row>
                        <Row>
                            <name>
                            <![CDATA[
                            PTC.SCA.SCO.AssetRemoting.Table row actions:
                            ]]>
                            </name>
                            <value>
                            <![CDATA[
                            表格列動作：
                            ]]>
                            </value>
                        </Row>
                        <Row>
                            <name>
                            <![CDATA[
                            PTC.SCA.SCO.AssetRemoting.Directory
                            ]]>
                            </name>
                            <value>
                            <![CDATA[
                            目錄
                            ]]>
                            </value>
                        </Row>
                        <Row>
                            <name>
                            <![CDATA[
                            PTC.SCA.SCO.AssetRemoting.FileToTransferFromRemote
                            ]]>
                            </name>
                            <value>
                            <![CDATA[
                            要從遠端傳輸的檔案
                            ]]>
                            </value>
                        </Row>
                        <Row>
                            <name>
                            <![CDATA[
                            PTC.SCA.SCO.AssetRemoting.File Transfer
                            ]]>
                            </name>
                            <value>
                            <![CDATA[
                            檔案傳輸
                            ]]>
                            </value>
                        </Row>
                        <Row>
                            <name>
                            <![CDATA[
                            PTC.SCA.SCO.AssetRemoting.File Transfers
                            ]]>
                            </name>
                            <value>
                            <![CDATA[
                            檔案傳輸
                            ]]>
                            </value>
                        </Row>
                        <Row>
                            <name>
                            <![CDATA[
                            PTC.SCA.SCO.AssetRemoting.Local
                            ]]>
                            </name>
                            <value>
                            <![CDATA[
                            本端
                            ]]>
                            </value>
                        </Row>
                        <Row>
                            <name>
                            <![CDATA[
                            PTC.SCA.SCO.AssetRemoting.Refresh Now
                            ]]>
                            </name>
                            <value>
                            <![CDATA[
                            立刻重新整理
                            ]]>
                            </value>
                        </Row>
                        <Row>
                            <name>
                            <![CDATA[
                            PTC.SCA.SCO.AssetRemoting.Yes
                            ]]>
                            </name>
                            <value>
                            <![CDATA[
                            是
                            ]]>
                            </value>
                        </Row>
                        <Row>
                            <name>
                            <![CDATA[
                            PTC.SCA.SCO.AssetRemoting.No
                            ]]>
                            </name>
                            <value>
                            <![CDATA[
                            否
                            ]]>
                            </value>
                        </Row>
                        <Row>
                            <name>
                            <![CDATA[
                            PTC.SCA.SCO.AssetRemoting.Are you sure you want to delete the selected file?
                            ]]>
                            </name>
                            <value>
                            <![CDATA[
                            您確定要刪除所選的檔案嗎？
                            ]]>
                            </value>
                        </Row>
                        <Row>
                            <name>
                            <![CDATA[
                            PTC.SCA.SCO.AssetRemoting.Delete File?
                            ]]>
                            </name>
                            <value>
                            <![CDATA[
                            刪除檔案？
                            ]]>
                            </value>
                        </Row>
                        <Row>
                            <name>
                            <![CDATA[
                            PTC.SCA.SCO.AssetRemoting.Download file
                            ]]>
                            </name>
                            <value>
                            <![CDATA[
                            下載檔案
                            ]]>
                            </value>
                        </Row>
                        <Row>
                            <name>
                            <![CDATA[
                            PTC.SCA.SCO.AssetRemoting.Do Action?
                            ]]>
                            </name>
                            <value>
                            <![CDATA[
                            執行動作嗎？
                            ]]>
                            </value>
                        </Row>
                        <Row>
                            <name>
                            <![CDATA[
                            PTC.SCA.SCO.AssetRemoting.Confirm Action
                            ]]>
                            </name>
                            <value>
                            <![CDATA[
                            確認動作
                            ]]>
                            </value>
                        </Row>
                        <Row>
                            <name>
                            <![CDATA[
                            PTC.SCA.SCO.AssetRemoting.Remote
                            ]]>
                            </name>
                            <value>
                            <![CDATA[
                            遠端
                            ]]>
                            </value>
                        </Row>
                        <Row>
                            <name>
                            <![CDATA[
                            PTC.SCA.SCO.AssetRemoting.Recent Transfers
                            ]]>
                            </name>
                            <value>
                            <![CDATA[
                            最近傳輸
                            ]]>
                            </value>
                        </Row>
                        <Row>
                            <name>
                            <![CDATA[
                            PTC.SCA.SCO.AssetRemoting.Message
                            ]]>
                            </name>
                            <value>
                            <![CDATA[
                            訊息
                            ]]>
                            </value>
                        </Row>
                        <Row>
                            <name>
                            <![CDATA[
                            PTC.SCA.SCO.AssetRemoting.Message
                            ]]>
                            </name>
                            <value>
                            <![CDATA[
                            訊息
                            ]]>
                            </value>
                        </Row>
                        <Row>
                            <name>
                            <![CDATA[
                            PTC.SCA.SCO.AssetRemoting.message
                            ]]>
                            </name>
                            <value>
                            <![CDATA[
                            訊息
                            ]]>
                            </value>
                        </Row>
                        <Row>
                            <name>
                            <![CDATA[
                            PTC.SCA.SCO.AssetRemoting.Timestamp
                            ]]>
                            </name>
                            <value>
                            <![CDATA[
                            時間戳記
                            ]]>
                            </value>
                        </Row>
                        <Row>
                            <name>
                            <![CDATA[
                            PTC.SCA.SCO.AssetRemoting.timestamp
                            ]]>
                            </name>
                            <value>
                            <![CDATA[
                            時間戳記
                            ]]>
                            </value>
                        </Row>
                        <Row>
                            <name>
                            <![CDATA[
                            PTC.SCA.SCO.AssetRemoting.Target Repository
                            ]]>
                            </name>
                            <value>
                            <![CDATA[
                            目標存放庫
                            ]]>
                            </value>
                        </Row>
                        <Row>
                            <name>
                            <![CDATA[
                            PTC.SCA.SCO.AssetRemoting.target Repository
                            ]]>
                            </name>
                            <value>
                            <![CDATA[
                            目標儲藏庫
                            ]]>
                            </value>
                        </Row>
                        <Row>
                            <name>
                            <![CDATA[
                            PTC.SCA.SCO.AssetRemoting.targetRepository
                            ]]>
                            </name>
                            <value>
                            <![CDATA[
                            targetRepository
                            ]]>
                            </value>
                        </Row>
                        <Row>
                            <name>
                            <![CDATA[
                            PTC.SCA.SCO.AssetRemoting.State
                            ]]>
                            </name>
                            <value>
                            <![CDATA[
                            狀態
                            ]]>
                            </value>
                        </Row>
                        <Row>
                            <name>
                            <![CDATA[
                            PTC.SCA.SCO.AssetRemoting.TransferInitiated
                            ]]>
                            </name>
                            <value>
                            <![CDATA[
                            傳輸已啟動
                            ]]>
                            </value>
                        </Row>
                        <Row>
                            <name>
                            <![CDATA[
                            PTC.SCA.SCO.AssetRemoting.TransferQueued
                            ]]>
                            </name>
                            <value>
                            <![CDATA[
                            傳輸已佇列
                            ]]>
                            </value>
                        </Row>
                        <Row>
                            <name>
                            <![CDATA[
                            PTC.SCA.SCO.AssetRemoting.TransferError
                            ]]>
                            </name>
                            <value>
                            <![CDATA[
                            傳輸期間發生錯誤
                            ]]>
                            </value>
                        </Row>
                        <Row>
                            <name>
                            <![CDATA[
                            PTC.SCA.SCO.AssetRemoting.InvalidFileTransferSelectionError
                            ]]>
                            </name>
                            <value>
                            <![CDATA[
                            請選擇來源目錄、來源檔案以及目標目錄各一。
                            ]]>
                            </value>
                        </Row>
                        <Row>
                            <name>
                            <![CDATA[
                            PTC.SCA.SCO.AssetRemoting.ActiveSessions
                            ]]>
                            </name>
                            <value>
                            <![CDATA[
                            作用中的工作階段
                            ]]>
                            </value>
                        </Row>
                        <Row>
                            <name>
                            <![CDATA[
                            PTC.SCA.SCO.AssetRemoting.RemoteServer
                            ]]>
                            </name>
                            <value>
                            <![CDATA[
                            遠端伺服器
                            ]]>
                            </value>
                        </Row>
                        <Row>
                            <name>
                            <![CDATA[
                            PTC.SCA.SCO.AssetRemoting.AgentIP
                            ]]>
                            </name>
                            <value>
                            <![CDATA[
                            遠端資產 IP
                            ]]>
                            </value>
                        </Row>
                        <Row>
                            <name>
                            <![CDATA[
                            PTC.SCA.SCO.AssetRemoting.UserIP
                            ]]>
                            </name>
                            <value>
                            <![CDATA[
                            用戶端 IP
                            ]]>
                            </value>
                        </Row>
                        <Row>
                            <name>
                            <![CDATA[
                            PTC.SCA.SCO.AssetRemoting.SessionID
                            ]]>
                            </name>
                            <value>
                            <![CDATA[
                            工作階段 ID
                            ]]>
                            </value>
                        </Row>
                        <Row>
                            <name>
                            <![CDATA[
                            PTC.SCA.SCO.AssetRemoting.BytesTransferred
                            ]]>
                            </name>
                            <value>
                            <![CDATA[
                            已傳輸位元組
                            ]]>
                            </value>
                        </Row>
                        <Row>
                            <name>
                            <![CDATA[
                            PTC.SCA.SCO.AssetRemoting.StartSession
                            ]]>
                            </name>
                            <value>
                            <![CDATA[
                            開始工作階段
                            ]]>
                            </value>
                        </Row>
                        <Row>
                            <name>
                            <![CDATA[
                            PTC.SCA.SCO.AssetRemoting.StartSession_UPCASE
                            ]]>
                            </name>
                            <value>
                            <![CDATA[
                            開始工作階段
                            ]]>
                            </value>
                        </Row>
                        <Row>
                            <name>
                            <![CDATA[
                            PTC.SCA.SCO.AssetRemoting.SelectARemoteEndpoint
                            ]]>
                            </name>
                            <value>
                            <![CDATA[
                            選擇遠端端點
                            ]]>
                            </value>
                        </Row>
                        <Row>
                            <name>
                            <![CDATA[
                            PTC.SCA.SCO.AssetRemoting.Start
                            ]]>
                            </name>
                            <value>
                            <![CDATA[
                            開始
                            ]]>
                            </value>
                        </Row>
                        <Row>
                            <name>
                            <![CDATA[
                            PTC.SCA.SCO.AssetRemoting.EndSession
                            ]]>
                            </name>
                            <value>
                            <![CDATA[
                            結束工作階段
                            ]]>
                            </value>
                        </Row>
                        <Row>
                            <name>
                            <![CDATA[
                            PTC.SCA.SCO.AssetRemoting.EndSession_UPCASE
                            ]]>
                            </name>
                            <value>
                            <![CDATA[
                            結束工作階段
                            ]]>
                            </value>
                        </Row>
                        <Row>
                            <name>
                            <![CDATA[
                            PTC.SCA.SCO.AssetRemoting.ConfirmationEndSession
                            ]]>
                            </name>
                            <value>
                            <![CDATA[
                            確認要結束此工作階段嗎？
                            ]]>
                            </value>
                        </Row>
                        <Row>
                            <name>
                            <![CDATA[
                            PTC.SCA.SCO.AssetRemoting.LaunchingClientWait
                            ]]>
                            </name>
                            <value>
                            <![CDATA[
                            正在啟動用戶端，請稍待...
                            ]]>
                            </value>
                        </Row>
                        <Row>
                            <name>
                            <![CDATA[
                            PTC.SCA.SCO.AssetRemoting.LaunchingClientDownloadNow
                            ]]>
                            </name>
                            <value>
                            <![CDATA[
                            立即下載
                            ]]>
                            </value>
                        </Row>
                        <Row>
                            <name>
                            <![CDATA[
                            PTC.SCA.SCO.AssetRemoting.ClientInstallNotDetected
                            ]]>
                            </name>
                            <value>
                            <![CDATA[
                            未偵測到用戶端安裝。請安裝 Thingworx Remote Access Client。
                            ]]>
                            </value>
                        </Row>
                        <Row>
                            <name>
                            <![CDATA[
                            PTC.SCA.SCO.AssetRemoting.Retry
                            ]]>
                            </name>
                            <value>
                            <![CDATA[
                            重試
                            ]]>
                            </value>
                        </Row>
                        <Row>
                            <name>
                            <![CDATA[
                            PTC.SCA.SCO.AssetRemoting.ErrorUppercase
                            ]]>
                            </name>
                            <value>
                            <![CDATA[
                            錯誤
                            ]]>
                            </value>
                        </Row>
                    </Rows>
                </ConfigurationTable>
            </ConfigurationTables>
        </LocalizationTable>
    </LocalizationTables>
</Entities>
