<?xml version="1.0" encoding="UTF-8"?>
<Entities>
    <LocalizationTables>
        <LocalizationTable
         description="ru localization table"
         homeMashup=""
         name="ru"
         tags="PTC:sca-sco">
            <avatar></avatar>
            <DesignTimePermissions>
                <Create></Create>
                <Read></Read>
                <Update></Update>
                <Delete></Delete>
                <Metadata></Metadata>
            </DesignTimePermissions>
            <RunTimePermissions></RunTimePermissions>
            <VisibilityPermissions>
                <Visibility>
                    <Principal
                     isPermitted="true"
                     name="PTC.Factory.MachineVisibility"
                     type="Organization"></Principal>
                </Visibility>
            </VisibilityPermissions>
            <ConfigurationTables>
                <ConfigurationTable
                 description="Localization Tokens"
                 isMultiRow="true"
                 name="LocalizationTokens"
                 ordinal="0">
                    <DataShape>
                        <FieldDefinitions>
                            <FieldDefinition
                             aspect.friendlyName="Translation context"
                             baseType="STRING"
                             description="Translation context"
                             name="context"
                             ordinal="3"></FieldDefinition>
                            <FieldDefinition
                             aspect.friendlyName="Token name"
                             baseType="STRING"
                             description="Token name"
                             name="name"
                             ordinal="0"></FieldDefinition>
                            <FieldDefinition
                             aspect.friendlyName="Token usage"
                             baseType="STRING"
                             description="Token usage"
                             name="usage"
                             ordinal="2"></FieldDefinition>
                            <FieldDefinition
                             aspect.friendlyName="Localized value"
                             baseType="STRING"
                             description="Localized value"
                             name="value"
                             ordinal="1"></FieldDefinition>
                        </FieldDefinitions>
                    </DataShape>
                    <Rows>
                        <Row>
                            <name>
                            <![CDATA[
                            PTC.SCA.SCO.AssetRemoting.CanLaunchRemoteSession
                            ]]>
                            </name>
                            <value>
                            <![CDATA[
                            Чтобы получить удаленный доступ к данному активу, щелкните следующую кнопку.
                            ]]>
                            </value>
                        </Row>
                        <Row>
                            <name>
                            <![CDATA[
                            PTC.SCA.SCO.AssetRemoting.CannotLaunchRemoteSession
                            ]]>
                            </name>
                            <value>
                            <![CDATA[
                            Для данного актива не настроен удаленный доступ. Получите дополнительную информацию у своего администратора.
                            ]]>
                            </value>
                        </Row>
                        <Row>
                            <name>
                            <![CDATA[
                            PTC.SCA.SCO.AssetRemoting.LaunchButtonLabel
                            ]]>
                            </name>
                            <value>
                            <![CDATA[
                            Запустить удаленный доступ
                            ]]>
                            </value>
                        </Row>
                        <Row>
                            <name>
                            <![CDATA[
                            PTC.SCA.SCO.AssetRemoting.FileTransfer.Unavailable
                            ]]>
                            </name>
                            <value>
                            <![CDATA[
                            Для данного актива не настроена передача файлов. Получите дополнительную информацию у своего администратора.
                            ]]>
                            </value>
                        </Row>
                        <Row>
                            <name>
                            <![CDATA[
                            PTC.SCA.SCO.AssetRemoting.FileTransfer.FileTransferNotAvailableForAsset
                            ]]>
                            </name>
                            <value>
                            <![CDATA[
                            Передача файлов для данного удаленного актива недоступна. Свяжитесь со своим администратором для получения дополнительной информации.
                            ]]>
                            </value>
                        </Row>
                        <Row>
                            <name>
                            <![CDATA[
                            PTC.SCA.SCO.AssetRemoting.FileTransferHistory.Unavailable
                            ]]>
                            </name>
                            <value>
                            <![CDATA[
                            Для данного актива не настроена история передачи файлов. Получите дополнительную информацию у своего администратора.
                            ]]>
                            </value>
                        </Row>
                        <Row>
                            <name>
                            <![CDATA[
                            PTC.SCA.SCO.AssetRemoting.FileTransfer.Bytes
                            ]]>
                            </name>
                            <value>
                            <![CDATA[
                            Байты
                            ]]>
                            </value>
                        </Row>
                        <Row>
                            <name>
                            <![CDATA[
                            PTC.SCA.SCO.AssetRemoting.Name
                            ]]>
                            </name>
                            <value>
                            <![CDATA[
                            Имя
                            ]]>
                            </value>
                        </Row>
                        <Row>
                            <name>
                            <![CDATA[
                            PTC.SCA.SCO.AssetRemoting.Modified Date
                            ]]>
                            </name>
                            <value>
                            <![CDATA[
                            Дата изменения
                            ]]>
                            </value>
                        </Row>
                        <Row>
                            <name>
                            <![CDATA[
                            PTC.SCA.SCO.AssetRemoting.Path
                            ]]>
                            </name>
                            <value>
                            <![CDATA[
                            Путь
                            ]]>
                            </value>
                        </Row>
                        <Row>
                            <name>
                            <![CDATA[
                            PTC.SCA.SCO.AssetRemoting.Table row actions:
                            ]]>
                            </name>
                            <value>
                            <![CDATA[
                            Действия в строках таблицы:
                            ]]>
                            </value>
                        </Row>
                        <Row>
                            <name>
                            <![CDATA[
                            PTC.SCA.SCO.AssetRemoting.Directory
                            ]]>
                            </name>
                            <value>
                            <![CDATA[
                            Каталог
                            ]]>
                            </value>
                        </Row>
                        <Row>
                            <name>
                            <![CDATA[
                            PTC.SCA.SCO.AssetRemoting.FileToTransferFromRemote
                            ]]>
                            </name>
                            <value>
                            <![CDATA[
                            Файл для передачи из удаленной папки
                            ]]>
                            </value>
                        </Row>
                        <Row>
                            <name>
                            <![CDATA[
                            PTC.SCA.SCO.AssetRemoting.File Transfer
                            ]]>
                            </name>
                            <value>
                            <![CDATA[
                            Передача файла
                            ]]>
                            </value>
                        </Row>
                        <Row>
                            <name>
                            <![CDATA[
                            PTC.SCA.SCO.AssetRemoting.File Transfers
                            ]]>
                            </name>
                            <value>
                            <![CDATA[
                            Передачи файлов
                            ]]>
                            </value>
                        </Row>
                        <Row>
                            <name>
                            <![CDATA[
                            PTC.SCA.SCO.AssetRemoting.Local
                            ]]>
                            </name>
                            <value>
                            <![CDATA[
                            Локальный
                            ]]>
                            </value>
                        </Row>
                        <Row>
                            <name>
                            <![CDATA[
                            PTC.SCA.SCO.AssetRemoting.Refresh Now
                            ]]>
                            </name>
                            <value>
                            <![CDATA[
                            Обновить
                            ]]>
                            </value>
                        </Row>
                        <Row>
                            <name>
                            <![CDATA[
                            PTC.SCA.SCO.AssetRemoting.Yes
                            ]]>
                            </name>
                            <value>
                            <![CDATA[
                            Да
                            ]]>
                            </value>
                        </Row>
                        <Row>
                            <name>
                            <![CDATA[
                            PTC.SCA.SCO.AssetRemoting.No
                            ]]>
                            </name>
                            <value>
                            <![CDATA[
                            Нет
                            ]]>
                            </value>
                        </Row>
                        <Row>
                            <name>
                            <![CDATA[
                            PTC.SCA.SCO.AssetRemoting.Are you sure you want to delete the selected file?
                            ]]>
                            </name>
                            <value>
                            <![CDATA[
                            Удалить выбранный файл?
                            ]]>
                            </value>
                        </Row>
                        <Row>
                            <name>
                            <![CDATA[
                            PTC.SCA.SCO.AssetRemoting.Delete File?
                            ]]>
                            </name>
                            <value>
                            <![CDATA[
                            Удалить файл?
                            ]]>
                            </value>
                        </Row>
                        <Row>
                            <name>
                            <![CDATA[
                            PTC.SCA.SCO.AssetRemoting.Download file
                            ]]>
                            </name>
                            <value>
                            <![CDATA[
                            Загрузить файл
                            ]]>
                            </value>
                        </Row>
                        <Row>
                            <name>
                            <![CDATA[
                            PTC.SCA.SCO.AssetRemoting.Do Action?
                            ]]>
                            </name>
                            <value>
                            <![CDATA[
                            Выполнить?
                            ]]>
                            </value>
                        </Row>
                        <Row>
                            <name>
                            <![CDATA[
                            PTC.SCA.SCO.AssetRemoting.Confirm Action
                            ]]>
                            </name>
                            <value>
                            <![CDATA[
                            Подтвердите действие
                            ]]>
                            </value>
                        </Row>
                        <Row>
                            <name>
                            <![CDATA[
                            PTC.SCA.SCO.AssetRemoting.Remote
                            ]]>
                            </name>
                            <value>
                            <![CDATA[
                            Удаленный
                            ]]>
                            </value>
                        </Row>
                        <Row>
                            <name>
                            <![CDATA[
                            PTC.SCA.SCO.AssetRemoting.Recent Transfers
                            ]]>
                            </name>
                            <value>
                            <![CDATA[
                            Недавние передачи
                            ]]>
                            </value>
                        </Row>
                        <Row>
                            <name>
                            <![CDATA[
                            PTC.SCA.SCO.AssetRemoting.Message
                            ]]>
                            </name>
                            <value>
                            <![CDATA[
                            Сообщение
                            ]]>
                            </value>
                        </Row>
                        <Row>
                            <name>
                            <![CDATA[
                            PTC.SCA.SCO.AssetRemoting.Message
                            ]]>
                            </name>
                            <value>
                            <![CDATA[
                            Сообщение
                            ]]>
                            </value>
                        </Row>
                        <Row>
                            <name>
                            <![CDATA[
                            PTC.SCA.SCO.AssetRemoting.message
                            ]]>
                            </name>
                            <value>
                            <![CDATA[
                            сообщение
                            ]]>
                            </value>
                        </Row>
                        <Row>
                            <name>
                            <![CDATA[
                            PTC.SCA.SCO.AssetRemoting.Timestamp
                            ]]>
                            </name>
                            <value>
                            <![CDATA[
                            Метка времени
                            ]]>
                            </value>
                        </Row>
                        <Row>
                            <name>
                            <![CDATA[
                            PTC.SCA.SCO.AssetRemoting.timestamp
                            ]]>
                            </name>
                            <value>
                            <![CDATA[
                            метка времени
                            ]]>
                            </value>
                        </Row>
                        <Row>
                            <name>
                            <![CDATA[
                            PTC.SCA.SCO.AssetRemoting.Target Repository
                            ]]>
                            </name>
                            <value>
                            <![CDATA[
                            Целевой репозиторий
                            ]]>
                            </value>
                        </Row>
                        <Row>
                            <name>
                            <![CDATA[
                            PTC.SCA.SCO.AssetRemoting.target Repository
                            ]]>
                            </name>
                            <value>
                            <![CDATA[
                            целевой репозиторий
                            ]]>
                            </value>
                        </Row>
                        <Row>
                            <name>
                            <![CDATA[
                            PTC.SCA.SCO.AssetRemoting.targetRepository
                            ]]>
                            </name>
                            <value>
                            <![CDATA[
                            Целевой репозиторий
                            ]]>
                            </value>
                        </Row>
                        <Row>
                            <name>
                            <![CDATA[
                            PTC.SCA.SCO.AssetRemoting.State
                            ]]>
                            </name>
                            <value>
                            <![CDATA[
                            Состояние
                            ]]>
                            </value>
                        </Row>
                        <Row>
                            <name>
                            <![CDATA[
                            PTC.SCA.SCO.AssetRemoting.TransferInitiated
                            ]]>
                            </name>
                            <value>
                            <![CDATA[
                            Передача запущена
                            ]]>
                            </value>
                        </Row>
                        <Row>
                            <name>
                            <![CDATA[
                            PTC.SCA.SCO.AssetRemoting.TransferQueued
                            ]]>
                            </name>
                            <value>
                            <![CDATA[
                            Передача в очереди
                            ]]>
                            </value>
                        </Row>
                        <Row>
                            <name>
                            <![CDATA[
                            PTC.SCA.SCO.AssetRemoting.TransferError
                            ]]>
                            </name>
                            <value>
                            <![CDATA[
                            Ошибка при передаче
                            ]]>
                            </value>
                        </Row>
                        <Row>
                            <name>
                            <![CDATA[
                            PTC.SCA.SCO.AssetRemoting.InvalidFileTransferSelectionError
                            ]]>
                            </name>
                            <value>
                            <![CDATA[
                            Выберите исходный каталог, исходный файл и конечный каталог.
                            ]]>
                            </value>
                        </Row>
                        <Row>
                            <name>
                            <![CDATA[
                            PTC.SCA.SCO.AssetRemoting.ActiveSessions
                            ]]>
                            </name>
                            <value>
                            <![CDATA[
                            Активные сессии
                            ]]>
                            </value>
                        </Row>
                        <Row>
                            <name>
                            <![CDATA[
                            PTC.SCA.SCO.AssetRemoting.RemoteServer
                            ]]>
                            </name>
                            <value>
                            <![CDATA[
                            Удаленный сервер
                            ]]>
                            </value>
                        </Row>
                        <Row>
                            <name>
                            <![CDATA[
                            PTC.SCA.SCO.AssetRemoting.AgentIP
                            ]]>
                            </name>
                            <value>
                            <![CDATA[
                            IP-адрес удаленного актива
                            ]]>
                            </value>
                        </Row>
                        <Row>
                            <name>
                            <![CDATA[
                            PTC.SCA.SCO.AssetRemoting.UserIP
                            ]]>
                            </name>
                            <value>
                            <![CDATA[
                            IP-адрес клиента
                            ]]>
                            </value>
                        </Row>
                        <Row>
                            <name>
                            <![CDATA[
                            PTC.SCA.SCO.AssetRemoting.SessionID
                            ]]>
                            </name>
                            <value>
                            <![CDATA[
                            ИД сессии
                            ]]>
                            </value>
                        </Row>
                        <Row>
                            <name>
                            <![CDATA[
                            PTC.SCA.SCO.AssetRemoting.BytesTransferred
                            ]]>
                            </name>
                            <value>
                            <![CDATA[
                            Передано (байт)
                            ]]>
                            </value>
                        </Row>
                        <Row>
                            <name>
                            <![CDATA[
                            PTC.SCA.SCO.AssetRemoting.StartSession
                            ]]>
                            </name>
                            <value>
                            <![CDATA[
                            Начало сессии
                            ]]>
                            </value>
                        </Row>
                        <Row>
                            <name>
                            <![CDATA[
                            PTC.SCA.SCO.AssetRemoting.StartSession_UPCASE
                            ]]>
                            </name>
                            <value>
                            <![CDATA[
                            НАЧАЛО СЕССИИ
                            ]]>
                            </value>
                        </Row>
                        <Row>
                            <name>
                            <![CDATA[
                            PTC.SCA.SCO.AssetRemoting.SelectARemoteEndpoint
                            ]]>
                            </name>
                            <value>
                            <![CDATA[
                            Выберите удаленную конечную точку
                            ]]>
                            </value>
                        </Row>
                        <Row>
                            <name>
                            <![CDATA[
                            PTC.SCA.SCO.AssetRemoting.Start
                            ]]>
                            </name>
                            <value>
                            <![CDATA[
                            Начало
                            ]]>
                            </value>
                        </Row>
                        <Row>
                            <name>
                            <![CDATA[
                            PTC.SCA.SCO.AssetRemoting.EndSession
                            ]]>
                            </name>
                            <value>
                            <![CDATA[
                            Окончание сессии
                            ]]>
                            </value>
                        </Row>
                        <Row>
                            <name>
                            <![CDATA[
                            PTC.SCA.SCO.AssetRemoting.EndSession_UPCASE
                            ]]>
                            </name>
                            <value>
                            <![CDATA[
                            ОКОНЧАНИЕ СЕССИИ
                            ]]>
                            </value>
                        </Row>
                        <Row>
                            <name>
                            <![CDATA[
                            PTC.SCA.SCO.AssetRemoting.ConfirmationEndSession
                            ]]>
                            </name>
                            <value>
                            <![CDATA[
                            Завершить сессию?
                            ]]>
                            </value>
                        </Row>
                        <Row>
                            <name>
                            <![CDATA[
                            PTC.SCA.SCO.AssetRemoting.LaunchingClientWait
                            ]]>
                            </name>
                            <value>
                            <![CDATA[
                            Подождите, выполняется запуск клиента...
                            ]]>
                            </value>
                        </Row>
                        <Row>
                            <name>
                            <![CDATA[
                            PTC.SCA.SCO.AssetRemoting.LaunchingClientDownloadNow
                            ]]>
                            </name>
                            <value>
                            <![CDATA[
                            Загрузить
                            ]]>
                            </value>
                        </Row>
                        <Row>
                            <name>
                            <![CDATA[
                            PTC.SCA.SCO.AssetRemoting.ClientInstallNotDetected
                            ]]>
                            </name>
                            <value>
                            <![CDATA[
                            Установка клиента не обнаружена. Установите клиента Thingworx Remote Access Client.
                            ]]>
                            </value>
                        </Row>
                        <Row>
                            <name>
                            <![CDATA[
                            PTC.SCA.SCO.AssetRemoting.Retry
                            ]]>
                            </name>
                            <value>
                            <![CDATA[
                            Повторить попытку
                            ]]>
                            </value>
                        </Row>
                        <Row>
                            <name>
                            <![CDATA[
                            PTC.SCA.SCO.AssetRemoting.ErrorUppercase
                            ]]>
                            </name>
                            <value>
                            <![CDATA[
                            ОШИБКА
                            ]]>
                            </value>
                        </Row>
                    </Rows>
                </ConfigurationTable>
            </ConfigurationTables>
        </LocalizationTable>
    </LocalizationTables>
</Entities>
