<?xml version="1.0" encoding="UTF-8"?>
<Entities>
    <LocalizationTables>
        <LocalizationTable
         description="it localization table"
         homeMashup=""
         name="it"
         tags="PTC:sca-sco">
            <avatar></avatar>
            <DesignTimePermissions>
                <Create></Create>
                <Read></Read>
                <Update></Update>
                <Delete></Delete>
                <Metadata></Metadata>
            </DesignTimePermissions>
            <RunTimePermissions></RunTimePermissions>
            <VisibilityPermissions>
                <Visibility>
                    <Principal
                     isPermitted="true"
                     name="PTC.Factory.MachineVisibility"
                     type="Organization"></Principal>
                </Visibility>
            </VisibilityPermissions>
            <ConfigurationTables>
                <ConfigurationTable
                 description="Localization Tokens"
                 isMultiRow="true"
                 name="LocalizationTokens"
                 ordinal="0">
                    <DataShape>
                        <FieldDefinitions>
                            <FieldDefinition
                             aspect.friendlyName="Translation context"
                             baseType="STRING"
                             description="Translation context"
                             name="context"
                             ordinal="3"></FieldDefinition>
                            <FieldDefinition
                             aspect.friendlyName="Token name"
                             baseType="STRING"
                             description="Token name"
                             name="name"
                             ordinal="0"></FieldDefinition>
                            <FieldDefinition
                             aspect.friendlyName="Token usage"
                             baseType="STRING"
                             description="Token usage"
                             name="usage"
                             ordinal="2"></FieldDefinition>
                            <FieldDefinition
                             aspect.friendlyName="Localized value"
                             baseType="STRING"
                             description="Localized value"
                             name="value"
                             ordinal="1"></FieldDefinition>
                        </FieldDefinitions>
                    </DataShape>
                    <Rows>
                        <Row>
                            <name>
                            <![CDATA[
                            PTC.SCA.SCO.AssetRemoting.CanLaunchRemoteSession
                            ]]>
                            </name>
                            <value>
                            <![CDATA[
                            Per accedere all'asset in remoto, fare clic sul pulsante seguente.
                            ]]>
                            </value>
                        </Row>
                        <Row>
                            <name>
                            <![CDATA[
                            PTC.SCA.SCO.AssetRemoting.CannotLaunchRemoteSession
                            ]]>
                            </name>
                            <value>
                            <![CDATA[
                            L'asset non è configurato per l'accesso remoto. Per ulteriori informazioni, rivolgersi all'amministratore.
                            ]]>
                            </value>
                        </Row>
                        <Row>
                            <name>
                            <![CDATA[
                            PTC.SCA.SCO.AssetRemoting.LaunchButtonLabel
                            ]]>
                            </name>
                            <value>
                            <![CDATA[
                            Avvia accesso remoto
                            ]]>
                            </value>
                        </Row>
                        <Row>
                            <name>
                            <![CDATA[
                            PTC.SCA.SCO.AssetRemoting.FileTransfer.Unavailable
                            ]]>
                            </name>
                            <value>
                            <![CDATA[
                            L'asset non è configurato per il trasferimento di file. Per ulteriori informazioni, rivolgersi all'amministratore.
                            ]]>
                            </value>
                        </Row>
                        <Row>
                            <name>
                            <![CDATA[
                            PTC.SCA.SCO.AssetRemoting.FileTransfer.FileTransferNotAvailableForAsset
                            ]]>
                            </name>
                            <value>
                            <![CDATA[
                            Il trasferimento di file non è disponibile per questo asset remoto. Per ulteriore assistenza, contattare l'amministratore.
                            ]]>
                            </value>
                        </Row>
                        <Row>
                            <name>
                            <![CDATA[
                            PTC.SCA.SCO.AssetRemoting.FileTransferHistory.Unavailable
                            ]]>
                            </name>
                            <value>
                            <![CDATA[
                            L'asset non è configurato per la cronologia di trasferimento file. Per ulteriori informazioni, rivolgersi all'amministratore.
                            ]]>
                            </value>
                        </Row>
                        <Row>
                            <name>
                            <![CDATA[
                            PTC.SCA.SCO.AssetRemoting.FileTransfer.Bytes
                            ]]>
                            </name>
                            <value>
                            <![CDATA[
                            Byte
                            ]]>
                            </value>
                        </Row>
                        <Row>
                            <name>
                            <![CDATA[
                            PTC.SCA.SCO.AssetRemoting.Name
                            ]]>
                            </name>
                            <value>
                            <![CDATA[
                            Nome
                            ]]>
                            </value>
                        </Row>
                        <Row>
                            <name>
                            <![CDATA[
                            PTC.SCA.SCO.AssetRemoting.Modified Date
                            ]]>
                            </name>
                            <value>
                            <![CDATA[
                            Data di modifica
                            ]]>
                            </value>
                        </Row>
                        <Row>
                            <name>
                            <![CDATA[
                            PTC.SCA.SCO.AssetRemoting.Path
                            ]]>
                            </name>
                            <value>
                            <![CDATA[
                            Percorso
                            ]]>
                            </value>
                        </Row>
                        <Row>
                            <name>
                            <![CDATA[
                            PTC.SCA.SCO.AssetRemoting.Table row actions:
                            ]]>
                            </name>
                            <value>
                            <![CDATA[
                            Azioni riga tabella:
                            ]]>
                            </value>
                        </Row>
                        <Row>
                            <name>
                            <![CDATA[
                            PTC.SCA.SCO.AssetRemoting.Directory
                            ]]>
                            </name>
                            <value>
                            <![CDATA[
                            Directory
                            ]]>
                            </value>
                        </Row>
                        <Row>
                            <name>
                            <![CDATA[
                            PTC.SCA.SCO.AssetRemoting.FileToTransferFromRemote
                            ]]>
                            </name>
                            <value>
                            <![CDATA[
                            File da trasferire da remoto
                            ]]>
                            </value>
                        </Row>
                        <Row>
                            <name>
                            <![CDATA[
                            PTC.SCA.SCO.AssetRemoting.File Transfer
                            ]]>
                            </name>
                            <value>
                            <![CDATA[
                            Trasferimento file
                            ]]>
                            </value>
                        </Row>
                        <Row>
                            <name>
                            <![CDATA[
                            PTC.SCA.SCO.AssetRemoting.File Transfers
                            ]]>
                            </name>
                            <value>
                            <![CDATA[
                            Trasferimenti file
                            ]]>
                            </value>
                        </Row>
                        <Row>
                            <name>
                            <![CDATA[
                            PTC.SCA.SCO.AssetRemoting.Local
                            ]]>
                            </name>
                            <value>
                            <![CDATA[
                            Locale
                            ]]>
                            </value>
                        </Row>
                        <Row>
                            <name>
                            <![CDATA[
                            PTC.SCA.SCO.AssetRemoting.Refresh Now
                            ]]>
                            </name>
                            <value>
                            <![CDATA[
                            Aggiorna ora
                            ]]>
                            </value>
                        </Row>
                        <Row>
                            <name>
                            <![CDATA[
                            PTC.SCA.SCO.AssetRemoting.Yes
                            ]]>
                            </name>
                            <value>
                            <![CDATA[
                            Sì
                            ]]>
                            </value>
                        </Row>
                        <Row>
                            <name>
                            <![CDATA[
                            PTC.SCA.SCO.AssetRemoting.No
                            ]]>
                            </name>
                            <value>
                            <![CDATA[
                            No
                            ]]>
                            </value>
                        </Row>
                        <Row>
                            <name>
                            <![CDATA[
                            PTC.SCA.SCO.AssetRemoting.Are you sure you want to delete the selected file?
                            ]]>
                            </name>
                            <value>
                            <![CDATA[
                            Eliminare il file selezionato?
                            ]]>
                            </value>
                        </Row>
                        <Row>
                            <name>
                            <![CDATA[
                            PTC.SCA.SCO.AssetRemoting.Delete File?
                            ]]>
                            </name>
                            <value>
                            <![CDATA[
                            Eliminare il file?
                            ]]>
                            </value>
                        </Row>
                        <Row>
                            <name>
                            <![CDATA[
                            PTC.SCA.SCO.AssetRemoting.Download file
                            ]]>
                            </name>
                            <value>
                            <![CDATA[
                            Scarica file
                            ]]>
                            </value>
                        </Row>
                        <Row>
                            <name>
                            <![CDATA[
                            PTC.SCA.SCO.AssetRemoting.Do Action?
                            ]]>
                            </name>
                            <value>
                            <![CDATA[
                            Eseguire l'azione?
                            ]]>
                            </value>
                        </Row>
                        <Row>
                            <name>
                            <![CDATA[
                            PTC.SCA.SCO.AssetRemoting.Confirm Action
                            ]]>
                            </name>
                            <value>
                            <![CDATA[
                            Conferma azione
                            ]]>
                            </value>
                        </Row>
                        <Row>
                            <name>
                            <![CDATA[
                            PTC.SCA.SCO.AssetRemoting.Remote
                            ]]>
                            </name>
                            <value>
                            <![CDATA[
                            Remoto
                            ]]>
                            </value>
                        </Row>
                        <Row>
                            <name>
                            <![CDATA[
                            PTC.SCA.SCO.AssetRemoting.Recent Transfers
                            ]]>
                            </name>
                            <value>
                            <![CDATA[
                            Trasferimenti recenti
                            ]]>
                            </value>
                        </Row>
                        <Row>
                            <name>
                            <![CDATA[
                            PTC.SCA.SCO.AssetRemoting.Message
                            ]]>
                            </name>
                            <value>
                            <![CDATA[
                            Messaggio
                            ]]>
                            </value>
                        </Row>
                        <Row>
                            <name>
                            <![CDATA[
                            PTC.SCA.SCO.AssetRemoting.Message
                            ]]>
                            </name>
                            <value>
                            <![CDATA[
                            Messaggio
                            ]]>
                            </value>
                        </Row>
                        <Row>
                            <name>
                            <![CDATA[
                            PTC.SCA.SCO.AssetRemoting.message
                            ]]>
                            </name>
                            <value>
                            <![CDATA[
                            messaggio
                            ]]>
                            </value>
                        </Row>
                        <Row>
                            <name>
                            <![CDATA[
                            PTC.SCA.SCO.AssetRemoting.Timestamp
                            ]]>
                            </name>
                            <value>
                            <![CDATA[
                            Data e ora
                            ]]>
                            </value>
                        </Row>
                        <Row>
                            <name>
                            <![CDATA[
                            PTC.SCA.SCO.AssetRemoting.timestamp
                            ]]>
                            </name>
                            <value>
                            <![CDATA[
                            data e ora
                            ]]>
                            </value>
                        </Row>
                        <Row>
                            <name>
                            <![CDATA[
                            PTC.SCA.SCO.AssetRemoting.Target Repository
                            ]]>
                            </name>
                            <value>
                            <![CDATA[
                            Repository di destinazione
                            ]]>
                            </value>
                        </Row>
                        <Row>
                            <name>
                            <![CDATA[
                            PTC.SCA.SCO.AssetRemoting.target Repository
                            ]]>
                            </name>
                            <value>
                            <![CDATA[
                            repository di destinazione
                            ]]>
                            </value>
                        </Row>
                        <Row>
                            <name>
                            <![CDATA[
                            PTC.SCA.SCO.AssetRemoting.targetRepository
                            ]]>
                            </name>
                            <value>
                            <![CDATA[
                            targetRepository
                            ]]>
                            </value>
                        </Row>
                        <Row>
                            <name>
                            <![CDATA[
                            PTC.SCA.SCO.AssetRemoting.State
                            ]]>
                            </name>
                            <value>
                            <![CDATA[
                            Stato
                            ]]>
                            </value>
                        </Row>
                        <Row>
                            <name>
                            <![CDATA[
                            PTC.SCA.SCO.AssetRemoting.TransferInitiated
                            ]]>
                            </name>
                            <value>
                            <![CDATA[
                            Trasferimento avviato
                            ]]>
                            </value>
                        </Row>
                        <Row>
                            <name>
                            <![CDATA[
                            PTC.SCA.SCO.AssetRemoting.TransferQueued
                            ]]>
                            </name>
                            <value>
                            <![CDATA[
                            Trasferimento in coda
                            ]]>
                            </value>
                        </Row>
                        <Row>
                            <name>
                            <![CDATA[
                            PTC.SCA.SCO.AssetRemoting.TransferError
                            ]]>
                            </name>
                            <value>
                            <![CDATA[
                            Si è verificato un errore durante il trasferimento
                            ]]>
                            </value>
                        </Row>
                        <Row>
                            <name>
                            <![CDATA[
                            PTC.SCA.SCO.AssetRemoting.InvalidFileTransferSelectionError
                            ]]>
                            </name>
                            <value>
                            <![CDATA[
                            Selezionare una directory di origine, un file di origine e una directory di destinazione.
                            ]]>
                            </value>
                        </Row>
                        <Row>
                            <name>
                            <![CDATA[
                            PTC.SCA.SCO.AssetRemoting.ActiveSessions
                            ]]>
                            </name>
                            <value>
                            <![CDATA[
                            Sessioni attive
                            ]]>
                            </value>
                        </Row>
                        <Row>
                            <name>
                            <![CDATA[
                            PTC.SCA.SCO.AssetRemoting.RemoteServer
                            ]]>
                            </name>
                            <value>
                            <![CDATA[
                            Server remoto
                            ]]>
                            </value>
                        </Row>
                        <Row>
                            <name>
                            <![CDATA[
                            PTC.SCA.SCO.AssetRemoting.AgentIP
                            ]]>
                            </name>
                            <value>
                            <![CDATA[
                            IP asset remoto
                            ]]>
                            </value>
                        </Row>
                        <Row>
                            <name>
                            <![CDATA[
                            PTC.SCA.SCO.AssetRemoting.UserIP
                            ]]>
                            </name>
                            <value>
                            <![CDATA[
                            IP client
                            ]]>
                            </value>
                        </Row>
                        <Row>
                            <name>
                            <![CDATA[
                            PTC.SCA.SCO.AssetRemoting.SessionID
                            ]]>
                            </name>
                            <value>
                            <![CDATA[
                            ID sessione
                            ]]>
                            </value>
                        </Row>
                        <Row>
                            <name>
                            <![CDATA[
                            PTC.SCA.SCO.AssetRemoting.BytesTransferred
                            ]]>
                            </name>
                            <value>
                            <![CDATA[
                            Byte trasferiti
                            ]]>
                            </value>
                        </Row>
                        <Row>
                            <name>
                            <![CDATA[
                            PTC.SCA.SCO.AssetRemoting.StartSession
                            ]]>
                            </name>
                            <value>
                            <![CDATA[
                            Inizia sessione
                            ]]>
                            </value>
                        </Row>
                        <Row>
                            <name>
                            <![CDATA[
                            PTC.SCA.SCO.AssetRemoting.StartSession_UPCASE
                            ]]>
                            </name>
                            <value>
                            <![CDATA[
                            INIZIA SESSIONE
                            ]]>
                            </value>
                        </Row>
                        <Row>
                            <name>
                            <![CDATA[
                            PTC.SCA.SCO.AssetRemoting.SelectARemoteEndpoint
                            ]]>
                            </name>
                            <value>
                            <![CDATA[
                            Selezionare un endpoint remoto
                            ]]>
                            </value>
                        </Row>
                        <Row>
                            <name>
                            <![CDATA[
                            PTC.SCA.SCO.AssetRemoting.Start
                            ]]>
                            </name>
                            <value>
                            <![CDATA[
                            Inizia
                            ]]>
                            </value>
                        </Row>
                        <Row>
                            <name>
                            <![CDATA[
                            PTC.SCA.SCO.AssetRemoting.EndSession
                            ]]>
                            </name>
                            <value>
                            <![CDATA[
                            Termina sessione
                            ]]>
                            </value>
                        </Row>
                        <Row>
                            <name>
                            <![CDATA[
                            PTC.SCA.SCO.AssetRemoting.EndSession_UPCASE
                            ]]>
                            </name>
                            <value>
                            <![CDATA[
                            TERMINA SESSIONE
                            ]]>
                            </value>
                        </Row>
                        <Row>
                            <name>
                            <![CDATA[
                            PTC.SCA.SCO.AssetRemoting.ConfirmationEndSession
                            ]]>
                            </name>
                            <value>
                            <![CDATA[
                            Terminare la sessione?
                            ]]>
                            </value>
                        </Row>
                        <Row>
                            <name>
                            <![CDATA[
                            PTC.SCA.SCO.AssetRemoting.LaunchingClientWait
                            ]]>
                            </name>
                            <value>
                            <![CDATA[
                            Avvio del client in corso. Attendere...
                            ]]>
                            </value>
                        </Row>
                        <Row>
                            <name>
                            <![CDATA[
                            PTC.SCA.SCO.AssetRemoting.LaunchingClientDownloadNow
                            ]]>
                            </name>
                            <value>
                            <![CDATA[
                            Scarica ora
                            ]]>
                            </value>
                        </Row>
                        <Row>
                            <name>
                            <![CDATA[
                            PTC.SCA.SCO.AssetRemoting.ClientInstallNotDetected
                            ]]>
                            </name>
                            <value>
                            <![CDATA[
                            Installazione client non rilevata. Installare ThingWorx Remote Access Client.
                            ]]>
                            </value>
                        </Row>
                        <Row>
                            <name>
                            <![CDATA[
                            PTC.SCA.SCO.AssetRemoting.Retry
                            ]]>
                            </name>
                            <value>
                            <![CDATA[
                            Riprova
                            ]]>
                            </value>
                        </Row>
                        <Row>
                            <name>
                            <![CDATA[
                            PTC.SCA.SCO.AssetRemoting.ErrorUppercase
                            ]]>
                            </name>
                            <value>
                            <![CDATA[
                            ERRORE
                            ]]>
                            </value>
                        </Row>
                    </Rows>
                </ConfigurationTable>
            </ConfigurationTables>
        </LocalizationTable>
    </LocalizationTables>
</Entities>
