<?xml version="1.0" encoding="UTF-8"?>
<Entities>
  <Subsystems>
    <Subsystem aspect.isCreatable="false" enabled="true" autoStart="true"
      className="com.thingworx.extensions.cse.ProtocolAdapterSubsystem" description="Protocol Adapter Subsystem" name="ProtocolAdapterSubsystem"
      friendlyName="Protocol Adapter Subsystem" homeMashup="MonitoringSubsystemDefaultHomeMashup" tags="">
      <DesignTimePermissions>
        <Create/>
        <Read/>
        <Update/>
        <Delete/>
        <Metadata/>
      </DesignTimePermissions>
      <RunTimePermissions/>
      <ConfigurationTables>
        <ConfigurationTable description="Availability Settings" isMultiRow="false" name="AvailabilitySettings" ordinal="0">
          <DataShape>
            <FieldDefinitions>
              <FieldDefinition aspect.defaultValue="30.0" baseType="NUMBER" description="Wait time in seconds to wait for a health state update for the active protocol adapter before reassignment" name="activeProtocolAdapterTimeout" ordinal="0"/>
            </FieldDefinitions>
          </DataShape>
          <Rows>
            <Row>
              <activeProtocolAdapterTimeout>30.0</activeProtocolAdapterTimeout>
            </Row>
          </Rows>
        </ConfigurationTable>
      </ConfigurationTables>
    </Subsystem>
  </Subsystems>
</Entities>