<?xml version="1.0" encoding="UTF-8" standalone="no"?>
<Entities>
    <LocalizationTables>
        <LocalizationTable description="ru localization table" documentationContent="" homeMashup="" languageCommon="Russian" languageNative="Русский" lastModifiedDate="2020-03-05T12:00:00.000+00:00" name="ru" projectName="" tags="">
            <avatar></avatar>
            <DesignTimePermissions>
                <Create></Create>
                <Read></Read>
                <Update></Update>
                <Delete></Delete>
                <Metadata></Metadata>
            </DesignTimePermissions>
            <RunTimePermissions></RunTimePermissions>
            <VisibilityPermissions>
                <Visibility></Visibility>
            </VisibilityPermissions>
            <ConfigurationTables>
                <ConfigurationTable description="Localization tokens and usage" isMultiRow="true" name="LocalizationTokens" ordinal="0">
                    <DataShape>
                        <FieldDefinitions>
              <FieldDefinition aspect.friendlyName="Translation context" baseType="STRING" description="Translation context" name="context" ordinal="3" />
              <FieldDefinition aspect.friendlyName="Token name" baseType="STRING" description="Token name" name="name" ordinal="0" />
              <FieldDefinition aspect.friendlyName="Token usage" baseType="STRING" description="Token usage" name="usage" ordinal="2" />
              <FieldDefinition aspect.friendlyName="Localized value" baseType="STRING" description="Localized value" name="value" ordinal="1" />
            </FieldDefinitions>
                    </DataShape>
                    <Rows>
                        <Row>
                            <context></context>
                            <name><![CDATA[TW.ThingView.Description]]></name>
                            <usage></usage>
                            <value><![CDATA[Виджет Creo View WebGL позволяет отображать 3D-модели.]]></value>
                        </Row>
                        <Row>
                            <context></context>
                            <name><![CDATA[TW.ThingView.Properties.ProductToView.Description]]></name>
                            <usage></usage>
                            <value><![CDATA[URL файла для загрузки]]></value>
                        </Row>
                        <Row>
                            <context><![CDATA[Base url to windchill server]]></context>
                            <name><![CDATA[TW.ThingView.Properties.BaseUrl.Description]]></name>
                            <usage></usage>
                            <value><![CDATA[Базовый URL структуры]]></value>
                        </Row>
                        <Row>
                            <context><![CDATA[ObjectIdentifier string to WTPart]]></context>
                            <name><![CDATA[TW.ThingView.Properties.Oid.Description]]></name>
                            <usage></usage>
                            <value><![CDATA[ИД объекта структуры]]></value>
                        </Row>
                        <Row>
                            <context><![CDATA[url to map file in windchill server]]></context>
                            <name><![CDATA[TW.ThingView.Properties.MapUrl.Description]]></name>
                            <usage></usage>
                            <value><![CDATA[URL файла сопоставления]]></value>
                        </Row>
                        <Row>
                            <context><![CDATA[url to markup file in windchill server]]></context>
                            <name><![CDATA[TW.ThingView.Properties.MarkupUrl.Description]]></name>
                            <usage></usage>
                            <value><![CDATA[URL содержимого замечания]]></value>
                        </Row>
                        <Row>
                            <name><![CDATA[TW.ThingView.Properties.Orientations.Description]]></name>
                            <usage></usage>
                            <value><![CDATA[Ориентации представления для 3D-представления]]></value>
                        </Row>
                        <Row>
                            <context></context>
                            <name><![CDATA[TW.ThingView.Properties.Orientations.SelectOptions.ISO1]]></name>
                            <usage></usage>
                            <value><![CDATA[ISO 1]]></value>
                        </Row>
                        <Row>
                            <context></context>
                            <name><![CDATA[TW.ThingView.Properties.Orientations.SelectOptions.ISO2]]></name>
                            <usage></usage>
                            <value><![CDATA[ISO 2]]></value>
                        </Row>
                        <Row>
                            <context></context>
                            <name><![CDATA[TW.ThingView.Properties.Orientations.SelectOptions.Top]]></name>
                            <usage></usage>
                            <value><![CDATA[Сверху]]></value>
                        </Row>
                        <Row>
                            <context></context>
                            <name><![CDATA[TW.ThingView.Properties.Orientations.SelectOptions.Bottom]]></name>
                            <usage></usage>
                            <value><![CDATA[Снизу]]></value>
                        </Row>
                        <Row>
                            <context></context>
                            <name><![CDATA[TW.ThingView.Properties.Orientations.SelectOptions.Left]]></name>
                            <usage></usage>
                            <value><![CDATA[Слева]]></value>
                        </Row>
                        <Row>
                            <context></context>
                            <name><![CDATA[TW.ThingView.Properties.Orientations.SelectOptions.Right]]></name>
                            <usage></usage>
                            <value><![CDATA[Справа]]></value>
                        </Row>
                        <Row>
                            <context></context>
                            <name><![CDATA[TW.ThingView.Properties.Orientations.SelectOptions.Front]]></name>
                            <usage></usage>
                            <value><![CDATA[Спереди]]></value>
                        </Row>
                        <Row>
                            <context></context>
                            <name><![CDATA[TW.ThingView.Properties.Orientations.SelectOptions.Back]]></name>
                            <usage></usage>
                            <value><![CDATA[Сзади]]></value>
                        </Row>
                        <Row>
                            <context></context>
                            <name><![CDATA[TW.ThingView.Properties.MouseNavigation.Description]]></name>
                            <usage></usage>
                            <value><![CDATA[Режим навигации мыши для 3D-представления]]></value>
                        </Row>
                        <Row>
                            <context></context>
                            <name><![CDATA[TW.ThingView.Properties.MouseNavigation.SelectOptions.CreoView]]></name>
                            <usage></usage>
                            <value><![CDATA[CreoView]]></value>
                        </Row>
                        <Row>
                            <context></context>
                            <name><![CDATA[TW.ThingView.Properties.MouseNavigation.SelectOptions.Creo]]></name>
                            <usage></usage>
                            <value><![CDATA[Creo]]></value>
                        </Row>
                        <Row>
                            <context></context>
                            <name><![CDATA[TW.ThingView.Properties.MouseNavigation.SelectOptions.CATIA]]></name>
                            <usage></usage>
                            <value><![CDATA[Совместимо с CATIA V5]]></value>
                        </Row>
                        <Row>
                            <context></context>
                            <name><![CDATA[TW.ThingView.Properties.MouseNavigation.SelectOptions.Explore]]></name>
                            <usage></usage>
                            <value><![CDATA[Обзор]]></value>
                        </Row>
                        <Row>
                            <context></context>
                            <name><![CDATA[TW.ThingView.Properties.Orientation.Description]]></name>
                            <usage></usage>
                            <value><![CDATA[Эйлеровы углы для ориентации камеры в формате X,Y,Z (ед. изм.: градус). (Для поворота модели на 90 градусов вокруг оси Y укажите: 0,90,0)]]></value>
                        </Row>
                        <Row>
                            <context></context>
                            <name><![CDATA[TW.ThingView.Properties.Position.Description]]></name>
                            <usage></usage>
                            <value><![CDATA[Положение камеры в формате X,Y,Z (ед. изм.: метр). (Для расстояния 0,5 метра вдоль оси Y от начала координат укажите: 0,0.5,0)]]></value>
                        </Row>
                        <Row>
                            <context></context>
                            <name><![CDATA[TW.ThingView.Properties.BackgroundStyle.Description]]></name>
                            <usage></usage>
                            <value><![CDATA[Цвет фона, используемый для виджета. Все другие поля игнорируются.]]></value>
                        </Row>
                        <Row>
                            <context></context>
                            <name><![CDATA[TW.ThingView.Properties.Data.Description]]></name>
                            <usage></usage>
                            <value><![CDATA[Выбор детали]]></value>
                        </Row>
                        <Row>
                            <context></context>
                            <name><![CDATA[TW.ThingView.Properties.OccurrenceField.Description]]></name>
                            <usage></usage>
                            <value><![CDATA[Поле в данных, содержащее ИД пути к вхождению. Используется, чтобы найти строки для выбора и окраски.]]></value>
                        </Row>
                        <Row>
                            <context></context>
                            <name><![CDATA[TW.ThingView.Properties.DataFormatter.Description]]></name>
                            <usage></usage>
                            <value><![CDATA[Правила окраски в виджете. Должен использоваться только цвет текста: значение его цвета и настройка прозрачности. Для примера задайте очень маленькую прозрачность, чтобы скрыть детали. Все остальные поля игнорируются.]]></value>
                        </Row>
                        <Row>
                            <context></context>
                            <name><![CDATA[TW.ThingView.Properties.SelectedOccurrencePath.Description]]></name>
                            <usage></usage>
                            <value><![CDATA[Путь к последнему выбранному вхождению.]]></value>
                        </Row>
                        <Row>
                            <context></context>
                            <name><![CDATA[TW.ThingView.Properties.PreSelectedOccurrencePath.Description]]></name>
                            <usage></usage>
                            <value><![CDATA[Путь к вхождению предварительно выбранной детали.]]></value>
                        </Row>
                        <Row>
                            <context><![CDATA[Viewables i.e. annotations, viewstates]]></context>
                            <name><![CDATA[TW.ThingView.Properties.Views.Description]]></name>
                            <usage></usage>
                            <value><![CDATA[Список представлений (наименование, тип, ИД).]]></value>
                        </Row>
                        <Row>
                            <context></context>
                            <name><![CDATA[TW.ThingView.Properties.Gnomon.Description]]></name>
                            <usage></usage>
                            <value><![CDATA[Показывать указатель абсолютных 3D-координат]]></value>
                        </Row>
                        <Row>
                            <context></context>
                            <name><![CDATA[TW.ThingView.Properties.EnablePartSelection.Description]]></name>
                            <usage></usage>
                            <value><![CDATA[Разрешить выбор детали]]></value>
                        </Row>
                        <Row>
                            <context></context>
                            <name><![CDATA[TW.ThingView.Properties.EnablePartDragger.Description]]></name>
                            <usage></usage>
                            <value><![CDATA[Разрешить пользователю перетаскивать детали]]></value>
                        </Row>
                        <Row>
                            <context></context>
                            <name><![CDATA[TW.ThingView.Properties.SpinCenter.Description]]></name>
                            <usage></usage>
                            <value><![CDATA[Показывать центр вращения при вращении модели в 3D-представлении]]></value>
                        </Row>
                        <Row>
                            <context></context>
                            <name><![CDATA[TW.ThingView.Properties.AllowCORSCredentials.Description]]></name>
                            <usage></usage>
                            <value><![CDATA[Для запросов CORS укажите, будут ли в запросы добавлены файлы cookie]]></value>
                        </Row>
                        <Row>
                            <context></context>
                            <name><![CDATA[TW.ThingView.Properties.AllowClientRedirect.Description]]></name>
                            <usage></usage>
                            <value><![CDATA[Исключить обработку переадресации с помощью медиа прокси и передать ее обработку в ThingView.]]></value>
                        </Row>
                        <Row>
                            <context></context>
                            <name><![CDATA[TW.ThingView.Properties.AcknowledgeStepText.Description]]></name>
                            <usage></usage>
                            <value><![CDATA[Сообщение, появляющееся при необходимости подтверждения шага последовательности.]]></value>
                        </Row>
                        <Row>
                            <context></context>
                            <name><![CDATA[TW.ThingView.Properties.SequenceStepNumber.Description]]></name>
                            <usage></usage>
                            <value><![CDATA[Номер текущего шага последовательности]]></value>
                        </Row>
                        <Row>
                            <context></context>
                            <name><![CDATA[TW.ThingView.Properties.SequenceStepName.Description]]></name>
                            <usage></usage>
                            <value><![CDATA[Наименование текущего шага последовательности]]></value>
                        </Row>
                        <Row>
                            <context></context>
                            <name><![CDATA[TW.ThingView.Properties.WindchillSourceData.Description]]></name>
                            <usage></usage>
                            <value><![CDATA[Задайте true, если данные ProductToView поступают из Windchill, иначе задайте false.]]></value>
                        </Row>
                        <Row>
                            <context></context>
                            <name><![CDATA[TW.ThingView.Properties.EnableWindchillFileCache.Description]]></name>
                            <usage></usage>
                            <value><![CDATA[Задайте true, чтобы включить кэш файла деталей из исходных данных Windchill.]]></value>
                        </Row>
                        <Row>
                            <context></context>
                            <name><![CDATA[TW.ThingView.Properties.WindchillCacheSize.Description]]></name>
                            <usage></usage>
                            <value><![CDATA[Размер кэша в мегабайтах при использовании исходных данных Windchill.]]></value>
                        </Row>
                        <Row>
                            <context></context>
                            <name><![CDATA[TW.ThingView.Properties.SelectedParts.Description]]></name>
                            <usage></usage>
                            <value><![CDATA[Все выбранные детали в сессии]]></value>
                        </Row>
                        <Row>
                            <context></context>
                            <name><![CDATA[TW.ThingView.Properties.ThingViewControls.Description]]></name>
                            <usage></usage>
                            <value><![CDATA[Отображать эл. управления интерфейса пользователя в ThingView]]></value>
                        </Row>
                        <Row>
                            <context></context>
                            <name><![CDATA[TW.ThingView.Properties.DisplayViewState.Description]]></name>
                            <usage></usage>
                            <value><![CDATA[Отображать состояния представления в ThingViewControls]]></value>
                        </Row>
                        <Row>
                            <context></context>
                            <name><![CDATA[TW.ThingView.Properties.DisplayAlternateRep.Description]]></name>
                            <usage></usage>
                            <value><![CDATA[Отображать альтернативные представления в ThingViewControls]]></value>
                        </Row>
                        <Row>
                            <context></context>
                            <name><![CDATA[TW.ThingView.Properties.DisplayExplodeState.Description]]></name>
                            <usage></usage>
                            <value><![CDATA[Отображать разнесенные состояния в ThingViewControls]]></value>
                        </Row>
                        <Row>
                            <context></context>
                            <name><![CDATA[TW.ThingView.Properties.DisplaySectionCut.Description]]></name>
                            <usage></usage>
                            <value><![CDATA[Отображать разрезы сечения в ThingViewControls]]></value>
                        </Row>
                        <Row>
                            <context></context>
                            <name><![CDATA[TW.ThingView.Properties.DisplayPlaybackControls.Description]]></name>
                            <usage></usage>
                            <value><![CDATA[Отображать эл. управления воспроизведением в ThingViewControls]]></value>
                        </Row>
                        <Row>
                            <context></context>
                            <name><![CDATA[TW.ThingView.Properties.DisplayFilter.Description]]></name>
                            <usage></usage>
                            <value><![CDATA[Строка JSON для задания фильтров отображения. Например: { \"ModelAnnotation\": { \"HiddenByDefault\": true, \"PlanarAnnotation\": true, \"FloatingAnnotation\": false, \"MiscAnnotation\": false } }]]></value>
                        </Row>
                        <Row>
                            <context></context>
                            <name><![CDATA[TW.ThingView.Properties.ProjectionMode.Description]]></name>
                            <usage></usage>
                            <value><![CDATA[Режим проецирования, используемый в 3D-представлении]]></value>
                        </Row>
                        <Row>
                            <context></context>
                            <name><![CDATA[TW.ThingView.Properties.ProjectionMode.SelectOptions.Perspective]]></name>
                            <usage></usage>
                            <value><![CDATA[Перспектива]]></value>
                        </Row>
                        <Row>
                            <context></context>
                            <name><![CDATA[TW.ThingView.Properties.ProjectionMode.SelectOptions.Orthographic]]></name>
                            <usage></usage>
                            <value><![CDATA[Ортографическая]]></value>
                        </Row>
                        <Row>
                            <context></context>
                            <name><![CDATA[TW.ThingView.Properties.PerspectiveHFOV.Description]]></name>
                            <usage></usage>
                            <value><![CDATA[Поле представления "Горизонтальная" в представлении "Перспектива"]]></value>
                        </Row>
                        <Row>
                            <context><![CDATA[Group name of property of part (or assembly) i.e. WindchillPart]]></context>
                            <name><![CDATA[TW.ThingView.Properties.SelectionPropertyGroupName.Description]]></name>
                            <usage></usage>
                            <value><![CDATA[Имя группы свойства выбора]]></value>
                        </Row>
                        <Row>
                            <context><![CDATA[Name of proerty i.e. part_number]]></context>
                            <name><![CDATA[TW.ThingView.Properties.SelectionPropertyName.Description]]></name>
                            <usage></usage>
                            <value><![CDATA[Имя свойства выбора]]></value>
                        </Row>
                        <Row>
                            <context></context>
                            <name><![CDATA[TW.ThingView.Properties.SelectedPartsSelectionMode.Description]]></name>
                            <usage></usage>
                            <value><![CDATA[Режим выбора для выбранных деталей]]></value>
                        </Row>
                        <Row>
                            <context></context>
                            <name><![CDATA[TW.ThingView.Properties.SelectedPartsSelectionMode.SelectOptions.IdPath]]></name>
                            <usage></usage>
                            <value><![CDATA[ИД пути]]></value>
                        </Row>
                        <Row>
                            <context></context>
                            <name><![CDATA[TW.ThingView.Properties.SelectedPartsSelectionMode.SelectOptions.PropPath]]></name>
                            <usage></usage>
                            <value><![CDATA[Путь к свойству]]></value>
                        </Row>
                        <Row>
                            <context></context>
                            <name><![CDATA[TW.ThingView.Properties.SelectedPartsSelectionMode.SelectOptions.PropValue]]></name>
                            <usage></usage>
                            <value><![CDATA[Значение свойства]]></value>
                        </Row>
                        <Row>
                            <context></context>
                            <name><![CDATA[TW.ThingView.CustomEvents.Loaded.Description]]></name>
                            <usage></usage>
                            <value><![CDATA[Инициируется по завершении загрузки модели.]]></value>
                        </Row>
                        <Row>
                            <context></context>
                            <name><![CDATA[TW.ThingView.CustomEvents.SelectionChanged.Description]]></name>
                            <usage></usage>
                            <value><![CDATA[Инициируется при изменении выбора в 3D-представлении или сетке данных.]]></value>
                        </Row>
                        <Row>
                            <context></context>
                            <name><![CDATA[TW.ThingView.CustomEvents.PreSelectionChanged.Description]]></name>
                            <usage></usage>
                            <value><![CDATA[Инициируется при изменении предв. выбора в 3D-представлении.]]></value>
                        </Row>
                        <Row>
                            <context></context>
                            <name><![CDATA[TW.ThingView.CustomEvents.HasAnimation.Description]]></name>
                            <usage></usage>
                            <value><![CDATA[Инициируется при наличии анимации в загруженной иллюстрации.]]></value>
                        </Row>
                        <Row>
                            <context></context>
                            <name><![CDATA[TW.ThingView.CustomEvents.HasSequence.Description]]></name>
                            <usage></usage>
                            <value><![CDATA[Инициируется при наличии последовательности в загруженной иллюстрации.]]></value>
                        </Row>
                        <Row>
                            <context></context>
                            <name><![CDATA[TW.ThingView.CustomEvents.SequenceStepAcknowledge.Description]]></name>
                            <usage></usage>
                            <value><![CDATA[Инициируется при наличии подтверждения шага последовательности.]]></value>
                        </Row>
                        <Row>
                            <context></context>
                            <name><![CDATA[TW.ThingView.Services.GetViewLocation.Description]]></name>
                            <usage></usage>
                            <value><![CDATA[Получить расположение (ориентацию и положение) главной камеры в 3D-представлении.]]></value>
                        </Row>
                        <Row>
                            <context></context>
                            <name><![CDATA[TW.ThingView.Services.SetViewLocation.Description]]></name>
                            <usage></usage>
                            <value><![CDATA[Переместить главную камеру в расположение, заданное в 3D-представлении.]]></value>
                        </Row>
                        <Row>
                            <context></context>
                            <name><![CDATA[TW.ThingView.Services.ZoomAll.Description]]></name>
                            <usage></usage>
                            <value><![CDATA[Задать масштаб, при котором все видимые детали и замечания заполняют окно представления.]]></value>
                        </Row>
                        <Row>
                            <context></context>
                            <name><![CDATA[TW.ThingView.Services.ZoomSelected.Description]]></name>
                            <usage></usage>
                            <value><![CDATA[Задать масштаб, при котором все выбранные детали и замечания заполняют окно представления.]]></value>
                        </Row>
                        <Row>
                            <context><![CDATA[Sequence figure created by Creo Illustrate]]></context>
                            <name><![CDATA[TW.ThingView.Services.PlaySequenceStep.Description]]></name>
                            <usage></usage>
                            <value><![CDATA[Воспроизвести следующий шаг последовательности.]]></value>
                        </Row>
                        <Row>
                            <context></context>
                            <name><![CDATA[TW.ThingView.Services.PauseSequence.Description]]></name>
                            <usage></usage>
                            <value><![CDATA[Приостановить воспроизведение текущего шага.]]></value>
                        </Row>
                        <Row>
                            <context></context>
                            <name><![CDATA[TW.ThingView.Services.StopSequence.Description]]></name>
                            <usage></usage>
                            <value><![CDATA[Остановить воспроизведение текущего шага.]]></value>
                        </Row>
                        <Row>
                            <context></context>
                            <name><![CDATA[TW.ThingView.Services.RewindSequence.Description]]></name>
                            <usage></usage>
                            <value><![CDATA[Перейти к началу первого шага последовательности.]]></value>
                        </Row>
                        <Row>
                            <context></context>
                            <name><![CDATA[TW.ThingView.Services.NextSequenceStep.Description]]></name>
                            <usage></usage>
                            <value><![CDATA[Перейти к концу следующего шага последовательности.]]></value>
                        </Row>
                        <Row>
                            <context></context>
                            <name><![CDATA[TW.ThingView.Services.PrevSequenceStep.Description]]></name>
                            <usage></usage>
                            <value><![CDATA[Перейти к концу предыдущего шага последовательности.]]></value>
                        </Row>
                        <Row>
                            <context><![CDATA[Animation figure created by Creo Illustrate]]></context>
                            <name><![CDATA[TW.ThingView.Services.PlayAnimation.Description]]></name>
                            <usage></usage>
                            <value><![CDATA[Воспроизвести анимацию.]]></value>
                        </Row>
                        <Row>
                            <context></context>
                            <name><![CDATA[TW.ThingView.Services.PauseAnimation.Description]]></name>
                            <usage></usage>
                            <value><![CDATA[Приостановить анимацию.]]></value>
                        </Row>
                        <Row>
                            <context></context>
                            <name><![CDATA[TW.ThingView.Services.StopAnimation.Description]]></name>
                            <usage></usage>
                            <value><![CDATA[Остановить анимацию.]]></value>
                        </Row>
                        <Row>
                            <context><![CDATA[Button to close a pane of widget UI]]></context>
                            <name><![CDATA[TW.ThingView.WidgetUI.Closer.Tooltip]]></name>
                            <usage></usage>
                            <value><![CDATA[Закрыть]]></value>
                        </Row>
                        <Row>
                            <context><![CDATA[Added to a tooltip of button when it's disabled]]></context>
                            <name><![CDATA[TW.ThingView.WidgetUI.Disabled.Text]]></name>
                            <usage></usage>
                            <value><![CDATA[Выключено]]></value>
                        </Row>
                        <Row>
                            <context><![CDATA[Group of tools to perform zooming and selection of parts]]></context>
                            <name><![CDATA[TW.ThingView.WidgetUI.RightPane.Opener.Tooltip]]></name>
                            <usage></usage>
                            <value><![CDATA[Инструменты масштабирования и выбора]]></value>
                        </Row>
                        <Row>
                            <context></context>
                            <name><![CDATA[TW.ThingView.WidgetUI.RightPane.ShowAll.Tooltip]]></name>
                            <usage></usage>
                            <value><![CDATA[Показать все]]></value>
                        </Row>
                        <Row>
                            <context></context>
                            <name><![CDATA[TW.ThingView.WidgetUI.RightPane.Hide.Tooltip]]></name>
                            <usage></usage>
                            <value><![CDATA[Скрыть выбранное]]></value>
                        </Row>
                        <Row>
                            <context></context>
                            <name><![CDATA[TW.ThingView.WidgetUI.RightPane.Isolate.Tooltip]]></name>
                            <usage></usage>
                            <value><![CDATA[Изолировать выбранное]]></value>
                        </Row>
                        <Row>
                            <context></context>
                            <name><![CDATA[TW.ThingView.WidgetUI.RightPane.ZoomAll.Tooltip]]></name>
                            <usage></usage>
                            <value><![CDATA[Масштабировать все]]></value>
                        </Row>
                        <Row>
                            <context></context>
                            <name><![CDATA[TW.ThingView.WidgetUI.RightPane.ZoomSelected.Tooltip]]></name>
                            <usage></usage>
                            <value><![CDATA[Масштабировать выбранное]]></value>
                        </Row>
                        <Row>
                            <context></context>
                            <name><![CDATA[TW.ThingView.WidgetUI.RightPane.ZoomWindow.Tooltip]]></name>
                            <usage></usage>
                            <value><![CDATA[Масштабировать окно]]></value>
                        </Row>
                        <Row>
                            <context><![CDATA[Change location of selected parts]]></context>
                            <name><![CDATA[TW.ThingView.WidgetUI.RightPane.PartDragger.Tooltip]]></name>
                            <usage></usage>
                            <value><![CDATA[Перетаскиватель детали]]></value>
                        </Row>
                        <Row>
                            <context><![CDATA[Move all parts back to original location]]></context>
                            <name><![CDATA[TW.ThingView.WidgetUI.RightPane.RestoreLocation.Tooltip]]></name>
                            <usage></usage>
                            <value><![CDATA[Восстановить расположение детали]]></value>
                        </Row>
                        <Row>
                            <context><![CDATA[View orientation and viewstates]]></context>
                            <name><![CDATA[TW.ThingView.WidgetUI.LeftPane.Opener.ViewStates.Tooltip]]></name>
                            <usage></usage>
                            <value><![CDATA[Ориентация и состояния представления]]></value>
                        </Row>
                        <Row>
                            <context><![CDATA[View orientation and figures]]></context>
                            <name><![CDATA[TW.ThingView.WidgetUI.LeftPane.Opener.Figures.Tooltip]]></name>
                            <usage></usage>
                            <value><![CDATA[Ориентация и рисунки]]></value>
                        </Row>
                        <Row>
                            <context><![CDATA[Show/hide view orientations]]></context>
                            <name><![CDATA[TW.ThingView.WidgetUI.LeftPane.Orientation.Tooltip]]></name>
                            <usage></usage>
                            <value><![CDATA[Переключить ориентацию]]></value>
                        </Row>
                        <Row>
                            <context></context>
                            <name><![CDATA[TW.ThingView.WidgetUI.LeftPane.Orientation.Title]]></name>
                            <usage></usage>
                            <value><![CDATA[Ориентация]]></value>
                        </Row>
                        <Row>
                            <context><![CDATA[Show/hide viewestates]]></context>
                            <name><![CDATA[TW.ThingView.WidgetUI.LeftPane.ViewStates.Tooltip]]></name>
                            <usage></usage>
                            <value><![CDATA[Переключить состояния представления]]></value>
                        </Row>
                        <Row>
                            <context></context>
                            <name><![CDATA[TW.ThingView.WidgetUI.LeftPane.ViewStates.Title]]></name>
                            <usage></usage>
                            <value><![CDATA[Состояния представления]]></value>
                        </Row>
                        <Row>
                            <context><![CDATA[Show/hide figures]]></context>
                            <name><![CDATA[TW.ThingView.WidgetUI.LeftPane.Figures.Tooltip]]></name>
                            <usage></usage>
                            <value><![CDATA[Переключить рисунки]]></value>
                        </Row>
                        <Row>
                            <context></context>
                            <name><![CDATA[TW.ThingView.WidgetUI.LeftPane.Figures.Title]]></name>
                            <usage></usage>
                            <value><![CDATA[Рисунки]]></value>
                        </Row>
                        <Row>
                            <context><![CDATA[Load default view]]></context>
                            <name><![CDATA[TW.ThingView.WidgetUI.LeftPane.DefaultView.Title]]></name>
                            <usage></usage>
                            <value><![CDATA[Представление по умолчанию]]></value>
                        </Row>
                        <Row>
                            <context><![CDATA[Move bottom pane horizontally which is fixed to bottom of view]]></context>
                            <name><![CDATA[TW.ThingView.WidgetUI.BottomPane.Dragger.Tooltip]]></name>
                            <usage></usage>
                            <value><![CDATA[Перетащить для перемещения]]></value>
                        </Row>
                        <Row>
                            <context><![CDATA[Control of sequence or animation playback]]></context>
                            <name><![CDATA[TW.ThingView.WidgetUI.BottomPane.Rewind.Tooltip]]></name>
                            <usage></usage>
                            <value><![CDATA[Перемотать в начало]]></value>
                        </Row>
                        <Row>
                            <context></context>
                            <name><![CDATA[TW.ThingView.WidgetUI.BottomPane.Previous.Tooltip]]></name>
                            <usage></usage>
                            <value><![CDATA[Предыдущий шаг]]></value>
                        </Row>
                        <Row>
                            <context></context>
                            <name><![CDATA[TW.ThingView.WidgetUI.BottomPane.Play.Tooltip]]></name>
                            <usage></usage>
                            <value><![CDATA[Воспроизвести]]></value>
                        </Row>
                        <Row>
                            <context></context>
                            <name><![CDATA[TW.ThingView.WidgetUI.BottomPane.Pause.Tooltip]]></name>
                            <usage></usage>
                            <value><![CDATA[Пауза]]></value>
                        </Row>
                        <Row>
                            <context></context>
                            <name><![CDATA[TW.ThingView.WidgetUI.BottomPane.PlayAll.Tooltip]]></name>
                            <usage></usage>
                            <value><![CDATA[Воспроизвести все]]></value>
                        </Row>
                        <Row>
                            <context></context>
                            <name><![CDATA[TW.ThingView.WidgetUI.BottomPane.Next.Tooltip]]></name>
                            <usage></usage>
                            <value><![CDATA[Следующий шаг]]></value>
                        </Row>
                        <Row>
                            <context></context>
                            <name><![CDATA[TW.ThingView.WidgetUI.BottomPane.Acknowledgement.Title]]></name>
                            <usage></usage>
                            <value><![CDATA[Подтверждение]]></value>
                        </Row>
                        <Row>
                            <context></context>
                            <name><![CDATA[TW.ThingView.WidgetUI.BottomPane.Acknowledgement.Replay]]></name>
                            <usage></usage>
                            <value><![CDATA[Воспроизвести повторно]]></value>
                        </Row>
                        <Row>
                            <context></context>
                            <name><![CDATA[TW.ThingView.WidgetUI.BottomPane.Acknowledgement.Continue]]></name>
                            <usage></usage>
                            <value><![CDATA[Продолжить]]></value>
                        </Row>
                        <Row>
                            <context></context>
                            <name><![CDATA[TW.ThingView.WidgetUI.BottomPane.Acknowledgement.Complete]]></name>
                            <usage></usage>
                            <value><![CDATA[Завершить]]></value>
                        </Row>
                        <Row>
                            <context></context>
                            <name><![CDATA[TW.ThingView.WidgetUI.BottomPane.Acknowledgement.Stop]]></name>
                            <usage></usage>
                            <value><![CDATA[Остановить]]></value>
                        </Row>
                        <Row>
                            <context></context>
                            <name><![CDATA[TW.ThingView.WidgetUI.BottomPane.Acknowledgement.Message.Start]]></name>
                            <usage></usage>
                            <value><![CDATA[Вы собираетесь просмотреть:]]></value>
                        </Row>
                        <Row>
                            <context></context>
                            <name><![CDATA[TW.ThingView.WidgetUI.BottomPane.Acknowledgement.Message.End]]></name>
                            <usage></usage>
                            <value><![CDATA[Вы достигли конца шага:]]></value>
                        </Row>
                        <Row>
                            <context></context>
                            <name><![CDATA[TW.ThingView.WidgetUI.PDF.SideBar.DisplaySidebar]]></name>
                            <usage></usage>
                            <value><![CDATA[Отображать боковую панель]]></value>
                        </Row>
                        <Row>
                            <context></context>
                            <name><![CDATA[TW.ThingView.WidgetUI.PDF.SideBar.FirstPage]]></name>
                            <usage></usage>
                            <value><![CDATA[Первая страница]]></value>
                        </Row>
                        <Row>
                            <context></context>
                            <name><![CDATA[TW.ThingView.WidgetUI.PDF.SideBar.PreviousPage]]></name>
                            <usage></usage>
                            <value><![CDATA[Предыдущая страница]]></value>
                        </Row>
                        <Row>
                            <context></context>
                            <name><![CDATA[TW.ThingView.WidgetUI.PDF.SideBar.NextPage]]></name>
                            <usage></usage>
                            <value><![CDATA[Следующая страница]]></value>
                        </Row>
                        <Row>
                            <context></context>
                            <name><![CDATA[TW.ThingView.WidgetUI.PDF.SideBar.LastPage]]></name>
                            <usage></usage>
                            <value><![CDATA[Последняя страница]]></value>
                        </Row>
                        <Row>
                            <context></context>
                            <name><![CDATA[TW.ThingView.WidgetUI.PDF.SideBar.RotateClockwise]]></name>
                            <usage></usage>
                            <value><![CDATA[Повернуть по часовой стрелке]]></value>
                        </Row>
                        <Row>
                            <context></context>
                            <name><![CDATA[TW.ThingView.WidgetUI.PDF.SideBar.RotateAntiClockwise]]></name>
                            <usage></usage>
                            <value><![CDATA[Повернуть против часовой стрелки]]></value>
                        </Row>
                        <Row>
                            <context></context>
                            <name><![CDATA[TW.ThingView.WidgetUI.PDF.SideBar.ZoomIn]]></name>
                            <usage></usage>
                            <value><![CDATA[Увеличить]]></value>
                        </Row>
                        <Row>
                            <context></context>
                            <name><![CDATA[TW.ThingView.WidgetUI.PDF.SideBar.ZoomOut]]></name>
                            <usage></usage>
                            <value><![CDATA[Уменьшить]]></value>
                        </Row>
                        <Row>
                            <context></context>
                            <name><![CDATA[TW.ThingView.WidgetUI.PDF.SideBar.PanMode]]></name>
                            <usage></usage>
                            <value><![CDATA[Режим панорамирования]]></value>
                        </Row>
                        <Row>
                            <context></context>
                            <name><![CDATA[TW.ThingView.WidgetUI.PDF.SideBar.TextSelectMode]]></name>
                            <usage></usage>
                            <value><![CDATA[Режим выбора текста]]></value>
                        </Row>
                        <Row>
                            <context></context>
                            <name><![CDATA[TW.ThingView.WidgetUI.PDF.SideBar.PrintPDF]]></name>
                            <usage></usage>
                            <value><![CDATA[Печатать в формате PDF]]></value>
                        </Row>
                        <Row>
                            <context></context>
                            <name><![CDATA[TW.ThingView.WidgetUI.PDF.SideBar.PageMode.PageMode]]></name>
                            <usage></usage>
                            <value><![CDATA[Постраничный режим]]></value>
                        </Row>
                        <Row>
                            <context></context>
                            <name><![CDATA[TW.ThingView.WidgetUI.PDF.SideBar.PageMode.Original]]></name>
                            <usage></usage>
                            <value><![CDATA[Исходный]]></value>
                        </Row>
                        <Row>
                            <context></context>
                            <name><![CDATA[TW.ThingView.WidgetUI.PDF.SideBar.PageMode.FitPage]]></name>
                            <usage></usage>
                            <value><![CDATA[По странице]]></value>
                        </Row>
                        <Row>
                            <context></context>
                            <name><![CDATA[TW.ThingView.WidgetUI.PDF.SideBar.PageMode.FitWidth]]></name>
                            <usage></usage>
                            <value><![CDATA[По ширине]]></value>
                        </Row>
                        <Row>
                            <context></context>
                            <name><![CDATA[TW.ThingView.WidgetUI.PDF.Search.Input]]></name>
                            <usage></usage>
                            <value><![CDATA[Введите поисковое выражение]]></value>
                        </Row>
                        <Row>
                            <context></context>
                            <name><![CDATA[TW.ThingView.WidgetUI.PDF.Search.SearchingPage]]></name>
                            <usage></usage>
                            <value><![CDATA[Страница поиска]]></value>
                        </Row>
                        <Row>
                            <context></context>
                            <name><![CDATA[TW.ThingView.WidgetUI.PDF.Search.Searching]]></name>
                            <usage></usage>
                            <value><![CDATA[Поиск результатов...]]></value>
                        </Row>
                        <Row>
                            <context></context>
                            <name><![CDATA[TW.ThingView.WidgetUI.PDF.Search.SearchNotFound]]></name>
                            <usage></usage>
                            <value><![CDATA[Поисковое выражение не найдено]]></value>
                        </Row>
                        <Row>
                            <context></context>
                            <name><![CDATA[TW.ThingView.WidgetUI.PDF.Search.Matches]]></name>
                            <usage></usage>
                            <value><![CDATA[совпадает]]></value>
                        </Row>
                        <Row>
                            <context></context>
                            <name><![CDATA[TW.ThingView.WidgetUI.PDF.Search.Tooltips.Search]]></name>
                            <usage></usage>
                            <value><![CDATA[Поиск]]></value>
                        </Row>
                        <Row>
                            <context></context>
                            <name><![CDATA[TW.ThingView.WidgetUI.PDF.Search.Tooltips.Clear]]></name>
                            <usage></usage>
                            <value><![CDATA[Очистить]]></value>
                        </Row>
                        <Row>
                            <context></context>
                            <name><![CDATA[TW.ThingView.WidgetUI.PDF.Search.Tooltips.Next]]></name>
                            <usage></usage>
                            <value><![CDATA[Далее]]></value>
                        </Row>
                        <Row>
                            <context></context>
                            <name><![CDATA[TW.ThingView.WidgetUI.PDF.Search.Tooltips.Previous]]></name>
                            <usage></usage>
                            <value><![CDATA[Предыдущ.]]></value>
                        </Row>
                        <Row>
                            <context></context>
                            <name><![CDATA[TW.ThingView.WidgetUI.PDF.Search.Tooltips.Close]]></name>
                            <usage></usage>
                            <value><![CDATA[Закрыть]]></value>
                        </Row>
                        <Row>
                            <context></context>
                            <name><![CDATA[TW.ThingView.WidgetUI.PDF.Password.EnterPassword]]></name>
                            <usage></usage>
                            <value><![CDATA[Введите пароль.]]></value>
                        </Row>
                        <Row>
                            <context></context>
                            <name><![CDATA[TW.ThingView.WidgetUI.PDF.Password.IncorrectPassword]]></name>
                            <usage></usage>
                            <value><![CDATA[Неправильный пароль.]]></value>
                        </Row>
                        <Row>
                            <context></context>
                            <name><![CDATA[TW.ThingView.WidgetUI.PDF.Search.EnterPasswordAgain]]></name>
                            <usage></usage>
                            <value><![CDATA[Повторите попытку.]]></value>
                        </Row>
                    </Rows>
                </ConfigurationTable>
            </ConfigurationTables>
        </LocalizationTable>
    </LocalizationTables>
</Entities>