<?xml version="1.0" encoding="UTF-8" standalone="no"?>
<Entities>
    <LocalizationTables>
        <LocalizationTable description="pt-BR localization table" documentationContent="" homeMashup="" languageCommon="Brazilian Portuguese" languageNative="Português do Brasil" lastModifiedDate="2020-03-05T12:00:00.000+00:00" name="pt-BR" projectName="" tags="">
            <avatar></avatar>
            <DesignTimePermissions>
                <Create></Create>
                <Read></Read>
                <Update></Update>
                <Delete></Delete>
                <Metadata></Metadata>
            </DesignTimePermissions>
            <RunTimePermissions></RunTimePermissions>
            <VisibilityPermissions>
                <Visibility></Visibility>
            </VisibilityPermissions>
            <ConfigurationTables>
                <ConfigurationTable description="Localization tokens and usage" isMultiRow="true" name="LocalizationTokens" ordinal="0">
                    <DataShape>
                        <FieldDefinitions>
              <FieldDefinition aspect.friendlyName="Translation context" baseType="STRING" description="Translation context" name="context" ordinal="3" />
              <FieldDefinition aspect.friendlyName="Token name" baseType="STRING" description="Token name" name="name" ordinal="0" />
              <FieldDefinition aspect.friendlyName="Token usage" baseType="STRING" description="Token usage" name="usage" ordinal="2" />
              <FieldDefinition aspect.friendlyName="Localized value" baseType="STRING" description="Localized value" name="value" ordinal="1" />
            </FieldDefinitions>
                    </DataShape>
                    <Rows>
                        <Row>
                            <context></context>
                            <name><![CDATA[TW.ThingView.Description]]></name>
                            <usage></usage>
                            <value><![CDATA[The Creo View WebGL Widget allows 3-D models to be displayed.]]></value>
                        </Row>
                        <Row>
                            <context></context>
                            <name><![CDATA[TW.ThingView.Properties.ProductToView.Description]]></name>
                            <usage></usage>
                            <value><![CDATA[The url of the file to load]]></value>
                        </Row>
                        <Row>
                            <context><![CDATA[Base url to windchill server]]></context>
                            <name><![CDATA[TW.ThingView.Properties.BaseUrl.Description]]></name>
                            <usage></usage>
                            <value><![CDATA[The base url of the strucutre]]></value>
                        </Row>
                        <Row>
                            <context><![CDATA[ObjectIdentifier string to WTPart]]></context>
                            <name><![CDATA[TW.ThingView.Properties.Oid.Description]]></name>
                            <usage></usage>
                            <value><![CDATA[The oid of the strucutre]]></value>
                        </Row>
                        <Row>
                            <context><![CDATA[url to map file in windchill server]]></context>
                            <name><![CDATA[TW.ThingView.Properties.MapUrl.Description]]></name>
                            <usage></usage>
                            <value><![CDATA[The map file url]]></value>
                        </Row>
                        <Row>
                            <context><![CDATA[url to markup file in windchill server]]></context>
                            <name><![CDATA[TW.ThingView.Properties.MarkupUrl.Description]]></name>
                            <usage></usage>
                            <value><![CDATA[The url to markup content]]></value>
                        </Row>
                        <Row>
                            <name><![CDATA[TW.ThingView.Properties.Orientations.Description]]></name>
                            <usage></usage>
                            <value><![CDATA[View orientations for the 3D view]]></value>
                        </Row>
                        <Row>
                            <context></context>
                            <name><![CDATA[TW.ThingView.Properties.Orientations.SelectOptions.ISO1]]></name>
                            <usage></usage>
                            <value><![CDATA[ISO 1]]></value>
                        </Row>
                        <Row>
                            <context></context>
                            <name><![CDATA[TW.ThingView.Properties.Orientations.SelectOptions.ISO2]]></name>
                            <usage></usage>
                            <value><![CDATA[ISO 2]]></value>
                        </Row>
                        <Row>
                            <context></context>
                            <name><![CDATA[TW.ThingView.Properties.Orientations.SelectOptions.Top]]></name>
                            <usage></usage>
                            <value><![CDATA[Top]]></value>
                        </Row>
                        <Row>
                            <context></context>
                            <name><![CDATA[TW.ThingView.Properties.Orientations.SelectOptions.Bottom]]></name>
                            <usage></usage>
                            <value><![CDATA[Bottom]]></value>
                        </Row>
                        <Row>
                            <context></context>
                            <name><![CDATA[TW.ThingView.Properties.Orientations.SelectOptions.Left]]></name>
                            <usage></usage>
                            <value><![CDATA[Left]]></value>
                        </Row>
                        <Row>
                            <context></context>
                            <name><![CDATA[TW.ThingView.Properties.Orientations.SelectOptions.Right]]></name>
                            <usage></usage>
                            <value><![CDATA[Right]]></value>
                        </Row>
                        <Row>
                            <context></context>
                            <name><![CDATA[TW.ThingView.Properties.Orientations.SelectOptions.Front]]></name>
                            <usage></usage>
                            <value><![CDATA[Front]]></value>
                        </Row>
                        <Row>
                            <context></context>
                            <name><![CDATA[TW.ThingView.Properties.Orientations.SelectOptions.Back]]></name>
                            <usage></usage>
                            <value><![CDATA[Back]]></value>
                        </Row>
                        <Row>
                            <context></context>
                            <name><![CDATA[TW.ThingView.Properties.MouseNavigation.Description]]></name>
                            <usage></usage>
                            <value><![CDATA[The mouse navigation mode to use in the 3D view]]></value>
                        </Row>
                        <Row>
                            <context></context>
                            <name><![CDATA[TW.ThingView.Properties.MouseNavigation.SelectOptions.CreoView]]></name>
                            <usage></usage>
                            <value><![CDATA[CreoView]]></value>
                        </Row>
                        <Row>
                            <context></context>
                            <name><![CDATA[TW.ThingView.Properties.MouseNavigation.SelectOptions.Creo]]></name>
                            <usage></usage>
                            <value><![CDATA[Creo]]></value>
                        </Row>
                        <Row>
                            <context></context>
                            <name><![CDATA[TW.ThingView.Properties.MouseNavigation.SelectOptions.CATIA]]></name>
                            <usage></usage>
                            <value><![CDATA[CATIA V5 Compatible]]></value>
                        </Row>
                        <Row>
                            <context></context>
                            <name><![CDATA[TW.ThingView.Properties.MouseNavigation.SelectOptions.Explore]]></name>
                            <usage></usage>
                            <value><![CDATA[Explore]]></value>
                        </Row>
                        <Row>
                            <context></context>
                            <name><![CDATA[TW.ThingView.Properties.Orientation.Description]]></name>
                            <usage></usage>
                            <value><![CDATA[Euler angles for camera orientation in X,Y,Z format (unit: degree). (For 90 degrees model rotation around Y-axis, specify 0,90,0)]]></value>
                        </Row>
                        <Row>
                            <context></context>
                            <name><![CDATA[TW.ThingView.Properties.Position.Description]]></name>
                            <usage></usage>
                            <value><![CDATA[Camera position in X,Y,Z format (unit: meter). (For 0.5 meters distance along Y-axis from origin, specifiy 0,0.5,0)]]></value>
                        </Row>
                        <Row>
                            <context></context>
                            <name><![CDATA[TW.ThingView.Properties.BackgroundStyle.Description]]></name>
                            <usage></usage>
                            <value><![CDATA[The background color used for the widget. All other fields ignored.]]></value>
                        </Row>
                        <Row>
                            <context></context>
                            <name><![CDATA[TW.ThingView.Properties.Data.Description]]></name>
                            <usage></usage>
                            <value><![CDATA[Part selection]]></value>
                        </Row>
                        <Row>
                            <context></context>
                            <name><![CDATA[TW.ThingView.Properties.OccurrenceField.Description]]></name>
                            <usage></usage>
                            <value><![CDATA[Field in the Data that contains the Occurrence path id. Used to find rows for selection and coloring.]]></value>
                        </Row>
                        <Row>
                            <context></context>
                            <name><![CDATA[TW.ThingView.Properties.DataFormatter.Description]]></name>
                            <usage></usage>
                            <value><![CDATA[Rules for color in the widget. Only the Text Color will be used, both its color value and transparency setting. Set the transparency very low to hide parts for example. All other fields ignored.]]></value>
                        </Row>
                        <Row>
                            <context></context>
                            <name><![CDATA[TW.ThingView.Properties.SelectedOccurrencePath.Description]]></name>
                            <usage></usage>
                            <value><![CDATA[The Occurrence path that is last selected.]]></value>
                        </Row>
                        <Row>
                            <context></context>
                            <name><![CDATA[TW.ThingView.Properties.PreSelectedOccurrencePath.Description]]></name>
                            <usage></usage>
                            <value><![CDATA[The occurrence path of preselected part.]]></value>
                        </Row>
                        <Row>
                            <context><![CDATA[Viewables i.e. annotations, viewstates]]></context>
                            <name><![CDATA[TW.ThingView.Properties.Views.Description]]></name>
                            <usage></usage>
                            <value><![CDATA[A list of Views (Name, Type, Id).]]></value>
                        </Row>
                        <Row>
                            <context></context>
                            <name><![CDATA[TW.ThingView.Properties.Gnomon.Description]]></name>
                            <usage></usage>
                            <value><![CDATA[Display the Gnomon]]></value>
                        </Row>
                        <Row>
                            <context></context>
                            <name><![CDATA[TW.ThingView.Properties.EnablePartSelection.Description]]></name>
                            <usage></usage>
                            <value><![CDATA[Allow part selection]]></value>
                        </Row>
                        <Row>
                            <context></context>
                            <name><![CDATA[TW.ThingView.Properties.EnablePartDragger.Description]]></name>
                            <usage></usage>
                            <value><![CDATA[Allow the user to drag parts]]></value>
                        </Row>
                        <Row>
                            <context></context>
                            <name><![CDATA[TW.ThingView.Properties.SpinCenter.Description]]></name>
                            <usage></usage>
                            <value><![CDATA[Display the Spin Center during rotation of model in the 3D view]]></value>
                        </Row>
                        <Row>
                            <context></context>
                            <name><![CDATA[TW.ThingView.Properties.AllowCORSCredentials.Description]]></name>
                            <usage></usage>
                            <value><![CDATA[For CORS requests specify whether cookies will be added to the requests]]></value>
                        </Row>
                        <Row>
                            <context></context>
                            <name><![CDATA[TW.ThingView.Properties.AllowClientRedirect.Description]]></name>
                            <usage></usage>
                            <value><![CDATA[Make the media proxy not handle redirects and pass them to ThingView to handle.]]></value>
                        </Row>
                        <Row>
                            <context></context>
                            <name><![CDATA[TW.ThingView.Properties.AcknowledgeStepText.Description]]></name>
                            <usage></usage>
                            <value><![CDATA[The message to display when a sequence step requires an acknowledgement.]]></value>
                        </Row>
                        <Row>
                            <context></context>
                            <name><![CDATA[TW.ThingView.Properties.SequenceStepNumber.Description]]></name>
                            <usage></usage>
                            <value><![CDATA[The current sequence step number]]></value>
                        </Row>
                        <Row>
                            <context></context>
                            <name><![CDATA[TW.ThingView.Properties.SequenceStepName.Description]]></name>
                            <usage></usage>
                            <value><![CDATA[The current sequence step name]]></value>
                        </Row>
                        <Row>
                            <context></context>
                            <name><![CDATA[TW.ThingView.Properties.WindchillSourceData.Description]]></name>
                            <usage></usage>
                            <value><![CDATA[Set to true if ProductToView data is coming from Windchill otherwise set it to false.]]></value>
                        </Row>
                        <Row>
                            <context></context>
                            <name><![CDATA[TW.ThingView.Properties.EnableWindchillFileCache.Description]]></name>
                            <usage></usage>
                            <value><![CDATA[Set to true to enable part file cache from Windchill data source.]]></value>
                        </Row>
                        <Row>
                            <context></context>
                            <name><![CDATA[TW.ThingView.Properties.WindchillCacheSize.Description]]></name>
                            <usage></usage>
                            <value><![CDATA[Cache size in megabytes when using Windchill data source.]]></value>
                        </Row>
                        <Row>
                            <context></context>
                            <name><![CDATA[TW.ThingView.Properties.SelectedParts.Description]]></name>
                            <usage></usage>
                            <value><![CDATA[All the selected parts in the session]]></value>
                        </Row>
                        <Row>
                            <context></context>
                            <name><![CDATA[TW.ThingView.Properties.ThingViewControls.Description]]></name>
                            <usage></usage>
                            <value><![CDATA[Display the UI controls in ThingView]]></value>
                        </Row>
                        <Row>
                            <context></context>
                            <name><![CDATA[TW.ThingView.Properties.DisplayViewState.Description]]></name>
                            <usage></usage>
                            <value><![CDATA[Display viewstates in ThingViewControls]]></value>
                        </Row>
                        <Row>
                            <context></context>
                            <name><![CDATA[TW.ThingView.Properties.DisplayAlternateRep.Description]]></name>
                            <usage></usage>
                            <value><![CDATA[Display alternate representations in ThingViewControls]]></value>
                        </Row>
                        <Row>
                            <context></context>
                            <name><![CDATA[TW.ThingView.Properties.DisplayExplodeState.Description]]></name>
                            <usage></usage>
                            <value><![CDATA[Display explode states in ThingViewControls]]></value>
                        </Row>
                        <Row>
                            <context></context>
                            <name><![CDATA[TW.ThingView.Properties.DisplaySectionCut.Description]]></name>
                            <usage></usage>
                            <value><![CDATA[Display section cuts in ThingViewControls]]></value>
                        </Row>
                        <Row>
                            <context></context>
                            <name><![CDATA[TW.ThingView.Properties.DisplayPlaybackControls.Description]]></name>
                            <usage></usage>
                            <value><![CDATA[Display playback controls in ThingViewControls]]></value>
                        </Row>
                        <Row>
                            <context></context>
                            <name><![CDATA[TW.ThingView.Properties.DisplayFilter.Description]]></name>
                            <usage></usage>
                            <value><![CDATA[JSON string to specify display filters. i.e. { \"ModelAnnotation\": { \"HiddenByDefault\": true, \"PlanarAnnotation\": true, \"FloatingAnnotation\": false, \"MiscAnnotation\": false } }]]></value>
                        </Row>
                        <Row>
                            <context></context>
                            <name><![CDATA[TW.ThingView.Properties.ProjectionMode.Description]]></name>
                            <usage></usage>
                            <value><![CDATA[The projection mode to use in the 3D view]]></value>
                        </Row>
                        <Row>
                            <context></context>
                            <name><![CDATA[TW.ThingView.Properties.ProjectionMode.SelectOptions.Perspective]]></name>
                            <usage></usage>
                            <value><![CDATA[Perspective]]></value>
                        </Row>
                        <Row>
                            <context></context>
                            <name><![CDATA[TW.ThingView.Properties.ProjectionMode.SelectOptions.Orthographic]]></name>
                            <usage></usage>
                            <value><![CDATA[Orthographic]]></value>
                        </Row>
                        <Row>
                            <context></context>
                            <name><![CDATA[TW.ThingView.Properties.PerspectiveHFOV.Description]]></name>
                            <usage></usage>
                            <value><![CDATA[Horizontal field of view in perspective view]]></value>
                        </Row>
                        <Row>
                            <context><![CDATA[Group name of property of part (or assembly) i.e. WindchillPart]]></context>
                            <name><![CDATA[TW.ThingView.Properties.SelectionPropertyGroupName.Description]]></name>
                            <usage></usage>
                            <value><![CDATA[Group name of selection property]]></value>
                        </Row>
                        <Row>
                            <context><![CDATA[Name of proerty i.e. part_number]]></context>
                            <name><![CDATA[TW.ThingView.Properties.SelectionPropertyName.Description]]></name>
                            <usage></usage>
                            <value><![CDATA[Name of selection property]]></value>
                        </Row>
                        <Row>
                            <context></context>
                            <name><![CDATA[TW.ThingView.Properties.SelectedPartsSelectionMode.Description]]></name>
                            <usage></usage>
                            <value><![CDATA[Selection mode for selected parts]]></value>
                        </Row>
                        <Row>
                            <context></context>
                            <name><![CDATA[TW.ThingView.Properties.SelectedPartsSelectionMode.SelectOptions.IdPath]]></name>
                            <usage></usage>
                            <value><![CDATA[ID path]]></value>
                        </Row>
                        <Row>
                            <context></context>
                            <name><![CDATA[TW.ThingView.Properties.SelectedPartsSelectionMode.SelectOptions.PropPath]]></name>
                            <usage></usage>
                            <value><![CDATA[Property path]]></value>
                        </Row>
                        <Row>
                            <context></context>
                            <name><![CDATA[TW.ThingView.Properties.SelectedPartsSelectionMode.SelectOptions.PropValue]]></name>
                            <usage></usage>
                            <value><![CDATA[Property value]]></value>
                        </Row>
                        <Row>
                            <context></context>
                            <name><![CDATA[TW.ThingView.CustomEvents.Loaded.Description]]></name>
                            <usage></usage>
                            <value><![CDATA[Triggered when loading a model is completed.]]></value>
                        </Row>
                        <Row>
                            <context></context>
                            <name><![CDATA[TW.ThingView.CustomEvents.SelectionChanged.Description]]></name>
                            <usage></usage>
                            <value><![CDATA[Triggered when selection is changed in 3D view or Data grid.]]></value>
                        </Row>
                        <Row>
                            <context></context>
                            <name><![CDATA[TW.ThingView.CustomEvents.PreSelectionChanged.Description]]></name>
                            <usage></usage>
                            <value><![CDATA[Triggered when preselection is changed in 3D view.]]></value>
                        </Row>
                        <Row>
                            <context></context>
                            <name><![CDATA[TW.ThingView.CustomEvents.HasAnimation.Description]]></name>
                            <usage></usage>
                            <value><![CDATA[Triggered when loaded illustration has an animation.]]></value>
                        </Row>
                        <Row>
                            <context></context>
                            <name><![CDATA[TW.ThingView.CustomEvents.HasSequence.Description]]></name>
                            <usage></usage>
                            <value><![CDATA[Triggered when loaded illustration has a sequence.]]></value>
                        </Row>
                        <Row>
                            <context></context>
                            <name><![CDATA[TW.ThingView.CustomEvents.SequenceStepAcknowledge.Description]]></name>
                            <usage></usage>
                            <value><![CDATA[Triggered when a sequence step has an acknowledgement]]></value>
                        </Row>
                        <Row>
                            <context></context>
                            <name><![CDATA[TW.ThingView.Services.GetViewLocation.Description]]></name>
                            <usage></usage>
                            <value><![CDATA[Get the location (orientation and position) of the main camera in the 3D view.]]></value>
                        </Row>
                        <Row>
                            <context></context>
                            <name><![CDATA[TW.ThingView.Services.SetViewLocation.Description]]></name>
                            <usage></usage>
                            <value><![CDATA[Move the main camera to be at the location given in the 3D view.]]></value>
                        </Row>
                        <Row>
                            <context></context>
                            <name><![CDATA[TW.ThingView.Services.ZoomAll.Description]]></name>
                            <usage></usage>
                            <value><![CDATA[Zoom so all visible parts and markups fill the view window.]]></value>
                        </Row>
                        <Row>
                            <context></context>
                            <name><![CDATA[TW.ThingView.Services.ZoomSelected.Description]]></name>
                            <usage></usage>
                            <value><![CDATA[Zoom so all selected parts and markups fill the view window.]]></value>
                        </Row>
                        <Row>
                            <context><![CDATA[Sequence figure created by Creo Illustrate]]></context>
                            <name><![CDATA[TW.ThingView.Services.PlaySequenceStep.Description]]></name>
                            <usage></usage>
                            <value><![CDATA[Play the next step in the sequence.]]></value>
                        </Row>
                        <Row>
                            <context></context>
                            <name><![CDATA[TW.ThingView.Services.PauseSequence.Description]]></name>
                            <usage></usage>
                            <value><![CDATA[Pause the playback of the current step.]]></value>
                        </Row>
                        <Row>
                            <context></context>
                            <name><![CDATA[TW.ThingView.Services.StopSequence.Description]]></name>
                            <usage></usage>
                            <value><![CDATA[Stop the playback of the current step.]]></value>
                        </Row>
                        <Row>
                            <context></context>
                            <name><![CDATA[TW.ThingView.Services.RewindSequence.Description]]></name>
                            <usage></usage>
                            <value><![CDATA[Go to the start of the first step in the sequence.]]></value>
                        </Row>
                        <Row>
                            <context></context>
                            <name><![CDATA[TW.ThingView.Services.NextSequenceStep.Description]]></name>
                            <usage></usage>
                            <value><![CDATA[Go to the end of the next step in the sequence.]]></value>
                        </Row>
                        <Row>
                            <context></context>
                            <name><![CDATA[TW.ThingView.Services.PrevSequenceStep.Description]]></name>
                            <usage></usage>
                            <value><![CDATA[Go to the end of the previous step in the sequence.]]></value>
                        </Row>
                        <Row>
                            <context><![CDATA[Animation figure created by Creo Illustrate]]></context>
                            <name><![CDATA[TW.ThingView.Services.PlayAnimation.Description]]></name>
                            <usage></usage>
                            <value><![CDATA[Play the animation.]]></value>
                        </Row>
                        <Row>
                            <context></context>
                            <name><![CDATA[TW.ThingView.Services.PauseAnimation.Description]]></name>
                            <usage></usage>
                            <value><![CDATA[Pause the animation.]]></value>
                        </Row>
                        <Row>
                            <context></context>
                            <name><![CDATA[TW.ThingView.Services.StopAnimation.Description]]></name>
                            <usage></usage>
                            <value><![CDATA[Stop the animation.]]></value>
                        </Row>
                        <Row>
                            <context><![CDATA[Button to close a pane of widget UI]]></context>
                            <name><![CDATA[TW.ThingView.WidgetUI.Closer.Tooltip]]></name>
                            <usage></usage>
                            <value><![CDATA[Fechar]]></value>
                        </Row>
                        <Row>
                            <context><![CDATA[Added to a tooltip of button when it's disabled]]></context>
                            <name><![CDATA[TW.ThingView.WidgetUI.Disabled.Text]]></name>
                            <usage></usage>
                            <value><![CDATA[Desabilitado]]></value>
                        </Row>
                        <Row>
                            <context><![CDATA[Group of tools to perform zooming and selection of parts]]></context>
                            <name><![CDATA[TW.ThingView.WidgetUI.RightPane.Opener.Tooltip]]></name>
                            <usage></usage>
                            <value><![CDATA[Ferramentas de zoom e seleção]]></value>
                        </Row>
                        <Row>
                            <context></context>
                            <name><![CDATA[TW.ThingView.WidgetUI.RightPane.ShowAll.Tooltip]]></name>
                            <usage></usage>
                            <value><![CDATA[Mostrar tudo]]></value>
                        </Row>
                        <Row>
                            <context></context>
                            <name><![CDATA[TW.ThingView.WidgetUI.RightPane.Hide.Tooltip]]></name>
                            <usage></usage>
                            <value><![CDATA[Ocultar seleção]]></value>
                        </Row>
                        <Row>
                            <context></context>
                            <name><![CDATA[TW.ThingView.WidgetUI.RightPane.Isolate.Tooltip]]></name>
                            <usage></usage>
                            <value><![CDATA[Isolar seleção]]></value>
                        </Row>
                        <Row>
                            <context></context>
                            <name><![CDATA[TW.ThingView.WidgetUI.RightPane.ZoomAll.Tooltip]]></name>
                            <usage></usage>
                            <value><![CDATA[Dar zoom em tudo]]></value>
                        </Row>
                        <Row>
                            <context></context>
                            <name><![CDATA[TW.ThingView.WidgetUI.RightPane.ZoomSelected.Tooltip]]></name>
                            <usage></usage>
                            <value><![CDATA[Dar zoom na seleção]]></value>
                        </Row>
                        <Row>
                            <context></context>
                            <name><![CDATA[TW.ThingView.WidgetUI.RightPane.ZoomWindow.Tooltip]]></name>
                            <usage></usage>
                            <value><![CDATA[Dar zoom na janela]]></value>
                        </Row>
                        <Row>
                            <context><![CDATA[Change location of selected parts]]></context>
                            <name><![CDATA[TW.ThingView.WidgetUI.RightPane.PartDragger.Tooltip]]></name>
                            <usage></usage>
                            <value><![CDATA[Arrastador de peça]]></value>
                        </Row>
                        <Row>
                            <context><![CDATA[Move all parts back to original location]]></context>
                            <name><![CDATA[TW.ThingView.WidgetUI.RightPane.RestoreLocation.Tooltip]]></name>
                            <usage></usage>
                            <value><![CDATA[Restaurar local da peça]]></value>
                        </Row>
                        <Row>
                            <context><![CDATA[View orientation and viewstates]]></context>
                            <name><![CDATA[TW.ThingView.WidgetUI.LeftPane.Opener.ViewStates.Tooltip]]></name>
                            <usage></usage>
                            <value><![CDATA[Orientação e estados de vista]]></value>
                        </Row>
                        <Row>
                            <context><![CDATA[View orientation and figures]]></context>
                            <name><![CDATA[TW.ThingView.WidgetUI.LeftPane.Opener.Figures.Tooltip]]></name>
                            <usage></usage>
                            <value><![CDATA[Orientação e figuras]]></value>
                        </Row>
                        <Row>
                            <context><![CDATA[Show/hide view orientations]]></context>
                            <name><![CDATA[TW.ThingView.WidgetUI.LeftPane.Orientation.Tooltip]]></name>
                            <usage></usage>
                            <value><![CDATA[Alternar orientações]]></value>
                        </Row>
                        <Row>
                            <context></context>
                            <name><![CDATA[TW.ThingView.WidgetUI.LeftPane.Orientation.Title]]></name>
                            <usage></usage>
                            <value><![CDATA[Orientação]]></value>
                        </Row>
                        <Row>
                            <context><![CDATA[Show/hide viewestates]]></context>
                            <name><![CDATA[TW.ThingView.WidgetUI.LeftPane.ViewStates.Tooltip]]></name>
                            <usage></usage>
                            <value><![CDATA[Alternar estados de vista]]></value>
                        </Row>
                        <Row>
                            <context></context>
                            <name><![CDATA[TW.ThingView.WidgetUI.LeftPane.ViewStates.Title]]></name>
                            <usage></usage>
                            <value><![CDATA[Estados de vista]]></value>
                        </Row>
                        <Row>
                            <context><![CDATA[Show/hide figures]]></context>
                            <name><![CDATA[TW.ThingView.WidgetUI.LeftPane.Figures.Tooltip]]></name>
                            <usage></usage>
                            <value><![CDATA[Alternar figuras]]></value>
                        </Row>
                        <Row>
                            <context></context>
                            <name><![CDATA[TW.ThingView.WidgetUI.LeftPane.Figures.Title]]></name>
                            <usage></usage>
                            <value><![CDATA[Figuras]]></value>
                        </Row>
                        <Row>
                            <context><![CDATA[Load default view]]></context>
                            <name><![CDATA[TW.ThingView.WidgetUI.LeftPane.DefaultView.Title]]></name>
                            <usage></usage>
                            <value><![CDATA[Vista default]]></value>
                        </Row>
                        <Row>
                            <context><![CDATA[Move bottom pane horizontally which is fixed to bottom of view]]></context>
                            <name><![CDATA[TW.ThingView.WidgetUI.BottomPane.Dragger.Tooltip]]></name>
                            <usage></usage>
                            <value><![CDATA[Arrastar para mover]]></value>
                        </Row>
                        <Row>
                            <context><![CDATA[Control of sequence or animation playback]]></context>
                            <name><![CDATA[TW.ThingView.WidgetUI.BottomPane.Rewind.Tooltip]]></name>
                            <usage></usage>
                            <value><![CDATA[Retroceder para o início]]></value>
                        </Row>
                        <Row>
                            <context></context>
                            <name><![CDATA[TW.ThingView.WidgetUI.BottomPane.Previous.Tooltip]]></name>
                            <usage></usage>
                            <value><![CDATA[Passo anterior]]></value>
                        </Row>
                        <Row>
                            <context></context>
                            <name><![CDATA[TW.ThingView.WidgetUI.BottomPane.Play.Tooltip]]></name>
                            <usage></usage>
                            <value><![CDATA[Reproduzir]]></value>
                        </Row>
                        <Row>
                            <context></context>
                            <name><![CDATA[TW.ThingView.WidgetUI.BottomPane.Pause.Tooltip]]></name>
                            <usage></usage>
                            <value><![CDATA[Pausar]]></value>
                        </Row>
                        <Row>
                            <context></context>
                            <name><![CDATA[TW.ThingView.WidgetUI.BottomPane.PlayAll.Tooltip]]></name>
                            <usage></usage>
                            <value><![CDATA[Reproduzir tudo]]></value>
                        </Row>
                        <Row>
                            <context></context>
                            <name><![CDATA[TW.ThingView.WidgetUI.BottomPane.Next.Tooltip]]></name>
                            <usage></usage>
                            <value><![CDATA[Próximo passo]]></value>
                        </Row>
                        <Row>
                            <context></context>
                            <name><![CDATA[TW.ThingView.WidgetUI.BottomPane.Acknowledgement.Title]]></name>
                            <usage></usage>
                            <value><![CDATA[Reconhecimento]]></value>
                        </Row>
                        <Row>
                            <context></context>
                            <name><![CDATA[TW.ThingView.WidgetUI.BottomPane.Acknowledgement.Replay]]></name>
                            <usage></usage>
                            <value><![CDATA[Reproduzir]]></value>
                        </Row>
                        <Row>
                            <context></context>
                            <name><![CDATA[TW.ThingView.WidgetUI.BottomPane.Acknowledgement.Continue]]></name>
                            <usage></usage>
                            <value><![CDATA[Continuar]]></value>
                        </Row>
                        <Row>
                            <context></context>
                            <name><![CDATA[TW.ThingView.WidgetUI.BottomPane.Acknowledgement.Complete]]></name>
                            <usage></usage>
                            <value><![CDATA[Concluir]]></value>
                        </Row>
                        <Row>
                            <context></context>
                            <name><![CDATA[TW.ThingView.WidgetUI.BottomPane.Acknowledgement.Stop]]></name>
                            <usage></usage>
                            <value><![CDATA[Parar]]></value>
                        </Row>
                        <Row>
                            <context></context>
                            <name><![CDATA[TW.ThingView.WidgetUI.BottomPane.Acknowledgement.Message.Start]]></name>
                            <usage></usage>
                            <value><![CDATA[Você está prestes a visualizar:]]></value>
                        </Row>
                        <Row>
                            <context></context>
                            <name><![CDATA[TW.ThingView.WidgetUI.BottomPane.Acknowledgement.Message.End]]></name>
                            <usage></usage>
                            <value><![CDATA[Você alcançou o final do passo:]]></value>
                        </Row>
                        <Row>
                            <context></context>
                            <name><![CDATA[TW.ThingView.WidgetUI.PDF.SideBar.DisplaySidebar]]></name>
                            <usage></usage>
                            <value><![CDATA[Exibir barra lateral]]></value>
                        </Row>
                        <Row>
                            <context></context>
                            <name><![CDATA[TW.ThingView.WidgetUI.PDF.SideBar.FirstPage]]></name>
                            <usage></usage>
                            <value><![CDATA[Primeira página]]></value>
                        </Row>
                        <Row>
                            <context></context>
                            <name><![CDATA[TW.ThingView.WidgetUI.PDF.SideBar.PreviousPage]]></name>
                            <usage></usage>
                            <value><![CDATA[Página anterior]]></value>
                        </Row>
                        <Row>
                            <context></context>
                            <name><![CDATA[TW.ThingView.WidgetUI.PDF.SideBar.NextPage]]></name>
                            <usage></usage>
                            <value><![CDATA[Próxima página]]></value>
                        </Row>
                        <Row>
                            <context></context>
                            <name><![CDATA[TW.ThingView.WidgetUI.PDF.SideBar.LastPage]]></name>
                            <usage></usage>
                            <value><![CDATA[Última página]]></value>
                        </Row>
                        <Row>
                            <context></context>
                            <name><![CDATA[TW.ThingView.WidgetUI.PDF.SideBar.RotateClockwise]]></name>
                            <usage></usage>
                            <value><![CDATA[Rotacionar em sentido horário]]></value>
                        </Row>
                        <Row>
                            <context></context>
                            <name><![CDATA[TW.ThingView.WidgetUI.PDF.SideBar.RotateAntiClockwise]]></name>
                            <usage></usage>
                            <value><![CDATA[Rotacionar em sentido anti-horário]]></value>
                        </Row>
                        <Row>
                            <context></context>
                            <name><![CDATA[TW.ThingView.WidgetUI.PDF.SideBar.ZoomIn]]></name>
                            <usage></usage>
                            <value><![CDATA[Dar zoom]]></value>
                        </Row>
                        <Row>
                            <context></context>
                            <name><![CDATA[TW.ThingView.WidgetUI.PDF.SideBar.ZoomOut]]></name>
                            <usage></usage>
                            <value><![CDATA[Diminuir zoom]]></value>
                        </Row>
                        <Row>
                            <context></context>
                            <name><![CDATA[TW.ThingView.WidgetUI.PDF.SideBar.PanMode]]></name>
                            <usage></usage>
                            <value><![CDATA[Modo de pan]]></value>
                        </Row>
                        <Row>
                            <context></context>
                            <name><![CDATA[TW.ThingView.WidgetUI.PDF.SideBar.TextSelectMode]]></name>
                            <usage></usage>
                            <value><![CDATA[Modo de seleção de texto]]></value>
                        </Row>
                        <Row>
                            <context></context>
                            <name><![CDATA[TW.ThingView.WidgetUI.PDF.SideBar.PrintPDF]]></name>
                            <usage></usage>
                            <value><![CDATA[Imprimir PDF]]></value>
                        </Row>
                        <Row>
                            <context></context>
                            <name><![CDATA[TW.ThingView.WidgetUI.PDF.SideBar.PageMode.PageMode]]></name>
                            <usage></usage>
                            <value><![CDATA[Modo de página]]></value>
                        </Row>
                        <Row>
                            <context></context>
                            <name><![CDATA[TW.ThingView.WidgetUI.PDF.SideBar.PageMode.Original]]></name>
                            <usage></usage>
                            <value><![CDATA[Original]]></value>
                        </Row>
                        <Row>
                            <context></context>
                            <name><![CDATA[TW.ThingView.WidgetUI.PDF.SideBar.PageMode.FitPage]]></name>
                            <usage></usage>
                            <value><![CDATA[Ajustar página]]></value>
                        </Row>
                        <Row>
                            <context></context>
                            <name><![CDATA[TW.ThingView.WidgetUI.PDF.SideBar.PageMode.FitWidth]]></name>
                            <usage></usage>
                            <value><![CDATA[Ajustar largura]]></value>
                        </Row>
                        <Row>
                            <context></context>
                            <name><![CDATA[TW.ThingView.WidgetUI.PDF.Search.Input]]></name>
                            <usage></usage>
                            <value><![CDATA[Inserir um termo de busca]]></value>
                        </Row>
                        <Row>
                            <context></context>
                            <name><![CDATA[TW.ThingView.WidgetUI.PDF.Search.SearchingPage]]></name>
                            <usage></usage>
                            <value><![CDATA[Página de busca]]></value>
                        </Row>
                        <Row>
                            <context></context>
                            <name><![CDATA[TW.ThingView.WidgetUI.PDF.Search.Searching]]></name>
                            <usage></usage>
                            <value><![CDATA[Buscando resultados...]]></value>
                        </Row>
                        <Row>
                            <context></context>
                            <name><![CDATA[TW.ThingView.WidgetUI.PDF.Search.SearchNotFound]]></name>
                            <usage></usage>
                            <value><![CDATA[Termo de busca não encontrado]]></value>
                        </Row>
                        <Row>
                            <context></context>
                            <name><![CDATA[TW.ThingView.WidgetUI.PDF.Search.Matches]]></name>
                            <usage></usage>
                            <value><![CDATA[corresponde a]]></value>
                        </Row>
                        <Row>
                            <context></context>
                            <name><![CDATA[TW.ThingView.WidgetUI.PDF.Search.Tooltips.Search]]></name>
                            <usage></usage>
                            <value><![CDATA[Buscar]]></value>
                        </Row>
                        <Row>
                            <context></context>
                            <name><![CDATA[TW.ThingView.WidgetUI.PDF.Search.Tooltips.Clear]]></name>
                            <usage></usage>
                            <value><![CDATA[Esvaziar]]></value>
                        </Row>
                        <Row>
                            <context></context>
                            <name><![CDATA[TW.ThingView.WidgetUI.PDF.Search.Tooltips.Next]]></name>
                            <usage></usage>
                            <value><![CDATA[Próxima]]></value>
                        </Row>
                        <Row>
                            <context></context>
                            <name><![CDATA[TW.ThingView.WidgetUI.PDF.Search.Tooltips.Previous]]></name>
                            <usage></usage>
                            <value><![CDATA[Anterior]]></value>
                        </Row>
                        <Row>
                            <context></context>
                            <name><![CDATA[TW.ThingView.WidgetUI.PDF.Search.Tooltips.Close]]></name>
                            <usage></usage>
                            <value><![CDATA[Fechar]]></value>
                        </Row>
                        <Row>
                            <context></context>
                            <name><![CDATA[TW.ThingView.WidgetUI.PDF.Password.EnterPassword]]></name>
                            <usage></usage>
                            <value><![CDATA[Insira uma senha.]]></value>
                        </Row>
                        <Row>
                            <context></context>
                            <name><![CDATA[TW.ThingView.WidgetUI.PDF.Password.IncorrectPassword]]></name>
                            <usage></usage>
                            <value><![CDATA[A senha está incorreta.]]></value>
                        </Row>
                        <Row>
                            <context></context>
                            <name><![CDATA[TW.ThingView.WidgetUI.PDF.Search.EnterPasswordAgain]]></name>
                            <usage></usage>
                            <value><![CDATA[Tente novamente.]]></value>
                        </Row>
                    </Rows>
                </ConfigurationTable>
            </ConfigurationTables>
        </LocalizationTable>
    </LocalizationTables>
</Entities>