<?xml version="1.0" encoding="UTF-8" standalone="no"?>
<Entities>
    <LocalizationTables>
        <LocalizationTable description="ja localization table" documentationContent="" homeMashup="" languageCommon="Japanese" languageNative="日本語" lastModifiedDate="2020-03-05T12:00:00.000+00:00" name="ja" projectName="" tags="">
            <avatar></avatar>
            <DesignTimePermissions>
                <Create></Create>
                <Read></Read>
                <Update></Update>
                <Delete></Delete>
                <Metadata></Metadata>
            </DesignTimePermissions>
            <RunTimePermissions></RunTimePermissions>
            <VisibilityPermissions>
                <Visibility></Visibility>
            </VisibilityPermissions>
            <ConfigurationTables>
                <ConfigurationTable description="Localization tokens and usage" isMultiRow="true" name="LocalizationTokens" ordinal="0">
                    <DataShape>
                        <FieldDefinitions>
              <FieldDefinition aspect.friendlyName="Translation context" baseType="STRING" description="Translation context" name="context" ordinal="3" />
              <FieldDefinition aspect.friendlyName="Token name" baseType="STRING" description="Token name" name="name" ordinal="0" />
              <FieldDefinition aspect.friendlyName="Token usage" baseType="STRING" description="Token usage" name="usage" ordinal="2" />
              <FieldDefinition aspect.friendlyName="Localized value" baseType="STRING" description="Localized value" name="value" ordinal="1" />
            </FieldDefinitions>
                    </DataShape>
                    <Rows>
                        <Row>
                            <context></context>
                            <name><![CDATA[TW.ThingView.Description]]></name>
                            <usage></usage>
                            <value><![CDATA[Creo View WebGL Widget を使用すると、3D モデルが表示できます。]]></value>
                        </Row>
                        <Row>
                            <context></context>
                            <name><![CDATA[TW.ThingView.Properties.ProductToView.Description]]></name>
                            <usage></usage>
                            <value><![CDATA[ロードするファイルの URL]]></value>
                        </Row>
                        <Row>
                            <context><![CDATA[Base url to windchill server]]></context>
                            <name><![CDATA[TW.ThingView.Properties.BaseUrl.Description]]></name>
                            <usage></usage>
                            <value><![CDATA[構造のベース URL]]></value>
                        </Row>
                        <Row>
                            <context><![CDATA[ObjectIdentifier string to WTPart]]></context>
                            <name><![CDATA[TW.ThingView.Properties.Oid.Description]]></name>
                            <usage></usage>
                            <value><![CDATA[構造の OID]]></value>
                        </Row>
                        <Row>
                            <context><![CDATA[url to map file in windchill server]]></context>
                            <name><![CDATA[TW.ThingView.Properties.MapUrl.Description]]></name>
                            <usage></usage>
                            <value><![CDATA[マップファイル URL]]></value>
                        </Row>
                        <Row>
                            <context><![CDATA[url to markup file in windchill server]]></context>
                            <name><![CDATA[TW.ThingView.Properties.MarkupUrl.Description]]></name>
                            <usage></usage>
                            <value><![CDATA[コンテンツをマークアップする URL]]></value>
                        </Row>
                        <Row>
                            <name><![CDATA[TW.ThingView.Properties.Orientations.Description]]></name>
                            <usage></usage>
                            <value><![CDATA[3D ビューのビュー方向]]></value>
                        </Row>
                        <Row>
                            <context></context>
                            <name><![CDATA[TW.ThingView.Properties.Orientations.SelectOptions.ISO1]]></name>
                            <usage></usage>
                            <value><![CDATA[ISO 1]]></value>
                        </Row>
                        <Row>
                            <context></context>
                            <name><![CDATA[TW.ThingView.Properties.Orientations.SelectOptions.ISO2]]></name>
                            <usage></usage>
                            <value><![CDATA[ISO 2]]></value>
                        </Row>
                        <Row>
                            <context></context>
                            <name><![CDATA[TW.ThingView.Properties.Orientations.SelectOptions.Top]]></name>
                            <usage></usage>
                            <value><![CDATA[上]]></value>
                        </Row>
                        <Row>
                            <context></context>
                            <name><![CDATA[TW.ThingView.Properties.Orientations.SelectOptions.Bottom]]></name>
                            <usage></usage>
                            <value><![CDATA[下]]></value>
                        </Row>
                        <Row>
                            <context></context>
                            <name><![CDATA[TW.ThingView.Properties.Orientations.SelectOptions.Left]]></name>
                            <usage></usage>
                            <value><![CDATA[左]]></value>
                        </Row>
                        <Row>
                            <context></context>
                            <name><![CDATA[TW.ThingView.Properties.Orientations.SelectOptions.Right]]></name>
                            <usage></usage>
                            <value><![CDATA[右]]></value>
                        </Row>
                        <Row>
                            <context></context>
                            <name><![CDATA[TW.ThingView.Properties.Orientations.SelectOptions.Front]]></name>
                            <usage></usage>
                            <value><![CDATA[前]]></value>
                        </Row>
                        <Row>
                            <context></context>
                            <name><![CDATA[TW.ThingView.Properties.Orientations.SelectOptions.Back]]></name>
                            <usage></usage>
                            <value><![CDATA[後方]]></value>
                        </Row>
                        <Row>
                            <context></context>
                            <name><![CDATA[TW.ThingView.Properties.MouseNavigation.Description]]></name>
                            <usage></usage>
                            <value><![CDATA[3D ビューで使用するマウスナビゲーションモード]]></value>
                        </Row>
                        <Row>
                            <context></context>
                            <name><![CDATA[TW.ThingView.Properties.MouseNavigation.SelectOptions.CreoView]]></name>
                            <usage></usage>
                            <value><![CDATA[CreoView]]></value>
                        </Row>
                        <Row>
                            <context></context>
                            <name><![CDATA[TW.ThingView.Properties.MouseNavigation.SelectOptions.Creo]]></name>
                            <usage></usage>
                            <value><![CDATA[Creo]]></value>
                        </Row>
                        <Row>
                            <context></context>
                            <name><![CDATA[TW.ThingView.Properties.MouseNavigation.SelectOptions.CATIA]]></name>
                            <usage></usage>
                            <value><![CDATA[CATIA V5 互換性]]></value>
                        </Row>
                        <Row>
                            <context></context>
                            <name><![CDATA[TW.ThingView.Properties.MouseNavigation.SelectOptions.Explore]]></name>
                            <usage></usage>
                            <value><![CDATA[エクスプローラ]]></value>
                        </Row>
                        <Row>
                            <context></context>
                            <name><![CDATA[TW.ThingView.Properties.Orientation.Description]]></name>
                            <usage></usage>
                            <value><![CDATA[X,Y,Z フォーマットでのカメラ方向のオイラー角度 (単位: 度)。(Y 軸を中心にした 90 度のモデル回転には、0,90,0 を指定)]]></value>
                        </Row>
                        <Row>
                            <context></context>
                            <name><![CDATA[TW.ThingView.Properties.Position.Description]]></name>
                            <usage></usage>
                            <value><![CDATA[X,Y,Z フォーマットでのカメラ位置 (単位: メートル)。(基準から Y 軸に沿って 0.5 メートルの距離にする場合は、0,0.5,0 を指定)]]></value>
                        </Row>
                        <Row>
                            <context></context>
                            <name><![CDATA[TW.ThingView.Properties.BackgroundStyle.Description]]></name>
                            <usage></usage>
                            <value><![CDATA[ウィジェットに使用する背景色。その他すべてのフィールドは無視されました。]]></value>
                        </Row>
                        <Row>
                            <context></context>
                            <name><![CDATA[TW.ThingView.Properties.Data.Description]]></name>
                            <usage></usage>
                            <value><![CDATA[部品選択]]></value>
                        </Row>
                        <Row>
                            <context></context>
                            <name><![CDATA[TW.ThingView.Properties.OccurrenceField.Description]]></name>
                            <usage></usage>
                            <value><![CDATA[オカレンスパス ID を含むデータ内のフィールド。選択および色付けする行の検索に使用します。]]></value>
                        </Row>
                        <Row>
                            <context></context>
                            <name><![CDATA[TW.ThingView.Properties.DataFormatter.Description]]></name>
                            <usage></usage>
                            <value><![CDATA[ウィジェット内の色の規則。テキストの色 (色の値および透明度の設定の両方) のみが使用されます。たとえば、透明度を非常に低く設定して部品を非表示にします。その他すべてのフィールドは無視されます。]]></value>
                        </Row>
                        <Row>
                            <context></context>
                            <name><![CDATA[TW.ThingView.Properties.SelectedOccurrencePath.Description]]></name>
                            <usage></usage>
                            <value><![CDATA[最後に選択されたオカレンスパス。]]></value>
                        </Row>
                        <Row>
                            <context></context>
                            <name><![CDATA[TW.ThingView.Properties.PreSelectedOccurrencePath.Description]]></name>
                            <usage></usage>
                            <value><![CDATA[事前選択された部品のオカレンスパス。]]></value>
                        </Row>
                        <Row>
                            <context><![CDATA[Viewables i.e. annotations, viewstates]]></context>
                            <name><![CDATA[TW.ThingView.Properties.Views.Description]]></name>
                            <usage></usage>
                            <value><![CDATA[ビューのリスト (名前、タイプ、ID)。]]></value>
                        </Row>
                        <Row>
                            <context></context>
                            <name><![CDATA[TW.ThingView.Properties.Gnomon.Description]]></name>
                            <usage></usage>
                            <value><![CDATA[指針を表示]]></value>
                        </Row>
                        <Row>
                            <context></context>
                            <name><![CDATA[TW.ThingView.Properties.EnablePartSelection.Description]]></name>
                            <usage></usage>
                            <value><![CDATA[部品選択を許可]]></value>
                        </Row>
                        <Row>
                            <context></context>
                            <name><![CDATA[TW.ThingView.Properties.EnablePartDragger.Description]]></name>
                            <usage></usage>
                            <value><![CDATA[部品のドラッグをユーザーに許可]]></value>
                        </Row>
                        <Row>
                            <context></context>
                            <name><![CDATA[TW.ThingView.Properties.SpinCenter.Description]]></name>
                            <usage></usage>
                            <value><![CDATA[3D ビューでモデルの回転中にスピン中心を表示]]></value>
                        </Row>
                        <Row>
                            <context></context>
                            <name><![CDATA[TW.ThingView.Properties.AllowCORSCredentials.Description]]></name>
                            <usage></usage>
                            <value><![CDATA[CORS リクエストで、リクエストに Cookie を追加するかどうかを指定]]></value>
                        </Row>
                        <Row>
                            <context></context>
                            <name><![CDATA[TW.ThingView.Properties.AllowClientRedirect.Description]]></name>
                            <usage></usage>
                            <value><![CDATA[メディアプロキシでリダイレクトの処理をせず、ThingView に渡して処理します。]]></value>
                        </Row>
                        <Row>
                            <context></context>
                            <name><![CDATA[TW.ThingView.Properties.AcknowledgeStepText.Description]]></name>
                            <usage></usage>
                            <value><![CDATA[シーケンスステップに承認が必要な場合に表示するメッセージ。]]></value>
                        </Row>
                        <Row>
                            <context></context>
                            <name><![CDATA[TW.ThingView.Properties.SequenceStepNumber.Description]]></name>
                            <usage></usage>
                            <value><![CDATA[現在のシーケンスステップ番号]]></value>
                        </Row>
                        <Row>
                            <context></context>
                            <name><![CDATA[TW.ThingView.Properties.SequenceStepName.Description]]></name>
                            <usage></usage>
                            <value><![CDATA[現在のシーケンスステップ名]]></value>
                        </Row>
                        <Row>
                            <context></context>
                            <name><![CDATA[TW.ThingView.Properties.WindchillSourceData.Description]]></name>
                            <usage></usage>
                            <value><![CDATA[ProductToView データが Windchill から来ている場合は真に設定し、それ以外の場合は偽に設定します。]]></value>
                        </Row>
                        <Row>
                            <context></context>
                            <name><![CDATA[TW.ThingView.Properties.EnableWindchillFileCache.Description]]></name>
                            <usage></usage>
                            <value><![CDATA[Windchill データソースからの部品ファイルのキャッシュを有効にするには真に設定します。]]></value>
                        </Row>
                        <Row>
                            <context></context>
                            <name><![CDATA[TW.ThingView.Properties.WindchillCacheSize.Description]]></name>
                            <usage></usage>
                            <value><![CDATA[Windchill データソースを使用する際の、メガバイト単位のキャッシュサイズ。]]></value>
                        </Row>
                        <Row>
                            <context></context>
                            <name><![CDATA[TW.ThingView.Properties.SelectedParts.Description]]></name>
                            <usage></usage>
                            <value><![CDATA[セッション内の選択したすべての部品]]></value>
                        </Row>
                        <Row>
                            <context></context>
                            <name><![CDATA[TW.ThingView.Properties.ThingViewControls.Description]]></name>
                            <usage></usage>
                            <value><![CDATA[ThingView で UI 制御を表示]]></value>
                        </Row>
                        <Row>
                            <context></context>
                            <name><![CDATA[TW.ThingView.Properties.DisplayViewState.Description]]></name>
                            <usage></usage>
                            <value><![CDATA[ThingViewControls でビューの状態を表示]]></value>
                        </Row>
                        <Row>
                            <context></context>
                            <name><![CDATA[TW.ThingView.Properties.DisplayAlternateRep.Description]]></name>
                            <usage></usage>
                            <value><![CDATA[ThingViewControls で代替製品表現を表示]]></value>
                        </Row>
                        <Row>
                            <context></context>
                            <name><![CDATA[TW.ThingView.Properties.DisplayExplodeState.Description]]></name>
                            <usage></usage>
                            <value><![CDATA[ThingViewControls で分解ステートを表示]]></value>
                        </Row>
                        <Row>
                            <context></context>
                            <name><![CDATA[TW.ThingView.Properties.DisplaySectionCut.Description]]></name>
                            <usage></usage>
                            <value><![CDATA[ThingViewControls で断面カットを表示]]></value>
                        </Row>
                        <Row>
                            <context></context>
                            <name><![CDATA[TW.ThingView.Properties.DisplayPlaybackControls.Description]]></name>
                            <usage></usage>
                            <value><![CDATA[ThingViewControls で再生制御を表示]]></value>
                        </Row>
                        <Row>
                            <context></context>
                            <name><![CDATA[TW.ThingView.Properties.DisplayFilter.Description]]></name>
                            <usage></usage>
                            <value><![CDATA[表示フィルタを指定する JSON 文字列。例: { \"ModelAnnotation\": { \"HiddenByDefault\": true, \"PlanarAnnotation\": true, \"FloatingAnnotation\": false, \"MiscAnnotation\": false } }]]></value>
                        </Row>
                        <Row>
                            <context></context>
                            <name><![CDATA[TW.ThingView.Properties.ProjectionMode.Description]]></name>
                            <usage></usage>
                            <value><![CDATA[3D ビューで使用する投影モード]]></value>
                        </Row>
                        <Row>
                            <context></context>
                            <name><![CDATA[TW.ThingView.Properties.ProjectionMode.SelectOptions.Perspective]]></name>
                            <usage></usage>
                            <value><![CDATA[パース処理]]></value>
                        </Row>
                        <Row>
                            <context></context>
                            <name><![CDATA[TW.ThingView.Properties.ProjectionMode.SelectOptions.Orthographic]]></name>
                            <usage></usage>
                            <value><![CDATA[正投影]]></value>
                        </Row>
                        <Row>
                            <context></context>
                            <name><![CDATA[TW.ThingView.Properties.PerspectiveHFOV.Description]]></name>
                            <usage></usage>
                            <value><![CDATA[パースビューの水平視野]]></value>
                        </Row>
                        <Row>
                            <context><![CDATA[Group name of property of part (or assembly) i.e. WindchillPart]]></context>
                            <name><![CDATA[TW.ThingView.Properties.SelectionPropertyGroupName.Description]]></name>
                            <usage></usage>
                            <value><![CDATA[選択プロパティのグループ名]]></value>
                        </Row>
                        <Row>
                            <context><![CDATA[Name of proerty i.e. part_number]]></context>
                            <name><![CDATA[TW.ThingView.Properties.SelectionPropertyName.Description]]></name>
                            <usage></usage>
                            <value><![CDATA[選択プロパティの名前]]></value>
                        </Row>
                        <Row>
                            <context></context>
                            <name><![CDATA[TW.ThingView.Properties.SelectedPartsSelectionMode.Description]]></name>
                            <usage></usage>
                            <value><![CDATA[選択した部品の選択モード]]></value>
                        </Row>
                        <Row>
                            <context></context>
                            <name><![CDATA[TW.ThingView.Properties.SelectedPartsSelectionMode.SelectOptions.IdPath]]></name>
                            <usage></usage>
                            <value><![CDATA[ID パス]]></value>
                        </Row>
                        <Row>
                            <context></context>
                            <name><![CDATA[TW.ThingView.Properties.SelectedPartsSelectionMode.SelectOptions.PropPath]]></name>
                            <usage></usage>
                            <value><![CDATA[プロパティパス]]></value>
                        </Row>
                        <Row>
                            <context></context>
                            <name><![CDATA[TW.ThingView.Properties.SelectedPartsSelectionMode.SelectOptions.PropValue]]></name>
                            <usage></usage>
                            <value><![CDATA[プロパティ値]]></value>
                        </Row>
                        <Row>
                            <context></context>
                            <name><![CDATA[TW.ThingView.CustomEvents.Loaded.Description]]></name>
                            <usage></usage>
                            <value><![CDATA[モデルのロードが完了した際にトリガーされます。]]></value>
                        </Row>
                        <Row>
                            <context></context>
                            <name><![CDATA[TW.ThingView.CustomEvents.SelectionChanged.Description]]></name>
                            <usage></usage>
                            <value><![CDATA[3D ビューまたはデータグリッドで選択が変更された際にトリガーされます。]]></value>
                        </Row>
                        <Row>
                            <context></context>
                            <name><![CDATA[TW.ThingView.CustomEvents.PreSelectionChanged.Description]]></name>
                            <usage></usage>
                            <value><![CDATA[3D ビューで事前選択が変更された際にトリガーされます。]]></value>
                        </Row>
                        <Row>
                            <context></context>
                            <name><![CDATA[TW.ThingView.CustomEvents.HasAnimation.Description]]></name>
                            <usage></usage>
                            <value><![CDATA[ロードされたイラストレーションにアニメーションがある場合にトリガーされます。]]></value>
                        </Row>
                        <Row>
                            <context></context>
                            <name><![CDATA[TW.ThingView.CustomEvents.HasSequence.Description]]></name>
                            <usage></usage>
                            <value><![CDATA[ロードされたイラストレーションにシーケンスがある場合にトリガーされます。]]></value>
                        </Row>
                        <Row>
                            <context></context>
                            <name><![CDATA[TW.ThingView.CustomEvents.SequenceStepAcknowledge.Description]]></name>
                            <usage></usage>
                            <value><![CDATA[シーケンスステップに承認がある場合にトリガーされます。]]></value>
                        </Row>
                        <Row>
                            <context></context>
                            <name><![CDATA[TW.ThingView.Services.GetViewLocation.Description]]></name>
                            <usage></usage>
                            <value><![CDATA[3D ビューのメインカメラの場所 (方向および位置) を取得します。]]></value>
                        </Row>
                        <Row>
                            <context></context>
                            <name><![CDATA[TW.ThingView.Services.SetViewLocation.Description]]></name>
                            <usage></usage>
                            <value><![CDATA[メインカメラを 3D ビューで指定された場所に移動します。]]></value>
                        </Row>
                        <Row>
                            <context></context>
                            <name><![CDATA[TW.ThingView.Services.ZoomAll.Description]]></name>
                            <usage></usage>
                            <value><![CDATA[表示されているすべての部品およびマークアップがビューウィンドウ全体に表示されるようにズームします。]]></value>
                        </Row>
                        <Row>
                            <context></context>
                            <name><![CDATA[TW.ThingView.Services.ZoomSelected.Description]]></name>
                            <usage></usage>
                            <value><![CDATA[選択したすべての部品およびマークアップがビューウィンドウ全体に表示されるようにズームします。]]></value>
                        </Row>
                        <Row>
                            <context><![CDATA[Sequence figure created by Creo Illustrate]]></context>
                            <name><![CDATA[TW.ThingView.Services.PlaySequenceStep.Description]]></name>
                            <usage></usage>
                            <value><![CDATA[シーケンスの次のステップを再生します。]]></value>
                        </Row>
                        <Row>
                            <context></context>
                            <name><![CDATA[TW.ThingView.Services.PauseSequence.Description]]></name>
                            <usage></usage>
                            <value><![CDATA[現在のステップの再生を一時停止します。]]></value>
                        </Row>
                        <Row>
                            <context></context>
                            <name><![CDATA[TW.ThingView.Services.StopSequence.Description]]></name>
                            <usage></usage>
                            <value><![CDATA[現在のステップの再生を停止します。]]></value>
                        </Row>
                        <Row>
                            <context></context>
                            <name><![CDATA[TW.ThingView.Services.RewindSequence.Description]]></name>
                            <usage></usage>
                            <value><![CDATA[シーケンスの最初のステップの最初に移動します。]]></value>
                        </Row>
                        <Row>
                            <context></context>
                            <name><![CDATA[TW.ThingView.Services.NextSequenceStep.Description]]></name>
                            <usage></usage>
                            <value><![CDATA[シーケンスの次のステップの最後に移動します。]]></value>
                        </Row>
                        <Row>
                            <context></context>
                            <name><![CDATA[TW.ThingView.Services.PrevSequenceStep.Description]]></name>
                            <usage></usage>
                            <value><![CDATA[シーケンスの前のステップの最後に移動します。]]></value>
                        </Row>
                        <Row>
                            <context><![CDATA[Animation figure created by Creo Illustrate]]></context>
                            <name><![CDATA[TW.ThingView.Services.PlayAnimation.Description]]></name>
                            <usage></usage>
                            <value><![CDATA[アニメーションを再生します。]]></value>
                        </Row>
                        <Row>
                            <context></context>
                            <name><![CDATA[TW.ThingView.Services.PauseAnimation.Description]]></name>
                            <usage></usage>
                            <value><![CDATA[アニメーションを一時停止します。]]></value>
                        </Row>
                        <Row>
                            <context></context>
                            <name><![CDATA[TW.ThingView.Services.StopAnimation.Description]]></name>
                            <usage></usage>
                            <value><![CDATA[アニメーションを停止します。]]></value>
                        </Row>
                        <Row>
                            <context><![CDATA[Button to close a pane of widget UI]]></context>
                            <name><![CDATA[TW.ThingView.WidgetUI.Closer.Tooltip]]></name>
                            <usage></usage>
                            <value><![CDATA[閉じる]]></value>
                        </Row>
                        <Row>
                            <context><![CDATA[Added to a tooltip of button when it's disabled]]></context>
                            <name><![CDATA[TW.ThingView.WidgetUI.Disabled.Text]]></name>
                            <usage></usage>
                            <value><![CDATA[無効]]></value>
                        </Row>
                        <Row>
                            <context><![CDATA[Group of tools to perform zooming and selection of parts]]></context>
                            <name><![CDATA[TW.ThingView.WidgetUI.RightPane.Opener.Tooltip]]></name>
                            <usage></usage>
                            <value><![CDATA[ズーム & 選択ツール]]></value>
                        </Row>
                        <Row>
                            <context></context>
                            <name><![CDATA[TW.ThingView.WidgetUI.RightPane.ShowAll.Tooltip]]></name>
                            <usage></usage>
                            <value><![CDATA[すべて表示]]></value>
                        </Row>
                        <Row>
                            <context></context>
                            <name><![CDATA[TW.ThingView.WidgetUI.RightPane.Hide.Tooltip]]></name>
                            <usage></usage>
                            <value><![CDATA[選択項目を非表示]]></value>
                        </Row>
                        <Row>
                            <context></context>
                            <name><![CDATA[TW.ThingView.WidgetUI.RightPane.Isolate.Tooltip]]></name>
                            <usage></usage>
                            <value><![CDATA[選択項目のみを表示]]></value>
                        </Row>
                        <Row>
                            <context></context>
                            <name><![CDATA[TW.ThingView.WidgetUI.RightPane.ZoomAll.Tooltip]]></name>
                            <usage></usage>
                            <value><![CDATA[全体を表示]]></value>
                        </Row>
                        <Row>
                            <context></context>
                            <name><![CDATA[TW.ThingView.WidgetUI.RightPane.ZoomSelected.Tooltip]]></name>
                            <usage></usage>
                            <value><![CDATA[選択項目をズーム]]></value>
                        </Row>
                        <Row>
                            <context></context>
                            <name><![CDATA[TW.ThingView.WidgetUI.RightPane.ZoomWindow.Tooltip]]></name>
                            <usage></usage>
                            <value><![CDATA[選択領域をズーム]]></value>
                        </Row>
                        <Row>
                            <context><![CDATA[Change location of selected parts]]></context>
                            <name><![CDATA[TW.ThingView.WidgetUI.RightPane.PartDragger.Tooltip]]></name>
                            <usage></usage>
                            <value><![CDATA[部品ドラッガ]]></value>
                        </Row>
                        <Row>
                            <context><![CDATA[Move all parts back to original location]]></context>
                            <name><![CDATA[TW.ThingView.WidgetUI.RightPane.RestoreLocation.Tooltip]]></name>
                            <usage></usage>
                            <value><![CDATA[部品の場所を復元]]></value>
                        </Row>
                        <Row>
                            <context><![CDATA[View orientation and viewstates]]></context>
                            <name><![CDATA[TW.ThingView.WidgetUI.LeftPane.Opener.ViewStates.Tooltip]]></name>
                            <usage></usage>
                            <value><![CDATA[方向 & ビューの状態]]></value>
                        </Row>
                        <Row>
                            <context><![CDATA[View orientation and figures]]></context>
                            <name><![CDATA[TW.ThingView.WidgetUI.LeftPane.Opener.Figures.Tooltip]]></name>
                            <usage></usage>
                            <value><![CDATA[方向 & フィギュア]]></value>
                        </Row>
                        <Row>
                            <context><![CDATA[Show/hide view orientations]]></context>
                            <name><![CDATA[TW.ThingView.WidgetUI.LeftPane.Orientation.Tooltip]]></name>
                            <usage></usage>
                            <value><![CDATA[方向を切り替え]]></value>
                        </Row>
                        <Row>
                            <context></context>
                            <name><![CDATA[TW.ThingView.WidgetUI.LeftPane.Orientation.Title]]></name>
                            <usage></usage>
                            <value><![CDATA[方向]]></value>
                        </Row>
                        <Row>
                            <context><![CDATA[Show/hide viewestates]]></context>
                            <name><![CDATA[TW.ThingView.WidgetUI.LeftPane.ViewStates.Tooltip]]></name>
                            <usage></usage>
                            <value><![CDATA[ビューの状態を切り替え]]></value>
                        </Row>
                        <Row>
                            <context></context>
                            <name><![CDATA[TW.ThingView.WidgetUI.LeftPane.ViewStates.Title]]></name>
                            <usage></usage>
                            <value><![CDATA[ビューの状態]]></value>
                        </Row>
                        <Row>
                            <context><![CDATA[Show/hide figures]]></context>
                            <name><![CDATA[TW.ThingView.WidgetUI.LeftPane.Figures.Tooltip]]></name>
                            <usage></usage>
                            <value><![CDATA[フィギュアを切り替え]]></value>
                        </Row>
                        <Row>
                            <context></context>
                            <name><![CDATA[TW.ThingView.WidgetUI.LeftPane.Figures.Title]]></name>
                            <usage></usage>
                            <value><![CDATA[フィギュア]]></value>
                        </Row>
                        <Row>
                            <context><![CDATA[Load default view]]></context>
                            <name><![CDATA[TW.ThingView.WidgetUI.LeftPane.DefaultView.Title]]></name>
                            <usage></usage>
                            <value><![CDATA[デフォルトビュー]]></value>
                        </Row>
                        <Row>
                            <context><![CDATA[Move bottom pane horizontally which is fixed to bottom of view]]></context>
                            <name><![CDATA[TW.ThingView.WidgetUI.BottomPane.Dragger.Tooltip]]></name>
                            <usage></usage>
                            <value><![CDATA[ドラッグして移動]]></value>
                        </Row>
                        <Row>
                            <context><![CDATA[Control of sequence or animation playback]]></context>
                            <name><![CDATA[TW.ThingView.WidgetUI.BottomPane.Rewind.Tooltip]]></name>
                            <usage></usage>
                            <value><![CDATA[始点まで巻き戻し]]></value>
                        </Row>
                        <Row>
                            <context></context>
                            <name><![CDATA[TW.ThingView.WidgetUI.BottomPane.Previous.Tooltip]]></name>
                            <usage></usage>
                            <value><![CDATA[前のステップ]]></value>
                        </Row>
                        <Row>
                            <context></context>
                            <name><![CDATA[TW.ThingView.WidgetUI.BottomPane.Play.Tooltip]]></name>
                            <usage></usage>
                            <value><![CDATA[再生]]></value>
                        </Row>
                        <Row>
                            <context></context>
                            <name><![CDATA[TW.ThingView.WidgetUI.BottomPane.Pause.Tooltip]]></name>
                            <usage></usage>
                            <value><![CDATA[一時停止]]></value>
                        </Row>
                        <Row>
                            <context></context>
                            <name><![CDATA[TW.ThingView.WidgetUI.BottomPane.PlayAll.Tooltip]]></name>
                            <usage></usage>
                            <value><![CDATA[すべて再生]]></value>
                        </Row>
                        <Row>
                            <context></context>
                            <name><![CDATA[TW.ThingView.WidgetUI.BottomPane.Next.Tooltip]]></name>
                            <usage></usage>
                            <value><![CDATA[次のステップ]]></value>
                        </Row>
                        <Row>
                            <context></context>
                            <name><![CDATA[TW.ThingView.WidgetUI.BottomPane.Acknowledgement.Title]]></name>
                            <usage></usage>
                            <value><![CDATA[承認]]></value>
                        </Row>
                        <Row>
                            <context></context>
                            <name><![CDATA[TW.ThingView.WidgetUI.BottomPane.Acknowledgement.Replay]]></name>
                            <usage></usage>
                            <value><![CDATA[リプレイ]]></value>
                        </Row>
                        <Row>
                            <context></context>
                            <name><![CDATA[TW.ThingView.WidgetUI.BottomPane.Acknowledgement.Continue]]></name>
                            <usage></usage>
                            <value><![CDATA[継続]]></value>
                        </Row>
                        <Row>
                            <context></context>
                            <name><![CDATA[TW.ThingView.WidgetUI.BottomPane.Acknowledgement.Complete]]></name>
                            <usage></usage>
                            <value><![CDATA[完了]]></value>
                        </Row>
                        <Row>
                            <context></context>
                            <name><![CDATA[TW.ThingView.WidgetUI.BottomPane.Acknowledgement.Stop]]></name>
                            <usage></usage>
                            <value><![CDATA[停止]]></value>
                        </Row>
                        <Row>
                            <context></context>
                            <name><![CDATA[TW.ThingView.WidgetUI.BottomPane.Acknowledgement.Message.Start]]></name>
                            <usage></usage>
                            <value><![CDATA[表示しようとしています:]]></value>
                        </Row>
                        <Row>
                            <context></context>
                            <name><![CDATA[TW.ThingView.WidgetUI.BottomPane.Acknowledgement.Message.End]]></name>
                            <usage></usage>
                            <value><![CDATA[ステップはこれ以上ありません:]]></value>
                        </Row>
                        <Row>
                            <context></context>
                            <name><![CDATA[TW.ThingView.WidgetUI.PDF.SideBar.DisplaySidebar]]></name>
                            <usage></usage>
                            <value><![CDATA[サイドバーを表示]]></value>
                        </Row>
                        <Row>
                            <context></context>
                            <name><![CDATA[TW.ThingView.WidgetUI.PDF.SideBar.FirstPage]]></name>
                            <usage></usage>
                            <value><![CDATA[最初のページ]]></value>
                        </Row>
                        <Row>
                            <context></context>
                            <name><![CDATA[TW.ThingView.WidgetUI.PDF.SideBar.PreviousPage]]></name>
                            <usage></usage>
                            <value><![CDATA[前のページ]]></value>
                        </Row>
                        <Row>
                            <context></context>
                            <name><![CDATA[TW.ThingView.WidgetUI.PDF.SideBar.NextPage]]></name>
                            <usage></usage>
                            <value><![CDATA[次のページ]]></value>
                        </Row>
                        <Row>
                            <context></context>
                            <name><![CDATA[TW.ThingView.WidgetUI.PDF.SideBar.LastPage]]></name>
                            <usage></usage>
                            <value><![CDATA[最後のページ]]></value>
                        </Row>
                        <Row>
                            <context></context>
                            <name><![CDATA[TW.ThingView.WidgetUI.PDF.SideBar.RotateClockwise]]></name>
                            <usage></usage>
                            <value><![CDATA[時計回りに回転]]></value>
                        </Row>
                        <Row>
                            <context></context>
                            <name><![CDATA[TW.ThingView.WidgetUI.PDF.SideBar.RotateAntiClockwise]]></name>
                            <usage></usage>
                            <value><![CDATA[反時計回りに回転]]></value>
                        </Row>
                        <Row>
                            <context></context>
                            <name><![CDATA[TW.ThingView.WidgetUI.PDF.SideBar.ZoomIn]]></name>
                            <usage></usage>
                            <value><![CDATA[ズームイン]]></value>
                        </Row>
                        <Row>
                            <context></context>
                            <name><![CDATA[TW.ThingView.WidgetUI.PDF.SideBar.ZoomOut]]></name>
                            <usage></usage>
                            <value><![CDATA[ズームアウト]]></value>
                        </Row>
                        <Row>
                            <context></context>
                            <name><![CDATA[TW.ThingView.WidgetUI.PDF.SideBar.PanMode]]></name>
                            <usage></usage>
                            <value><![CDATA[パンモード]]></value>
                        </Row>
                        <Row>
                            <context></context>
                            <name><![CDATA[TW.ThingView.WidgetUI.PDF.SideBar.TextSelectMode]]></name>
                            <usage></usage>
                            <value><![CDATA[テキスト選択モード]]></value>
                        </Row>
                        <Row>
                            <context></context>
                            <name><![CDATA[TW.ThingView.WidgetUI.PDF.SideBar.PrintPDF]]></name>
                            <usage></usage>
                            <value><![CDATA[PDF を印刷]]></value>
                        </Row>
                        <Row>
                            <context></context>
                            <name><![CDATA[TW.ThingView.WidgetUI.PDF.SideBar.PageMode.PageMode]]></name>
                            <usage></usage>
                            <value><![CDATA[ページモード]]></value>
                        </Row>
                        <Row>
                            <context></context>
                            <name><![CDATA[TW.ThingView.WidgetUI.PDF.SideBar.PageMode.Original]]></name>
                            <usage></usage>
                            <value><![CDATA[オリジナル]]></value>
                        </Row>
                        <Row>
                            <context></context>
                            <name><![CDATA[TW.ThingView.WidgetUI.PDF.SideBar.PageMode.FitPage]]></name>
                            <usage></usage>
                            <value><![CDATA[ページに合わせる]]></value>
                        </Row>
                        <Row>
                            <context></context>
                            <name><![CDATA[TW.ThingView.WidgetUI.PDF.SideBar.PageMode.FitWidth]]></name>
                            <usage></usage>
                            <value><![CDATA[幅に合わせる]]></value>
                        </Row>
                        <Row>
                            <context></context>
                            <name><![CDATA[TW.ThingView.WidgetUI.PDF.Search.Input]]></name>
                            <usage></usage>
                            <value><![CDATA[サーチ用語を入力]]></value>
                        </Row>
                        <Row>
                            <context></context>
                            <name><![CDATA[TW.ThingView.WidgetUI.PDF.Search.SearchingPage]]></name>
                            <usage></usage>
                            <value><![CDATA[ページのサーチ]]></value>
                        </Row>
                        <Row>
                            <context></context>
                            <name><![CDATA[TW.ThingView.WidgetUI.PDF.Search.Searching]]></name>
                            <usage></usage>
                            <value><![CDATA[結果をサーチしています...]]></value>
                        </Row>
                        <Row>
                            <context></context>
                            <name><![CDATA[TW.ThingView.WidgetUI.PDF.Search.SearchNotFound]]></name>
                            <usage></usage>
                            <value><![CDATA[サーチ用語が見つかりません]]></value>
                        </Row>
                        <Row>
                            <context></context>
                            <name><![CDATA[TW.ThingView.WidgetUI.PDF.Search.Matches]]></name>
                            <usage></usage>
                            <value><![CDATA[一致]]></value>
                        </Row>
                        <Row>
                            <context></context>
                            <name><![CDATA[TW.ThingView.WidgetUI.PDF.Search.Tooltips.Search]]></name>
                            <usage></usage>
                            <value><![CDATA[サーチ]]></value>
                        </Row>
                        <Row>
                            <context></context>
                            <name><![CDATA[TW.ThingView.WidgetUI.PDF.Search.Tooltips.Clear]]></name>
                            <usage></usage>
                            <value><![CDATA[クリア]]></value>
                        </Row>
                        <Row>
                            <context></context>
                            <name><![CDATA[TW.ThingView.WidgetUI.PDF.Search.Tooltips.Next]]></name>
                            <usage></usage>
                            <value><![CDATA[次へ]]></value>
                        </Row>
                        <Row>
                            <context></context>
                            <name><![CDATA[TW.ThingView.WidgetUI.PDF.Search.Tooltips.Previous]]></name>
                            <usage></usage>
                            <value><![CDATA[前へ]]></value>
                        </Row>
                        <Row>
                            <context></context>
                            <name><![CDATA[TW.ThingView.WidgetUI.PDF.Search.Tooltips.Close]]></name>
                            <usage></usage>
                            <value><![CDATA[閉じる]]></value>
                        </Row>
                        <Row>
                            <context></context>
                            <name><![CDATA[TW.ThingView.WidgetUI.PDF.Password.EnterPassword]]></name>
                            <usage></usage>
                            <value><![CDATA[パスワードを入力してください。]]></value>
                        </Row>
                        <Row>
                            <context></context>
                            <name><![CDATA[TW.ThingView.WidgetUI.PDF.Password.IncorrectPassword]]></name>
                            <usage></usage>
                            <value><![CDATA[そのパスワードは正しくありません。]]></value>
                        </Row>
                        <Row>
                            <context></context>
                            <name><![CDATA[TW.ThingView.WidgetUI.PDF.Search.EnterPasswordAgain]]></name>
                            <usage></usage>
                            <value><![CDATA[再試行してください。]]></value>
                        </Row>
                    </Rows>
                </ConfigurationTable>
            </ConfigurationTables>
        </LocalizationTable>
    </LocalizationTables>
</Entities>