<?xml version="1.0" encoding="UTF-8" standalone="no"?>
<Entities>
    <LocalizationTables>
        <LocalizationTable description="es localization table" documentationContent="" homeMashup="" languageCommon="Spanish" languageNative="Español" lastModifiedDate="2020-03-05T12:00:00.000+00:00" name="es" projectName="" tags="">
            <avatar></avatar>
            <DesignTimePermissions>
                <Create></Create>
                <Read></Read>
                <Update></Update>
                <Delete></Delete>
                <Metadata></Metadata>
            </DesignTimePermissions>
            <RunTimePermissions></RunTimePermissions>
            <VisibilityPermissions>
                <Visibility></Visibility>
            </VisibilityPermissions>
            <ConfigurationTables>
                <ConfigurationTable description="Localization tokens and usage" isMultiRow="true" name="LocalizationTokens" ordinal="0">
                    <DataShape>
                        <FieldDefinitions>
              <FieldDefinition aspect.friendlyName="Translation context" baseType="STRING" description="Translation context" name="context" ordinal="3" />
              <FieldDefinition aspect.friendlyName="Token name" baseType="STRING" description="Token name" name="name" ordinal="0" />
              <FieldDefinition aspect.friendlyName="Token usage" baseType="STRING" description="Token usage" name="usage" ordinal="2" />
              <FieldDefinition aspect.friendlyName="Localized value" baseType="STRING" description="Localized value" name="value" ordinal="1" />
            </FieldDefinitions>
                    </DataShape>
                    <Rows>
                        <Row>
                            <context></context>
                            <name><![CDATA[TW.ThingView.Description]]></name>
                            <usage></usage>
                            <value><![CDATA[El widget WebGL de Creo View permite la visualización de modelos 3D.]]></value>
                        </Row>
                        <Row>
                            <context></context>
                            <name><![CDATA[TW.ThingView.Properties.ProductToView.Description]]></name>
                            <usage></usage>
                            <value><![CDATA[El URL del fichero que se va a cargar.]]></value>
                        </Row>
                        <Row>
                            <context><![CDATA[Base url to windchill server]]></context>
                            <name><![CDATA[TW.ThingView.Properties.BaseUrl.Description]]></name>
                            <usage></usage>
                            <value><![CDATA[El URL base de la estructura.]]></value>
                        </Row>
                        <Row>
                            <context><![CDATA[ObjectIdentifier string to WTPart]]></context>
                            <name><![CDATA[TW.ThingView.Properties.Oid.Description]]></name>
                            <usage></usage>
                            <value><![CDATA[El OID de la estructura.]]></value>
                        </Row>
                        <Row>
                            <context><![CDATA[url to map file in windchill server]]></context>
                            <name><![CDATA[TW.ThingView.Properties.MapUrl.Description]]></name>
                            <usage></usage>
                            <value><![CDATA[El URL del fichero de mapa.]]></value>
                        </Row>
                        <Row>
                            <context><![CDATA[url to markup file in windchill server]]></context>
                            <name><![CDATA[TW.ThingView.Properties.MarkupUrl.Description]]></name>
                            <usage></usage>
                            <value><![CDATA[El URL al contenido de markup.]]></value>
                        </Row>
                        <Row>
                            <name><![CDATA[TW.ThingView.Properties.Orientations.Description]]></name>
                            <usage></usage>
                            <value><![CDATA[Orientaciones de visualización de la vista en 3D.]]></value>
                        </Row>
                        <Row>
                            <context></context>
                            <name><![CDATA[TW.ThingView.Properties.Orientations.SelectOptions.ISO1]]></name>
                            <usage></usage>
                            <value><![CDATA[ISO 1]]></value>
                        </Row>
                        <Row>
                            <context></context>
                            <name><![CDATA[TW.ThingView.Properties.Orientations.SelectOptions.ISO2]]></name>
                            <usage></usage>
                            <value><![CDATA[ISO 2]]></value>
                        </Row>
                        <Row>
                            <context></context>
                            <name><![CDATA[TW.ThingView.Properties.Orientations.SelectOptions.Top]]></name>
                            <usage></usage>
                            <value><![CDATA[Parte superior]]></value>
                        </Row>
                        <Row>
                            <context></context>
                            <name><![CDATA[TW.ThingView.Properties.Orientations.SelectOptions.Bottom]]></name>
                            <usage></usage>
                            <value><![CDATA[Parte inferior]]></value>
                        </Row>
                        <Row>
                            <context></context>
                            <name><![CDATA[TW.ThingView.Properties.Orientations.SelectOptions.Left]]></name>
                            <usage></usage>
                            <value><![CDATA[Izquierda]]></value>
                        </Row>
                        <Row>
                            <context></context>
                            <name><![CDATA[TW.ThingView.Properties.Orientations.SelectOptions.Right]]></name>
                            <usage></usage>
                            <value><![CDATA[Derecha]]></value>
                        </Row>
                        <Row>
                            <context></context>
                            <name><![CDATA[TW.ThingView.Properties.Orientations.SelectOptions.Front]]></name>
                            <usage></usage>
                            <value><![CDATA[Parte frontal]]></value>
                        </Row>
                        <Row>
                            <context></context>
                            <name><![CDATA[TW.ThingView.Properties.Orientations.SelectOptions.Back]]></name>
                            <usage></usage>
                            <value><![CDATA[Parte posterior]]></value>
                        </Row>
                        <Row>
                            <context></context>
                            <name><![CDATA[TW.ThingView.Properties.MouseNavigation.Description]]></name>
                            <usage></usage>
                            <value><![CDATA[El modo de navegación del ratón que se debe utilizar en la vista 3D.]]></value>
                        </Row>
                        <Row>
                            <context></context>
                            <name><![CDATA[TW.ThingView.Properties.MouseNavigation.SelectOptions.CreoView]]></name>
                            <usage></usage>
                            <value><![CDATA[CreoView]]></value>
                        </Row>
                        <Row>
                            <context></context>
                            <name><![CDATA[TW.ThingView.Properties.MouseNavigation.SelectOptions.Creo]]></name>
                            <usage></usage>
                            <value><![CDATA[Creo]]></value>
                        </Row>
                        <Row>
                            <context></context>
                            <name><![CDATA[TW.ThingView.Properties.MouseNavigation.SelectOptions.CATIA]]></name>
                            <usage></usage>
                            <value><![CDATA[Compatible con CATIA V5]]></value>
                        </Row>
                        <Row>
                            <context></context>
                            <name><![CDATA[TW.ThingView.Properties.MouseNavigation.SelectOptions.Explore]]></name>
                            <usage></usage>
                            <value><![CDATA[Exploración]]></value>
                        </Row>
                        <Row>
                            <context></context>
                            <name><![CDATA[TW.ThingView.Properties.Orientation.Description]]></name>
                            <usage></usage>
                            <value><![CDATA[Ángulos Euler para la orientación de la cámara en formato X,Y,Z (unidad: grado). (Para la rotación de 90 grados del sobre el eje Y, especificar 0,90,0).]]></value>
                        </Row>
                        <Row>
                            <context></context>
                            <name><![CDATA[TW.ThingView.Properties.Position.Description]]></name>
                            <usage></usage>
                            <value><![CDATA[Posición de la cámara en formato X,Y,Z (unidad: metro). (Para una distancia de 0,5 metros sobre el eje Y desde el origen, especificar 0,0,5,0).]]></value>
                        </Row>
                        <Row>
                            <context></context>
                            <name><![CDATA[TW.ThingView.Properties.BackgroundStyle.Description]]></name>
                            <usage></usage>
                            <value><![CDATA[El color de fondo que se utilizar para el widget. Todos los demás campos se desestiman.]]></value>
                        </Row>
                        <Row>
                            <context></context>
                            <name><![CDATA[TW.ThingView.Properties.Data.Description]]></name>
                            <usage></usage>
                            <value><![CDATA[Selección de piezas.]]></value>
                        </Row>
                        <Row>
                            <context></context>
                            <name><![CDATA[TW.ThingView.Properties.OccurrenceField.Description]]></name>
                            <usage></usage>
                            <value><![CDATA[Campo en los datos que contiene el ID de la ruta de aparición. Se utiliza para buscar filas para la selección y coloreado.]]></value>
                        </Row>
                        <Row>
                            <context></context>
                            <name><![CDATA[TW.ThingView.Properties.DataFormatter.Description]]></name>
                            <usage></usage>
                            <value><![CDATA[Reglas para el color del widget. Solo se utilizará el color de texto, tanto para su valor de color como la configuración de transparencia. Definir la transparencia muy baja para ocultar piezas, por ejemplo. Todos los demás campos se desestiman.]]></value>
                        </Row>
                        <Row>
                            <context></context>
                            <name><![CDATA[TW.ThingView.Properties.SelectedOccurrencePath.Description]]></name>
                            <usage></usage>
                            <value><![CDATA[La última ruta de aparición seleccionada.]]></value>
                        </Row>
                        <Row>
                            <context></context>
                            <name><![CDATA[TW.ThingView.Properties.PreSelectedOccurrencePath.Description]]></name>
                            <usage></usage>
                            <value><![CDATA[La ruta de aparición de la pieza preseleccionada.]]></value>
                        </Row>
                        <Row>
                            <context><![CDATA[Viewables i.e. annotations, viewstates]]></context>
                            <name><![CDATA[TW.ThingView.Properties.Views.Description]]></name>
                            <usage></usage>
                            <value><![CDATA[Una lista de vistas (nombre, tipo, ID).]]></value>
                        </Row>
                        <Row>
                            <context></context>
                            <name><![CDATA[TW.ThingView.Properties.Gnomon.Description]]></name>
                            <usage></usage>
                            <value><![CDATA[Mostrar en el gnomon.]]></value>
                        </Row>
                        <Row>
                            <context></context>
                            <name><![CDATA[TW.ThingView.Properties.EnablePartSelection.Description]]></name>
                            <usage></usage>
                            <value><![CDATA[Permitir la selección de piezas.]]></value>
                        </Row>
                        <Row>
                            <context></context>
                            <name><![CDATA[TW.ThingView.Properties.EnablePartDragger.Description]]></name>
                            <usage></usage>
                            <value><![CDATA[Permitir al usuario arrastrar piezas.]]></value>
                        </Row>
                        <Row>
                            <context></context>
                            <name><![CDATA[TW.ThingView.Properties.SpinCenter.Description]]></name>
                            <usage></usage>
                            <value><![CDATA[Mostrar el centro de giro durante la rotación del modelo en la vista 3D.]]></value>
                        </Row>
                        <Row>
                            <context></context>
                            <name><![CDATA[TW.ThingView.Properties.AllowCORSCredentials.Description]]></name>
                            <usage></usage>
                            <value><![CDATA[Para solicitudes CORS, especificar si se agregarán cookies a las solicitudes.]]></value>
                        </Row>
                        <Row>
                            <context></context>
                            <name><![CDATA[TW.ThingView.Properties.AllowClientRedirect.Description]]></name>
                            <usage></usage>
                            <value><![CDATA[Hacer que el Proxy de medios no controle las redirecciones y pasarlas a ThingView para su gestión.]]></value>
                        </Row>
                        <Row>
                            <context></context>
                            <name><![CDATA[TW.ThingView.Properties.AcknowledgeStepText.Description]]></name>
                            <usage></usage>
                            <value><![CDATA[El mensaje que se debe mostrar cuando un paso de secuencia requiere una confirmación.]]></value>
                        </Row>
                        <Row>
                            <context></context>
                            <name><![CDATA[TW.ThingView.Properties.SequenceStepNumber.Description]]></name>
                            <usage></usage>
                            <value><![CDATA[El número de paso de secuencia actual.]]></value>
                        </Row>
                        <Row>
                            <context></context>
                            <name><![CDATA[TW.ThingView.Properties.SequenceStepName.Description]]></name>
                            <usage></usage>
                            <value><![CDATA[El nombre del paso de secuencia actual.]]></value>
                        </Row>
                        <Row>
                            <context></context>
                            <name><![CDATA[TW.ThingView.Properties.WindchillSourceData.Description]]></name>
                            <usage></usage>
                            <value><![CDATA[Definir en verdadero si los datos de ProductToView provienen de Windchill. De lo contrario, definir en falso.]]></value>
                        </Row>
                        <Row>
                            <context></context>
                            <name><![CDATA[TW.ThingView.Properties.EnableWindchillFileCache.Description]]></name>
                            <usage></usage>
                            <value><![CDATA[Definir en verdadero para permitir la caché de fichero de pieza desde el origen de datos de Windchill.]]></value>
                        </Row>
                        <Row>
                            <context></context>
                            <name><![CDATA[TW.ThingView.Properties.WindchillCacheSize.Description]]></name>
                            <usage></usage>
                            <value><![CDATA[Tamaño de la caché en megabytes al usar el origen de datos de Windchill.]]></value>
                        </Row>
                        <Row>
                            <context></context>
                            <name><![CDATA[TW.ThingView.Properties.SelectedParts.Description]]></name>
                            <usage></usage>
                            <value><![CDATA[Todas las piezas seleccionadas en la sesión.]]></value>
                        </Row>
                        <Row>
                            <context></context>
                            <name><![CDATA[TW.ThingView.Properties.ThingViewControls.Description]]></name>
                            <usage></usage>
                            <value><![CDATA[Mostrar los controles de interfaz de usuario en ThingView.]]></value>
                        </Row>
                        <Row>
                            <context></context>
                            <name><![CDATA[TW.ThingView.Properties.DisplayViewState.Description]]></name>
                            <usage></usage>
                            <value><![CDATA[Mostrar estados de vista en ThingViewControls.]]></value>
                        </Row>
                        <Row>
                            <context></context>
                            <name><![CDATA[TW.ThingView.Properties.DisplayAlternateRep.Description]]></name>
                            <usage></usage>
                            <value><![CDATA[Mostrar representaciones alternativas en ThingViewControls.]]></value>
                        </Row>
                        <Row>
                            <context></context>
                            <name><![CDATA[TW.ThingView.Properties.DisplayExplodeState.Description]]></name>
                            <usage></usage>
                            <value><![CDATA[Mostrar estados de explosión en ThingViewControls.]]></value>
                        </Row>
                        <Row>
                            <context></context>
                            <name><![CDATA[TW.ThingView.Properties.DisplaySectionCut.Description]]></name>
                            <usage></usage>
                            <value><![CDATA[Mostrar cortes transversales en ThingViewControls.]]></value>
                        </Row>
                        <Row>
                            <context></context>
                            <name><![CDATA[TW.ThingView.Properties.DisplayPlaybackControls.Description]]></name>
                            <usage></usage>
                            <value><![CDATA[Mostrar controles de reproducción en ThingViewControls.]]></value>
                        </Row>
                        <Row>
                            <context></context>
                            <name><![CDATA[TW.ThingView.Properties.DisplayFilter.Description]]></name>
                            <usage></usage>
                            <value><![CDATA[Cadena JSON para especificar los filtros de visualización. Por ejemplo, { \"ModelAnnotation\": { \"HiddenByDefault\": true, \"PlanarAnnotation\": true, \"FloatingAnnotation\": false, \"MiscAnnotation\": false } }]]></value>
                        </Row>
                        <Row>
                            <context></context>
                            <name><![CDATA[TW.ThingView.Properties.ProjectionMode.Description]]></name>
                            <usage></usage>
                            <value><![CDATA[El modo de proyección que se debe utilizar en la vista 3D.]]></value>
                        </Row>
                        <Row>
                            <context></context>
                            <name><![CDATA[TW.ThingView.Properties.ProjectionMode.SelectOptions.Perspective]]></name>
                            <usage></usage>
                            <value><![CDATA[Perspectiva]]></value>
                        </Row>
                        <Row>
                            <context></context>
                            <name><![CDATA[TW.ThingView.Properties.ProjectionMode.SelectOptions.Orthographic]]></name>
                            <usage></usage>
                            <value><![CDATA[Ortogonal]]></value>
                        </Row>
                        <Row>
                            <context></context>
                            <name><![CDATA[TW.ThingView.Properties.PerspectiveHFOV.Description]]></name>
                            <usage></usage>
                            <value><![CDATA[Campo horizontal de la vista en la vista en perspectiva.]]></value>
                        </Row>
                        <Row>
                            <context><![CDATA[Group name of property of part (or assembly) i.e. WindchillPart]]></context>
                            <name><![CDATA[TW.ThingView.Properties.SelectionPropertyGroupName.Description]]></name>
                            <usage></usage>
                            <value><![CDATA[Nombre de grupo de la propiedad de selección.]]></value>
                        </Row>
                        <Row>
                            <context><![CDATA[Name of proerty i.e. part_number]]></context>
                            <name><![CDATA[TW.ThingView.Properties.SelectionPropertyName.Description]]></name>
                            <usage></usage>
                            <value><![CDATA[Nombre de la propiedad de selección.]]></value>
                        </Row>
                        <Row>
                            <context></context>
                            <name><![CDATA[TW.ThingView.Properties.SelectedPartsSelectionMode.Description]]></name>
                            <usage></usage>
                            <value><![CDATA[Modo de selección de las piezas seleccionadas.]]></value>
                        </Row>
                        <Row>
                            <context></context>
                            <name><![CDATA[TW.ThingView.Properties.SelectedPartsSelectionMode.SelectOptions.IdPath]]></name>
                            <usage></usage>
                            <value><![CDATA[Ruta de ID]]></value>
                        </Row>
                        <Row>
                            <context></context>
                            <name><![CDATA[TW.ThingView.Properties.SelectedPartsSelectionMode.SelectOptions.PropPath]]></name>
                            <usage></usage>
                            <value><![CDATA[Ruta de la propiedad]]></value>
                        </Row>
                        <Row>
                            <context></context>
                            <name><![CDATA[TW.ThingView.Properties.SelectedPartsSelectionMode.SelectOptions.PropValue]]></name>
                            <usage></usage>
                            <value><![CDATA[Valor de la propiedad]]></value>
                        </Row>
                        <Row>
                            <context></context>
                            <name><![CDATA[TW.ThingView.CustomEvents.Loaded.Description]]></name>
                            <usage></usage>
                            <value><![CDATA[Se desencadena cuando se complete la carga del modelo.]]></value>
                        </Row>
                        <Row>
                            <context></context>
                            <name><![CDATA[TW.ThingView.CustomEvents.SelectionChanged.Description]]></name>
                            <usage></usage>
                            <value><![CDATA[Se desencadena cuando la selección cambia en la vista 3D o rejilla de datos.]]></value>
                        </Row>
                        <Row>
                            <context></context>
                            <name><![CDATA[TW.ThingView.CustomEvents.PreSelectionChanged.Description]]></name>
                            <usage></usage>
                            <value><![CDATA[Se desencadena cuando cambia la preselección en la vista 3D.]]></value>
                        </Row>
                        <Row>
                            <context></context>
                            <name><![CDATA[TW.ThingView.CustomEvents.HasAnimation.Description]]></name>
                            <usage></usage>
                            <value><![CDATA[Se desencadena cuando la ilustración se carga como animación.]]></value>
                        </Row>
                        <Row>
                            <context></context>
                            <name><![CDATA[TW.ThingView.CustomEvents.HasSequence.Description]]></name>
                            <usage></usage>
                            <value><![CDATA[Se desencadena cuando la ilustración se carga como secuencia.]]></value>
                        </Row>
                        <Row>
                            <context></context>
                            <name><![CDATA[TW.ThingView.CustomEvents.SequenceStepAcknowledge.Description]]></name>
                            <usage></usage>
                            <value><![CDATA[Se desencadena cuando un paso de secuencia tiene una confirmación.]]></value>
                        </Row>
                        <Row>
                            <context></context>
                            <name><![CDATA[TW.ThingView.Services.GetViewLocation.Description]]></name>
                            <usage></usage>
                            <value><![CDATA[Obtener la ubicación (orientación y posición) de la cámara principal en la vista 3D.]]></value>
                        </Row>
                        <Row>
                            <context></context>
                            <name><![CDATA[TW.ThingView.Services.SetViewLocation.Description]]></name>
                            <usage></usage>
                            <value><![CDATA[Mover la cámara principal para que coloque en la ubicación principal dada en la vista 3D.]]></value>
                        </Row>
                        <Row>
                            <context></context>
                            <name><![CDATA[TW.ThingView.Services.ZoomAll.Description]]></name>
                            <usage></usage>
                            <value><![CDATA[Zoom para que todas las piezas y markups visibles rellenen la ventana de visualización.]]></value>
                        </Row>
                        <Row>
                            <context></context>
                            <name><![CDATA[TW.ThingView.Services.ZoomSelected.Description]]></name>
                            <usage></usage>
                            <value><![CDATA[Zoom para que todas las piezas y markups seleccionados rellenen la ventana de visualización.]]></value>
                        </Row>
                        <Row>
                            <context><![CDATA[Sequence figure created by Creo Illustrate]]></context>
                            <name><![CDATA[TW.ThingView.Services.PlaySequenceStep.Description]]></name>
                            <usage></usage>
                            <value><![CDATA[Reproducir el siguiente paso de la secuencia.]]></value>
                        </Row>
                        <Row>
                            <context></context>
                            <name><![CDATA[TW.ThingView.Services.PauseSequence.Description]]></name>
                            <usage></usage>
                            <value><![CDATA[Pausar la reproducción del paso actual.]]></value>
                        </Row>
                        <Row>
                            <context></context>
                            <name><![CDATA[TW.ThingView.Services.StopSequence.Description]]></name>
                            <usage></usage>
                            <value><![CDATA[Detener la reproducción del paso actual.]]></value>
                        </Row>
                        <Row>
                            <context></context>
                            <name><![CDATA[TW.ThingView.Services.RewindSequence.Description]]></name>
                            <usage></usage>
                            <value><![CDATA[Ir al principio del primer paso de la secuencia.]]></value>
                        </Row>
                        <Row>
                            <context></context>
                            <name><![CDATA[TW.ThingView.Services.NextSequenceStep.Description]]></name>
                            <usage></usage>
                            <value><![CDATA[Ir al final del siguiente paso de la secuencia.]]></value>
                        </Row>
                        <Row>
                            <context></context>
                            <name><![CDATA[TW.ThingView.Services.PrevSequenceStep.Description]]></name>
                            <usage></usage>
                            <value><![CDATA[Ir al final del paso anterior de la secuencia.]]></value>
                        </Row>
                        <Row>
                            <context><![CDATA[Animation figure created by Creo Illustrate]]></context>
                            <name><![CDATA[TW.ThingView.Services.PlayAnimation.Description]]></name>
                            <usage></usage>
                            <value><![CDATA[Reproducir la animación.]]></value>
                        </Row>
                        <Row>
                            <context></context>
                            <name><![CDATA[TW.ThingView.Services.PauseAnimation.Description]]></name>
                            <usage></usage>
                            <value><![CDATA[Pausar la animación.]]></value>
                        </Row>
                        <Row>
                            <context></context>
                            <name><![CDATA[TW.ThingView.Services.StopAnimation.Description]]></name>
                            <usage></usage>
                            <value><![CDATA[Detener la animación.]]></value>
                        </Row>
                        <Row>
                            <context><![CDATA[Button to close a pane of widget UI]]></context>
                            <name><![CDATA[TW.ThingView.WidgetUI.Closer.Tooltip]]></name>
                            <usage></usage>
                            <value><![CDATA[Cerrar]]></value>
                        </Row>
                        <Row>
                            <context><![CDATA[Added to a tooltip of button when it's disabled]]></context>
                            <name><![CDATA[TW.ThingView.WidgetUI.Disabled.Text]]></name>
                            <usage></usage>
                            <value><![CDATA[Desactivado]]></value>
                        </Row>
                        <Row>
                            <context><![CDATA[Group of tools to perform zooming and selection of parts]]></context>
                            <name><![CDATA[TW.ThingView.WidgetUI.RightPane.Opener.Tooltip]]></name>
                            <usage></usage>
                            <value><![CDATA[Herramientas de zoom y selección]]></value>
                        </Row>
                        <Row>
                            <context></context>
                            <name><![CDATA[TW.ThingView.WidgetUI.RightPane.ShowAll.Tooltip]]></name>
                            <usage></usage>
                            <value><![CDATA[Mostrar todo]]></value>
                        </Row>
                        <Row>
                            <context></context>
                            <name><![CDATA[TW.ThingView.WidgetUI.RightPane.Hide.Tooltip]]></name>
                            <usage></usage>
                            <value><![CDATA[Ocultar selección]]></value>
                        </Row>
                        <Row>
                            <context></context>
                            <name><![CDATA[TW.ThingView.WidgetUI.RightPane.Isolate.Tooltip]]></name>
                            <usage></usage>
                            <value><![CDATA[Aislar selección]]></value>
                        </Row>
                        <Row>
                            <context></context>
                            <name><![CDATA[TW.ThingView.WidgetUI.RightPane.ZoomAll.Tooltip]]></name>
                            <usage></usage>
                            <value><![CDATA[Zoom de todo]]></value>
                        </Row>
                        <Row>
                            <context></context>
                            <name><![CDATA[TW.ThingView.WidgetUI.RightPane.ZoomSelected.Tooltip]]></name>
                            <usage></usage>
                            <value><![CDATA[Zoom de selección]]></value>
                        </Row>
                        <Row>
                            <context></context>
                            <name><![CDATA[TW.ThingView.WidgetUI.RightPane.ZoomWindow.Tooltip]]></name>
                            <usage></usage>
                            <value><![CDATA[Zoom de ventana]]></value>
                        </Row>
                        <Row>
                            <context><![CDATA[Change location of selected parts]]></context>
                            <name><![CDATA[TW.ThingView.WidgetUI.RightPane.PartDragger.Tooltip]]></name>
                            <usage></usage>
                            <value><![CDATA[Punto de arrastre de piezas]]></value>
                        </Row>
                        <Row>
                            <context><![CDATA[Move all parts back to original location]]></context>
                            <name><![CDATA[TW.ThingView.WidgetUI.RightPane.RestoreLocation.Tooltip]]></name>
                            <usage></usage>
                            <value><![CDATA[Restaurar ubicación de la pieza]]></value>
                        </Row>
                        <Row>
                            <context><![CDATA[View orientation and viewstates]]></context>
                            <name><![CDATA[TW.ThingView.WidgetUI.LeftPane.Opener.ViewStates.Tooltip]]></name>
                            <usage></usage>
                            <value><![CDATA[Orientación y estados de vista]]></value>
                        </Row>
                        <Row>
                            <context><![CDATA[View orientation and figures]]></context>
                            <name><![CDATA[TW.ThingView.WidgetUI.LeftPane.Opener.Figures.Tooltip]]></name>
                            <usage></usage>
                            <value><![CDATA[Orientación y figuras]]></value>
                        </Row>
                        <Row>
                            <context><![CDATA[Show/hide view orientations]]></context>
                            <name><![CDATA[TW.ThingView.WidgetUI.LeftPane.Orientation.Tooltip]]></name>
                            <usage></usage>
                            <value><![CDATA[Alternar orientaciones]]></value>
                        </Row>
                        <Row>
                            <context></context>
                            <name><![CDATA[TW.ThingView.WidgetUI.LeftPane.Orientation.Title]]></name>
                            <usage></usage>
                            <value><![CDATA[Orientación]]></value>
                        </Row>
                        <Row>
                            <context><![CDATA[Show/hide viewestates]]></context>
                            <name><![CDATA[TW.ThingView.WidgetUI.LeftPane.ViewStates.Tooltip]]></name>
                            <usage></usage>
                            <value><![CDATA[Alternar estados de vista]]></value>
                        </Row>
                        <Row>
                            <context></context>
                            <name><![CDATA[TW.ThingView.WidgetUI.LeftPane.ViewStates.Title]]></name>
                            <usage></usage>
                            <value><![CDATA[Estados de vista]]></value>
                        </Row>
                        <Row>
                            <context><![CDATA[Show/hide figures]]></context>
                            <name><![CDATA[TW.ThingView.WidgetUI.LeftPane.Figures.Tooltip]]></name>
                            <usage></usage>
                            <value><![CDATA[Alternar figuras]]></value>
                        </Row>
                        <Row>
                            <context></context>
                            <name><![CDATA[TW.ThingView.WidgetUI.LeftPane.Figures.Title]]></name>
                            <usage></usage>
                            <value><![CDATA[Figuras]]></value>
                        </Row>
                        <Row>
                            <context><![CDATA[Load default view]]></context>
                            <name><![CDATA[TW.ThingView.WidgetUI.LeftPane.DefaultView.Title]]></name>
                            <usage></usage>
                            <value><![CDATA[Vista por defecto]]></value>
                        </Row>
                        <Row>
                            <context><![CDATA[Move bottom pane horizontally which is fixed to bottom of view]]></context>
                            <name><![CDATA[TW.ThingView.WidgetUI.BottomPane.Dragger.Tooltip]]></name>
                            <usage></usage>
                            <value><![CDATA[Arrastrar para mover]]></value>
                        </Row>
                        <Row>
                            <context><![CDATA[Control of sequence or animation playback]]></context>
                            <name><![CDATA[TW.ThingView.WidgetUI.BottomPane.Rewind.Tooltip]]></name>
                            <usage></usage>
                            <value><![CDATA[Rebobinar hasta el inicio]]></value>
                        </Row>
                        <Row>
                            <context></context>
                            <name><![CDATA[TW.ThingView.WidgetUI.BottomPane.Previous.Tooltip]]></name>
                            <usage></usage>
                            <value><![CDATA[Paso anterior]]></value>
                        </Row>
                        <Row>
                            <context></context>
                            <name><![CDATA[TW.ThingView.WidgetUI.BottomPane.Play.Tooltip]]></name>
                            <usage></usage>
                            <value><![CDATA[Reproducir]]></value>
                        </Row>
                        <Row>
                            <context></context>
                            <name><![CDATA[TW.ThingView.WidgetUI.BottomPane.Pause.Tooltip]]></name>
                            <usage></usage>
                            <value><![CDATA[Pausa]]></value>
                        </Row>
                        <Row>
                            <context></context>
                            <name><![CDATA[TW.ThingView.WidgetUI.BottomPane.PlayAll.Tooltip]]></name>
                            <usage></usage>
                            <value><![CDATA[Reproducir todo]]></value>
                        </Row>
                        <Row>
                            <context></context>
                            <name><![CDATA[TW.ThingView.WidgetUI.BottomPane.Next.Tooltip]]></name>
                            <usage></usage>
                            <value><![CDATA[Siguiente paso]]></value>
                        </Row>
                        <Row>
                            <context></context>
                            <name><![CDATA[TW.ThingView.WidgetUI.BottomPane.Acknowledgement.Title]]></name>
                            <usage></usage>
                            <value><![CDATA[Confirmación]]></value>
                        </Row>
                        <Row>
                            <context></context>
                            <name><![CDATA[TW.ThingView.WidgetUI.BottomPane.Acknowledgement.Replay]]></name>
                            <usage></usage>
                            <value><![CDATA[Volver a reproducir]]></value>
                        </Row>
                        <Row>
                            <context></context>
                            <name><![CDATA[TW.ThingView.WidgetUI.BottomPane.Acknowledgement.Continue]]></name>
                            <usage></usage>
                            <value><![CDATA[Continuar]]></value>
                        </Row>
                        <Row>
                            <context></context>
                            <name><![CDATA[TW.ThingView.WidgetUI.BottomPane.Acknowledgement.Complete]]></name>
                            <usage></usage>
                            <value><![CDATA[Completar]]></value>
                        </Row>
                        <Row>
                            <context></context>
                            <name><![CDATA[TW.ThingView.WidgetUI.BottomPane.Acknowledgement.Stop]]></name>
                            <usage></usage>
                            <value><![CDATA[Detener]]></value>
                        </Row>
                        <Row>
                            <context></context>
                            <name><![CDATA[TW.ThingView.WidgetUI.BottomPane.Acknowledgement.Message.Start]]></name>
                            <usage></usage>
                            <value><![CDATA[Va a visualizar:]]></value>
                        </Row>
                        <Row>
                            <context></context>
                            <name><![CDATA[TW.ThingView.WidgetUI.BottomPane.Acknowledgement.Message.End]]></name>
                            <usage></usage>
                            <value><![CDATA[Ha llegado al final del paso:]]></value>
                        </Row>
                        <Row>
                            <context></context>
                            <name><![CDATA[TW.ThingView.WidgetUI.PDF.SideBar.DisplaySidebar]]></name>
                            <usage></usage>
                            <value><![CDATA[Mostrar barra lateral]]></value>
                        </Row>
                        <Row>
                            <context></context>
                            <name><![CDATA[TW.ThingView.WidgetUI.PDF.SideBar.FirstPage]]></name>
                            <usage></usage>
                            <value><![CDATA[Primera página]]></value>
                        </Row>
                        <Row>
                            <context></context>
                            <name><![CDATA[TW.ThingView.WidgetUI.PDF.SideBar.PreviousPage]]></name>
                            <usage></usage>
                            <value><![CDATA[Página anterior]]></value>
                        </Row>
                        <Row>
                            <context></context>
                            <name><![CDATA[TW.ThingView.WidgetUI.PDF.SideBar.NextPage]]></name>
                            <usage></usage>
                            <value><![CDATA[Página siguiente]]></value>
                        </Row>
                        <Row>
                            <context></context>
                            <name><![CDATA[TW.ThingView.WidgetUI.PDF.SideBar.LastPage]]></name>
                            <usage></usage>
                            <value><![CDATA[Última página]]></value>
                        </Row>
                        <Row>
                            <context></context>
                            <name><![CDATA[TW.ThingView.WidgetUI.PDF.SideBar.RotateClockwise]]></name>
                            <usage></usage>
                            <value><![CDATA[Girar en sentido horario]]></value>
                        </Row>
                        <Row>
                            <context></context>
                            <name><![CDATA[TW.ThingView.WidgetUI.PDF.SideBar.RotateAntiClockwise]]></name>
                            <usage></usage>
                            <value><![CDATA[Girar en sentido antihorario]]></value>
                        </Row>
                        <Row>
                            <context></context>
                            <name><![CDATA[TW.ThingView.WidgetUI.PDF.SideBar.ZoomIn]]></name>
                            <usage></usage>
                            <value><![CDATA[Ampliar]]></value>
                        </Row>
                        <Row>
                            <context></context>
                            <name><![CDATA[TW.ThingView.WidgetUI.PDF.SideBar.ZoomOut]]></name>
                            <usage></usage>
                            <value><![CDATA[Reducir]]></value>
                        </Row>
                        <Row>
                            <context></context>
                            <name><![CDATA[TW.ThingView.WidgetUI.PDF.SideBar.PanMode]]></name>
                            <usage></usage>
                            <value><![CDATA[Modo panorámico]]></value>
                        </Row>
                        <Row>
                            <context></context>
                            <name><![CDATA[TW.ThingView.WidgetUI.PDF.SideBar.TextSelectMode]]></name>
                            <usage></usage>
                            <value><![CDATA[Modo de selección de texto]]></value>
                        </Row>
                        <Row>
                            <context></context>
                            <name><![CDATA[TW.ThingView.WidgetUI.PDF.SideBar.PrintPDF]]></name>
                            <usage></usage>
                            <value><![CDATA[Imprimir PDF]]></value>
                        </Row>
                        <Row>
                            <context></context>
                            <name><![CDATA[TW.ThingView.WidgetUI.PDF.SideBar.PageMode.PageMode]]></name>
                            <usage></usage>
                            <value><![CDATA[Modo de página]]></value>
                        </Row>
                        <Row>
                            <context></context>
                            <name><![CDATA[TW.ThingView.WidgetUI.PDF.SideBar.PageMode.Original]]></name>
                            <usage></usage>
                            <value><![CDATA[Original]]></value>
                        </Row>
                        <Row>
                            <context></context>
                            <name><![CDATA[TW.ThingView.WidgetUI.PDF.SideBar.PageMode.FitPage]]></name>
                            <usage></usage>
                            <value><![CDATA[Ajustar página]]></value>
                        </Row>
                        <Row>
                            <context></context>
                            <name><![CDATA[TW.ThingView.WidgetUI.PDF.SideBar.PageMode.FitWidth]]></name>
                            <usage></usage>
                            <value><![CDATA[Ajustar ancho]]></value>
                        </Row>
                        <Row>
                            <context></context>
                            <name><![CDATA[TW.ThingView.WidgetUI.PDF.Search.Input]]></name>
                            <usage></usage>
                            <value><![CDATA[Introducir un término de búsqueda]]></value>
                        </Row>
                        <Row>
                            <context></context>
                            <name><![CDATA[TW.ThingView.WidgetUI.PDF.Search.SearchingPage]]></name>
                            <usage></usage>
                            <value><![CDATA[Buscando página]]></value>
                        </Row>
                        <Row>
                            <context></context>
                            <name><![CDATA[TW.ThingView.WidgetUI.PDF.Search.Searching]]></name>
                            <usage></usage>
                            <value><![CDATA[Buscando resultados...]]></value>
                        </Row>
                        <Row>
                            <context></context>
                            <name><![CDATA[TW.ThingView.WidgetUI.PDF.Search.SearchNotFound]]></name>
                            <usage></usage>
                            <value><![CDATA[El término de búsqueda no se ha encontrado]]></value>
                        </Row>
                        <Row>
                            <context></context>
                            <name><![CDATA[TW.ThingView.WidgetUI.PDF.Search.Matches]]></name>
                            <usage></usage>
                            <value><![CDATA[correspondencias]]></value>
                        </Row>
                        <Row>
                            <context></context>
                            <name><![CDATA[TW.ThingView.WidgetUI.PDF.Search.Tooltips.Search]]></name>
                            <usage></usage>
                            <value><![CDATA[Buscar]]></value>
                        </Row>
                        <Row>
                            <context></context>
                            <name><![CDATA[TW.ThingView.WidgetUI.PDF.Search.Tooltips.Clear]]></name>
                            <usage></usage>
                            <value><![CDATA[Despejar]]></value>
                        </Row>
                        <Row>
                            <context></context>
                            <name><![CDATA[TW.ThingView.WidgetUI.PDF.Search.Tooltips.Next]]></name>
                            <usage></usage>
                            <value><![CDATA[Siguiente]]></value>
                        </Row>
                        <Row>
                            <context></context>
                            <name><![CDATA[TW.ThingView.WidgetUI.PDF.Search.Tooltips.Previous]]></name>
                            <usage></usage>
                            <value><![CDATA[Anterior]]></value>
                        </Row>
                        <Row>
                            <context></context>
                            <name><![CDATA[TW.ThingView.WidgetUI.PDF.Search.Tooltips.Close]]></name>
                            <usage></usage>
                            <value><![CDATA[Cerrar]]></value>
                        </Row>
                        <Row>
                            <context></context>
                            <name><![CDATA[TW.ThingView.WidgetUI.PDF.Password.EnterPassword]]></name>
                            <usage></usage>
                            <value><![CDATA[Introduzca una contraseña.]]></value>
                        </Row>
                        <Row>
                            <context></context>
                            <name><![CDATA[TW.ThingView.WidgetUI.PDF.Password.IncorrectPassword]]></name>
                            <usage></usage>
                            <value><![CDATA[La contraseña no es correcta.]]></value>
                        </Row>
                        <Row>
                            <context></context>
                            <name><![CDATA[TW.ThingView.WidgetUI.PDF.Search.EnterPasswordAgain]]></name>
                            <usage></usage>
                            <value><![CDATA[Inténtelo de nuevo.]]></value>
                        </Row>
                    </Rows>
                </ConfigurationTable>
            </ConfigurationTables>
        </LocalizationTable>
    </LocalizationTables>
</Entities>