<?xml version="1.0" encoding="UTF-8" standalone="no"?>
<Entities build="b155" majorVersion="7" minorVersion="2" modelPersistenceProviderPackage="NeoPersistenceProviderPackage" revision="2"
          schemaVersion="809">
    <Things>
        <Thing name="ConnectionServicesHub" thingTemplate="ConnectionServicesHub" enabled="true" description="Connection Services Hub" tags="Applications:CXS" aspect.isEditableExtensionObject="true">
            <ImplementedShapes>
                <ImplementedShape name="CacheManager" type="ThingShape"/>
            </ImplementedShapes>
            <ThingShape>
                <ServiceDefinitions>
                    <ServiceDefinition aspect.isAsync="false" category=""
                                       description="Adds the entity visibilities and permissions required by the all Connectors"
                                       isAllowOverride="false" isLocalOnly="false" isOpen="false" isPrivate="false"
                                       name="GrantConnectorPermissions">
                        <ResultType baseType="NOTHING" description="" name="result" ordinal="0"/>
                        <ParameterDefinitions>
                            <FieldDefinition aspect.isRequired="true" baseType="STRING"
                                             description="Name of the Organization to assign entity visibilities to" name="organization"
                                             ordinal="1"/>
                            <FieldDefinition aspect.isRequired="true" baseType="STRING"
                                             description="Name of the User Group to assign permissions to" name="userGroup" ordinal="2"/>
                        </ParameterDefinitions>
                    </ServiceDefinition>
                    <ServiceDefinition aspect.isAsync="false" category=""
                                       description="Adds entity instance visibility and runtime instance permissions to a thing template for an organization and user group.
This can be used to grant the required visibility and permissions to a Connector for imported things."
                                       isAllowOverride="false" isLocalOnly="false" isOpen="false" isPrivate="false"
                                       name="GrantThingTemplatePermissions">
                        <ResultType baseType="NOTHING" description="" name="result" ordinal="0"/>
                        <ParameterDefinitions>
                            <FieldDefinition aspect.isRequired="true" baseType="THINGTEMPLATENAME"
                                             description="Name of the Thing Template to be granted the entity instance visibility and runtime instance permissions"
                                             name="thingTemplateName" ordinal="1"/>
                            <FieldDefinition aspect.isRequired="true" baseType="STRING"
                                             description="Name of the Organization to assign entity instance visibilities to"
                                             name="organizationName" ordinal="2"/>
                            <FieldDefinition aspect.isRequired="true" baseType="GROUPNAME"
                                             description="Name of the User Group to assign runtime instance permissions to"
                                             name="userGroupName" ordinal="3"/>
                        </ParameterDefinitions>
                    </ServiceDefinition>
                    <ServiceDefinition aspect.isAsync="false" category=""
                                       description="Some connection servers support a leader concept.  This service starts the leader election timer"
                                       isAllowOverride="false" isLocalOnly="false" isOpen="false" isPrivate="false"
                                       name="SetupLeaderElection">
                        <ResultType baseType="NOTHING" description="" name="result" ordinal="0"></ResultType>
                        <ParameterDefinitions>
                            <FieldDefinition aspect.isRequired="true" baseType="STRING"
                                             description="Name of the Organization that will run leader election"
                                             name="organization" ordinal="1"/>
                            <FieldDefinition aspect.isRequired="true" baseType="GROUPNAME"
                                             description="Name of the User Group that will run leader election"
                                             name="userGroup" ordinal="2"/>
                        </ParameterDefinitions>
                    </ServiceDefinition>
                </ServiceDefinitions>
                <ServiceImplementations>
                    <ServiceImplementation description="" handlerName="Script" name="GrantConnectorPermissions">
                        <ConfigurationTables>
                            <ConfigurationTable description="Script" isMultiRow="false" name="Script" ordinal="0">
                                <DataShape>
                                    <FieldDefinitions>
                                        <FieldDefinition baseType="STRING" description="code" name="code" ordinal="0"/>
                                    </FieldDefinitions>
                                </DataShape>
                                <Rows>
                                    <Row>
                                        <code><![CDATA[if (organization === null || organization === undefined || organization.trim().length == 0) {
    throw new Error('organization parameter is required');
}
if (userGroup === null || userGroup === undefined || userGroup.trim().length == 0) {
    throw new Error('userGroup parameter is required');
}

// service params used when setting entity visibility
var visibilityPermissionParams = {
    principal: organization,
    principalType: 'Organization'
};

// service params used when setting entity permissions
// resource and type will be added to this object before invoking the service to add permissions
var permissionParams = {
	principal: userGroup,
	principalType: 'Group',
	allow: true,
};


// -------------------------------------------
// CSE visibility and permission requirements
// -------------------------------------------

// PlatformSubsystem
var entity = Subsystems["PlatformSubsystem"];
entity.AddVisibilityPermission(visibilityPermissionParams);

permissionParams.resource = 'GetExtensionPackageList';
permissionParams.type = 'ServiceInvoke';
entity.AddRunTimePermission(permissionParams);

// ConnectionServicesHub
var entity = Things["ConnectionServicesHub"];
entity.AddVisibilityPermission(visibilityPermissionParams);

permissionParams.type = 'EventInvoke';
var events = [
    'AuthenticationError',
    'ThingNotFoundError',
    'UserError',
    'ClearCacheEntry',
    'ProtocolError',
    'EdgeError',
    'WritePropertyError',
    'FileNotFoundError',
    'InternalError'
];
for (var i = 0; i < events.length; i++) {
    permissionParams.resource = events[i];
    entity.AddRunTimePermission(permissionParams);
}

permissionParams.resource = 'GetMetadata';
permissionParams.type = 'ServiceInvoke';
entity.AddRunTimePermission(permissionParams);

// FileTransferSubsystem (needed for edge-controlled Things to poll for egress)
Subsystems["FileTransferSubsystem"].AddVisibilityPermission(visibilityPermissionParams);

// default Persistence Provider (needed for logged properties)
PersistenceProviders["ThingworxPersistenceProvider"].AddVisibilityPermission(visibilityPermissionParams);

// Used by smoke tests (currently only IDM) to check the above permission
permissionParams.resource = 'GetVisibilityPermissions';
permissionParams.type = 'ServiceInvoke';
PersistenceProviders["ThingworxPersistenceProvider"].AddRunTimePermission(permissionParams);

// service params used when setting collection permissions
// collectionName and type will be added to this object before invoking the service to add permissions
var collectionPermissionParams = {
    principal: userGroup,
    principalType: 'Group',
    allow: true
};

// Required for event subscription processing in response to events fired by the connector
collectionPermissionParams.collectionName = 'Things';
collectionPermissionParams.type = 'EventSubscribe';
collectionPermissionParams.resource = '*';
Resources["CollectionFunctions"].AddCollectionRunTimePermission(collectionPermissionParams);

]]></code>
                                    </Row>
                                </Rows>
                            </ConfigurationTable>
                        </ConfigurationTables>
                    </ServiceImplementation>
                    <ServiceImplementation description="" handlerName="Script" name="GrantThingTemplatePermissions">
                        <ConfigurationTables>
                            <ConfigurationTable description="Script" isMultiRow="false" name="Script" ordinal="0">
                                <DataShape>
                                    <FieldDefinitions>
                                        <FieldDefinition baseType="STRING" description="code" name="code" ordinal="0"/>
                                    </FieldDefinitions>
                                </DataShape>
                                <Rows>
                                    <Row>
                                        <code><![CDATA[
var thingTemplate = ThingTemplates[thingTemplateName];
if (thingTemplate === undefined || thingTemplate === null) {
    throw new Error('Unknown template: ' + thingTemplateName);
}

// grant instance visibility
thingTemplate.AddInstanceVisibilityPermission({ principal: organizationName, principalType: 'Organization' });

// grant runtime permissions for all 5 permission types
var runtimeParams = {
    resource: '*',
    principal: userGroupName,
    principalType: 'Group',
    allow: true
};

runtimeParams.type = 'PropertyRead';
thingTemplate.AddInstanceRunTimePermission(runtimeParams);

runtimeParams.type = 'PropertyWrite';
thingTemplate.AddInstanceRunTimePermission(runtimeParams);

runtimeParams.type = 'ServiceInvoke';
thingTemplate.AddInstanceRunTimePermission(runtimeParams);

runtimeParams.type = 'EventInvoke';
thingTemplate.AddInstanceRunTimePermission(runtimeParams);

runtimeParams.type = 'EventSubscribe';
thingTemplate.AddInstanceRunTimePermission(runtimeParams);
]]></code>
                                    </Row>
                                </Rows>
                            </ConfigurationTable>
                        </ConfigurationTables>
                    </ServiceImplementation>
                </ServiceImplementations>
                <Subscriptions>
                    <Subscription source="" eventName="ClearCacheEntry" enabled="true">
                        <ServiceImplementation handlerName="Script" name="InvokeClearCacheEntryService">
                            <ConfigurationTables>
                                <ConfigurationTable description="" isMultiRow="false" name="Script" ordinal="0">
                                    <DataShape>
                                        <FieldDefinitions>
                                            <FieldDefinition baseType="STRING" description="code" name="code" ordinal="0" />
                                        </FieldDefinitions>
                                    </DataShape>
                                    <Rows>
                                        <Row>
                                            <code><![CDATA[me.ClearCacheEntryService({
    cacheName: eventData.cacheName,
    cacheKey: eventData.cacheKey,
    context: eventData.context
});]]></code>
                                        </Row>
                                    </Rows>
                                </ConfigurationTable>
                            </ConfigurationTables>
                        </ServiceImplementation>
                    </Subscription>
                </Subscriptions>
            </ThingShape>
        </Thing>
    </Things>
</Entities>