<?xml version="1.0" encoding="UTF-8" standalone="no"?>
<Entities build="b11034" majorVersion="0" minorVersion="0" modelPersistenceProviderPackage="PostgresPersistenceProviderPackage" revision="0" schemaVersion="1110" universal="">
    <Things>
        <Thing description="Provides additional services for protocol adapters." documentationContent="" effectiveThingPackage="ConfiguredThing" enabled="true" homeMashup="" identifier="" inheritedValueStream="" lastModifiedDate="2020-11-20T15:44:48.885Z" name="ProtocolAdapterServices" projectName="PTCDefaultProject" published="false" tags="" thingTemplate="GenericThing" valueStream="">
            <Owner name="Administrator" type="User"/>
            <avatar/>
            <DesignTimePermissions>
                <Create/>
                <Read/>
                <Update/>
                <Delete/>
                <Metadata/>
            </DesignTimePermissions>
            <RunTimePermissions/>
            <VisibilityPermissions>
                <Visibility/>
            </VisibilityPermissions>
            <ConfigurationTableDefinitions/>
            <ConfigurationTables/>
            <ThingShape>
                <PropertyDefinitions/>
                <ServiceDefinitions>
                    <ServiceDefinition aspect.isAsync="false" category="" 
                                       description="Some connection servers support a leader concept. This service starts the leader election timer" 
                                       isAllowOverride="false" isLocalOnly="false" isOpen="false" isPrivate="false" 
                                       name="SetupLeaderElection">
                        <ResultType baseType="NOTHING" description="" name="result" ordinal="0"/>
                        <ParameterDefinitions>
                            <FieldDefinition baseType="STRING" description="Name of the Organization that will run leader election" 
                                             name="organization" ordinal="1"/>
                            <FieldDefinition baseType="GROUPNAME" description="Name of the User Group that will run leader election" 
                                             name="userGroup" ordinal="2"/>
                        </ParameterDefinitions>
                    </ServiceDefinition>
                </ServiceDefinitions>
                <EventDefinitions/>
                <ServiceMappings/>
                <ServiceImplementations>
                    <ServiceImplementation description="" handlerName="Script" name="SetupLeaderElection">
                        <ConfigurationTables>
                            <ConfigurationTable dataShapeName="" description="" isMultiRow="false" name="Script" ordinal="0">
                                <DataShape>
                                    <FieldDefinitions>
                                        <FieldDefinition baseType="STRING" description="code" name="code" ordinal="0"/>
                                    </FieldDefinitions>
                                </DataShape>
                                <Rows>
                                    <Row>
                                        <code><![CDATA[if (organization === null || organization === undefined || organization.trim().length == 0) {
    throw new Error('organization parameter is required');
}
if (userGroup === null || userGroup === undefined || userGroup.trim().length == 0) {
    throw new Error('userGroup parameter is required');
}

// service params used when setting entity visibility
var visibilityPermissionParams = {
    principal: organization,
    principalType: 'Organization'
};

// service params used when setting entity permissions
// resource and type will be added to this object before invoking the service to add permissions
var permissionParams = {
	principal: userGroup,
	principalType: 'Group',
	allow: true,
};

// Availability services
Subsystems["ProtocolAdapterSubsystem"].AddVisibilityPermission(visibilityPermissionParams);
permissionParams.resource = "ElectGroupLeaders";
permissionParams.type = "ServiceInvoke";
Subsystems["ProtocolAdapterSubsystem"].AddRunTimePermission(permissionParams);

permissionParams.type = "ServiceInvoke";
permissionParams.resource = "GetConfigurationTable";
Subsystems["ProtocolAdapterSubsystem"].AddRunTimePermission(permissionParams);

// Availability Timer to run as the connector user
var timerTable = Things["ProtocolAdapterLeaderElectionTimer"].GetConfigurationTable({tableName:"Settings"});
timerTable.getRow(0).SetStringValue("runAsUser",Groups[userGroup].GetGroupMembers().getRowValue("name"));
timerTable.getRow(0).SetBooleanValue("enabled",true);
Things["ProtocolAdapterLeaderElectionTimer"].SetConfigurationTable({
    tableName: "Settings",
    persistent: true,
    configurationTable: timerTable});
Things["ProtocolAdapterLeaderElectionTimer"].EnableThing();
Things["ProtocolAdapterLeaderElectionTimer"].RestartThing();]]></code>
                                    </Row>
                                </Rows>
                            </ConfigurationTable>
                        </ConfigurationTables>
                    </ServiceImplementation>
                </ServiceImplementations>
                <Subscriptions/>
            </ThingShape>
            <PropertyBindings/>
            <RemotePropertyBindings/>
            <RemoteServiceBindings/>
            <RemoteEventBindings/>
            <AlertConfigurations/>
            <ImplementedShapes/>
            <ThingProperties/>
            <ConfigurationChanges/>
        </Thing>
    </Things>
</Entities>