<?xml version="1.0" encoding="UTF-8"?><Entities>
    <ExtensionPackages>
        <ExtensionPackage artifactId="charts" dependsOn="PTC.ModelManagementTWX,PTC.Base,PTCTS.UserInterface,PTCTS.ConfigurationManagement,PTCTS.IAMAdmin" groupId="ptc" lastModifiedDate="2021-07-02T08:55:15.724-04:00" minimumThingWorxVersion="9.0.0" packageVersion="0.2.211831255" haCompatible="true" description="" documentationContent="" homeMashup="" name="PTC.Charts" tags="" vendor="">
            <avatar/>
            <DesignTimePermissions>
                                
                <Create/>
                                
                <Read/>
                                
                <Update/>
                                
                <Delete/>
                                
                <Metadata/>
                            
            </DesignTimePermissions>
            <RunTimePermissions/>
            <VisibilityPermissions>
                                
                <Visibility/>
                            
            </VisibilityPermissions>
            <ConfigurationTableDefinitions/>
            <ConfigurationTables/>
        </ExtensionPackage>
    </ExtensionPackages>
</Entities>
