<?xml version="1.0" encoding="UTF-8"?>
<Entities
 build="b158"
 majorVersion="7"
 minorVersion="4"
 modelPersistenceProviderPackage="NeoPersistenceProviderPackage"
 revision="0"
 schemaVersion="940">
    <MediaEntities>
        <MediaEntity
         description="Expand tab {PTC.Factory.ExpandTab}"
         documentationContent=""
         homeMashup=""
         lastModifiedDate="2017-04-04T15:02:10.355-04:00"
         name="PTC.Factory.ExpandTab"
         projectName="PTC.SCA.SCO.Common"
         tags="PTC:sca-sco;PTC:MediaEntity;PTC:sca-sco-common">
            <avatar></avatar>
            <DesignTimePermissions>
                <Create></Create>
                <Read></Read>
                <Update></Update>
                <Delete></Delete>
                <Metadata></Metadata>
            </DesignTimePermissions>
            <RunTimePermissions></RunTimePermissions>
            <VisibilityPermissions>
                <Visibility>
                    <Principal
                     isPermitted="true"
                     name="PTC.Factory.MachineVisibility"
                     type="Organization"></Principal>
                </Visibility>
            </VisibilityPermissions>
            <ConfigurationTables></ConfigurationTables>
            <content>
            <![CDATA[
            iVBORw0KGgoAAAANSUhEUgAAABEAAAASCAYAAAC9+TVUAAAAU0lEQVR42mNgwAOUEyfNB+L/IJqB
            HIBkwH+yDMJiAGkGYTHgPkkG4fIC0V4jpJCgQcTahFMdqbGAVT2RXsDrNaIVEmvBaDoZUumEWIPI
            LniQ9QEAd0QuHMLAtskAAAAASUVORK5CYII=
            ]]>
            </content>
        </MediaEntity>
    </MediaEntities>
</Entities>
