<?xml version="1.0" encoding="UTF-8"?>
<Entities
 build="b50"
 majorVersion="7"
 minorVersion="3"
 modelPersistenceProviderPackage="NeoPersistenceProviderPackage"
 revision="0"
 schemaVersion="931">
    <MediaEntities>
        <MediaEntity
         aspect.isEditableExtensionObject="true"
         aspect.isExtension="true"
         description="Black double dash {PTC.Factory.MetricsWidget.Trend.DoubleDash.Black}"
         documentationContent=""
         homeMashup=""
         lastModifiedDate="2017-02-24T14:21:45.547-05:00"
         name="PTC.Factory.MetricsWidget.Trend.DoubleDash.Black"
         projectName="PTC.SCA.SCO.KPI.MetricsDisplay"
         tags="PTC:sca-sco;PTC:MediaEntity;PTC:sca-sco-kpi-metricsdisplay">
            <avatar></avatar>
            <DesignTimePermissions>
                <Create></Create>
                <Read></Read>
                <Update></Update>
                <Delete></Delete>
                <Metadata></Metadata>
            </DesignTimePermissions>
            <RunTimePermissions></RunTimePermissions>
            <VisibilityPermissions>
                <Visibility>
                    <Principal
                     isPermitted="true"
                     name="PTC.Factory.MachineVisibility"
                     type="Organization"></Principal>
                </Visibility>
            </VisibilityPermissions>
            <ConfigurationTables></ConfigurationTables>
            <content>
            <![CDATA[
            iVBORw0KGgoAAAANSUhEUgAAABAAAAADCAYAAACasY9UAAAAGXRFWHRTb2Z0d2FyZQBBZG9iZSBJ
            bWFnZVJlYWR5ccllPAAAACFJREFUeNpidHNz+8+AA+zatYsRRONTw8RAIaDYAIAAAwDjRAXX3+A1
            xgAAAABJRU5ErkJggg==
            ]]>
            </content>
        </MediaEntity>
    </MediaEntities>
</Entities>
