<?xml version="1.0" encoding="UTF-8"?>
<Entities
 build="b50"
 majorVersion="7"
 minorVersion="3"
 modelPersistenceProviderPackage="NeoPersistenceProviderPackage"
 revision="0"
 schemaVersion="931">
    <MediaEntities>
        <MediaEntity
         aspect.isEditableExtensionObject="true"
         aspect.isExtension="true"
         description="Gray down arrow {PTC.Factory.MetricsWidget.Trend.Down.Gray}"
         documentationContent=""
         homeMashup=""
         lastModifiedDate="2017-02-24T14:02:33.668-05:00"
         name="PTC.Factory.MetricsWidget.Trend.Down.Gray"
         projectName="PTC.SCA.SCO.KPI.MetricsDisplay"
         tags="PTC:sca-sco;PTC:MediaEntity;PTC:sca-sco-kpi-metricsdisplay">
            <avatar></avatar>
            <DesignTimePermissions>
                <Create></Create>
                <Read></Read>
                <Update></Update>
                <Delete></Delete>
                <Metadata></Metadata>
            </DesignTimePermissions>
            <RunTimePermissions></RunTimePermissions>
            <VisibilityPermissions>
                <Visibility>
                    <Principal
                     isPermitted="true"
                     name="PTC.Factory.MachineVisibility"
                     type="Organization"></Principal>
                </Visibility>
            </VisibilityPermissions>
            <ConfigurationTables></ConfigurationTables>
            <content>
            <![CDATA[
            iVBORw0KGgoAAAANSUhEUgAAABAAAAAQCAYAAAAf8/9hAAAAAXNSR0IArs4c6QAAAXpJREFUOBFj
            ZMABdMwt9jH8Z3AESzMy7L9y8oQTNqVM2ARJERsuBjQ0NDDpm1vFovmdEY0P54LUgvSABJhAjLXb
            ds77+//fIl0zq0lwVQzAOMACQGpAakF6QHqZ33z7NQuoNgmi9r+5uKws/6snT3aKycgkAMUUwOKM
            DA9ePX2yUNfCsu/////5YDEGBoNrt+9JM4vLyEoCDfABCkKc/J/BUkxGlgfIlwJiBSAGyTwEiukw
            /P9fDOZDiP+MTIwzwZr0LKwy//37Nw1JEsT8BcRsUDFkNliIiYkp69KJY9OZQbyXTx6fEZeWfQtk
            eoFlIQRYDspHZgMdxJh7+eRxsIVwCaAfT0nIyH4EhpwHkiEYTCZGxoLLp45PhknADQAJvHz65ISY
            jNwXYJi4wRSg0IxMJUCb+5HFUAwASbx6+vi4uKzcD2CAuSArZGRiqrhy8lg3shiIjWEASPDVk8dH
            JaRlfgO94wziA1NMNdDmDhCbJKBrblkHwvg0AQC4zHjG+7YAJQAAAABJRU5ErkJggg==
            ]]>
            </content>
        </MediaEntity>
    </MediaEntities>
</Entities>
