<?xml version="1.0" encoding="UTF-8"?>
<Entities
 build="b158"
 majorVersion="7"
 minorVersion="4"
 modelPersistenceProviderPackage="NeoPersistenceProviderPackage"
 revision="0"
 schemaVersion="940">
    <MediaEntities>
        <MediaEntity
         description="Disabled small trash {PTC.Factory.TrashDisabledIcon_Small}"
         documentationContent=""
         homeMashup=""
         lastModifiedDate="2017-04-04T15:44:17.525-04:00"
         name="PTC.Factory.TrashDisabledIcon_Small"
         projectName="PTC.SCA.SCO.Common"
         tags="PTC:sca-sco;PTC:MediaEntity;PTC:sca-sco-common">
            <avatar></avatar>
            <DesignTimePermissions>
                <Create></Create>
                <Read></Read>
                <Update></Update>
                <Delete></Delete>
                <Metadata></Metadata>
            </DesignTimePermissions>
            <RunTimePermissions></RunTimePermissions>
            <VisibilityPermissions>
                <Visibility>
                    <Principal
                     isPermitted="true"
                     name="PTC.Factory.MachineVisibility"
                     type="Organization"></Principal>
                </Visibility>
            </VisibilityPermissions>
            <ConfigurationTables></ConfigurationTables>
            <content>
            <![CDATA[
            iVBORw0KGgoAAAANSUhEUgAAAAsAAAAMCAYAAAC0qUeeAAAA0ElEQVR42mNgQAJF8w/0Fi048A2I
            fxbOP/AViFsZsIGKpYeVgJKvGpac4GtYdZUNyBcsXLD/TeHCY9LIpn0CKvoFlPhTuODAPzAbhkF8
            kDiQDbTtJUPD/v0sIEEQjQ2XLLrIDVT4fdWq/8xg00GKwbYsPFD0//9/RhhdvOBA4aRtt9lBiuFO
            AZv8/z8TyEqwTUBrZ545wwry6GBWDPbggv0lYA9C6cIFB4sxFIPCumzjEV6Q6ei4ctUh0cL5+18g
            K64FCvyARAwqBpkKsgGkDgDixQWa/rAaZQAAAABJRU5ErkJggg==
            ]]>
            </content>
        </MediaEntity>
    </MediaEntities>
</Entities>
