<?xml version="1.0" encoding="UTF-8"?>
<Entities
 build="b3226"
 majorVersion="0"
 minorVersion="0"
 modelPersistenceProviderPackage="NeoPersistenceProviderPackage"
 revision="0"
 schemaVersion="1000">
    <MediaEntities>
        <MediaEntity
         aspect.isEditableExtensionObject="true"
         aspect.isExtension="true"
         description="Toggle slider off {PTC.SCA.SCO.ToggleSlider.OFF}"
         documentationContent=""
         homeMashup=""
         lastModifiedDate="2017-06-01T01:49:05.723-04:00"
         name="PTC.SCA.SCO.ToggleSlider.OFF"
         projectName="PTC.SCA.SCO.Common"
         tags="PTC:sca-sco;PTC:MediaEntity;PTC:sca-sco-common">
            <avatar></avatar>
            <DesignTimePermissions>
                <Create></Create>
                <Read></Read>
                <Update></Update>
                <Delete></Delete>
                <Metadata></Metadata>
            </DesignTimePermissions>
            <RunTimePermissions></RunTimePermissions>
            <VisibilityPermissions>
                <Visibility>
                    <Principal
                     isPermitted="true"
                     name="PTC.Factory.MachineVisibility"
                     type="Organization"></Principal>
                </Visibility>
            </VisibilityPermissions>
            <ConfigurationTables>
                <ConfigurationTable
                 description="List of authorization server scopes"
                 isMultiRow="true"
                 name="AuthorizationServerScopesSettings"
                 ordinal="1">
                    <DataShape>
                        <FieldDefinitions>
                            <FieldDefinition
                             baseType="STRING"
                             description="A single scope for the authorization server."
                             name="scope"
                             ordinal="0"></FieldDefinition>
                        </FieldDefinitions>
                    </DataShape>
                    <Rows></Rows>
                </ConfigurationTable>
                <ConfigurationTable
                 description="Content Source Connection information"
                 isMultiRow="false"
                 name="ContentSourceConnectionInformation"
                 ordinal="0">
                    <DataShape>
                        <FieldDefinitions>
                            <FieldDefinition
                             aspect.defaultValue="none"
                             aspect.friendlyName="AuthenticationType"
                             aspect.selectOptions="none:none|basic:basic|SSO:SSO"
                             baseType="STRING"
                             description="Authentication type"
                             name="authenticationType"
                             ordinal="4"></FieldDefinition>
                            <FieldDefinition
                             aspect.friendlyName="AuthorizationServerID"
                             baseType="STRING"
                             description="Authorization Server ID"
                             name="authorizationServerId"
                             ordinal="7"></FieldDefinition>
                            <FieldDefinition
                             aspect.friendlyName="Dynamic Content"
                             baseType="BOOLEAN"
                             description="Display dynamic content from external URL"
                             name="dynamicContent"
                             ordinal="0"></FieldDefinition>
                            <FieldDefinition
                             aspect.friendlyName="Ignore SSL Errors"
                             baseType="BOOLEAN"
                             description="Ignore SSL errors"
                             name="ignoreSSLErrors"
                             ordinal="2"></FieldDefinition>
                            <FieldDefinition
                             aspect.friendlyName="AuthPassword"
                             baseType="PASSWORD"
                             description="Password for basic authentication"
                             name="password"
                             ordinal="6"></FieldDefinition>
                            <FieldDefinition
                             aspect.defaultValue="60.0"
                             aspect.friendlyName="Timeout"
                             baseType="NUMBER"
                             description="Timeout"
                             name="timeout"
                             ordinal="3"></FieldDefinition>
                            <FieldDefinition
                             aspect.friendlyName="URL"
                             baseType="STRING"
                             description="The URL to the content source"
                             name="url"
                             ordinal="1"></FieldDefinition>
                            <FieldDefinition
                             aspect.friendlyName="AuthUsername"
                             baseType="STRING"
                             description="Username for basic authentication"
                             name="userId"
                             ordinal="5"></FieldDefinition>
                        </FieldDefinitions>
                    </DataShape>
                    <Rows>
                        <Row>
                            <ignoreSSLErrors>false</ignoreSSLErrors>
                            <dynamicContent>false</dynamicContent>
                            <password></password>
                            <authorizationServerId></authorizationServerId>
                            <authenticationType>
                            <![CDATA[
                            none
                            ]]>
                            </authenticationType>
                            <userId></userId>
                            <url></url>
                            <timeout>60.0</timeout>
                        </Row>
                    </Rows>
                </ConfigurationTable>
            </ConfigurationTables>
            <content>
            <![CDATA[
            iVBORw0KGgoAAAANSUhEUgAAACgAAAASCAYAAAApH5ymAAABIElEQVR42tVWOw6CQBDF2HkGj+EN
            9BJ6BW002thq6Sn4JmhHQ7S2p7LyAFbQkBhCYH1D3AQUVIpJ1kleWHZ34O18dkbTasQwjKWu6xc8
            EyDHWDAgw7dvwBlYm6bZ176JZVkjKEZMhL7hDmxd1+3WksPiFCfJaLNt23kQBCIMQ5GmaQEa0xwO
            wU305Hler0IO5h1Kcr7viziORZPQGu1hIleEE7gc8KtO2XqRJPercJGUMQ+jTcoJUbj1k+XqLMns
            7qu03oUmKL7aCulwxqPjOAOyYEIvlARthXQ4CYLbQpM+p0xtK6TDnNG7vyCorIuB+V8kyUrpa0bV
            ixrPcaVJUKzU7Sul7llRZio0C+BwfGsWVGm3UH83je3WizVXqjSsDwBCJEP7QfPNAAAAAElFTkSu
            QmCC
            ]]>
            </content>
        </MediaEntity>
    </MediaEntities>
</Entities>
