<?xml version="1.0" encoding="UTF-8"?>
<Entities
 build="b18"
 majorVersion="7"
 minorVersion="1"
 modelPersistenceProviderPackage="NeoPersistenceProviderPackage"
 revision="0"
 schemaVersion="910">
    <DataShapes>
        <DataShape
         aspect.isEditableExtensionObject="false"
         aspect.isExtension="true"
         baseDataShape=""
         description="Trend template {PTC.Factory.TrendTemplateDataShape}"
         documentationContent="&lt;p&gt;&lt;br&gt;&lt;/p&gt;&#xA;"
         homeMashup=""
         lastModifiedDate="2016-06-01T15:38:45.597Z"
         name="PTC.Factory.TrendTemplateDataShape"
         projectName="PTC.SCA.SCO.Troubleshooting Tool"
         tags="PTC:sca-sco;PTC:DataShape;PTC:sca-sco-troubleshootingtool">
            <avatar></avatar>
            <DesignTimePermissions>
                <Create></Create>
                <Read></Read>
                <Update></Update>
                <Delete></Delete>
                <Metadata></Metadata>
            </DesignTimePermissions>
            <RunTimePermissions></RunTimePermissions>
            <VisibilityPermissions>
                <Visibility>
                    <Principal
                     isPermitted="true"
                     name="PTC.Factory.MachineVisibility:Trend&amp;Troubleshooting"
                     type="OrganizationalUnit"></Principal>
                </Visibility>
            </VisibilityPermissions>
            <ConfigurationTables></ConfigurationTables>
            <FieldDefinitions>
                <FieldDefinition
                 baseType="USERNAME"
                 description=""
                 name="CreatedBy"
                 ordinal="3"></FieldDefinition>
                <FieldDefinition
                 baseType="STRING"
                 description=""
                 name="Description"
                 ordinal="4"></FieldDefinition>
                <FieldDefinition
                 aspect.isPrimaryKey="true"
                 baseType="STRING"
                 description=""
                 name="Name"
                 ordinal="4"></FieldDefinition>
                <FieldDefinition
                 baseType="STRING"
                 description=""
                 name="Range"
                 ordinal="2"></FieldDefinition>
                <FieldDefinition
                 baseType="STRING"
                 description=""
                 name="TrendName"
                 ordinal="27"></FieldDefinition>
                <FieldDefinition
                 baseType="STRING"
                 description=""
                 name="TrendName1"
                 ordinal="6"></FieldDefinition>
                <FieldDefinition
                 baseType="STRING"
                 description=""
                 name="TrendName10"
                 ordinal="24"></FieldDefinition>
                <FieldDefinition
                 baseType="STRING"
                 description=""
                 name="TrendName2"
                 ordinal="8"></FieldDefinition>
                <FieldDefinition
                 baseType="STRING"
                 description=""
                 name="TrendName3"
                 ordinal="10"></FieldDefinition>
                <FieldDefinition
                 baseType="STRING"
                 description=""
                 name="TrendName4"
                 ordinal="12"></FieldDefinition>
                <FieldDefinition
                 baseType="STRING"
                 description=""
                 name="TrendName5"
                 ordinal="14"></FieldDefinition>
                <FieldDefinition
                 baseType="STRING"
                 description=""
                 name="TrendName6"
                 ordinal="16"></FieldDefinition>
                <FieldDefinition
                 baseType="STRING"
                 description=""
                 name="TrendName7"
                 ordinal="18"></FieldDefinition>
                <FieldDefinition
                 baseType="STRING"
                 description=""
                 name="TrendName8"
                 ordinal="20"></FieldDefinition>
                <FieldDefinition
                 baseType="STRING"
                 description=""
                 name="TrendName9"
                 ordinal="22"></FieldDefinition>
                <FieldDefinition
                 baseType="NUMBER"
                 description=""
                 name="TrendValue1"
                 ordinal="5"></FieldDefinition>
                <FieldDefinition
                 baseType="NUMBER"
                 description=""
                 name="TrendValue10"
                 ordinal="23"></FieldDefinition>
                <FieldDefinition
                 baseType="NUMBER"
                 description=""
                 name="TrendValue2"
                 ordinal="7"></FieldDefinition>
                <FieldDefinition
                 baseType="NUMBER"
                 description=""
                 name="TrendValue3"
                 ordinal="9"></FieldDefinition>
                <FieldDefinition
                 baseType="NUMBER"
                 description=""
                 name="TrendValue4"
                 ordinal="11"></FieldDefinition>
                <FieldDefinition
                 baseType="NUMBER"
                 description=""
                 name="TrendValue5"
                 ordinal="13"></FieldDefinition>
                <FieldDefinition
                 baseType="NUMBER"
                 description=""
                 name="TrendValue6"
                 ordinal="15"></FieldDefinition>
                <FieldDefinition
                 baseType="NUMBER"
                 description=""
                 name="TrendValue7"
                 ordinal="17"></FieldDefinition>
                <FieldDefinition
                 baseType="NUMBER"
                 description=""
                 name="TrendValue8"
                 ordinal="19"></FieldDefinition>
                <FieldDefinition
                 baseType="NUMBER"
                 description=""
                 name="TrendValue9"
                 ordinal="21"></FieldDefinition>
                <FieldDefinition
                 baseType="STRING"
                 description=""
                 name="TrendFullName1"
                 ordinal="31"></FieldDefinition>
                <FieldDefinition
                 baseType="STRING"
                 description=""
                 name="TrendFullName2"
                 ordinal="32"></FieldDefinition>
                <FieldDefinition
                 baseType="STRING"
                 description=""
                 name="TrendFullName3"
                 ordinal="33"></FieldDefinition>
                <FieldDefinition
                 baseType="STRING"
                 description=""
                 name="TrendFullName4"
                 ordinal="34"></FieldDefinition>
                <FieldDefinition
                 baseType="STRING"
                 description=""
                 name="TrendFullName5"
                 ordinal="35"></FieldDefinition>
                <FieldDefinition
                 baseType="STRING"
                 description=""
                 name="Type"
                 ordinal="24"></FieldDefinition>
                <FieldDefinition
                 baseType="STRING"
                 description=""
                 name="DetailsPageLink"
                 ordinal="0"></FieldDefinition>
            </FieldDefinitions>
        </DataShape>
    </DataShapes>
</Entities>
