<?xml version="1.0" encoding="utf-8"?><Entities><ExtensionPackages><ExtensionPackage name="SCO_Common-customization-9.1.0-02-extension" haCompatible="true" description="Smart Connected Operation Common Tools Extension Customization" vendor="PTC" packageVersion="9.1.0" buildNumber="02" minimumThingWorxVersion="8.1.0" dependsOn="SCO_Common-extension:9.1.0" licensed="true" licenseName="twx_mfg_common" namedLicensedGroup="twx_mfg_common_named"><Licensed><Entity name="PTC.SCA.SCO.ConfigurationAndSetup.C_EquipmentConfigurationMashup_9.1.0_02"></Entity><Entity name="PTC.SCA.SCO.ConfigurationAndSetup.C_EmailAndTextConfigurationMashup_9.1.0_02"></Entity><Entity name="PTC.SCA.SCO.ConfigurationAndSetup.C_PopupMashup_9.1.0_02"></Entity></Licensed><JarResources><FileResource file="sco-Common-customization-extension.jar" type="JAR"></FileResource></JarResources></ExtensionPackage></ExtensionPackages></Entities>