<?xml version="1.0" encoding="UTF-8"?><Entities>
    <ExtensionPackages>
        <ExtensionPackage artifactId="configurationmanagement" dependsOn="PTC.Base,PTCTS.UserInterface,PTC.ModelManagement,PTC.UserManagement,PTCTS.IAMAdmin" groupId="ptcts" lastModifiedDate="2021-07-02T08:55:16.150-04:00" minimumThingWorxVersion="9.0.0" packageVersion="0.2.211831255" haCompatible="true" description="Configuration management building block" documentationContent="" homeMashup="" name="PTCTS.ConfigurationManagement" tags="" vendor="">
            <avatar/>
            <DesignTimePermissions>
                                
                <Create/>
                                
                <Read/>
                                
                <Update/>
                                
                <Delete/>
                                
                <Metadata/>
                            
            </DesignTimePermissions>
            <RunTimePermissions/>
            <VisibilityPermissions>
                                
                <Visibility/>
                            
            </VisibilityPermissions>
            <ConfigurationTableDefinitions/>
            <ConfigurationTables/>
        </ExtensionPackage>
    </ExtensionPackages>
</Entities>
