<?xml version="1.0" encoding="UTF-8" standalone="no"?>
<Entities build="latest" majorVersion="0" minorVersion="0" revision="0" schemaVersion="931">
    <ThingTemplates>
        <ThingTemplate description="Used to provide properties and services to Things which are accessible by Remote Sessions from the Remote Access Client."
                    name="RemoteAccessClient"  baseThingTemplate="RemoteThing" tags="Applications:RemoteAccess">
            <ImplementedShapes>
                <ImplementedShape name="Gateway" type="ThingShape"/>
            </ImplementedShapes>
            <ThingShape>
                <ServiceDefinitions>
                    <ServiceDefinition description="Get the session with the given ID." name="GetSession">
                        <ResultType aspect.dataShape="RemoteSession" baseType="INFOTABLE"
                                    description="The remote session with the given session ID" name="result"/>
                        <ParameterDefinitions>
                            <FieldDefinition baseType="GUID" description="the ID of the session to retrieve" name="sessionId"/>
                        </ParameterDefinitions>
                    </ServiceDefinition>
                    <ServiceDefinition description="End the session with the given ID." name="EndSession">
                        <ParameterDefinitions>
                            <FieldDefinition baseType="GUID" description="the ID of the session to end" name="sessionId"/>
                            <FieldDefinition baseType="THINGNAME" description="the remote device thing name" name="thingName"/>
                        </ParameterDefinitions>
                    </ServiceDefinition>
                    <ServiceDefinition description="Retrieve remote-session endpoints for given RemoteAccessible" name="GetRemoteAccessibleEndpoints">
                        <ResultType aspect.dataShape="RemoteEndpoint" baseType="INFOTABLE"
                                    description="Property values" name="result"/>
                        <ParameterDefinitions>
                            <FieldDefinition baseType="THINGNAME" description="The RemoteAccessible thing whose endpoints to retrieve" name="remoteAccessible"/>
                        </ParameterDefinitions>
                    </ServiceDefinition>
                    <ServiceDefinition description="Retrieve property values for a thing." name="GetNamedPropertyValuesForThing">
                        <ResultType baseType="INFOTABLE"
                                    description="Property values" name="result"/>
                        <ParameterDefinitions>
                            <FieldDefinition baseType="THINGNAME" description="The thing whose properties to retrieve" name="thingName"/>
                            <FieldDefinition baseType="INFOTABLE" aspect.dataShape="EntityList" description="The properties to retrieve" name="propertyNames"/>
                        </ParameterDefinitions>
                    </ServiceDefinition>
                    <ServiceDefinition description="Retrieve configuration table for a thing" name="GetConfigurationTableForThing">
                        <ResultType baseType="INFOTABLE"
                                    description="Property values" name="result"/>
                        <ParameterDefinitions>
                            <FieldDefinition baseType="THINGNAME" description="The thing whose configuration table to retrieve" name="thingName"/>
                            <FieldDefinition baseType="STRING" description="The names of the table to retrieve" name="tableName"/>
                        </ParameterDefinitions>
                    </ServiceDefinition>
                    <ServiceDefinition description="Retrieve tunnel status for a thing" name="GetTunnelStatusForThing">
                        <ResultType baseType="INFOTABLE"
                                    description="Status values" name="result"/>
                        <ParameterDefinitions>
                            <FieldDefinition baseType="THINGNAME" description="The thing whose tunnel status to retrieve" name="thingName"/>
                        </ParameterDefinitions>
                    </ServiceDefinition>
                    <ServiceDefinition description="Alert that the client is installed locally" name="ClientPresent">
                        <ParameterDefinitions>
                            <FieldDefinition baseType="STRING" description="The correlation id given to the client when launched" name="clientId"/>
                        </ParameterDefinitions>
                    </ServiceDefinition>
                    <ServiceDefinition category="" description="Update the specified remote session." isAllowOverride="false" isLocalOnly="false" isOpen="false" isPrivate="false" name="UpdateSession">
                        <ResultType baseType="NOTHING" description="result" name="result" ordinal="0" />
                        <ParameterDefinitions>
                                <FieldDefinition aspect.dataShape="RemoteSession" aspect.isDataTableEntry="true" baseType="INFOTABLE" description="" name="remoteSession" ordinal="1" />
                        </ParameterDefinitions>
                    </ServiceDefinition>
                    <ServiceDefinition description="Return the viewer configuration for the thing's endpoint and clientOS" name="GetEndpointViewerConfiguration">
                        <ResultType baseType="JSON"
                                    description="Property values" name="result"/>
                        <ParameterDefinitions>
                            <FieldDefinition baseType="THINGNAME" description="The thing whose viewer configuration to retrieve" name="thingName"/>
                            <FieldDefinition baseType="STRING" description="endpoint name" name="endpointName"/>
                            <FieldDefinition baseType="STRING" description="client operating system" name="clientOS"/>
                        </ParameterDefinitions>
                    </ServiceDefinition>
                </ServiceDefinitions>
                <ServiceImplementations>
                    <ServiceImplementation handlerName="Script" name="GetSession">
                        <ConfigurationTables>
                            <ConfigurationTable description="Script" isMultiRow="false" name="Script">
                                <DataShape>
                                    <FieldDefinitions>
                                        <FieldDefinition baseType="STRING" description="code" name="code"/>
                                    </FieldDefinitions>
                                </DataShape>
                                <Rows>
                                    <Row>
                                        <code><![CDATA[
 var result = Subsystems['RemoteAccessSubsystem'].GetSession({
     sessionId: sessionId
 });
]]></code>
                                    </Row>
                                </Rows>
                            </ConfigurationTable>
                        </ConfigurationTables>
                    </ServiceImplementation>
                    <ServiceImplementation handlerName="Script" name="EndSession">
                        <ConfigurationTables>
                            <ConfigurationTable description="Script" isMultiRow="false" name="Script">
                                <DataShape>
                                    <FieldDefinitions>
                                        <FieldDefinition baseType="STRING" description="code" name="code"/>
                                    </FieldDefinitions>
                                </DataShape>
                                <Rows>
                                    <Row>
                                        <code><![CDATA[
 Things[thingName].EndSession({
     sessionId: sessionId
 });
]]></code>
                                    </Row>
                                </Rows>
                            </ConfigurationTable>
                        </ConfigurationTables>
                    </ServiceImplementation>
                    <ServiceImplementation handlerName="Script" name="GetRemoteAccessibleEndpoints">
                        <ConfigurationTables>
                            <ConfigurationTable description="Script" isMultiRow="false" name="Script">
                                <DataShape>
                                    <FieldDefinitions>
                                        <FieldDefinition baseType="STRING" description="code" name="code"/>
                                    </FieldDefinitions>
                                </DataShape>
                                <Rows>
                                    <Row>
                                        <code><![CDATA[
 var result = Subsystems['RemoteAccessSubsystem'].GetRemoteAccessibleEndpoints({
     remoteAccessible: remoteAccessible
 });
]]></code>
                                    </Row>
                                </Rows>
                            </ConfigurationTable>
                        </ConfigurationTables>
                    </ServiceImplementation>
                    <ServiceImplementation handlerName="Script" name="ClientPresent">
                        <ConfigurationTables>
                            <ConfigurationTable description="Script" isMultiRow="false" name="Script">
                                <DataShape>
                                    <FieldDefinitions>
                                        <FieldDefinition baseType="STRING" description="code" name="code"/>
                                    </FieldDefinitions>
                                </DataShape>
                                <Rows>
                                    <Row>
                                        <code><![CDATA[
 Subsystems['RemoteAccessSubsystem'].ClientPresent({
     clientId: clientId
 });
]]></code>
                                    </Row>
                                </Rows>
                            </ConfigurationTable>
                        </ConfigurationTables>
                    </ServiceImplementation>
                    <ServiceImplementation handlerName="Script" name="GetNamedPropertyValuesForThing">
                        <ConfigurationTables>
                            <ConfigurationTable description="Script" isMultiRow="false" name="Script">
                                <DataShape>
                                    <FieldDefinitions>
                                        <FieldDefinition baseType="STRING" description="code" name="code"/>
                                    </FieldDefinitions>
                                </DataShape>
                                <Rows>
                                    <Row>
                                        <code><![CDATA[
     var result = Things[thingName].GetNamedPropertyValues({
        propertyNames: propertyNames
    });
]]></code>
                                    </Row>
                                </Rows>
                            </ConfigurationTable>
                        </ConfigurationTables>
                    </ServiceImplementation>
                    <ServiceImplementation handlerName="Script" name="GetConfigurationTableForThing">
                        <ConfigurationTables>
                            <ConfigurationTable description="Script" isMultiRow="false" name="Script">
                                <DataShape>
                                    <FieldDefinitions>
                                        <FieldDefinition baseType="STRING" description="code" name="code"/>
                                    </FieldDefinitions>
                                </DataShape>
                                <Rows>
                                    <Row>
                                        <code><![CDATA[
     var result = (Things[thingName] || Subsystems[thingName]).GetConfigurationTable({
         tableName: tableName
     });
]]></code>
                                    </Row>
                                </Rows>
                            </ConfigurationTable>
                        </ConfigurationTables>
                    </ServiceImplementation>
                    <ServiceImplementation handlerName="Script" name="GetTunnelStatusForThing">
                        <ConfigurationTables>
                            <ConfigurationTable description="Script" isMultiRow="false" name="Script">
                                <DataShape>
                                    <FieldDefinitions>
                                        <FieldDefinition baseType="STRING" description="code" name="code"/>
                                    </FieldDefinitions>
                                </DataShape>
                                <Rows>
                                    <Row>
                                        <code><![CDATA[
     var result = Things[thingName].GetTunnelStatus();
]]></code>
                                    </Row>
                                </Rows>
                            </ConfigurationTable>
                        </ConfigurationTables>
                    </ServiceImplementation>
                    <ServiceImplementation description="" handlerName="Script" name="UpdateSession">
                        <ConfigurationTables>
                            <ConfigurationTable description="Script" isMultiRow="false" name="Script" ordinal="0">
                                <DataShape>
                                    <FieldDefinitions>
                                        <FieldDefinition baseType="STRING" description="code" name="code" ordinal="0" />
                                    </FieldDefinitions>
                                </DataShape>
                                <Rows>
                                    <Row>
                                        <code><![CDATA[Subsystems["RemoteAccessSubsystem"].UpdateSession({
                remoteSession: remoteSession /* INFOTABLE */
            });]]></code>
                                    </Row>
                                </Rows>
                            </ConfigurationTable>
                        </ConfigurationTables>
                    </ServiceImplementation>
                    <ServiceImplementation handlerName="Script" name="GetEndpointViewerConfiguration">
                        <ConfigurationTables>
                            <ConfigurationTable description="Script" isMultiRow="false" name="Script">
                                <DataShape>
                                    <FieldDefinitions>
                                        <FieldDefinition baseType="STRING" description="code" name="code"/>
                                    </FieldDefinitions>
                                </DataShape>
                                <Rows>
                                    <Row>
                                        <code><![CDATA[
result = Subsystems['RemoteAccessSubsystem'].GetEndpointViewerConfiguration({ remoteAccessible: thingName, endpointName: endpointName, clientOS: clientOS });
]]></code>
                                    </Row>
                                </Rows>
                            </ConfigurationTable>
                        </ConfigurationTables>
                    </ServiceImplementation>
                </ServiceImplementations>
            </ThingShape>
        </ThingTemplate>
    </ThingTemplates>
</Entities>