<?xml version="1.0" encoding="UTF-8"?>
<Entities
 build="b8463"
 majorVersion="0"
 minorVersion="0"
 modelPersistenceProviderPackage="PostgresPersistenceProviderPackage"
 revision="0"
 schemaVersion="1100"
 universal="password">
    <ThingShapes>
        <ThingShape
         aspect.isEditableExtensionObject="false"
         aspect.isExtension="true"
         className=""
         description="Thing Shape for the Manufacturing Planning tile initializer. {PTC.Factory.Demo.ManufacturingPlanningTileInitializerThingShape}"
         documentationContent=""
         homeMashup=""
         lastModifiedDate="2020-02-07T14:18:57.882-05:00"
         name="PTC.Factory.Demo.ManufacturingPlanningTileInitializerThingShape"
         projectName="PTC.Factory.Demo"
         tags="PTC:factory-demo">
            <PropertyDefinitions>
                <PropertyDefinition
                 aspect.cacheTime="0.0"
                 aspect.dataChangeType="VALUE"
                 aspect.defaultValue="25"
                 aspect.isReadOnly="true"
                 baseType="STRING"
                 category=""
                 description="The position in the console tile order in which the tile appears."
                 isLocalOnly="false"
                 name="tileOrder"
                 ordinal="2"></PropertyDefinition>
            </PropertyDefinitions>
            <ServiceDefinitions>
                <ServiceDefinition
                 aspect.isAsync="false"
                 category=""
                 description=""
                 isAllowOverride="true"
                 isLocalOnly="false"
                 isOpen="false"
                 isPrivate="false"
                 name="AddTileToConsole">
                    <ResultType
                     baseType="STRING"
                     description="Adds the Manufacturing Planning tile to the customizable PTC.FactoryConsole.C_DataTable_[ReleaseVersion] data table. The order in which the tile appears is based on the value of the tileOrder property."
                     name="result"
                     ordinal="0"></ResultType>
                    <ParameterDefinitions></ParameterDefinitions>
                </ServiceDefinition>
                <ServiceDefinition
                 aspect.isAsync="false"
                 category=""
                 description="Updates the TilesDataTable launch point in the customizable PTC.Factory.C_LaunchPointConfigurationThing_[ReleaseVersion] Thing to point to the customizable PTC.FactoryConsole.C_DataTable_[ReleaseVersion] data table."
                 isAllowOverride="true"
                 isLocalOnly="false"
                 isOpen="false"
                 isPrivate="false"
                 name="UpdateConfigurationTable">
                    <ResultType
                     baseType="NOTHING"
                     description=""
                     name="result"
                     ordinal="0"></ResultType>
                    <ParameterDefinitions></ParameterDefinitions>
                </ServiceDefinition>
            </ServiceDefinitions>
            <EventDefinitions></EventDefinitions>
            <ServiceMappings></ServiceMappings>
            <ServiceImplementations>
                <ServiceImplementation
                 description=""
                 handlerName="Script"
                 name="AddTileToConsole">
                    <ConfigurationTables>
                        <ConfigurationTable
                         dataShapeName=""
                         description=""
                         isMultiRow="false"
                         name="Script"
                         ordinal="0">
                            <DataShape>
                                <FieldDefinitions>
                                    <FieldDefinition
                                     baseType="STRING"
                                     description="code"
                                     name="code"
                                     ordinal="0"></FieldDefinition>
                                </FieldDefinitions>
                            </DataShape>
                            <Rows>
                                <Row>
                                    <code>
                                    <![CDATA[
                                    // entityName: STRING
                                    var entityName = Things["PTC.Factory.LaunchPointConfigurationThing"].GetCustomizationEntityName({
                                    	entityName: "PTC.FactoryConsole.DataTable" /* STRING */
                                    });
                                    
                                    var values = Things[entityName].CreateValues();
                                    values.TileBackground = "PTC.SCA.SCO.DarkBlue"; //STRING
                                    values.TileMashupOrURL = "PTC.Factory.Demo.ManufacturingPlanningMashup"; //STRING
                                    values.TileMasterMashup = "";
                                    values.OpenInNewWindow = true; //BOOLEAN
                                    values.TileLabel = "[[PTC.Factory.Demo.ManufacturingPlanningTileLabel]]"; //TEXT
                                    values.TileOrder = parseInt(me.tileOrder); //INTEGER
                                    values.key = me.tileOrder; //STRING [Primary Key]
                                    values.TileIcon = "PTC.Factory.Demo.ManufacturingPlanningTileIcon"; //STRING
                                    values.InConvergeConsole = true; //BOOLEAN
                                    values.InAppSwitcher = true; //BOOLEAN
                                    values.IsMashup = true; //BOOLEAN
                                    values.TileTooltip = ""; //TEXT
                                    values.Context = "PTC:factory-mv"; //TAGS
                                    values.TileDescription = "[[PTC.Factory.Demo.ManufacturingPlanningTileDescription]]"; //TEXT
                                    
                                    // id: STRING
                                    var result = Things[entityName].AddDataTableEntry({
                                    	sourceType: "User" /* STRING */,
                                    	values: values /* INFOTABLE */,
                                    	location: undefined /* LOCATION */,
                                    	source: "SuperUser" /* STRING */,
                                    	tags: undefined /* TAGS */
                                    });
                                    
                                    me.UpdateConfigurationTable();
                                    ]]>
                                    </code>
                                </Row>
                            </Rows>
                        </ConfigurationTable>
                    </ConfigurationTables>
                </ServiceImplementation>
                <ServiceImplementation
                 description=""
                 handlerName="Script"
                 name="UpdateConfigurationTable">
                    <ConfigurationTables>
                        <ConfigurationTable
                         dataShapeName=""
                         description=""
                         isMultiRow="false"
                         name="Script"
                         ordinal="0">
                            <DataShape>
                                <FieldDefinitions>
                                    <FieldDefinition
                                     baseType="STRING"
                                     description="code"
                                     name="code"
                                     ordinal="0"></FieldDefinition>
                                </FieldDefinitions>
                            </DataShape>
                            <Rows>
                                <Row>
                                    <code>
                                    <![CDATA[
                                    // entityName: STRING
                                    var entityName = Things["PTC.Factory.LaunchPointConfigurationThing"].GetCustomizationEntityName({
                                    	entityName: "PTC.Factory.LaunchPointConfigurationThing" /* STRING */
                                    });
                                    
                                    // entityNameDataTable: STRING
                                    var entityNameDataTable = Things["PTC.Factory.LaunchPointConfigurationThing"].GetCustomizationEntityName({
                                    	entityName: "PTC.FactoryConsole.DataTable" /* STRING */
                                    });
                                    
                                    // table: INFOTABLE dataShape: ""
                                    var table = Things[entityName].GetConfigurationTable({
                                    	tableName: "LaunchPointEntitySettings" /* STRING */
                                    });
                                    
                                    var row = table.getRow(0);
                                    row.SetStringValue("TilesDataTable", entityNameDataTable);
                                    
                                    Things[entityName].SetConfigurationTable({
                                    	configurationTable: table /* INFOTABLE */,
                                    	persistent: true /* BOOLEAN */,
                                    	tableName: "LaunchPointEntitySettings" /* STRING */
                                    });
                                    
                                    Things[entityName].EnableThing();
                                    Things[entityName].RestartThing();
                                    ]]>
                                    </code>
                                </Row>
                            </Rows>
                        </ConfigurationTable>
                    </ConfigurationTables>
                </ServiceImplementation>
            </ServiceImplementations>
            <Subscriptions></Subscriptions>
            <avatar></avatar>
            <DesignTimePermissions>
                <Create></Create>
                <Read></Read>
                <Update></Update>
                <Delete></Delete>
                <Metadata></Metadata>
            </DesignTimePermissions>
            <RunTimePermissions></RunTimePermissions>
            <VisibilityPermissions>
                <Visibility></Visibility>
            </VisibilityPermissions>
            <ConfigurationTableDefinitions></ConfigurationTableDefinitions>
            <ConfigurationTables></ConfigurationTables>
            <PropertyBindings></PropertyBindings>
            <RemotePropertyBindings></RemotePropertyBindings>
            <RemoteServiceBindings></RemoteServiceBindings>
            <RemoteEventBindings></RemoteEventBindings>
            <AlertConfigurations>
                <AlertDefinitions
                 name="tileOrder"></AlertDefinitions>
            </AlertConfigurations>
            <InstanceRunTimePermissions></InstanceRunTimePermissions>
        </ThingShape>
    </ThingShapes>
</Entities>
