<?xml version="1.0" encoding="UTF-8"?>
<Entities
 build="b8445"
 majorVersion="0"
 minorVersion="0"
 modelPersistenceProviderPackage="PostgresPersistenceProviderPackage"
 revision="0"
 schemaVersion="1100"
 universal="password">
    <ThingShapes>
        <ThingShape
         aspect.isEditableExtensionObject="false"
         aspect.isExtension="true"
         className=""
         description="Thing shape for job order utilities. {PTC.Factory.Demo.JobOrderUtilsThingShape}"
         documentationContent=""
         homeMashup=""
         lastModifiedDate="2020-02-06T14:40:21.718-05:00"
         name="PTC.Factory.Demo.JobOrderUtilsThingShape"
         projectName="PTC.Factory.Demo.JobOrder.UIHelper"
         tags="PTC:factory-demo">
            <PropertyDefinitions>
                <PropertyDefinition
                 aspect.cacheTime="0.0"
                 aspect.dataChangeType="VALUE"
                 aspect.defaultValue="0"
                 aspect.isPersistent="true"
                 aspect.minimumValue="0"
                 baseType="INTEGER"
                 category=""
                 description="Number part of job order ID for newly created job order"
                 isLocalOnly="false"
                 name="GeneratedJobOrderID"
                 ordinal="2"></PropertyDefinition>
                <PropertyDefinition
                 aspect.cacheTime="0.0"
                 aspect.dataChangeType="VALUE"
                 aspect.defaultValue="1"
                 aspect.isPersistent="true"
                 aspect.isReadOnly="true"
                 baseType="INTEGER"
                 category=""
                 description="The highest priority value for a job order."
                 isLocalOnly="false"
                 name="JOB_ORDER_HIGHEST_PRIORITY"
                 ordinal="4"></PropertyDefinition>
                <PropertyDefinition
                 aspect.cacheTime="0.0"
                 aspect.dataChangeType="VALUE"
                 aspect.defaultValue="10"
                 aspect.isPersistent="true"
                 aspect.isReadOnly="true"
                 baseType="INTEGER"
                 category=""
                 description="The lowest priority value for a job order."
                 isLocalOnly="false"
                 name="JOB_ORDER_LOWEST_PRIORITY"
                 ordinal="4"></PropertyDefinition>
            </PropertyDefinitions>
            <ServiceDefinitions>
                <ServiceDefinition
                 aspect.isAsync="false"
                 category=""
                 description="Creates one or more new job orders with the specified job order IDs. The job orders created by this service have only the ID value, all other fields are empty."
                 isAllowOverride="true"
                 isLocalOnly="false"
                 isOpen="false"
                 isPrivate="false"
                 name="CreateJobOrders">
                    <ResultType
                     aspect.dataShape="PTC.SCA.SCO.JobOrder"
                     baseType="INFOTABLE"
                     description=""
                     name="result"
                     ordinal="0"></ResultType>
                    <ParameterDefinitions>
                        <FieldDefinition
                         aspect.dataShape="PTC.SCA.SCO.JobOrder"
                         baseType="INFOTABLE"
                         description="IDs to create the job orders"
                         name="jobOrderIDs"
                         ordinal="1"></FieldDefinition>
                    </ParameterDefinitions>
                </ServiceDefinition>
                <ServiceDefinition
                 aspect.isAsync="false"
                 category=""
                 description="Generates the job order ID based on the value of the GeneratedIDNumber property."
                 isAllowOverride="true"
                 isLocalOnly="false"
                 isOpen="false"
                 isPrivate="false"
                 name="GenerateJobOrderID">
                    <ResultType
                     baseType="STRING"
                     description=""
                     name="result"
                     ordinal="0"></ResultType>
                    <ParameterDefinitions></ParameterDefinitions>
                </ServiceDefinition>
                <ServiceDefinition
                 aspect.isAsync="false"
                 category=""
                 description="Retrieves the name of the material definition with the specified UID."
                 isAllowOverride="true"
                 isLocalOnly="false"
                 isOpen="false"
                 isPrivate="false"
                 name="GetJobOrderMaterialItemName">
                    <ResultType
                     baseType="STRING"
                     description=""
                     name="result"
                     ordinal="0"></ResultType>
                    <ParameterDefinitions>
                        <FieldDefinition
                         baseType="LONG"
                         description="UID for a material definition"
                         name="materialDefinitionUID"
                         ordinal="1"></FieldDefinition>
                    </ParameterDefinitions>
                </ServiceDefinition>
                <ServiceDefinition
                 aspect.isAsync="false"
                 category=""
                 description="Retrieves the localized display values for the job order priorities."
                 isAllowOverride="true"
                 isLocalOnly="false"
                 isOpen="false"
                 isPrivate="false"
                 name="GetJobOrderPriorities">
                    <ResultType
                     aspect.dataShape="PTC.Resource.ListItem"
                     baseType="INFOTABLE"
                     description=""
                     name="result"
                     ordinal="0"></ResultType>
                    <ParameterDefinitions></ParameterDefinitions>
                </ServiceDefinition>
                <ServiceDefinition
                 aspect.isAsync="false"
                 category=""
                 description="Gets the localized label for the job order priority."
                 isAllowOverride="true"
                 isLocalOnly="false"
                 isOpen="false"
                 isPrivate="false"
                 name="GetJobOrderPriorityLabel">
                    <ResultType
                     baseType="STRING"
                     description=""
                     name="result"
                     ordinal="0"></ResultType>
                    <ParameterDefinitions>
                        <FieldDefinition
                         baseType="INTEGER"
                         description="Priority level"
                         name="priorityLevel"
                         ordinal="1"></FieldDefinition>
                    </ParameterDefinitions>
                </ServiceDefinition>
                <ServiceDefinition
                 aspect.isAsync="false"
                 category=""
                 description="Retrieves information for all job orders for display purposes."
                 isAllowOverride="true"
                 isLocalOnly="false"
                 isOpen="false"
                 isPrivate="false"
                 name="GetJobOrderViews">
                    <ResultType
                     aspect.dataShape="PTC.Factory.Demo.JobOrderView"
                     baseType="INFOTABLE"
                     description=""
                     name="result"
                     ordinal="0"></ResultType>
                    <ParameterDefinitions>
                        <FieldDefinition
                         baseType="QUERY"
                         description="JSON query filter used to filter the result"
                         name="filterQuery"
                         ordinal="1"></FieldDefinition>
                        <FieldDefinition
                         baseType="INTEGER"
                         description="Limit of rows in returned result"
                         name="limit"
                         ordinal="3"></FieldDefinition>
                        <FieldDefinition
                         aspect.defaultValue="0"
                         aspect.minimumValue="0"
                         baseType="INTEGER"
                         description="Offset of returned result"
                         name="offset"
                         ordinal="2"></FieldDefinition>
                        <FieldDefinition
                         aspect.defaultValue="{}"
                         baseType="QUERY"
                         description="JSON query used to sort the result"
                         name="sortQuery"
                         ordinal="4"></FieldDefinition>
                    </ParameterDefinitions>
                </ServiceDefinition>
                <ServiceDefinition
                 aspect.isAsync="false"
                 category=""
                 description="Retrieves the localized job order label for the specified job order ID."
                 isAllowOverride="true"
                 isLocalOnly="false"
                 isOpen="false"
                 isPrivate="false"
                 name="GetJobOrderTitleLabel">
                    <ResultType
                     baseType="STRING"
                     description=""
                     name="result"
                     ordinal="0"></ResultType>
                    <ParameterDefinitions>
                        <FieldDefinition
                         baseType="STRING"
                         description="ID value for a job order; not the job order UID"
                         name="jobOrderID"
                         ordinal="1"></FieldDefinition>
                    </ParameterDefinitions>
                </ServiceDefinition>
                <ServiceDefinition
                 aspect.isAsync="false"
                 category=""
                 description="Retrieves the job order with the specified UID for display purposes."
                 isAllowOverride="true"
                 isLocalOnly="false"
                 isOpen="false"
                 isPrivate="false"
                 name="GetJobOrderView">
                    <ResultType
                     aspect.dataShape="PTC.Factory.Demo.JobOrderView"
                     baseType="INFOTABLE"
                     description=""
                     name="result"
                     ordinal="0"></ResultType>
                    <ParameterDefinitions>
                        <FieldDefinition
                         baseType="LONG"
                         description="UID for a job order"
                         name="UID"
                         ordinal="1"></FieldDefinition>
                    </ParameterDefinitions>
                </ServiceDefinition>
                <ServiceDefinition
                 aspect.isAsync="false"
                 category=""
                 description="Gets the name of the production order manager Thing."
                 isAllowOverride="true"
                 isLocalOnly="false"
                 isOpen="false"
                 isPrivate="false"
                 name="GetProductionOrderManager">
                    <ResultType
                     baseType="STRING"
                     description=""
                     name="result"
                     ordinal="0"></ResultType>
                    <ParameterDefinitions></ParameterDefinitions>
                </ServiceDefinition>
                <ServiceDefinition
                 aspect.isAsync="false"
                 category=""
                 description="Updates one or more job orders by UID."
                 isAllowOverride="true"
                 isLocalOnly="false"
                 isOpen="false"
                 isPrivate="false"
                 name="UpdateJobOrders">
                    <ResultType
                     aspect.dataShape="PTC.Factory.Demo.JobOrderView"
                     baseType="INFOTABLE"
                     description=""
                     name="result"
                     ordinal="0"></ResultType>
                    <ParameterDefinitions>
                        <FieldDefinition
                         aspect.dataShape="PTC.Factory.Demo.JobOrderView"
                         baseType="INFOTABLE"
                         description="UIDs of the job orders to be updated, and the data to be updated"
                         name="jobOrders"
                         ordinal="1"></FieldDefinition>
                    </ParameterDefinitions>
                </ServiceDefinition>
            </ServiceDefinitions>
            <EventDefinitions></EventDefinitions>
            <ServiceMappings></ServiceMappings>
            <ServiceImplementations>
                <ServiceImplementation
                 description=""
                 handlerName="Script"
                 name="CreateJobOrders">
                    <ConfigurationTables>
                        <ConfigurationTable
                         dataShapeName=""
                         description=""
                         isMultiRow="false"
                         name="Script"
                         ordinal="0">
                            <DataShape>
                                <FieldDefinitions>
                                    <FieldDefinition
                                     baseType="STRING"
                                     description="code"
                                     name="code"
                                     ordinal="0"></FieldDefinition>
                                </FieldDefinitions>
                            </DataShape>
                            <Rows>
                                <Row>
                                    <code>
                                    <![CDATA[
                                    var params = {
                                        infoTableName : "InfoTable",
                                        dataShapeName : "PTC.SCA.SCO.JobOrder"
                                    };
                                    var result = Resources["InfoTableFunctions"].CreateInfoTableFromDataShape(params);
                                    
                                    if (jobOrderIDs && jobOrderIDs.rows && jobOrderIDs.rows.length > 0) {
                                        result = Things[me.GetProductionOrderManager()].CreateJobOrders({
                                            JobOrders: jobOrderIDs /* INFOTABLE */
                                        });
                                    }
                                    ]]>
                                    </code>
                                </Row>
                            </Rows>
                        </ConfigurationTable>
                    </ConfigurationTables>
                </ServiceImplementation>
                <ServiceImplementation
                 description=""
                 handlerName="Script"
                 name="GenerateJobOrderID">
                    <ConfigurationTables>
                        <ConfigurationTable
                         dataShapeName=""
                         description=""
                         isMultiRow="false"
                         name="Script"
                         ordinal="0">
                            <DataShape>
                                <FieldDefinitions>
                                    <FieldDefinition
                                     baseType="STRING"
                                     description="code"
                                     name="code"
                                     ordinal="0"></FieldDefinition>
                                </FieldDefinitions>
                            </DataShape>
                            <Rows>
                                <Row>
                                    <code>
                                    <![CDATA[
                                    // Increase job order ID
                                    me.GeneratedJobOrderID += 1;
                                    var idNumber = "" + me.GeneratedJobOrderID;
                                    idNumber = idNumber.padStart(6, '0');
                                    var result = "JO" + idNumber;
                                    ]]>
                                    </code>
                                </Row>
                            </Rows>
                        </ConfigurationTable>
                    </ConfigurationTables>
                </ServiceImplementation>
                <ServiceImplementation
                 description=""
                 handlerName="Script"
                 name="GetJobOrderMaterialItemName">
                    <ConfigurationTables>
                        <ConfigurationTable
                         dataShapeName=""
                         description=""
                         isMultiRow="false"
                         name="Script"
                         ordinal="0">
                            <DataShape>
                                <FieldDefinitions>
                                    <FieldDefinition
                                     baseType="STRING"
                                     description="code"
                                     name="code"
                                     ordinal="0"></FieldDefinition>
                                </FieldDefinitions>
                            </DataShape>
                            <Rows>
                                <Row>
                                    <code>
                                    <![CDATA[
                                    var result = "";
                                    
                                    var materialDefinitionInfoTable = Things[me.GetProductionOrderManager()].GetMaterialDefinition({
                                        UID: materialDefinitionUID /* LONG */
                                    });
                                    
                                    if(materialDefinitionInfoTable.rows.length == 1) {
                                        var materialDefinitionInfoTableRow = materialDefinitionInfoTable.rows[0];
                                        result = materialDefinitionInfoTableRow.Name;
                                    }
                                    ]]>
                                    </code>
                                </Row>
                            </Rows>
                        </ConfigurationTable>
                    </ConfigurationTables>
                </ServiceImplementation>
                <ServiceImplementation
                 description=""
                 handlerName="Script"
                 name="GetJobOrderPriorities">
                    <ConfigurationTables>
                        <ConfigurationTable
                         dataShapeName=""
                         description=""
                         isMultiRow="false"
                         name="Script"
                         ordinal="0">
                            <DataShape>
                                <FieldDefinitions>
                                    <FieldDefinition
                                     baseType="STRING"
                                     description="code"
                                     name="code"
                                     ordinal="0"></FieldDefinition>
                                </FieldDefinitions>
                            </DataShape>
                            <Rows>
                                <Row>
                                    <code>
                                    <![CDATA[
                                    var params = {
                                        infoTableName : "InfoTable",
                                        dataShapeName : "PTC.Resource.ListItem"
                                    };
                                    var result = Resources["InfoTableFunctions"].CreateInfoTableFromDataShape(params);
                                    var localizedPriorityTypes = {};
                                    
                                    for (var priorityLevel = me.JOB_ORDER_HIGHEST_PRIORITY; priorityLevel <= me.JOB_ORDER_LOWEST_PRIORITY; ++priorityLevel) {
                                        localizedPriorityTypes["value"] = priorityLevel.toString();
                                        localizedPriorityTypes["label"] = me.GetJobOrderPriorityLabel({
                                            priorityLevel: priorityLevel /* INTEGER */
                                        });
                                        result.AddRow(localizedPriorityTypes);
                                    }
                                    ]]>
                                    </code>
                                </Row>
                            </Rows>
                        </ConfigurationTable>
                    </ConfigurationTables>
                </ServiceImplementation>
                <ServiceImplementation
                 description=""
                 handlerName="Script"
                 name="GetJobOrderPriorityLabel">
                    <ConfigurationTables>
                        <ConfigurationTable
                         dataShapeName=""
                         description=""
                         isMultiRow="false"
                         name="Script"
                         ordinal="0">
                            <DataShape>
                                <FieldDefinitions>
                                    <FieldDefinition
                                     baseType="STRING"
                                     description="code"
                                     name="code"
                                     ordinal="0"></FieldDefinition>
                                </FieldDefinitions>
                            </DataShape>
                            <Rows>
                                <Row>
                                    <code>
                                    <![CDATA[
                                    var lowestParams = {
                                         token: "PTC.Factory.Lowest" /* STRING */
                                     };
                                    var highestParams = {
                                        token: "PTC.Factory.Highest" /* STRING */
                                    };
                                    
                                    if(priorityLevel == me.JOB_ORDER_HIGHEST_PRIORITY) {
                                        result = priorityLevel + " - " + Resources["RuntimeLocalizationFunctions"].GetEffectiveToken(highestParams);
                                    } else if(priorityLevel == me.JOB_ORDER_LOWEST_PRIORITY) {
                                        result = priorityLevel + " - " + Resources["RuntimeLocalizationFunctions"].GetEffectiveToken(lowestParams);
                                    } else {
                                        result = priorityLevel;
                                    }
                                    ]]>
                                    </code>
                                </Row>
                            </Rows>
                        </ConfigurationTable>
                    </ConfigurationTables>
                </ServiceImplementation>
                <ServiceImplementation
                 description=""
                 handlerName="Script"
                 name="GetJobOrderViews">
                    <ConfigurationTables>
                        <ConfigurationTable
                         dataShapeName=""
                         description=""
                         isMultiRow="false"
                         name="Script"
                         ordinal="0">
                            <DataShape>
                                <FieldDefinitions>
                                    <FieldDefinition
                                     baseType="STRING"
                                     description="code"
                                     name="code"
                                     ordinal="0"></FieldDefinition>
                                </FieldDefinitions>
                            </DataShape>
                            <Rows>
                                <Row>
                                    <code>
                                    <![CDATA[
                                    /*
                                    *  Basic idea of this service:
                                    *  Uses the GetJobOrders service on the ProductionOrderManager to retrieve fields from these tables: JobOrder, JobOrderMaterialReqirement, MaterialDefintion.
                                    *  ProductionOrderManager#GetJobOrders accepts a parameter "filter" which can query multiple tables in one shot, this service returns an infotable without a Data Shape.
                                    */
                                    var customLogger = logger.getLoggerContext().getLogger(logger.getName() + ".com.ptc.factory.demo.JobOrderUtils");
                                    
                                    /*
                                    * Most important part of this query is the "joins" phase. Here we do 2 left joins: one is between JobOrder and JobOrderMaterialReqirement and
                                    * another is between JobOrderMaterialRequirement and MaterialDefinition.
                                    * It should be a left join because given a Job Order UID, there might be no match in either JobOrderMaterialRequirement and/or
                                    * MaterialDefinition
                                    *
                                    * The first join is intended to retrieve the "Quantity" and "QuantityUnitOfMeasure" fields.
                                    * The second join is intended to retrieve the "Name" from the MaterialDefinition, later used to populate the "Item" field.
                                    */
                                    var queryForJobOrders = {
                                        "joins":[
                                            {
                                                "type":"LEFT",
                                                "sourceDataShapeName":"PTC.SCA.SCO.JobOrder",
                                                "sourceFieldName":"UID",
                                                "targetDataShapeName":"PTC.SCA.SCO.JobOrderMaterialRequirement",
                                                "targetFieldName":"JobOrderUID"
                                            },
                                            {
                                                "type":"LEFT",
                                                "sourceDataShapeName":"PTC.SCA.SCO.JobOrderMaterialRequirement",
                                                "sourceFieldName":"MaterialDefinitionUID",
                                                "targetDataShapeName":"PTC.SCA.SCO.MaterialDefinition",
                                                "targetFieldName":"UID"
                                            }
                                        ]
                                    };
                                    
                                    if (sortQuery && sortQuery.sorts && sortQuery.sorts.length === 1) {
                                        var firstSortObj = JSON.parse(sortQuery.sorts[0]);
                                        // Sort should be case insensitive
                                        firstSortObj.isCaseSensitive = false;
                                    
                                        switch (firstSortObj.fieldName) {
                                            case "Item":
                                                firstSortObj.dataShapeName = "PTC.SCA.SCO.MaterialDefinition";
                                                firstSortObj.fieldName = "Name";
                                                break;
                                            case "Quantity":
                                            case "QuantityUnitOfMeasure":
                                                firstSortObj.dataShapeName = "PTC.SCA.SCO.JobOrderMaterialRequirement";
                                                break;
                                        }
                                    
                                        queryForJobOrders.sorts = [firstSortObj];
                                    }
                                    
                                    /*
                                    * If filterQuery is not empty, then we need to convert it and add it in the "filters" phase of the above query.
                                    * This conversion needs to meet the requirements of the ProductionOrderManager#GetJobOrders service for each filter phase.
                                    * A DataShape field must be specified.
                                    */
                                    if (filterQuery && filterQuery.filters) {
                                        queryForJobOrders.filters = convertFilterQueryToIncludeDataShapeName(filterQuery);
                                    }
                                    
                                    /*
                                    * Convert to a full filter query.
                                    */
                                    function convertFilterQueryToIncludeDataShapeName(filterQuery) {
                                        var filterPhase = filterQuery.filters;
                                        var convertedFilterQuery;
                                        // Is this filter a combined filter? a combined filter is like
                                        //{type: "AND",
                                        //	filters: [{fieldName: "ID", type: "LIKE", value: "t*"}, {fieldName: "Item", type: "LIKE", value: "a*"}]
                                        //}
                                        if (filterPhase.filters) {
                                            convertedFilterQuery = {"type":filterPhase.type};
                                            var filterArray = [];
                                            for (var i = 0; i < filterPhase.filters.length; i++) {
                                                filterArray.push(convertOneFilterQuery(filterPhase.filters[i]));
                                            }
                                            convertedFilterQuery.filters = filterArray;
                                        } else {
                                            // A simple filter is like: {fieldName: "Item", type: "EQ", value: "athing3"}, convert it right away
                                            convertedFilterQuery = convertOneFilterQuery(filterPhase);
                                        }
                                        return convertedFilterQuery;
                                    }
                                    
                                    /*
                                    * Convert just one filter phase like {fieldName: "Item", type: "EQ", value: "athing3"}
                                    */
                                    function convertOneFilterQuery(oneFilterPhase) {
                                        /*
                                        * Create return filter phase from scratch, and copy every
                                        * property from parameter.
                                        */
                                        var convertedFilterPhase = {};
                                        for(var prop in oneFilterPhase){
                                            convertedFilterPhase[prop] = oneFilterPhase[prop];
                                        }
                                        /*
                                        * For each filtering query phase:
                                        * We can keep the "type" and "value" parts, also other parts like "from" and "to".
                                        * We need to add a "dataShapeName" part.
                                        * We need to change the "fieldName" part for the "Item" column.
                                        */
                                        switch (oneFilterPhase.fieldName) {
                                            case "Item":
                                            // This field name needs to be converted to "Name"
                                                convertedFilterPhase.fieldName = "Name";
                                                convertedFilterPhase.dataShapeName = "PTC.SCA.SCO.MaterialDefinition";
                                                break;
                                            case "Quantity":
                                            case "QuantityUnitOfMeasure":
                                                convertedFilterPhase.dataShapeName = "PTC.SCA.SCO.JobOrderMaterialRequirement";
                                                break;
                                            default:
                                                convertedFilterPhase.dataShapeName = "PTC.SCA.SCO.JobOrder";
                                        }
                                        return convertedFilterPhase;
                                    }
                                    
                                    customLogger.info("GetJobOrderViews: queryForJobOrders is " + JSON.stringify(queryForJobOrders));
                                    
                                    // Issue a combined query to retrieve information from the following tables: JobOrder, JobOrderMaterialRequirement,
                                    // MaterialDefinition.
                                    var params = {
                                        filter: queryForJobOrders,
                                        offset: offset,
                                        limit: limit
                                    };
                                    var jobOrderCombinedData = Things[me.GetProductionOrderManager()].GetJobOrders(params);
                                    
                                    // Copy data from the returned infotable to the result.
                                    var jobOrderViewDataShapeParams = {
                                        infoTableName : "InfoTable",
                                        dataShapeName : "PTC.Factory.Demo.JobOrderView"
                                    };
                                    var result = Resources["InfoTableFunctions"].CreateInfoTableFromDataShape(jobOrderViewDataShapeParams);
                                    for (var i = 0; i < jobOrderCombinedData.length; i++) {
                                        var rowFromJobOrderCombinedData = jobOrderCombinedData[i];
                                        var newEntry = new Object();
                                        newEntry.UID = rowFromJobOrderCombinedData.UID; // LONG [Primary Key]
                                        newEntry.ID = rowFromJobOrderCombinedData.ID; // STRING
                                        newEntry.WorkType = rowFromJobOrderCombinedData.WorkType; // INTEGER
                                        newEntry.Description = rowFromJobOrderCombinedData.Description; // STRING
                                        newEntry.WorkDefinitionUID = rowFromJobOrderCombinedData.WorkDefinitionUID; // LONG
                                        newEntry.ActualStartTime = rowFromJobOrderCombinedData.ActualStartTime; // DATETIME
                                        newEntry.ActualEndTime = rowFromJobOrderCombinedData.ActualEndTime; // DATETIME
                                        newEntry.Priority = rowFromJobOrderCombinedData.Priority; // STRING
                                        newEntry.HierarchyScope = rowFromJobOrderCombinedData.HierarchyScope; // STRING
                                        newEntry.DispatchStatus = rowFromJobOrderCombinedData.DispatchStatus; // INTEGER
                                        newEntry.Command = rowFromJobOrderCombinedData.Command; // INTEGER
                                        newEntry.PlannedStartTime = rowFromJobOrderCombinedData.PlannedStartTime; // DATETIME
                                        newEntry.CommandRule = rowFromJobOrderCombinedData.CommandRule; // STRING
                                        newEntry.PlannedEndTime = rowFromJobOrderCombinedData.PlannedEndTime; // DATETIME
                                        newEntry.SiteUID = rowFromJobOrderCombinedData.SiteUID; // LONG
                                        newEntry.Quantity = rowFromJobOrderCombinedData.PTC_SCA_SCO_JobOrderMaterialRequirement_Quantity; // NUMBER
                                        newEntry.QuantityUnitOfMeasure = rowFromJobOrderCombinedData.PTC_SCA_SCO_JobOrderMaterialRequirement_QuantityUnitOfMeasure; // STRING
                                        newEntry.Item = rowFromJobOrderCombinedData.PTC_SCA_SCO_MaterialDefinition_Name; // STRING
                                    
                                        result.AddRow(newEntry);
                                    }
                                    ]]>
                                    </code>
                                </Row>
                            </Rows>
                        </ConfigurationTable>
                    </ConfigurationTables>
                </ServiceImplementation>
                <ServiceImplementation
                 description=""
                 handlerName="Script"
                 name="GetJobOrderTitleLabel">
                    <ConfigurationTables>
                        <ConfigurationTable
                         dataShapeName=""
                         description=""
                         isMultiRow="false"
                         name="Script"
                         ordinal="0">
                            <DataShape>
                                <FieldDefinitions>
                                    <FieldDefinition
                                     baseType="STRING"
                                     description="code"
                                     name="code"
                                     ordinal="0"></FieldDefinition>
                                </FieldDefinitions>
                            </DataShape>
                            <Rows>
                                <Row>
                                    <code>
                                    <![CDATA[
                                    var messageParams = {
                                        value: jobOrderID /* STRING */,
                                        label: "PTC.Factory.Demo.JobOrderTitleLabel" /* TEXT */,
                                        escapeHTML: false
                                    };
                                    result = Resources["PTC.Resource.Factory.MessageFormatUtilities"].GetLocalizedMessageOneParam(messageParams);
                                    ]]>
                                    </code>
                                </Row>
                            </Rows>
                        </ConfigurationTable>
                    </ConfigurationTables>
                </ServiceImplementation>
                <ServiceImplementation
                 description=""
                 handlerName="Script"
                 name="GetJobOrderView">
                    <ConfigurationTables>
                        <ConfigurationTable
                         dataShapeName=""
                         description=""
                         isMultiRow="false"
                         name="Script"
                         ordinal="0">
                            <DataShape>
                                <FieldDefinitions>
                                    <FieldDefinition
                                     baseType="STRING"
                                     description="code"
                                     name="code"
                                     ordinal="0"></FieldDefinition>
                                </FieldDefinitions>
                            </DataShape>
                            <Rows>
                                <Row>
                                    <code>
                                    <![CDATA[
                                    /*
                                    * Basic idea of this service:
                                    *  Uses the GetJobOrders service on the ProductionOrderManager to retrieve fields from these tables: JobOrder, JobOrderMaterialReqirement, MaterialDefintion.
                                    *  ProductionOrderManager#GetJobOrders accepts a parameter "filter" which can query multiple tables in one shot.
                                    *  It returns an infotable without a Data Shape.
                                    */
                                    var customLogger = logger.getLoggerContext().getLogger(logger.getName() + ".com.ptc.factory.demo.JobOrderUtils");
                                    /*
                                     * Most important part of this query is the "joins" part. Here we do 2 left joins: one is between JobOrder and JobOrderMaterialReqirement and
                                     * the second is between JobOrderMaterialRequirement and MaterialDefinition.
                                     * It should be a left join because given a Job Order UID, there might be no match in either JobOrderMaterialRequirement and/or
                                     * MaterialDefinition
                                     *
                                     * The first join is intended to retrieve the "Quantity" and "QuantityUnitOfMeasure" fields.
                                     * The second join is intended to retrieve the "Name" from the MaterialDefinition, later used to populate the "Item" field.
                                     *
                                     * The "select" part of the query is used to choose the fields wanted from query result. If there is no "select" part, the query returns all fields from JobOrder, JobOrderMaterialReqirement, and MaterialDefinition.
                                     * Using a "select" is intended to improve performance.
                                     */
                                    var queryForJobOrder = {
                                        "filters": {
                                            "dataShapeName": "PTC.SCA.SCO.JobOrder",
                                            "fieldName": "UID",
                                            "type": "EQ",
                                            "value": UID
                                        },
                                        "joins":[
                                            {
                                                "type":"LEFT",
                                                "sourceDataShapeName":"PTC.SCA.SCO.JobOrder",
                                                "sourceFieldName":"UID",
                                                "targetDataShapeName":"PTC.SCA.SCO.JobOrderMaterialRequirement",
                                                "targetFieldName":"JobOrderUID"
                                            },
                                            {
                                                "type":"LEFT",
                                                "sourceDataShapeName":"PTC.SCA.SCO.JobOrderMaterialRequirement",
                                                "sourceFieldName":"MaterialDefinitionUID",
                                                "targetDataShapeName":"PTC.SCA.SCO.MaterialDefinition",
                                                "targetFieldName":"UID"
                                            }
                                        ]
                                    };
                                    
                                    customLogger.info("GetJobOrderView: queryForJobOrder is " + JSON.stringify(queryForJobOrder));
                                    
                                    // Issue a combined query to retrieve information from JobOrder, JobOrderMaterialRequirement, MaterialDefinition
                                    var params = {
                                        filter: queryForJobOrder,
                                        limit: 1
                                    };
                                    var jobOrderCombinedData = Things[me.GetProductionOrderManager()].GetJobOrders(params);
                                    
                                    // Copy data returned from infotable to result
                                    var dataShapeParams = {
                                        infoTableName : "InfoTable",
                                        dataShapeName : "PTC.Factory.Demo.JobOrderView"
                                    };
                                    var result = Resources["InfoTableFunctions"].CreateInfoTableFromDataShape(dataShapeParams);
                                    
                                    if(jobOrderCombinedData.rows.length == 1) {
                                        var rowFromJobOrderCombinedData = jobOrderCombinedData.rows[0];
                                        var jobOrderEntry = new Object();
                                    
                                        jobOrderEntry.UID = rowFromJobOrderCombinedData.UID; // LONG [Primary Key]
                                        jobOrderEntry.ID = rowFromJobOrderCombinedData.ID; // STRING
                                        jobOrderEntry.WorkType = rowFromJobOrderCombinedData.WorkType; // INTEGER
                                        jobOrderEntry.Description = rowFromJobOrderCombinedData.Description; // STRING
                                        jobOrderEntry.WorkDefinitionUID = rowFromJobOrderCombinedData.WorkDefinitionUID; // LONG
                                        jobOrderEntry.ActualStartTime = rowFromJobOrderCombinedData.ActualStartTime; // DATETIME
                                        jobOrderEntry.ActualEndTime = rowFromJobOrderCombinedData.ActualEndTime; // DATETIME
                                        jobOrderEntry.Priority = rowFromJobOrderCombinedData.Priority; // STRING
                                        jobOrderEntry.HierarchyScope = rowFromJobOrderCombinedData.HierarchyScope; // STRING
                                        jobOrderEntry.DispatchStatus = rowFromJobOrderCombinedData.DispatchStatus; // INTEGER
                                        jobOrderEntry.Command = rowFromJobOrderCombinedData.Command; // INTEGER
                                        jobOrderEntry.PlannedStartTime = rowFromJobOrderCombinedData.PlannedStartTime; // DATETIME
                                        jobOrderEntry.CommandRule = rowFromJobOrderCombinedData.CommandRule; // STRING
                                        jobOrderEntry.PlannedEndTime = rowFromJobOrderCombinedData.PlannedEndTime; // DATETIME
                                        jobOrderEntry.SiteUID = rowFromJobOrderCombinedData.SiteUID; // LONG
                                        jobOrderEntry.Quantity = rowFromJobOrderCombinedData.PTC_SCA_SCO_JobOrderMaterialRequirement_Quantity; // NUMBER
                                        jobOrderEntry.QuantityUnitOfMeasure = rowFromJobOrderCombinedData.PTC_SCA_SCO_JobOrderMaterialRequirement_QuantityUnitOfMeasure; // STRING
                                        jobOrderEntry.Item = rowFromJobOrderCombinedData.PTC_SCA_SCO_MaterialDefinition_Name; // STRING
                                        jobOrderEntry.JobOrderMaterialRequirementUID = rowFromJobOrderCombinedData.PTC_SCA_SCO_JobOrderMaterialRequirement_UID; // STRING
                                        jobOrderEntry.MaterialDefinitionUID = rowFromJobOrderCombinedData.PTC_SCA_SCO_JobOrderMaterialRequirement_MaterialDefinitionUID; // STRING
                                    
                                        result.AddRow(jobOrderEntry);
                                    }
                                    ]]>
                                    </code>
                                </Row>
                            </Rows>
                        </ConfigurationTable>
                    </ConfigurationTables>
                </ServiceImplementation>
                <ServiceImplementation
                 description=""
                 handlerName="Script"
                 name="GetProductionOrderManager">
                    <ConfigurationTables>
                        <ConfigurationTable
                         dataShapeName=""
                         description=""
                         isMultiRow="false"
                         name="Script"
                         ordinal="0">
                            <DataShape>
                                <FieldDefinitions>
                                    <FieldDefinition
                                     baseType="STRING"
                                     description="code"
                                     name="code"
                                     ordinal="0"></FieldDefinition>
                                </FieldDefinitions>
                            </DataShape>
                            <Rows>
                                <Row>
                                    <code>
                                    <![CDATA[
                                    var result = Things["PTC.Factory.LaunchPointConfigurationThing"].GetProductionOrderManagerThingName();
                                    ]]>
                                    </code>
                                </Row>
                            </Rows>
                        </ConfigurationTable>
                    </ConfigurationTables>
                </ServiceImplementation>
                <ServiceImplementation
                 description=""
                 handlerName="Script"
                 name="UpdateJobOrders">
                    <ConfigurationTables>
                        <ConfigurationTable
                         dataShapeName=""
                         description=""
                         isMultiRow="false"
                         name="Script"
                         ordinal="0">
                            <DataShape>
                                <FieldDefinitions>
                                    <FieldDefinition
                                     baseType="STRING"
                                     description="code"
                                     name="code"
                                     ordinal="0"></FieldDefinition>
                                </FieldDefinitions>
                            </DataShape>
                            <Rows>
                                <Row>
                                    <code>
                                    <![CDATA[
                                    // InfoTable to store updated job order results
                                    var result = Resources["InfoTableFunctions"].CreateInfoTableFromDataShape({
                                        infoTableName : "InfoTable",
                                        dataShapeName : "PTC.Factory.Demo.JobOrderView"
                                    });
                                    
                                    // Loop and update all the job orders in the infotable
                                    for (var x = 0; x < jobOrders.rows.length; x++) {
                                        var JobOrderViewDataShapeEntry = {}; // Store updated results
                                        var row = jobOrders.rows[x]; // InfoTable row data
                                        var updateJobOrderData = updateJobOrder(row);
                                    
                                        // Copy updated job order data to JobOrderViewDataShapeEntry object
                                        if(updateJobOrderData.rows && updateJobOrderData.rows.length == 1) {
                                            var updateJobOrderDataRow = updateJobOrderData.rows[0];
                                    
                                            JobOrderViewDataShapeEntry.UID = updateJobOrderDataRow.UID; // LONG [Primary Key]
                                            JobOrderViewDataShapeEntry.ID = updateJobOrderDataRow.ID; // STRING
                                            JobOrderViewDataShapeEntry.WorkType = updateJobOrderDataRow.WorkType; // INTEGER
                                            JobOrderViewDataShapeEntry.Description = updateJobOrderDataRow.Description; // STRING
                                            JobOrderViewDataShapeEntry.Priority = updateJobOrderDataRow.Priority; // STRING
                                            JobOrderViewDataShapeEntry.DispatchStatus = updateJobOrderDataRow.DispatchStatus; // INTEGER
                                            JobOrderViewDataShapeEntry.PlannedStartTime = updateJobOrderDataRow.PlannedStartTime; // DATETIME
                                            JobOrderViewDataShapeEntry.PlannedEndTime = updateJobOrderDataRow.PlannedEndTime; // DATETIME
                                        }
                                    
                                        var jobOrderData = me.GetJobOrderView({
                                            UID: row.UID /* LONG */
                                        });
                                    
                                        if(jobOrderData.rows && jobOrderData.rows.length == 1) {
                                    
                                            var jobOrderDataRow = jobOrderData.rows[0];
                                            JobOrderViewDataShapeEntry.Item = jobOrderDataRow.Item; // STRING
                                    
                                            // Get the current JobOrderMaterialRequirement and MaterialDefinition linked to job order
                                            var jobOrderMaterialDefinitionUID = jobOrderDataRow.MaterialDefinitionUID;
                                            var jobOrderMaterialRequirementUIDValue = jobOrderDataRow.JobOrderMaterialRequirementUID;
                                    
                                            // If the material item to save has changed
                                            if(jobOrderMaterialDefinitionUID != row.MaterialDefinitionUID) {
                                    
                                                if(jobOrderMaterialDefinitionUID && jobOrderMaterialRequirementUIDValue) {
                                                    deleteJobOrderMaterialRequirement(jobOrderMaterialRequirementUIDValue);
                                                    deleteMaterialDefinition(jobOrderMaterialDefinitionUID);
                                                }
                                    
                                                if(row.MaterialDefinitionUID) {
                                                    var createJobOrderMaterialRequirementData = createJobOrderMaterialRequirement(row.UID);
                                                    jobOrderMaterialRequirementUIDValue = createJobOrderMaterialRequirementData.UID;
                                    
                                                    var createdMaterialDefinition = createDuplicateMaterialDefinition(row.MaterialDefinitionUID);
                                    
                                                    if(createdMaterialDefinition.rows && createdMaterialDefinition.rows.length == 1) {
                                                        var createdMaterialDefinitionDataRow = createdMaterialDefinition.rows[0];
                                                        jobOrderMaterialDefinitionUID = createdMaterialDefinitionDataRow.UID; // LONG
                                                        JobOrderViewDataShapeEntry.Item = createdMaterialDefinitionDataRow.Name; // STRING
                                                    }
                                                }
                                            }
                                    
                                            // Update JobOrderMaterialRequirement if material item exists
                                            if(row.MaterialDefinitionUID != null) {
                                                var updateJobOrderMaterialRequirementData = updateJobOrderMaterialRequirement(row, jobOrderMaterialRequirementUIDValue, jobOrderMaterialDefinitionUID);
                                    
                                                // Copy updated JobOrderMaterialRequirement data to JobOrderViewDataShapeEntry object
                                                if(updateJobOrderMaterialRequirementData.rows && updateJobOrderMaterialRequirementData.rows.length == 1) {
                                                    var updateJobOrderMaterialRequirementDataRow = updateJobOrderMaterialRequirementData.rows[0];
                                                    JobOrderViewDataShapeEntry.JobOrderMaterialRequirementUID = updateJobOrderMaterialRequirementDataRow.UID; // STRING
                                                    JobOrderViewDataShapeEntry.Quantity = updateJobOrderMaterialRequirementDataRow.Quantity; // NUMBER
                                                    JobOrderViewDataShapeEntry.QuantityUnitOfMeasure = updateJobOrderMaterialRequirementDataRow.QuantityUnitOfMeasure; // STRING
                                                    JobOrderViewDataShapeEntry.MaterialDefinitionUID = updateJobOrderMaterialRequirementDataRow.MaterialDefinitionUID; // STRING
                                                }
                                            }
                                        }
                                        // Add updated data to result InfoTable
                                        result.AddRow(JobOrderViewDataShapeEntry);
                                    }
                                    
                                    // Create InfoTable for datashape
                                    // Note: The _AP datashape field definitions will be included
                                    function createInfoTable(dataShapeName) {
                                        return Things[me.GetProductionOrderManager()].CreateInfoTable({
                                            dataShapeName: dataShapeName
                                        });
                                    }
                                    
                                    // Update the passed job order InfoTable row
                                    function updateJobOrder(jobOrderRow) {
                                        var jobOrderInfoTable = createInfoTable("PTC.SCA.SCO.JobOrder");
                                        var jobOrderEntry = {};
                                    
                                        jobOrderEntry.UID = jobOrderRow.UID; // LONG [Primary Key]
                                        jobOrderEntry.ID = jobOrderRow.ID; // STRING
                                        jobOrderEntry.WorkType = jobOrderRow.WorkType; // INTEGER
                                        jobOrderEntry.Description = jobOrderRow.Description; // STRING
                                        jobOrderEntry.Priority = jobOrderRow.Priority; // STRING
                                        jobOrderEntry.DispatchStatus = jobOrderRow.DispatchStatus; // INTEGER
                                        jobOrderEntry.PlannedStartTime = jobOrderRow.PlannedStartTime; // DATETIME
                                        jobOrderEntry.PlannedEndTime = jobOrderRow.PlannedEndTime; // DATETIME
                                    
                                        jobOrderInfoTable.AddRow(jobOrderEntry);
                                    
                                        // result: INFOTABLE dataShape: PTC.SCA.SCO.JobOrder
                                        return Things[me.GetProductionOrderManager()].UpdateJobOrders({
                                            JobOrders: jobOrderInfoTable /* INFOTABLE */
                                        });
                                    }
                                    
                                    // Create job order material requirement with the specified job order UID
                                    function createJobOrderMaterialRequirement(jobOrderUID) {
                                        var newJobOrderMaterialRequirements = createInfoTable("PTC.SCA.SCO.JobOrderMaterialRequirement");
                                    
                                        // PTC.SCA.SCO.JobOrder entry object
                                        var jobOrderMaterialRequirementTempEntry = {};
                                        jobOrderMaterialRequirementTempEntry.JobOrderUID = jobOrderUID; // LONG
                                    
                                        newJobOrderMaterialRequirements.AddRow(jobOrderMaterialRequirementTempEntry);
                                    
                                        return Things[me.GetProductionOrderManager()].CreateJobOrderMaterialRequirements({
                                            JobOrderMaterialRequirements: newJobOrderMaterialRequirements /* INFOTABLE */
                                        });
                                    }
                                    
                                    // Create another material definition with the specified material definition UID
                                    function createDuplicateMaterialDefinition(materialDefinitionUID) {
                                        // result: INFOTABLE dataShape: "PTC.SCA.SCO.MaterialDefinition"
                                        var retrievedMaterialDefinition = Things[me.GetProductionOrderManager()].GetMaterialDefinition({
                                            UID: materialDefinitionUID /* STRING */
                                        });
                                    
                                        // result: INFOTABLE dataShape: "PTC.SCA.SCO.MaterialDefinition"
                                        return Things[me.GetProductionOrderManager()].CreateMaterialDefinitions({
                                            MaterialDefinitions: retrievedMaterialDefinition /* INFOTABLE */
                                        });
                                    }
                                    
                                    // Update the job order material requirement with the specified UID
                                    function updateJobOrderMaterialRequirement(jobOrderRow, jobOrderMaterialRequirementUID, materialDefinitionUID) {
                                        var jobOrderMaterialRequirementInfoTable = createInfoTable("PTC.SCA.SCO.JobOrderMaterialRequirement");
                                        var jobOrderMaterialRequirementEntry = {};
                                    
                                        jobOrderMaterialRequirementEntry.UID = jobOrderMaterialRequirementUID; // LONG [Primary Key]
                                        jobOrderMaterialRequirementEntry.MaterialDefinitionUID = materialDefinitionUID; // LONG
                                        jobOrderMaterialRequirementEntry.JobOrderUID = jobOrderRow.UID; // LONG
                                        jobOrderMaterialRequirementEntry.Quantity = jobOrderRow.Quantity; // NUMBER
                                        jobOrderMaterialRequirementEntry.QuantityUnitOfMeasure = jobOrderRow.QuantityUnitOfMeasure; // STRING
                                    
                                        jobOrderMaterialRequirementInfoTable.AddRow(jobOrderMaterialRequirementEntry);
                                    
                                        // result: INFOTABLE dataShape: PTC.SCA.SCO.JobOrderMaterialRequirement
                                        return Things[me.GetProductionOrderManager()].UpdateJobOrderMaterialRequirements({
                                            JobOrderMaterialRequirements: jobOrderMaterialRequirementInfoTable /* INFOTABLE */
                                        });
                                    }
                                    
                                    // Delete the job order material requirement with the specified UID
                                    function deleteJobOrderMaterialRequirement(jobOrderMaterialRequirementUID) {
                                        return Things[me.GetProductionOrderManager()].DeleteJobOrderMaterialRequirement({
                                            UID: jobOrderMaterialRequirementUID /* INFOTABLE */
                                        });
                                    }
                                    
                                    // Delete the material definition with the specified UID
                                    function deleteMaterialDefinition(materialDefinitionUID) {
                                        return Things[me.GetProductionOrderManager()].DeleteMaterialDefinition({
                                            UID: materialDefinitionUID /* STRING */
                                        });
                                    }
                                    ]]>
                                    </code>
                                </Row>
                            </Rows>
                        </ConfigurationTable>
                    </ConfigurationTables>
                </ServiceImplementation>
            </ServiceImplementations>
            <Subscriptions></Subscriptions>
            <avatar></avatar>
            <DesignTimePermissions>
                <Create></Create>
                <Read></Read>
                <Update></Update>
                <Delete></Delete>
                <Metadata></Metadata>
            </DesignTimePermissions>
            <RunTimePermissions></RunTimePermissions>
            <VisibilityPermissions>
                <Visibility></Visibility>
            </VisibilityPermissions>
            <ConfigurationTableDefinitions></ConfigurationTableDefinitions>
            <ConfigurationTables></ConfigurationTables>
            <PropertyBindings></PropertyBindings>
            <RemotePropertyBindings></RemotePropertyBindings>
            <RemoteServiceBindings></RemoteServiceBindings>
            <RemoteEventBindings></RemoteEventBindings>
            <AlertConfigurations></AlertConfigurations>
            <InstanceRunTimePermissions></InstanceRunTimePermissions>
        </ThingShape>
    </ThingShapes>
</Entities>
