<?xml version="1.0" encoding="UTF-8"?>
<Entities
 majorVersion="0"
 minorVersion="0"
 universal="password">
    <ThingShapes>
        <ThingShape
         aspect.isEditableExtensionObject="false"
         aspect.isExtension="true"
         className=""
         description="Thing Shape for work definition cache management. {PTC.Factory.Demo.WorkDefinitionCacheManagement}"
         documentationContent=""
         homeMashup=""
         name="PTC.Factory.Demo.WorkDefinitionCacheManagementThingShape"
         projectName="PTC.Factory.Demo"
         tags="PTC:factory-demo">
            <PropertyDefinitions></PropertyDefinitions>
            <ServiceDefinitions>
                <ServiceDefinition
                 aspect.isAsync="false"
                 category=""
                 description="Adds a work definition metadata entry for the specified WorkDefinitionUID with IsCached=true.  If an entry already exists, updates to IsCached=true."
                 isAllowOverride="true"
                 isLocalOnly="false"
                 isOpen="false"
                 isPrivate="false"
                 name="SetWorkDefinitionAsCache">
                    <ResultType
                     aspect.dataShape="PTC.SCA.SCO.WorkDefinitionMetadata"
                     baseType="INFOTABLE"
                     description="The newly added or updated WorkDefinitionMetadata entry"
                     name="result"
                     ordinal="0"></ResultType>
                    <ParameterDefinitions>
                        <FieldDefinition
                         aspect.isRequired="true"
                         baseType="STRING"
                         description="The UID of the work definition to be cached"
                         name="WorkDefinitionUID"
                         ordinal="1"></FieldDefinition>
                    </ParameterDefinitions>
                </ServiceDefinition>
            </ServiceDefinitions>
            <EventDefinitions></EventDefinitions>
            <ServiceMappings></ServiceMappings>
            <ServiceImplementations>
                <ServiceImplementation
                 description=""
                 handlerName="Script"
                 name="SetWorkDefinitionAsCache">
                    <ConfigurationTables>
                        <ConfigurationTable
                         dataShapeName=""
                         description=""
                         isMultiRow="false"
                         name="Script"
                         ordinal="0">
                            <DataShape>
                                <FieldDefinitions>
                                    <FieldDefinition
                                     baseType="STRING"
                                     description="code"
                                     name="code"
                                     ordinal="0"></FieldDefinition>
                                </FieldDefinitions>
                            </DataShape>
                            <Rows>
                                <Row>
                                    <code>
                                    <![CDATA[
                                    var prodOrderManagerThingName = Things["PTC.Factory.LaunchPointConfigurationThing"].GetProductionOrderManagerThingName();
                                    var prodOrderManagerThing = Things[prodOrderManagerThingName];
                                    var filter = {
                                    	filters: {
                                    		dataShapeName: "PTC.SCA.SCO.WorkDefinitionMetadata",
                                    		fieldName: "WorkDefinitionUID",
                                    		type: "EQ",
                                    		value: WorkDefinitionUID
                                    	}
                                    };
                                    var metadataEntry = prodOrderManagerThing.GetWorkDefinitionMetadatas({
                                    	filter: filter,
                                    });
                                    if (metadataEntry.getRowCount() > 0) {
                                        if (!metadataEntry.IsCached) {
                                            metadataEntry.IsCached = true;
                                            result = prodOrderManagerThing.UpdateWorkDefinitionMetadatas({
                                                WorkDefinitionMetadatas: metadataEntry
                                            });
                                        } else {
                                            result = metadataEntry;
                                        }
                                    } else {
                                    	metadataEntry.AddRow({
                                    		WorkDefinitionUID: WorkDefinitionUID,
                                    		IsCached: true
                                    	});
                                    	result = prodOrderManagerThing.CreateWorkDefinitionMetadatas({
                                    		WorkDefinitionMetadatas: metadataEntry
                                    	});
                                    }
                                    ]]>
                                    </code>
                                </Row>
                            </Rows>
                        </ConfigurationTable>
                    </ConfigurationTables>
                </ServiceImplementation>
            </ServiceImplementations>
            <Subscriptions></Subscriptions>
            <avatar></avatar>
            <DesignTimePermissions>
                <Create></Create>
                <Read></Read>
                <Update></Update>
                <Delete></Delete>
                <Metadata></Metadata>
            </DesignTimePermissions>
            <RunTimePermissions></RunTimePermissions>
            <VisibilityPermissions>
                <Visibility></Visibility>
            </VisibilityPermissions>
            <ConfigurationTableDefinitions></ConfigurationTableDefinitions>
            <ConfigurationTables></ConfigurationTables>
            <PropertyBindings></PropertyBindings>
            <RemotePropertyBindings></RemotePropertyBindings>
            <RemoteServiceBindings></RemoteServiceBindings>
            <RemoteEventBindings></RemoteEventBindings>
            <AlertConfigurations></AlertConfigurations>
            <InstanceRunTimePermissions></InstanceRunTimePermissions>
        </ThingShape>
    </ThingShapes>
</Entities>
