<?xml version="1.0" encoding="UTF-8"?>
<Entities
 build="b9714"
 majorVersion="0"
 minorVersion="0"
 modelPersistenceProviderPackage="PostgresPersistenceProviderPackage"
 revision="0"
 schemaVersion="1100"
 universal="password">
    <ThingShapes>
        <ThingShape
         aspect.isEditableExtensionObject="false"
         aspect.isExtension="true"
         className=""
         description="Thing Shape for the Manufacturing Planning breadcrumb utils. {PTC.Factory.Demo.ManufacturingPlanningBreadcrumbUtilsThingShape}"
         documentationContent=""
         homeMashup=""
         lastModifiedDate="2020-07-07T17:10:35.297-04:00"
         name="PTC.Factory.Demo.ManufacturingPlanningBreadcrumbUtilsThingShape"
         projectName="PTC.Factory.Demo"
         tags="PTC:factory-demo">
            <PropertyDefinitions></PropertyDefinitions>
            <ServiceDefinitions>
                <ServiceDefinition
                 aspect.isAsync="false"
                 category=""
                 description="Retrieves the breadcrumb data based on the current mashup."
                 isAllowOverride="true"
                 isLocalOnly="false"
                 isOpen="false"
                 isPrivate="false"
                 name="GetBreadcrumbData">
                    <ResultType
                     aspect.dataShape="PTC.Factory.Demo.BreadcrumbDataShape"
                     baseType="INFOTABLE"
                     description=""
                     name="result"
                     ordinal="0"></ResultType>
                    <ParameterDefinitions>
                        <FieldDefinition
                         baseType="MASHUPNAME"
                         description="Current mashup name"
                         name="currentMashupName"
                         ordinal="1"></FieldDefinition>
                        <FieldDefinition
                         baseType="STRING"
                         description="Id of current mashup if applicable"
                         name="id"
                         ordinal="2"></FieldDefinition>
                    </ParameterDefinitions>
                </ServiceDefinition>
            </ServiceDefinitions>
            <EventDefinitions></EventDefinitions>
            <ServiceMappings></ServiceMappings>
            <ServiceImplementations>
                <ServiceImplementation
                 description=""
                 handlerName="Script"
                 name="GetBreadcrumbData">
                    <ConfigurationTables>
                        <ConfigurationTable
                         dataShapeName=""
                         description=""
                         isMultiRow="false"
                         name="Script"
                         ordinal="0">
                            <DataShape>
                                <FieldDefinitions>
                                    <FieldDefinition
                                     baseType="STRING"
                                     description="code"
                                     name="code"
                                     ordinal="0"></FieldDefinition>
                                </FieldDefinitions>
                            </DataShape>
                            <Rows>
                                <Row>
                                    <code>
                                    <![CDATA[
                                    let breadcrumbData = Resources["InfoTableFunctions"].CreateInfoTableFromDataShape({
                                    	infoTableName: "InfoTable",
                                    	dataShapeName: "PTC.Factory.Demo.BreadcrumbDataShape"
                                    });
                                    
                                    const materialArray = ['PTC.Factory.Demo.ManufacturingPlanningMashup', 'PTC.Factory.Demo.MaterialManagementMashup', 'PTC.Factory.Demo.MaterialDetailMashup'];
                                    const materialDisplayArray = ['PTC.Factory.Demo.ManufacturingPlanningTileLabel', "PTC.Factory.Demo.MaterialsTabName", id];
                                    
                                    const workDefinitionArray = ['PTC.Factory.Demo.ManufacturingPlanningMashup', 'PTC.Factory.Demo.WorkDefinitionManagementMashup', 'PTC.Factory.Demo.WorkDefinitionDetailMashup'];
                                    const workDefinitionDisplayArray = ['PTC.Factory.Demo.ManufacturingPlanningTileLabel', "PTC.Factory.Demo.WorkDefinitionsTabName", id];
                                    
                                    const jobOrderArray = ['PTC.Factory.Demo.ManufacturingPlanningMashup', 'PTC.Factory.Demo.JobOrderManagementMashup', 'PTC.Factory.Demo.JobOrderDetailMashup'];
                                    const jobOrderDisplayArray = ['PTC.Factory.Demo.ManufacturingPlanningTileLabel', "PTC.Factory.Demo.JobOrdersTabName", id];
                                    
                                    let breadcrumbObjects = {
                                    	material: {
                                    		dataArray: materialArray,
                                    		displayArray: materialDisplayArray
                                    	},
                                    	workDefinition: {
                                    		dataArray: workDefinitionArray,
                                    		displayArray: workDefinitionDisplayArray
                                    	},
                                    	jobOrder: {
                                    		dataArray: jobOrderArray,
                                    		displayArray: jobOrderDisplayArray
                                    	}
                                    };
                                    
                                    if (currentMashupName == "PTC.Factory.Demo.ManufacturingPlanningMashup") {
                                    	setDefaultBreadcrumbData(breadcrumbData);
                                    } else {
                                    	Object.keys(breadcrumbObjects).forEach(key => {
                                    		let breadcrumbObject = breadcrumbObjects[key];
                                    		let mashupIndexValue = findMashup(currentMashupName, breadcrumbObject.dataArray);
                                    		if (mashupIndexValue >= 0) {
                                    			createBreadcrumbData(mashupIndexValue, breadcrumbObject.dataArray, breadcrumbObject.displayArray, breadcrumbData);
                                    			return;
                                    		}
                                    	});
                                    }
                                    
                                    result = breadcrumbData;
                                    
                                    function findMashup(mashupToFind, mashupArray) {
                                    	return mashupArray.findIndex(mashup => mashup == mashupToFind);
                                    }
                                    
                                    function createBreadcrumbData(endIndex, mashupArray, displayMashupArray, breadcrumbData) {
                                    	for (let x = 0; x <= endIndex; ++x) {
                                    		breadcrumbData.AddRow({
                                    			DisplayField: getLocalizedDisplayMessage(displayMashupArray[x]),
                                    			MashupNameField: mashupArray[x],
                                    			TypeField: "Target Mashup"
                                    		});
                                    	}
                                    }
                                    
                                    function setDefaultBreadcrumbData(breadcrumbData) {
                                    	breadcrumbData.AddRow({
                                    		DisplayField: "Manufacturing Planning",
                                    		MashupNameField: "PTC.Factory.Demo.ManufacturingPlanningMashup",
                                    		TypeField: "Target Mashup"
                                    	});
                                    }
                                    
                                    function getLocalizedDisplayMessage(value) {
                                        let tokenValue = Resources["RuntimeLocalizationFunctions"].GetEffectiveToken({
                                            token: value
                                        });
                                        
                                        return tokenValue == "???" ? value : tokenValue;
                                    }
                                    ]]>
                                    </code>
                                </Row>
                            </Rows>
                        </ConfigurationTable>
                    </ConfigurationTables>
                </ServiceImplementation>
            </ServiceImplementations>
            <Subscriptions></Subscriptions>
            <avatar></avatar>
            <DesignTimePermissions>
                <Create></Create>
                <Read></Read>
                <Update></Update>
                <Delete></Delete>
                <Metadata></Metadata>
            </DesignTimePermissions>
            <RunTimePermissions></RunTimePermissions>
            <VisibilityPermissions>
                <Visibility></Visibility>
            </VisibilityPermissions>
            <ConfigurationTableDefinitions></ConfigurationTableDefinitions>
            <ConfigurationTables></ConfigurationTables>
            <PropertyBindings></PropertyBindings>
            <RemotePropertyBindings></RemotePropertyBindings>
            <RemoteServiceBindings></RemoteServiceBindings>
            <RemoteEventBindings></RemoteEventBindings>
            <AlertConfigurations></AlertConfigurations>
            <InstanceRunTimePermissions></InstanceRunTimePermissions>
        </ThingShape>
    </ThingShapes>
</Entities>
