<?xml version="1.0" encoding="UTF-8"?>
<Entities
 build="b8463"
 majorVersion="0"
 minorVersion="0"
 modelPersistenceProviderPackage="PostgresPersistenceProviderPackage"
 revision="0"
 schemaVersion="1100"
 universal="password">
    <Things>
        <Thing
         aspect.isEditableExtensionObject="true"
         aspect.isExtension="true"
         description="Manufacturing Planning tile initializer. {PTC.Factory.Demo.ManufacturingPlanningTileInitializer}"
         documentationContent=""
         effectiveThingPackage="ConfiguredThing"
         enabled="true"
         homeMashup=""
         identifier=""
         lastModifiedDate="2020-02-07T14:23:26.288-05:00"
         name="PTC.Factory.Demo.ManufacturingPlanningTileInitializer"
         projectName="PTC.Factory.Demo"
         published="false"
         tags="PTC:factory-demo"
         thingTemplate="PTC.Factory.Demo.ManufacturingPlanningTileInitializerTemplate"
         valueStream="">
            <avatar></avatar>
            <DesignTimePermissions>
                <Create></Create>
                <Read></Read>
                <Update></Update>
                <Delete></Delete>
                <Metadata></Metadata>
            </DesignTimePermissions>
            <RunTimePermissions></RunTimePermissions>
            <VisibilityPermissions>
                <Visibility></Visibility>
            </VisibilityPermissions>
            <ConfigurationTableDefinitions></ConfigurationTableDefinitions>
            <ConfigurationTables></ConfigurationTables>
            <ThingShape>
                <PropertyDefinitions></PropertyDefinitions>
                <ServiceDefinitions></ServiceDefinitions>
                <EventDefinitions></EventDefinitions>
                <ServiceMappings></ServiceMappings>
                <ServiceImplementations></ServiceImplementations>
                <Subscriptions>
                    <Subscription
                     description=""
                     enabled="true"
                     eventName="ThingStart"
                     name="Event.Start"
                     source=""
                     sourceProperty=""
                     sourceType="Thing">
                        <ServiceImplementation
                         description=""
                         handlerName="Script"
                         name="Event.Start">
                            <ConfigurationTables>
                                <ConfigurationTable
                                 dataShapeName=""
                                 description=""
                                 isMultiRow="false"
                                 name="Script"
                                 ordinal="0">
                                    <DataShape>
                                        <FieldDefinitions>
                                            <FieldDefinition
                                             baseType="STRING"
                                             description="code"
                                             name="code"
                                             ordinal="0"></FieldDefinition>
                                        </FieldDefinitions>
                                    </DataShape>
                                    <Rows>
                                        <Row>
                                            <code>
                                            <![CDATA[
                                            // entityName: STRING
                                            var entityName = Things["PTC.Factory.LaunchPointConfigurationThing"].GetCustomizationEntityName({
                                                entityName: "PTC.FactoryConsole.DataTable" /* STRING */
                                            });
                                            
                                            var filter = {
                                                "filters": {
                                                    "dataShapeName": entityName,
                                                    "fieldName": "key",
                                                    "type": "EQ",
                                                    "value": me.tileOrder
                                                }
                                            };
                                            
                                            // values: INFOTABLE dataShape: ""
                                            var values = Things[entityName].QueryDataTableEntries({
                                                maxItems: undefined /* NUMBER */,
                                                values: undefined /* INFOTABLE */,
                                                query: filter /* QUERY */,
                                                source: undefined /* STRING */,
                                                tags: undefined /* TAGS */
                                            });
                                            
                                            if(values.rows.length == 0) {
                                                me.AddTileToConsole();
                                            }
                                            ]]>
                                            </code>
                                        </Row>
                                    </Rows>
                                </ConfigurationTable>
                            </ConfigurationTables>
                        </ServiceImplementation>
                    </Subscription>
                </Subscriptions>
            </ThingShape>
            <PropertyBindings></PropertyBindings>
            <RemotePropertyBindings></RemotePropertyBindings>
            <RemoteServiceBindings></RemoteServiceBindings>
            <RemoteEventBindings></RemoteEventBindings>
            <AlertConfigurations></AlertConfigurations>
            <ImplementedShapes></ImplementedShapes>
            <ThingProperties></ThingProperties>
        </Thing>
    </Things>
</Entities>
