<?xml version="1.0" encoding="UTF-8"?>
<Entities
 build="b460"
 majorVersion="6"
 minorVersion="5"
 revision="0"
 schemaVersion="808">
    <StyleDefinitions>
        <StyleDefinition
         aspect.isThemeObject="true"
         description="Style for the Mashup - Theme: Thingworx"
         documentationContent=""
         homeMashup=""
         lastModifiedDate="2018-03-21T17:54:44.318Z"
         name="PTC.SCA.SCO.AssetRemoting.MashupStyle"
         projectName="PTC.SCA.SCO.Asset Remoting"
         tags="PTC:sca-sco-assetremoting;">
            <avatar></avatar>
            <DesignTimePermissions>
                <Create></Create>
                <Read></Read>
                <Update></Update>
                <Delete></Delete>
                <Metadata></Metadata>
            </DesignTimePermissions>
            <RunTimePermissions></RunTimePermissions>
            <VisibilityPermissions>
                <Visibility></Visibility>
            </VisibilityPermissions>
            <ConfigurationTables></ConfigurationTables>
            <content>
            <![CDATA[
            {"image":"","backgroundColor":"#ffffff","textSize":"normal","lineStyle":"solid","fontEmphasisUnderline":false,"displayString":"","fontEmphasisItalic":false,"lineThickness":0,"lineColor":"","foregroundColor":"#282828","fontEmphasisBold":false,"secondaryBackgroundColor":""}
            ]]>
            </content>
        </StyleDefinition>
    </StyleDefinitions>
</Entities>
