<?xml version="1.0" encoding="UTF-8"?>
<Entities
 build="b51"
 majorVersion="8"
 minorVersion="1"
 modelPersistenceProviderPackage="PostgresPersistenceProviderPackage"
 revision="0"
 schemaVersion="1010">
    <StyleDefinitions>
        <StyleDefinition
         description="Default style for textbox widget focus - Theme: Thingworx {PTC.SCA.SCO.AssetRemoting.FileTransfer.GridForcusStyle}"
         documentationContent=""
         homeMashup=""
         lastModifiedDate="2017-09-28T20:59:48.069Z"
         name="PTC.SCA.SCO.AssetRemoting.FileTransfer.GridForcusStyle"
         projectName="PTC.SCA.SCO.Asset Remoting"
         tags="PTC:sca-sco-assetremoting;PTC:sca-common;PTC:StyleDefinition">
            <avatar></avatar>
            <DesignTimePermissions>
                <Create></Create>
                <Read></Read>
                <Update></Update>
                <Delete></Delete>
                <Metadata></Metadata>
            </DesignTimePermissions>
            <RunTimePermissions></RunTimePermissions>
            <VisibilityPermissions>
                <Visibility></Visibility>
            </VisibilityPermissions>
            <ConfigurationTables></ConfigurationTables>
            <content>
            <![CDATA[
            {
              "backgroundColor" : "",
              "displayString" : "",
              "fontEmphasisBold" : false,
              "fontEmphasisItalic" : false,
              "fontEmphasisUnderline" : false,
              "foregroundColor" : "",
              "image" : "",
              "lineColor" : "#719fbf",
              "lineStyle" : "solid",
              "lineThickness" : 1,
              "secondaryBackgroundColor" : "",
              "textSize" : "normal"
            }
            ]]>
            </content>
        </StyleDefinition>
    </StyleDefinitions>
</Entities>
