<?xml version="1.0" encoding="UTF-8" standalone="no"?>
<Entities xmlns:xsi="http://www.w3.org/2001/XMLSchema-instance" xsi:noNamespaceSchemaLocation="../../../configfiles/schema.xsd">
  <ExtensionPackages>
    <ExtensionPackage name="ConnectionServicesExtension"
                      description="This extension provides the framework of objects for interacting with device connectivity adapters."
                      vendor="ThingWorx" packageVersion="2.2.3" minimumThingWorxVersion="9.0.0" haCompatible="true"
                      migratorClass="com.thingworx.extensions.cse.ConnectionServicesHubMigrator">
      <JarResources>
        <FileResource type="JAR" file="ConnectionServicesExtension-2.2.3.jar" description="Connection Services Extension"/>
      </JarResources>
    </ExtensionPackage>
  </ExtensionPackages>

  <ThingPackages>
    <ThingPackage name="ConnectionServicesHub" description="CXSHub"
                  className="com.thingworx.extensions.cse.ConnectionServicesHubTemplate" aspect.isSystemObject="false"/>
  </ThingPackages>

  <ThingTemplates>
    <ThingTemplate name="ConnectionServicesHub" thingPackage="ConnectionServicesHub"
                   description="The ConnectionServices Hub is the thing that enables interactions (events, services) with various device adapters." tags="Applications:CXS" aspect.isEditableExtensionObject="true">
    </ThingTemplate>
  </ThingTemplates>
</Entities>
