<?xml version="1.0" encoding="UTF-8"?><Entities>
    <ExtensionPackages>
        <ExtensionPackage artifactId="base" dependsOn="RuntimeQueryParameterFetcher" groupId="ptc" lastModifiedDate="2020-09-27T22:34:38.738Z" minimumThingWorxVersion="9.0.0" packageVersion="0.2.210741713" haCompatible="true" description="Base Building Block Project" documentationContent="" homeMashup="" name="PTC.Base" tags="" vendor="">
            <avatar/>
            <DesignTimePermissions>
                                
                <Create/>
                                
                <Read/>
                                
                <Update/>
                                
                <Delete/>
                                
                <Metadata/>
                            
            </DesignTimePermissions>
            <RunTimePermissions/>
            <VisibilityPermissions>
                                
                <Visibility>
                                        
                    <Principal isPermitted="true" name="PTC.Base.Default_OR:PTC.Base.BaseManagementPermission" type="OrganizationalUnit"/>
                                    
                </Visibility>
                            
            </VisibilityPermissions>
            <ConfigurationTableDefinitions/>
            <ConfigurationTables/>
        </ExtensionPackage>
    </ExtensionPackages>
</Entities>
