<?xml version="1.0" encoding="utf-8"?><Entities><ExtensionPackages><ExtensionPackage name="AssetMonitor-extension" haCompatible="true" description="Asset Monitor Extension" vendor="PTC" packageVersion="9.1.0" buildNumber="02" minimumThingWorxVersion="8.1.0" dependsOn="SCO_Common-extension:9.1.0" licensed="true" licenseName="twx_asst_adv" namedLicensedGroup="twx_asst_adv_named"><Licensed><Entity name="PTC.SCA.SCO.AssetMonitor.AssetList.AssetListContainerMashup"></Entity></Licensed><JarResources><FileResource file="sco-AssetMonitor-extension.jar" type="JAR"></FileResource></JarResources></ExtensionPackage></ExtensionPackages></Entities>