<?xml version="1.0" encoding="UTF-8" standalone="no"?>
<Entities build="latest" majorVersion="0" minorVersion="0" revision="0" schemaVersion="931">
  <DataShapes>
    <DataShape description="Describes a Remote Session to be launched." name="RemoteSessionParameters"
               tags="Applications:RemoteAccess">
      <FieldDefinitions>
        <FieldDefinition baseType="STRING"
                         description="name of one the RemoteEndpoints which this Thing supports" name="remoteEndpoint"
                         ordinal="1"/>
        <FieldDefinition baseType="JSON" description="Custom configuration per provider" name="providerConfig" ordinal="2"/>
      </FieldDefinitions>
    </DataShape>
  </DataShapes>
</Entities>