<?xml version="1.0" encoding="UTF-8"?>
<Entities build="latest" majorVersion="0" minorVersion="0" revision="0" schemaVersion="1010">
  <DataShapes>
    <DataShape description="Defines a RemoteSession event" name="RemoteSessionEvent" tags="Applications:RemoteAccess">
      <FieldDefinitions>
        <FieldDefinition aspect.dataShape="RemoteSession" baseType="INFOTABLE" description="The RemoteSession when the event was generated" name="session" ordinal="1" />
        <FieldDefinition baseType="JSON" description="List of fields that have changed" name="fieldsChanged" ordinal="2" />
      </FieldDefinitions>
    </DataShape>
  </DataShapes>
</Entities>