<?xml version="1.0" encoding="UTF-8" standalone="no"?>
<Entities build="latest" majorVersion="0" minorVersion="0" revision="0" schemaVersion="931">
 <DataShapes>
  <DataShape description="Connection information for an ThingWorx Internal RemoteEndpoint." name="ThingworxInternal.RemoteEndpointProviderConfig"
   tags="Applications:ACE">
   <FieldDefinitions>
    <FieldDefinition baseType="TEXT" description="a description of the endpoint" name="description" ordinal="1" />
    <FieldDefinition aspect.dataShape="ConnectionInformation" baseType="INFOTABLE"
     description="Information on the available connections for this Endpoint." name="connectionInformation" ordinal="2" />
    <FieldDefinition baseType="STRING" description="TunnelEndpoint application URI - location of the client application that will use the tunnel" name="appUri" ordinal="3" />
   </FieldDefinitions>
  </DataShape>
 </DataShapes>
</Entities>