<?xml version="1.0" encoding="UTF-8" standalone="no"?>
<Entities build="b139" majorVersion="6" minorVersion="6" modelPersistenceProviderPackage="NeoPersistenceProviderPackage" revision="2"
          schemaVersion="809">
    <ThingTemplates>
        <ThingTemplate baseThingTemplate="GenericThing" description="When creating a Thing to represent an Azure Blob Storage, apply this Thing Template." documentationContent="" effectiveThingPackage="ConfiguredThing" homeMashup="" lastModifiedDate="2019-05-30T20:16:41.582Z" name="AzureBlobStorageTemplate" projectName="" tags="Applications:AzureConfiguration" thingPackage="" valueStream="">
            <Owner name="Administrator" type="User"/>
            <avatar/>
            <DesignTimePermissions>
                <Create/>
                <Read/>
                <Update/>
                <Delete/>
                <Metadata/>
            </DesignTimePermissions>
            <RunTimePermissions/>
            <VisibilityPermissions>
                <Visibility/>
            </VisibilityPermissions>
            <ConfigurationTableDefinitions>
                <ConfigurationTableDefinition category="" dataShapeName="AzureBlobDataShape" description="Contains the configuration information for an Azure Blob Storage Thing" isHidden="false" isMultiRow="false" name="AzureBlob" ordinal="0" source="IMPORT"/>
            </ConfigurationTableDefinitions>
            <ConfigurationTables>
                <ConfigurationTable description="Defines the properties of an Azure Blob Storage Thing." isMultiRow="false" name="AzureBlob" ordinal="0">
                    <DataShape/>
                    <Rows>
                        <Row>
                            <accountName/>
                            <connectionString/>
                        </Row>
                    </Rows>
                </ConfigurationTable>
            </ConfigurationTables>
            <PropertyBindings/>
            <RemotePropertyBindings/>
            <RemoteServiceBindings/>
            <RemoteEventBindings/>
            <AlertConfigurations>
                <AlertDefinitions name="connectionString"/>
                <AlertDefinitions name="accountName"/>
            </AlertConfigurations>
            <ThingShape>
                <PropertyDefinitions/>
                <ServiceDefinitions/>
                <EventDefinitions/>
                <ServiceMappings/>
                <ServiceImplementations/>
                <Subscriptions/>
            </ThingShape>
            <ImplementedShapes/>
            <SharedConfigurationTables/>
            <InstanceDesignTimePermissions>
                <Create/>
                <Read/>
                <Update/>
                <Delete/>
                <Metadata/>
            </InstanceDesignTimePermissions>
            <InstanceRunTimePermissions/>
            <InstanceVisibilityPermissions>
                <Visibility/>
            </InstanceVisibilityPermissions>
            <ConfigurationChanges/>
        </ThingTemplate>
    </ThingTemplates>
</Entities>
