<?xml version="1.0" encoding="UTF-8" standalone="no"?>
<Entities build="b139" majorVersion="6" minorVersion="6"
          modelPersistenceProviderPackage="NeoPersistenceProviderPackage" revision="2"
          schemaVersion="809">
    <ThingTemplates>
        <ThingTemplate baseThingTemplate="RemoteThingWithFileTransfer"
            description="When creating a Thing to represent the Azure IoT Hub, use this
            Thing Template. The Azure IoT Connector uses the configuration provided here
            to connect to Azure." documentationContent=""
            effectiveThingPackage="RemoteThingWithFileTransfer"
            homeMashup="AzureOpcUaConfigurationMashup"
            lastModifiedDate="2019-04-05T18:40:59.975Z"
            name="AzureIotHubTemplate" projectName="" tags="Applications:AzureConfiguration"
            thingPackage="" valueStream="">
            <Owner name="Administrator" type="User"/>
            <avatar/>
            <DesignTimePermissions>
                <Create/>
                <Read/>
                <Update/>
                <Delete/>
                <Metadata/>
            </DesignTimePermissions>
            <RunTimePermissions/>
            <VisibilityPermissions>
                <Visibility/>
            </VisibilityPermissions>
            <ConfigurationTableDefinitions>
                <ConfigurationTableDefinition category="" dataShapeName="AzureHubDataShape"
                    description="This Data Shape provides the properties of an Azure IoT Hub."
                    isHidden="false" isMultiRow="false"
                    name="AzureHub" ordinal="0" source="IMPORT"/>
                <ConfigurationTableDefinition category="" dataShapeName="AzureOpcUaDataShape"
                    description="This Data Shape provides the properties of an Azure IIoT Stack."
                    isHidden="false" isMultiRow="false"
                    name="AzureOpcUa" ordinal="1" source="IMPORT"/>
                <ConfigurationTableDefinition category="" dataShapeName="AzureConfigurationEndpointCredentials"
                    description="This Data Shape provides the properties of an Azure Opc Ua Credentials table."
                    isHidden="false" isMultiRow="true"
                    name="AzureOpcUaEndpointCredentials" ordinal="2" source="IMPORT"/>
            </ConfigurationTableDefinitions>
            <ConfigurationTables>
                <ConfigurationTable description="Lists the configuration properties defined
                    in Azure IoT for the Azure IoT Hub represented by this Thing."
                    isMultiRow="false" name="AzureHub" ordinal="0">
                    <DataShape/>
                    <Rows>
                        <Row>
                            <consumerGroup/>
                            <consumerPolicyConnectionString/>
                            <deviceExportBlobThing/>
                            <deviceExportContainerNamePrefix><![CDATA[device-export-]]></deviceExportContainerNamePrefix>
                            <deviceExportReadBlockSize>10</deviceExportReadBlockSize>
                            <eventHubEndpoint/>
                            <eventHubName/>
                            <eventProcessorHostBlobThing/>
                            <eventProcessorHostContainerName/>
                            <fileRepositoryBlobThing/>
                            <hubName/>
                            <maxBatchSize>500</maxBatchSize>
                            <registryPolicyConnectionString/>
                        </Row>
                    </Rows>
                </ConfigurationTable>
                <ConfigurationTable description="Lists the configuration properties defined
                    in Azure IoT for the Azure OPC Configuration represented by this Thing."
                    isMultiRow="false" name="AzureOpcUa" ordinal="1">
                    <DataShape/>
                    <Rows>
                        <Row>
                            <authManagementURL/>
                            <baseURL/>
                            <clientID/>
                            <clientSecret/>
                            <publisherPath/>
                            <registryPath/>
                            <subscriptionID/>
                            <tenantID/>
                            <twinPath/>
                        </Row>
                    </Rows>
                </ConfigurationTable>
                <ConfigurationTable description="Lists the configuration properties defined
                    in Azure IoT for the Azure OPC Configuration for endpoints credentials represented by this Thing."
                    isMultiRow="true" name="AzureOpcUaEndpointCredentials" ordinal="2">
                    <DataShape/>
                    <Rows></Rows>
                </ConfigurationTable>
            </ConfigurationTables>
            <PropertyBindings/>
            <RemotePropertyBindings/>
            <RemoteServiceBindings/>
            <RemoteEventBindings/>
            <AlertConfigurations>
                <AlertDefinitions name="consumerGroup"/>
                <AlertDefinitions name="deviceExport"/>
                <AlertDefinitions name="eventHubName"/>
                <AlertDefinitions name="eventHubEndpoint"/>
                <AlertDefinitions name="fileRepositoryBlobThing"/>
                <AlertDefinitions name="hubName"/>
                <AlertDefinitions name="maxBatchSize"/>
            </AlertConfigurations>
            <ThingShape>
                <PropertyDefinitions/>
                <ServiceDefinitions>
                    <ServiceDefinition aspect.isAsync="false" category=""
                        description="Used by the Connector internally."
                        isAllowOverride="false" isLocalOnly="false"
                        isOpen="false" isPrivate="false"
                        name="GetConfiguration">
                        <ResultType aspect.dataShape="AzureConfigurationDataShape"
                                    baseType="INFOTABLE"
                                    description="Returns configuration of the Azure IoT Hub."
                                    name="result" ordinal="0"/>
                        <ParameterDefinitions/>
                    </ServiceDefinition>
                </ServiceDefinitions>
                <EventDefinitions/>
                <ServiceMappings/>
                <ServiceImplementations>
                    <ServiceImplementation description="Used internally by the Connector"
                        handlerName="Script" name="GetConfiguration">
                        <ConfigurationTables>
                            <ConfigurationTable description="The infotable in which
                                the configuration is returned." isMultiRow="false"
                                name="Script" ordinal="0">
                                <DataShape>
                                    <FieldDefinitions>
                                        <FieldDefinition baseType="STRING"
                                            description="code" name="code" ordinal="0"/>
                                    </FieldDefinitions>
                                </DataShape>
                                <Rows>
                                    <Row>
                                        <code><![CDATA[
var params = {
	infoTableName: "AzureConfig" /* STRING */,
	dataShapeName: "AzureConfigurationDataShape" /* DATASHAPENAME */
};

// result: INFOTABLE
var result = Resources["InfoTableFunctions"].CreateInfoTableFromDataShape(params);

var secretsParams = {
	infoTableName: "secretsTable" /* STRING */,
	dataShapeName: "AzureConfigurationSecretsDataShape" /* DATASHAPENAME */
};

var configTable =  me.GetConfigurationTable({
	tableName: "AzureHub" /* STRING */
});

var opcUaConfigTable = me.GetConfigurationTable({
    tableName: "AzureOpcUa" /* STRING */
});

var secretsTable = Resources["InfoTableFunctions"].CreateInfoTableFromDataShape(secretsParams);
secretsTable.AddRow({keyName: "consumerPolicyConnectionString", key: configTable.consumerPolicyConnectionString});
secretsTable.AddRow({keyName: "registryPolicyConnectionString", key: configTable.registryPolicyConnectionString});
secretsTable.AddRow({keyName: "eventHubEndpoint", key: configTable.eventHubEndpoint});
secretsTable.AddRow({keyName: "clientID", key: opcUaConfigTable.clientID});
secretsTable.AddRow({keyName: "clientSecret", key: opcUaConfigTable.clientSecret});
secretsTable.AddRow({keyName: "tenantID", key: opcUaConfigTable.tenantID});
secretsTable.AddRow({keyName: "subscriptionID", key: opcUaConfigTable.subscriptionID});

if (configTable.deviceExportBlobThing) {
    var deviceExportBlobThing = Things[configTable.deviceExportBlobThing]
    if (deviceExportBlobThing) {
      var blobConfigTable = deviceExportBlobThing.GetConfigurationTable({
          tableName: "AzureBlob" /* STRING */
      });
      result["deviceExportBlobThing"] = blobConfigTable.accountName;
      secretsTable.AddRow({keyName: blobConfigTable.accountName, key: blobConfigTable.connectionString});
    } else {
      throw new Error("No Thing found for name " + configTable.deviceExportBlobThing);
    }
}

if (configTable.eventProcessorHostBlobThing) {
    var eventProcessorHostBlobThing = Things[configTable.eventProcessorHostBlobThing];
    if (eventProcessorHostBlobThing) {
      var blobConfigTable = Things[configTable.eventProcessorHostBlobThing].GetConfigurationTable({
          tableName: "AzureBlob" /* STRING */
      });
      result["eventProcessorHostBlobThing"] = blobConfigTable.accountName;
      secretsTable.AddRow({keyName: blobConfigTable.accountName, key: blobConfigTable.connectionString});
    } else {
      throw new Error("No Thing found for name " + configTable.eventProcessorHostBlobThing);
    }
}

if (configTable.fileRepositoryBlobThing) {
    var fileRepositoryBlobThing = Things[configTable.fileRepositoryBlobThing];
    if (fileRepositoryBlobThing) {
      var blobConfigTable = Things[configTable.fileRepositoryBlobThing].GetConfigurationTable({
          tableName: "AzureBlob" /* STRING */
      });

      result["fileRepositoryBlobThing"] = blobConfigTable.accountName;
      secretsTable.AddRow({keyName: blobConfigTable.accountName, key: blobConfigTable.connectionString});
    } else {
      throw new Error("No Thing found for name " + configTable.fileRepositoryBlobThing);
    }
}
result["configurationSecrets"] = secretsTable;

var endpointCredentialParams = {
    infoTableName : "InfoTable",
    dataShapeName : "AzureConfigurationEndpointCredentialsSecrets"
};

var endpointConfig = Resources["InfoTableFunctions"].CreateInfoTableFromDataShape(endpointCredentialParams);

var config = me.GetConfigurationTable({
    tableName: "AzureOpcUaEndpointCredentials" /* STRING */
});

var tableLength = config.rows.length;
for (var x=0; x < tableLength; x++) {
    var row = config.rows[x];
    endpointConfig.AddRow({endpoint: row.endpoint, username: row.username, password: row.password});
}

result["endpointCredentials"] = endpointConfig;
result["hubName"] = configTable.hubName;
result["consumerGroup"] = configTable.consumerGroup;
result["eventHubName"] = configTable.eventHubName;
result["maxBatchSize"] = configTable.maxBatchSize;
result["deviceExportContainerNamePrefix"] = configTable.deviceExportContainerNamePrefix;
result["deviceExportReadBlockSize"] = configTable.deviceExportReadBlockSize;
result["eventProcessorHostContainerName"] = configTable.eventProcessorHostContainerName;
result["baseURL"] = opcUaConfigTable.baseURL;
result["authManagementURL"] = opcUaConfigTable.authManagementURL;
result["twinPath"] = opcUaConfigTable.twinPath;
result["registryPath"] = opcUaConfigTable.registryPath;
result["publisherPath"] = opcUaConfigTable.publisherPath;
]]>                                        </code>
                                    </Row>
                                </Rows>
                            </ConfigurationTable>
                        </ConfigurationTables>
                    </ServiceImplementation>
                </ServiceImplementations>
                <Subscriptions/>
            </ThingShape>
            <ImplementedShapes>
                <ImplementedShape name="AzureOpcUaThingShape" type="ThingShape"/>
                <ImplementedShape name="EgressGateway" type="ThingShape"/>
                <ImplementedShape name="MultiBindRemoteThing" type="ThingShape"/>
            </ImplementedShapes>
            <SharedConfigurationTables/>
            <InstanceDesignTimePermissions>
                <Create/>
                <Read/>
                <Update/>
                <Delete/>
                <Metadata/>
            </InstanceDesignTimePermissions>
            <InstanceRunTimePermissions/>
            <InstanceVisibilityPermissions>
                <Visibility/>
            </InstanceVisibilityPermissions>
            <ConfigurationChanges/>
        </ThingTemplate>
    </ThingTemplates>
</Entities>
