<?xml version="1.0" encoding="UTF-8" standalone="no"?>
<Entities build="b139" majorVersion="6" minorVersion="6" modelPersistenceProviderPackage="NeoPersistenceProviderPackage" revision="2"
          schemaVersion="809">
    <ThingTemplates>
        <ThingTemplate name="AzureIotHubAdapter" description="The Azure IoT Connector uses this Thing Template to create the ephemeral Thing on connection. Its sole purpose is to provide a template for creating a Connector Thing and applying the AzureIotHubAdapterServices Thing Shape. Do NOT use it directly."
                       baseThingTemplate="ConnectionServer" aspect.isSystemObject="false">
            <avatar></avatar>
            <ImplementedShapes>
                <ImplementedShape name="AzureIotHubAdapterServices"/>
                <ImplementedShape name="ProtocolAdapterWithAvailability"/>
            </ImplementedShapes>
        </ThingTemplate>
    </ThingTemplates>
</Entities>