<?xml version="1.0" encoding="UTF-8"?>
<Entities
 build="b441"
 majorVersion="8"
 minorVersion="4"
 modelPersistenceProviderPackage="PostgresPersistenceProviderPackage"
 revision="0"
 schemaVersion="1040"
 universal="">
    <StyleDefinitions>
        <StyleDefinition
         aspect.isEditableExtensionObject="true"
         aspect.isExtension="true"
         description="***DEPRECATED-L*** This entity will be deleted in a future release. "
         documentationContent=""
         homeMashup=""
         lastModifiedDate="2018-07-30T19:34:02.513-04:00"
         name="PTC.SCA.SCO.ControlsAdvisor.NITestStandLastSequenceText"
         projectName="PTC.SCA.SCO.NITestStand"
         tags="PTC:sca-sco-niteststand;">
            <avatar></avatar>
            <DesignTimePermissions>
                <Create></Create>
                <Read></Read>
                <Update></Update>
                <Delete></Delete>
                <Metadata></Metadata>
            </DesignTimePermissions>
            <RunTimePermissions></RunTimePermissions>
            <VisibilityPermissions>
                <Visibility></Visibility>
            </VisibilityPermissions>
            <ConfigurationTableDefinitions></ConfigurationTableDefinitions>
            <ConfigurationTables></ConfigurationTables>
            <content>
            <![CDATA[
            {
              "backgroundColor" : "",
              "displayString" : "",
              "fontEmphasisBold" : false,
              "fontEmphasisItalic" : false,
              "fontEmphasisUnderline" : false,
              "foregroundColor" : "rgba(0,0,0,1)",
              "image" : "",
              "lineColor" : "",
              "lineStyle" : "solid",
              "lineThickness" : 1,
              "secondaryBackgroundColor" : "",
              "textSize" : "xlarge"
            }
            ]]>
            </content>
        </StyleDefinition>
    </StyleDefinitions>
</Entities>
