<?xml version="1.0" encoding="UTF-8"?>
<Entities>
    <LocalizationTables>
        <LocalizationTable
         description="it localization table"
         homeMashup=""
         name="it"
         tags="PTC:factory-mv">
            <avatar></avatar>
            <DesignTimePermissions>
                <Create></Create>
                <Read></Read>
                <Update></Update>
                <Delete></Delete>
                <Metadata></Metadata>
            </DesignTimePermissions>
            <RunTimePermissions></RunTimePermissions>
            <VisibilityPermissions>
                <Visibility>
                    <Principal
                     isPermitted="true"
                     name="PTC.Factory.MachineVisibility"
                     type="Organization"></Principal>
                </Visibility>
            </VisibilityPermissions>
            <ConfigurationTables>
                <ConfigurationTable
                 description="Localization Tokens"
                 isMultiRow="true"
                 name="LocalizationTokens"
                 ordinal="0">
                    <DataShape>
                        <FieldDefinitions>
                            <FieldDefinition
                             aspect.friendlyName="Translation context"
                             baseType="STRING"
                             description="Translation context"
                             name="context"
                             ordinal="3"></FieldDefinition>
                            <FieldDefinition
                             aspect.friendlyName="Token name"
                             baseType="STRING"
                             description="Token name"
                             name="name"
                             ordinal="0"></FieldDefinition>
                            <FieldDefinition
                             aspect.friendlyName="Token usage"
                             baseType="STRING"
                             description="Token usage"
                             name="usage"
                             ordinal="2"></FieldDefinition>
                            <FieldDefinition
                             aspect.friendlyName="Localized value"
                             baseType="STRING"
                             description="Localized value"
                             name="value"
                             ordinal="1"></FieldDefinition>
                        </FieldDefinitions>
                    </DataShape>
                    <Rows>
                        <Row>
                            <name>
                            <![CDATA[
                            PTC.SCA.SCO.Alert.Event.Delete
                            ]]>
                            </name>
                            <value>
                            <![CDATA[
                            Eliminato
                            ]]>
                            </value>
                        </Row>
                        <Row>
                            <name>
                            <![CDATA[
                            PTC.SCA.SCO.Alert.Event.Edit
                            ]]>
                            </name>
                            <value>
                            <![CDATA[
                            Modificato
                            ]]>
                            </value>
                        </Row>
                        <Row>
                            <name>
                            <![CDATA[
                            PTC.SCA.SCO.Alert.Event.Create
                            ]]>
                            </name>
                            <value>
                            <![CDATA[
                            Creato
                            ]]>
                            </value>
                        </Row>
                        <Row>
                            <name>
                            <![CDATA[
                            PTC.SCA.SCO.AlertDefinition.NotEqualTo
                            ]]>
                            </name>
                            <value>
                            <![CDATA[
                            Diverso da
                            ]]>
                            </value>
                        </Row>
                        <Row>
                            <name>
                            <![CDATA[
                            PTC.SCA.SCO.AlertDefinition.EqualTo
                            ]]>
                            </name>
                            <value>
                            <![CDATA[
                            Uguale a
                            ]]>
                            </value>
                        </Row>
                        <Row>
                            <name>
                            <![CDATA[
                            PTC.SCA.SCO.AlertDefinition.Above
                            ]]>
                            </name>
                            <value>
                            <![CDATA[
                            Sopra
                            ]]>
                            </value>
                        </Row>
                        <Row>
                            <name>
                            <![CDATA[
                            PTC.SCA.SCO.AlertDefinition.Below
                            ]]>
                            </name>
                            <value>
                            <![CDATA[
                            Sotto
                            ]]>
                            </value>
                        </Row>
                        <Row>
                            <name>
                            <![CDATA[
                            PTC.SCA.SCO.AlertDefinition.InRange
                            ]]>
                            </name>
                            <value>
                            <![CDATA[
                            Nell'intervallo
                            ]]>
                            </value>
                        </Row>
                        <Row>
                            <name>
                            <![CDATA[
                            PTC.SCA.SCO.AlertDefinition.OutOfRange
                            ]]>
                            </name>
                            <value>
                            <![CDATA[
                            Fuori intervallo
                            ]]>
                            </value>
                        </Row>
                        <Row>
                            <name>
                            <![CDATA[
                            PTC.SCA.SCO.AlertDefinition.DeviationAbove
                            ]]>
                            </name>
                            <value>
                            <![CDATA[
                            Deviazione sopra
                            ]]>
                            </value>
                        </Row>
                        <Row>
                            <name>
                            <![CDATA[
                            PTC.SCA.SCO.AlertDefinition.DeviationBelow
                            ]]>
                            </name>
                            <value>
                            <![CDATA[
                            Deviazione sotto
                            ]]>
                            </value>
                        </Row>
                        <Row>
                            <name>
                            <![CDATA[
                            PTC.SCA.SCO.AlertDefinition.InRange.minNolimit-maxNolimit
                            ]]>
                            </name>
                            <value>
                            <![CDATA[
                            {0} < valore < {1}
                            ]]>
                            </value>
                        </Row>
                        <Row>
                            <name>
                            <![CDATA[
                            PTC.SCA.SCO.AlertDefinition.InRange.minNolimit-maxLimit
                            ]]>
                            </name>
                            <value>
                            <![CDATA[
                            {0} < valore <= {1}
                            ]]>
                            </value>
                        </Row>
                        <Row>
                            <name>
                            <![CDATA[
                            PTC.SCA.SCO.AlertDefinition.InRange.minLimit-maxNolimit
                            ]]>
                            </name>
                            <value>
                            <![CDATA[
                            {0} <= valore < {1}
                            ]]>
                            </value>
                        </Row>
                        <Row>
                            <name>
                            <![CDATA[
                            PTC.SCA.SCO.AlertDefinition.InRange.minLimit-maxLimit
                            ]]>
                            </name>
                            <value>
                            <![CDATA[
                            {0} <= valore <= {1}
                            ]]>
                            </value>
                        </Row>
                        <Row>
                            <name>
                            <![CDATA[
                            PTC.SCA.SCO.AlertDefinition.OutOfRange.minNolimit-maxNolimit
                            ]]>
                            </name>
                            <value>
                            <![CDATA[
                            valore < {0} o valore > {1}
                            ]]>
                            </value>
                        </Row>
                        <Row>
                            <name>
                            <![CDATA[
                            PTC.SCA.SCO.AlertDefinition.OutOfRange.minNolimit-maxLimit
                            ]]>
                            </name>
                            <value>
                            <![CDATA[
                            valore < {0} o valore >= {1}
                            ]]>
                            </value>
                        </Row>
                        <Row>
                            <name>
                            <![CDATA[
                            PTC.SCA.SCO.AlertDefinition.OutOfRange.minLimit-maxNolimit
                            ]]>
                            </name>
                            <value>
                            <![CDATA[
                            valore <= {0} o valore > {1}
                            ]]>
                            </value>
                        </Row>
                        <Row>
                            <name>
                            <![CDATA[
                            PTC.SCA.SCO.AlertDefinition.OutOfRange.minLimit-maxLimit
                            ]]>
                            </name>
                            <value>
                            <![CDATA[
                            valore <= {0} o valore >= {1}
                            ]]>
                            </value>
                        </Row>
                        <Row>
                            <name>
                            <![CDATA[
                            PTC.SCA.SCO.AlertDefinition.DeviationAbove.nolimit
                            ]]>
                            </name>
                            <value>
                            <![CDATA[
                            (valore - {0}) > {1} {2}
                            ]]>
                            </value>
                        </Row>
                        <Row>
                            <name>
                            <![CDATA[
                            PTC.SCA.SCO.AlertDefinition.DeviationAbove.limit
                            ]]>
                            </name>
                            <value>
                            <![CDATA[
                            (valore - {0}) >= {1} {2}
                            ]]>
                            </value>
                        </Row>
                        <Row>
                            <name>
                            <![CDATA[
                            PTC.SCA.SCO.AlertDefinition.DeviationBelow.nolimit
                            ]]>
                            </name>
                            <value>
                            <![CDATA[
                            (valore - {0}) < {1} {2}
                            ]]>
                            </value>
                        </Row>
                        <Row>
                            <name>
                            <![CDATA[
                            PTC.SCA.SCO.AlertDefinition.DeviationBelow.limit
                            ]]>
                            </name>
                            <value>
                            <![CDATA[
                            (valore - {0}) <= {1} {2}
                            ]]>
                            </value>
                        </Row>
                        <Row>
                            <name>
                            <![CDATA[
                            PTC.SCA.SCO.AlertDefinition.Above.nolimit
                            ]]>
                            </name>
                            <value>
                            <![CDATA[
                            valore > {0}
                            ]]>
                            </value>
                        </Row>
                        <Row>
                            <name>
                            <![CDATA[
                            PTC.SCA.SCO.AlertDefinition.Above.limit
                            ]]>
                            </name>
                            <value>
                            <![CDATA[
                            valore >= {0}
                            ]]>
                            </value>
                        </Row>
                        <Row>
                            <name>
                            <![CDATA[
                            PTC.SCA.SCO.AlertDefinition.Below.nolimit
                            ]]>
                            </name>
                            <value>
                            <![CDATA[
                            valore < {0}
                            ]]>
                            </value>
                        </Row>
                        <Row>
                            <name>
                            <![CDATA[
                            PTC.SCA.SCO.AlertDefinition.Below.limit
                            ]]>
                            </name>
                            <value>
                            <![CDATA[
                            valore <= {0}
                            ]]>
                            </value>
                        </Row>
                        <Row>
                            <name>
                            <![CDATA[
                            PTC.SCA.SCO.AlertDefinition.EqualTo.def
                            ]]>
                            </name>
                            <value>
                            <![CDATA[
                            valore = {0}
                            ]]>
                            </value>
                        </Row>
                        <Row>
                            <name>
                            <![CDATA[
                            PTC.SCA.SCO.AlertDefinition.NotEqualTo.def
                            ]]>
                            </name>
                            <value>
                            <![CDATA[
                            valore != {0}
                            ]]>
                            </value>
                        </Row>
                        <Row>
                            <name>
                            <![CDATA[
                            PTC.SCA.SCO.AlertDefinition.Anomaly
                            ]]>
                            </name>
                            <value>
                            <![CDATA[
                            Anomalia
                            ]]>
                            </value>
                        </Row>
                        <Row>
                            <name>
                            <![CDATA[
                            PTC.SCA.SCO.AlertEvent.Alert
                            ]]>
                            </name>
                            <value>
                            <![CDATA[
                            Avviso
                            ]]>
                            </value>
                        </Row>
                        <Row>
                            <name>
                            <![CDATA[
                            PTC.SCA.SCO.AlertEvent.AlertReset
                            ]]>
                            </name>
                            <value>
                            <![CDATA[
                            Avviso reimpostato
                            ]]>
                            </value>
                        </Row>
                        <Row>
                            <name>
                            <![CDATA[
                            PTC.SCA.SCO.AlertEvent.AlertAck
                            ]]>
                            </name>
                            <value>
                            <![CDATA[
                            Avviso confermato
                            ]]>
                            </value>
                        </Row>
                        <Row>
                            <name>
                            <![CDATA[
                            PTC.Factory.Alert.AlertEditorPageTitle
                            ]]>
                            </name>
                            <value>
                            <![CDATA[
                            MODIFICA AVVISI: tag
                            ]]>
                            </value>
                        </Row>
                        <Row>
                            <name>
                            <![CDATA[
                            PTC.Factory.Alert.Asset
                            ]]>
                            </name>
                            <value>
                            <![CDATA[
                            Asset
                            ]]>
                            </value>
                        </Row>
                        <Row>
                            <name>
                            <![CDATA[
                            PTC.Factory.Alert.AlertType
                            ]]>
                            </name>
                            <value>
                            <![CDATA[
                            Tipo di avviso
                            ]]>
                            </value>
                        </Row>
                        <Row>
                            <name>
                            <![CDATA[
                            PTC.Factory.Alert.PropertySourceName
                            ]]>
                            </name>
                            <value>
                            <![CDATA[
                            Proprietà o origine
                            ]]>
                            </value>
                        </Row>
                        <Row>
                            <name>
                            <![CDATA[
                            PTC.Factory.Alert.Definition
                            ]]>
                            </name>
                            <value>
                            <![CDATA[
                            Definizione
                            ]]>
                            </value>
                        </Row>
                        <Row>
                            <name>
                            <![CDATA[
                            PTC.Factory.Alert.CurrentValue
                            ]]>
                            </name>
                            <value>
                            <![CDATA[
                            Valore corrente
                            ]]>
                            </value>
                        </Row>
                        <Row>
                            <name>
                            <![CDATA[
                            PTC.Factory.Alert.Activated
                            ]]>
                            </name>
                            <value>
                            <![CDATA[
                            Attivato
                            ]]>
                            </value>
                        </Row>
                        <Row>
                            <name>
                            <![CDATA[
                            PTC.Factory.Alert.Value
                            ]]>
                            </name>
                            <value>
                            <![CDATA[
                            Valore
                            ]]>
                            </value>
                        </Row>
                        <Row>
                            <name>
                            <![CDATA[
                            PTC.Factory.Alert.ValueMandatory
                            ]]>
                            </name>
                            <value>
                            <![CDATA[
                            Valore *
                            ]]>
                            </value>
                        </Row>
                        <Row>
                            <name>
                            <![CDATA[
                            PTC.Factory.Alert.EditAlert
                            ]]>
                            </name>
                            <value>
                            <![CDATA[
                            MODIFICA AVVISO
                            ]]>
                            </value>
                        </Row>
                        <Row>
                            <name>
                            <![CDATA[
                            PTC.Factory.Alert.AlertName
                            ]]>
                            </name>
                            <value>
                            <![CDATA[
                            Nome avviso
                            ]]>
                            </value>
                        </Row>
                        <Row>
                            <name>
                            <![CDATA[
                            PTC.Factory.Alert.AlertNameMandatory
                            ]]>
                            </name>
                            <value>
                            <![CDATA[
                            Nome avviso *
                            ]]>
                            </value>
                        </Row>
                        <Row>
                            <name>
                            <![CDATA[
                            PTC.Factory.Alert.AlertDescription
                            ]]>
                            </name>
                            <value>
                            <![CDATA[
                            Descrizione avviso
                            ]]>
                            </value>
                        </Row>
                        <Row>
                            <name>
                            <![CDATA[
                            PTC.Factory.Alert.Description
                            ]]>
                            </name>
                            <value>
                            <![CDATA[
                            Descrizione
                            ]]>
                            </value>
                        </Row>
                        <Row>
                            <name>
                            <![CDATA[
                            PTC.Factory.Alert.AlertDefinition
                            ]]>
                            </name>
                            <value>
                            <![CDATA[
                            Definizione avviso
                            ]]>
                            </value>
                        </Row>
                        <Row>
                            <name>
                            <![CDATA[
                            PTC.Factory.Alert.TagAndName
                            ]]>
                            </name>
                            <value>
                            <![CDATA[
                            Tag o proprietà: {0}
                            ]]>
                            </value>
                        </Row>
                        <Row>
                            <name>
                            <![CDATA[
                            PTC.Factory.Alert.TagDescription
                            ]]>
                            </name>
                            <value>
                            <![CDATA[
                            Descrizione: {0}
                            ]]>
                            </value>
                        </Row>
                        <Row>
                            <name>
                            <![CDATA[
                            PTC.Factory.Alert.CreateAlertTooltip
                            ]]>
                            </name>
                            <value>
                            <![CDATA[
                            Crea avviso
                            ]]>
                            </value>
                        </Row>
                        <Row>
                            <name>
                            <![CDATA[
                            PTC.Factory.Alert.EditAlertTooltip
                            ]]>
                            </name>
                            <value>
                            <![CDATA[
                            Modifica avviso
                            ]]>
                            </value>
                        </Row>
                        <Row>
                            <name>
                            <![CDATA[
                            PTC.Factory.Alert.DeleteAlertTooltip
                            ]]>
                            </name>
                            <value>
                            <![CDATA[
                            Elimina avviso
                            ]]>
                            </value>
                        </Row>
                        <Row>
                            <name>
                            <![CDATA[
                            PTC.Factory.DeleteAlertLabel
                            ]]>
                            </name>
                            <value>
                            <![CDATA[
                            Eliminare {0}?
                            ]]>
                            </value>
                        </Row>
                        <Row>
                            <name>
                            <![CDATA[
                            PTC.Factory.DeleteOverriddenAlert
                            ]]>
                            </name>
                            <value>
                            <![CDATA[
                            Questo avviso sostituisce un avviso ereditato dal modello di oggetto per questo tipo di impianto. Se lo si elimina, viene ripristinato l'avviso ereditato.
                            
                             Eliminare l'avviso?
                            ]]>
                            </value>
                        </Row>
                        <Row>
                            <name>
                            <![CDATA[
                            PTC.Factory.DeleteTemplateAlert
                            ]]>
                            </name>
                            <value>
                            <![CDATA[
                            Questo avviso è definito in base a un modello di oggetto. Se lo si elimina, anche l'avviso ereditato viene eliminato da tutti gli impianti basati sul modello di oggetto. 
                            
                             Eliminare l'avviso?
                            ]]>
                            </value>
                        </Row>
                        <Row>
                            <name>
                            <![CDATA[
                            PTC.Factory.Alert.DeleteAlert
                            ]]>
                            </name>
                            <value>
                            <![CDATA[
                            ELIMINA AVVISO
                            ]]>
                            </value>
                        </Row>
                        <Row>
                            <name>
                            <![CDATA[
                            PTC.Factory.Alert.SelectAlertTag
                            ]]>
                            </name>
                            <value>
                            <![CDATA[
                            SELEZIONA TAG O PROPRIETÀ
                            ]]>
                            </value>
                        </Row>
                        <Row>
                            <name>
                            <![CDATA[
                            PTC.Factory.Alert.SelectProperty
                            ]]>
                            </name>
                            <value>
                            <![CDATA[
                            SELEZIONA PROPRIETÀ
                            ]]>
                            </value>
                        </Row>
                        <Row>
                            <name>
                            <![CDATA[
                            PTC.Factory.Alert.CreateNewAlert
                            ]]>
                            </name>
                            <value>
                            <![CDATA[
                            CREA AVVISO
                            ]]>
                            </value>
                        </Row>
                        <Row>
                            <name>
                            <![CDATA[
                            PTC.SCA.Common.Alert.ALertDeliveryLabel
                            ]]>
                            </name>
                            <value>
                            <![CDATA[
                            Consegna avviso
                            ]]>
                            </value>
                        </Row>
                        <Row>
                            <name>
                            <![CDATA[
                            PTC.SCA.Common.Alert.FindRecipientLabel
                            ]]>
                            </name>
                            <value>
                            <![CDATA[
                            Trova destinatario
                            ]]>
                            </value>
                        </Row>
                        <Row>
                            <name>
                            <![CDATA[
                            PTC.SCA.Common.Alert.AddRecipientLabel
                            ]]>
                            </name>
                            <value>
                            <![CDATA[
                            Aggiungi destinatario
                            ]]>
                            </value>
                        </Row>
                        <Row>
                            <name>
                            <![CDATA[
                            PTC.SCA.Common.Alert.AlertRecipientsLabel
                            ]]>
                            </name>
                            <value>
                            <![CDATA[
                            Destinatari avviso
                            ]]>
                            </value>
                        </Row>
                        <Row>
                            <name>
                            <![CDATA[
                            PTC.SCA.Common.Alert.RecipientTypeLabel
                            ]]>
                            </name>
                            <value>
                            <![CDATA[
                            Tipo
                            ]]>
                            </value>
                        </Row>
                        <Row>
                            <name>
                            <![CDATA[
                            PTC.SCA.Common.Alert.RecipientNameLabel
                            ]]>
                            </name>
                            <value>
                            <![CDATA[
                            Nome
                            ]]>
                            </value>
                        </Row>
                        <Row>
                            <name>
                            <![CDATA[
                            PTC.SCA.Common.Alert.RecipientEmailLabel
                            ]]>
                            </name>
                            <value>
                            <![CDATA[
                            E-mail
                            ]]>
                            </value>
                        </Row>
                        <Row>
                            <name>
                            <![CDATA[
                            PTC.SCA.Common.Alert.RecipientMobileLabel
                            ]]>
                            </name>
                            <value>
                            <![CDATA[
                            Cellulare
                            ]]>
                            </value>
                        </Row>
                        <Row>
                            <name>
                            <![CDATA[
                            PTC.Factory.Error.AlertAlreadyExists
                            ]]>
                            </name>
                            <value>
                            <![CDATA[
                            Esiste già un avviso con questo nome per la proprietà.
                            ]]>
                            </value>
                        </Row>
                        <Row>
                            <name>
                            <![CDATA[
                            PTC.Factory.Error.ValueIsNull
                            ]]>
                            </name>
                            <value>
                            <![CDATA[
                            Il valore non può essere nullo per questo tipo.
                            ]]>
                            </value>
                        </Row>
                        <Row>
                            <name>
                            <![CDATA[
                            PTC.Factory.Error.ValueMustBeNumerical
                            ]]>
                            </name>
                            <value>
                            <![CDATA[
                            Il valore deve essere un numero.
                            ]]>
                            </value>
                        </Row>
                        <Row>
                            <name>
                            <![CDATA[
                            PTC.Factory.Error.InvalidName
                            ]]>
                            </name>
                            <value>
                            <![CDATA[
                            Il nome contiene caratteri non validi. Rimuovere spazi, caratteri speciali o numeri all'inizio del nome. Sono ammessi numeri all'interno o alla fine del nome, nonché trattini e tratti di sottolineatura. I nomi seguono la distinzione tra maiuscole e minuscole.
                            ]]>
                            </value>
                        </Row>
                        <Row>
                            <name>
                            <![CDATA[
                            PTC.Factory.Error.InvalidAlertName
                            ]]>
                            </name>
                            <value>
                            <![CDATA[
                            I nomi degli avvisi non possono contenere spazi, caratteri speciali o iniziare con un numero. I trattini e i tratti di sottolineatura sono ammessi. È possibile utilizzare i numeri all'interno o alla fine del nome. I nomi seguono la distinzione tra maiuscole e minuscole.
                            ]]>
                            </value>
                        </Row>
                        <Row>
                            <name>
                            <![CDATA[
                            PTC.Factory.AlertSummary
                            ]]>
                            </name>
                            <value>
                            <![CDATA[
                            Riepilogo avvisi
                            ]]>
                            </value>
                        </Row>
                        <Row>
                            <name>
                            <![CDATA[
                            PTC.Factory.AlertMonitor.Summary
                            ]]>
                            </name>
                            <value>
                            <![CDATA[
                            Riepilogo
                            ]]>
                            </value>
                        </Row>
                        <Row>
                            <name>
                            <![CDATA[
                            PTC.Factory.AlertMonitor.History
                            ]]>
                            </name>
                            <value>
                            <![CDATA[
                            Cronologia
                            ]]>
                            </value>
                        </Row>
                        <Row>
                            <name>
                            <![CDATA[
                            PTC.Factory.AlertMonitor.AlertMonitorTitle
                            ]]>
                            </name>
                            <value>
                            <![CDATA[
                            MONITORAGGIO AVVISI: {0}
                            ]]>
                            </value>
                        </Row>
                        <Row>
                            <name>
                            <![CDATA[
                            PTC.Factory.AlertMonitor.AllAlerts
                            ]]>
                            </name>
                            <value>
                            <![CDATA[
                            Tutti gli avvisi
                            ]]>
                            </value>
                        </Row>
                        <Row>
                            <name>
                            <![CDATA[
                            PTC.Factory.AlertMonitor.Name
                            ]]>
                            </name>
                            <value>
                            <![CDATA[
                            Nome
                            ]]>
                            </value>
                        </Row>
                        <Row>
                            <name>
                            <![CDATA[
                            PTC.Factory.AlertMonitor.SourceProperty
                            ]]>
                            </name>
                            <value>
                            <![CDATA[
                            Proprietà origine
                            ]]>
                            </value>
                        </Row>
                        <Row>
                            <name>
                            <![CDATA[
                            PTC.Factory.AlertMonitor.Source
                            ]]>
                            </name>
                            <value>
                            <![CDATA[
                            Origine
                            ]]>
                            </value>
                        </Row>
                        <Row>
                            <name>
                            <![CDATA[
                            PTC.Factory.AlertMonitor.TimeStamp
                            ]]>
                            </name>
                            <value>
                            <![CDATA[
                            Data e ora
                            ]]>
                            </value>
                        </Row>
                        <Row>
                            <name>
                            <![CDATA[
                            PTC.Factory.AlertMonitor.AlertType
                            ]]>
                            </name>
                            <value>
                            <![CDATA[
                            Tipo di avviso
                            ]]>
                            </value>
                        </Row>
                        <Row>
                            <name>
                            <![CDATA[
                            PTC.Factory.AlertMonitor.Duration
                            ]]>
                            </name>
                            <value>
                            <![CDATA[
                            Durata
                            ]]>
                            </value>
                        </Row>
                        <Row>
                            <name>
                            <![CDATA[
                            PTC.Factory.AlertMonitor.Message
                            ]]>
                            </name>
                            <value>
                            <![CDATA[
                            Messaggio
                            ]]>
                            </value>
                        </Row>
                        <Row>
                            <name>
                            <![CDATA[
                            PTC.Factory.AlertMonitor.Description
                            ]]>
                            </name>
                            <value>
                            <![CDATA[
                            Descrizione
                            ]]>
                            </value>
                        </Row>
                        <Row>
                            <name>
                            <![CDATA[
                            PTC.Factory.AlertMonitor.Priority
                            ]]>
                            </name>
                            <value>
                            <![CDATA[
                            Priorità
                            ]]>
                            </value>
                        </Row>
                        <Row>
                            <name>
                            <![CDATA[
                            PTC.Factory.AlertMonitor.Acknowledged
                            ]]>
                            </name>
                            <value>
                            <![CDATA[
                            Confermato
                            ]]>
                            </value>
                        </Row>
                        <Row>
                            <name>
                            <![CDATA[
                            PTC.Factory.AlertMonitor.AcknowledgedBy
                            ]]>
                            </name>
                            <value>
                            <![CDATA[
                            Confermato da
                            ]]>
                            </value>
                        </Row>
                        <Row>
                            <name>
                            <![CDATA[
                            PTC.Factory.AlertMonitor.AcknowledgedTimeStamp
                            ]]>
                            </name>
                            <value>
                            <![CDATA[
                            Data e ora conferma
                            ]]>
                            </value>
                        </Row>
                        <Row>
                            <name>
                            <![CDATA[
                            PTC.Factory.AlertMonitor.AcknowledgeComment
                            ]]>
                            </name>
                            <value>
                            <![CDATA[
                            Commento conferma
                            ]]>
                            </value>
                        </Row>
                        <Row>
                            <name>
                            <![CDATA[
                            PTC.Factory.AlertMonitor.EventName
                            ]]>
                            </name>
                            <value>
                            <![CDATA[
                            Nome evento
                            ]]>
                            </value>
                        </Row>
                        <Row>
                            <name>
                            <![CDATA[
                            PTC.Factory.AlertMonitor.Location
                            ]]>
                            </name>
                            <value>
                            <![CDATA[
                            Ubicazione
                            ]]>
                            </value>
                        </Row>
                        <Row>
                            <name>
                            <![CDATA[
                            PTC.Factory.AlertMonitor.Id
                            ]]>
                            </name>
                            <value>
                            <![CDATA[
                            ID
                            ]]>
                            </value>
                        </Row>
                        <Row>
                            <name>
                            <![CDATA[
                            PTC.Factory.AlertMonitor.SourceType
                            ]]>
                            </name>
                            <value>
                            <![CDATA[
                            Tipo di origine
                            ]]>
                            </value>
                        </Row>
                        <Row>
                            <name>
                            <![CDATA[
                            PTC.Factory.AlertMonitor.Alert
                            ]]>
                            </name>
                            <value>
                            <![CDATA[
                            Avviso: {0}
                            ]]>
                            </value>
                        </Row>
                        <Row>
                            <name>
                            <![CDATA[
                            PTC.Factory.AlertMonitor.Details
                            ]]>
                            </name>
                            <value>
                            <![CDATA[
                            Dettagli
                            ]]>
                            </value>
                        </Row>
                        <Row>
                            <name>
                            <![CDATA[
                            PTC.Factory.AlertMonitor.AcknowledgeAlertsTitle
                            ]]>
                            </name>
                            <value>
                            <![CDATA[
                            CONFERMA AVVISI
                            ]]>
                            </value>
                        </Row>
                        <Row>
                            <name>
                            <![CDATA[
                            PTC.Factory.AlertMonitor.AcknowledgeAlerts
                            ]]>
                            </name>
                            <value>
                            <![CDATA[
                            Conferma avvisi
                            ]]>
                            </value>
                        </Row>
                        <Row>
                            <name>
                            <![CDATA[
                            PTC.Factory.AlertMonitor.AcknowledgeAllAlerts
                            ]]>
                            </name>
                            <value>
                            <![CDATA[
                            Conferma tutti gli avvisi
                            ]]>
                            </value>
                        </Row>
                        <Row>
                            <name>
                            <![CDATA[
                            PTC.Factory.AlertMonitor.AcknowledgeSelectedAlerts
                            ]]>
                            </name>
                            <value>
                            <![CDATA[
                            Conferma l'avviso selezionato
                            ]]>
                            </value>
                        </Row>
                        <Row>
                            <name>
                            <![CDATA[
                            PTC.Factory.AlertMonitor.IgnoreAcknowledgeForNonActiveAlert
                            ]]>
                            </name>
                            <value>
                            <![CDATA[
                            L'avviso non è più attivo. Il commento di conferma non è quindi stato applicato.
                            ]]>
                            </value>
                        </Row>
                        <Row>
                            <name>
                            <![CDATA[
                            PTC.Factory.AlertMonitor.MyAlertsOnly
                            ]]>
                            </name>
                            <value>
                            <![CDATA[
                            Visualizza solo i miei avvisi
                            ]]>
                            </value>
                        </Row>
                        <Row>
                            <name>
                            <![CDATA[
                            PTC.Factory.AlertMonitor.AlertRecipients
                            ]]>
                            </name>
                            <value>
                            <![CDATA[
                            Destinatari avviso
                            ]]>
                            </value>
                        </Row>
                        <Row>
                            <name>
                            <![CDATA[
                            PTC.Factory.AlertEditor.IntegerValueOutOfRange
                            ]]>
                            </name>
                            <value>
                            <![CDATA[
                            Valore esterno all'intervallo (tra -2.147.483.648 e 2.147.483.647).
                            ]]>
                            </value>
                        </Row>
                        <Row>
                            <name>
                            <![CDATA[
                            PTC.SCA.Common.Alert.DeleteRecipientTooltip
                            ]]>
                            </name>
                            <value>
                            <![CDATA[
                            Rimuovi destinatario
                            ]]>
                            </value>
                        </Row>
                        <Row>
                            <name>
                            <![CDATA[
                            PTC.SCA.Common.Language.English
                            ]]>
                            </name>
                            <value>
                            <![CDATA[
                            Inglese
                            ]]>
                            </value>
                        </Row>
                        <Row>
                            <name>
                            <![CDATA[
                            PTC.SCA.Common.Language.Japanese
                            ]]>
                            </name>
                            <value>
                            <![CDATA[
                            Giapponese
                            ]]>
                            </value>
                        </Row>
                        <Row>
                            <name>
                            <![CDATA[
                            PTC.SCA.Common.Language.German
                            ]]>
                            </name>
                            <value>
                            <![CDATA[
                            Tedesco
                            ]]>
                            </value>
                        </Row>
                        <Row>
                            <name>
                            <![CDATA[
                            PTC.SCA.Common.Language.SimplifiedChinese
                            ]]>
                            </name>
                            <value>
                            <![CDATA[
                            Cinese semplificato
                            ]]>
                            </value>
                        </Row>
                        <Row>
                            <name>
                            <![CDATA[
                            PTC.SCA.Common.Language.French
                            ]]>
                            </name>
                            <value>
                            <![CDATA[
                            Francese
                            ]]>
                            </value>
                        </Row>
                        <Row>
                            <name>
                            <![CDATA[
                            PTC.SCA.Common.Language.Italian
                            ]]>
                            </name>
                            <value>
                            <![CDATA[
                            Italiano
                            ]]>
                            </value>
                        </Row>
                        <Row>
                            <name>
                            <![CDATA[
                            PTC.SCA.Common.Language.Korean
                            ]]>
                            </name>
                            <value>
                            <![CDATA[
                            Coreano
                            ]]>
                            </value>
                        </Row>
                        <Row>
                            <name>
                            <![CDATA[
                            PTC.SCA.Common.Language.Spanish
                            ]]>
                            </name>
                            <value>
                            <![CDATA[
                            Spagnolo
                            ]]>
                            </value>
                        </Row>
                        <Row>
                            <name>
                            <![CDATA[
                            PTC.SCA.Common.Language.TraditionalChinese
                            ]]>
                            </name>
                            <value>
                            <![CDATA[
                            Cinese tradizionale
                            ]]>
                            </value>
                        </Row>
                        <Row>
                            <name>
                            <![CDATA[
                            PTC.SCA.Common.Language.Russian
                            ]]>
                            </name>
                            <value>
                            <![CDATA[
                            Russo
                            ]]>
                            </value>
                        </Row>
                        <Row>
                            <name>
                            <![CDATA[
                            PTC.Factory.Highest
                            ]]>
                            </name>
                            <value>
                            <![CDATA[
                            massima
                            ]]>
                            </value>
                        </Row>
                        <Row>
                            <name>
                            <![CDATA[
                            PTC.Factory.Lowest
                            ]]>
                            </name>
                            <value>
                            <![CDATA[
                            minima
                            ]]>
                            </value>
                        </Row>
                        <Row>
                            <name>
                            <![CDATA[
                            PTC.Factory.Alert.OverrideHelpText
                            ]]>
                            </name>
                            <value>
                            <![CDATA[
                            <span style='color:#232B2D'>Questo avviso è ereditato dal modello di oggetto per questo tipo di impianto. Selezionare <b>Sostituisci</b> per modificarlo e salvarlo come nuovo avviso in questo tipo di impianto.</span>
                            ]]>
                            </value>
                        </Row>
                        <Row>
                            <name>
                            <![CDATA[
                            PTC.Factory.Alert.OverrideWithColon
                            ]]>
                            </name>
                            <value>
                            <![CDATA[
                            Sostituisci:
                            ]]>
                            </value>
                        </Row>
                        <Row>
                            <name>
                            <![CDATA[
                            PTC.SCA.SCO.AlertMonitor.FilterHeader
                            ]]>
                            </name>
                            <value>
                            <![CDATA[
                            Filtro struttura
                            ]]>
                            </value>
                        </Row>
                        <Row>
                            <name>
                            <![CDATA[
                            PTC.SCA.SCO.EnableAlertRollup
                            ]]>
                            </name>
                            <value>
                            <![CDATA[
                            Rollup numero di avvisi attivi
                            ]]>
                            </value>
                        </Row>
                        <Row>
                            <name>
                            <![CDATA[
                            PTC.SCA.SCO.HaveNoRuntimeWritePermission
                            ]]>
                            </name>
                            <value>
                            <![CDATA[
                            Non si dispone del permesso necessario per modificare l'impianto.
                            ]]>
                            </value>
                        </Row>
                    </Rows>
                </ConfigurationTable>
            </ConfigurationTables>
        </LocalizationTable>
    </LocalizationTables>
</Entities>
