<?xml version="1.0" encoding="UTF-8"?>
<Entities>
    <LocalizationTables>
        <LocalizationTable
         description="zh-TW localization table"
         homeMashup=""
         name="zh-TW"
         tags="PTC:factory-mv">
            <avatar></avatar>
            <DesignTimePermissions>
                <Create></Create>
                <Read></Read>
                <Update></Update>
                <Delete></Delete>
                <Metadata></Metadata>
            </DesignTimePermissions>
            <RunTimePermissions></RunTimePermissions>
            <VisibilityPermissions>
                <Visibility>
                    <Principal
                     isPermitted="true"
                     name="PTC.Factory.MachineVisibility"
                     type="Organization"></Principal>
                </Visibility>
            </VisibilityPermissions>
            <ConfigurationTables>
                <ConfigurationTable
                 description="Localization Tokens"
                 isMultiRow="true"
                 name="LocalizationTokens"
                 ordinal="0">
                    <DataShape>
                        <FieldDefinitions>
                            <FieldDefinition
                             aspect.friendlyName="Translation context"
                             baseType="STRING"
                             description="Translation context"
                             name="context"
                             ordinal="3"></FieldDefinition>
                            <FieldDefinition
                             aspect.friendlyName="Token name"
                             baseType="STRING"
                             description="Token name"
                             name="name"
                             ordinal="0"></FieldDefinition>
                            <FieldDefinition
                             aspect.friendlyName="Token usage"
                             baseType="STRING"
                             description="Token usage"
                             name="usage"
                             ordinal="2"></FieldDefinition>
                            <FieldDefinition
                             aspect.friendlyName="Localized value"
                             baseType="STRING"
                             description="Localized value"
                             name="value"
                             ordinal="1"></FieldDefinition>
                        </FieldDefinitions>
                    </DataShape>
                    <Rows>
                        <Row>
                            <name>
                            <![CDATA[
                            PTC.SCA.SCO.Alert.Event.Delete
                            ]]>
                            </name>
                            <value>
                            <![CDATA[
                            已刪除
                            ]]>
                            </value>
                        </Row>
                        <Row>
                            <name>
                            <![CDATA[
                            PTC.SCA.SCO.Alert.Event.Edit
                            ]]>
                            </name>
                            <value>
                            <![CDATA[
                            已編輯
                            ]]>
                            </value>
                        </Row>
                        <Row>
                            <name>
                            <![CDATA[
                            PTC.SCA.SCO.Alert.Event.Create
                            ]]>
                            </name>
                            <value>
                            <![CDATA[
                            已建立
                            ]]>
                            </value>
                        </Row>
                        <Row>
                            <name>
                            <![CDATA[
                            PTC.SCA.SCO.AlertDefinition.NotEqualTo
                            ]]>
                            </name>
                            <value>
                            <![CDATA[
                            不等於
                            ]]>
                            </value>
                        </Row>
                        <Row>
                            <name>
                            <![CDATA[
                            PTC.SCA.SCO.AlertDefinition.EqualTo
                            ]]>
                            </name>
                            <value>
                            <![CDATA[
                            等於
                            ]]>
                            </value>
                        </Row>
                        <Row>
                            <name>
                            <![CDATA[
                            PTC.SCA.SCO.AlertDefinition.Above
                            ]]>
                            </name>
                            <value>
                            <![CDATA[
                            大於
                            ]]>
                            </value>
                        </Row>
                        <Row>
                            <name>
                            <![CDATA[
                            PTC.SCA.SCO.AlertDefinition.Below
                            ]]>
                            </name>
                            <value>
                            <![CDATA[
                            小於
                            ]]>
                            </value>
                        </Row>
                        <Row>
                            <name>
                            <![CDATA[
                            PTC.SCA.SCO.AlertDefinition.InRange
                            ]]>
                            </name>
                            <value>
                            <![CDATA[
                            範圍內
                            ]]>
                            </value>
                        </Row>
                        <Row>
                            <name>
                            <![CDATA[
                            PTC.SCA.SCO.AlertDefinition.OutOfRange
                            ]]>
                            </name>
                            <value>
                            <![CDATA[
                            範圍外
                            ]]>
                            </value>
                        </Row>
                        <Row>
                            <name>
                            <![CDATA[
                            PTC.SCA.SCO.AlertDefinition.DeviationAbove
                            ]]>
                            </name>
                            <value>
                            <![CDATA[
                            高於偏差
                            ]]>
                            </value>
                        </Row>
                        <Row>
                            <name>
                            <![CDATA[
                            PTC.SCA.SCO.AlertDefinition.DeviationBelow
                            ]]>
                            </name>
                            <value>
                            <![CDATA[
                            低於偏差
                            ]]>
                            </value>
                        </Row>
                        <Row>
                            <name>
                            <![CDATA[
                            PTC.SCA.SCO.AlertDefinition.InRange.minNolimit-maxNolimit
                            ]]>
                            </name>
                            <value>
                            <![CDATA[
                            {0} < 數值 < {1}
                            ]]>
                            </value>
                        </Row>
                        <Row>
                            <name>
                            <![CDATA[
                            PTC.SCA.SCO.AlertDefinition.InRange.minNolimit-maxLimit
                            ]]>
                            </name>
                            <value>
                            <![CDATA[
                            {0} < 數值 <= {1}
                            ]]>
                            </value>
                        </Row>
                        <Row>
                            <name>
                            <![CDATA[
                            PTC.SCA.SCO.AlertDefinition.InRange.minLimit-maxNolimit
                            ]]>
                            </name>
                            <value>
                            <![CDATA[
                            {0} <= 數值 < {1}
                            ]]>
                            </value>
                        </Row>
                        <Row>
                            <name>
                            <![CDATA[
                            PTC.SCA.SCO.AlertDefinition.InRange.minLimit-maxLimit
                            ]]>
                            </name>
                            <value>
                            <![CDATA[
                            {0} <= 數值 <= {1}
                            ]]>
                            </value>
                        </Row>
                        <Row>
                            <name>
                            <![CDATA[
                            PTC.SCA.SCO.AlertDefinition.OutOfRange.minNolimit-maxNolimit
                            ]]>
                            </name>
                            <value>
                            <![CDATA[
                            數值 < {0} 或數值 > {1}
                            ]]>
                            </value>
                        </Row>
                        <Row>
                            <name>
                            <![CDATA[
                            PTC.SCA.SCO.AlertDefinition.OutOfRange.minNolimit-maxLimit
                            ]]>
                            </name>
                            <value>
                            <![CDATA[
                            數值 < {0} 或數值 >= {1}
                            ]]>
                            </value>
                        </Row>
                        <Row>
                            <name>
                            <![CDATA[
                            PTC.SCA.SCO.AlertDefinition.OutOfRange.minLimit-maxNolimit
                            ]]>
                            </name>
                            <value>
                            <![CDATA[
                            數值 <= {0} 或數值 > {1}
                            ]]>
                            </value>
                        </Row>
                        <Row>
                            <name>
                            <![CDATA[
                            PTC.SCA.SCO.AlertDefinition.OutOfRange.minLimit-maxLimit
                            ]]>
                            </name>
                            <value>
                            <![CDATA[
                            數值 <= {0} 或數值 >= {1}
                            ]]>
                            </value>
                        </Row>
                        <Row>
                            <name>
                            <![CDATA[
                            PTC.SCA.SCO.AlertDefinition.DeviationAbove.nolimit
                            ]]>
                            </name>
                            <value>
                            <![CDATA[
                            (數值 - {0}) > {1} {2}
                            ]]>
                            </value>
                        </Row>
                        <Row>
                            <name>
                            <![CDATA[
                            PTC.SCA.SCO.AlertDefinition.DeviationAbove.limit
                            ]]>
                            </name>
                            <value>
                            <![CDATA[
                            (數值 - {0}) >= {1} {2}
                            ]]>
                            </value>
                        </Row>
                        <Row>
                            <name>
                            <![CDATA[
                            PTC.SCA.SCO.AlertDefinition.DeviationBelow.nolimit
                            ]]>
                            </name>
                            <value>
                            <![CDATA[
                            (數值 - {0}) < {1} {2}
                            ]]>
                            </value>
                        </Row>
                        <Row>
                            <name>
                            <![CDATA[
                            PTC.SCA.SCO.AlertDefinition.DeviationBelow.limit
                            ]]>
                            </name>
                            <value>
                            <![CDATA[
                            (數值 - {0}) <= {1} {2}
                            ]]>
                            </value>
                        </Row>
                        <Row>
                            <name>
                            <![CDATA[
                            PTC.SCA.SCO.AlertDefinition.Above.nolimit
                            ]]>
                            </name>
                            <value>
                            <![CDATA[
                            數值為 > {0}
                            ]]>
                            </value>
                        </Row>
                        <Row>
                            <name>
                            <![CDATA[
                            PTC.SCA.SCO.AlertDefinition.Above.limit
                            ]]>
                            </name>
                            <value>
                            <![CDATA[
                            數值為 >= {0}
                            ]]>
                            </value>
                        </Row>
                        <Row>
                            <name>
                            <![CDATA[
                            PTC.SCA.SCO.AlertDefinition.Below.nolimit
                            ]]>
                            </name>
                            <value>
                            <![CDATA[
                            數值為 < {0}
                            ]]>
                            </value>
                        </Row>
                        <Row>
                            <name>
                            <![CDATA[
                            PTC.SCA.SCO.AlertDefinition.Below.limit
                            ]]>
                            </name>
                            <value>
                            <![CDATA[
                            數值為 <= {0}
                            ]]>
                            </value>
                        </Row>
                        <Row>
                            <name>
                            <![CDATA[
                            PTC.SCA.SCO.AlertDefinition.EqualTo.def
                            ]]>
                            </name>
                            <value>
                            <![CDATA[
                            數值為 = {0}
                            ]]>
                            </value>
                        </Row>
                        <Row>
                            <name>
                            <![CDATA[
                            PTC.SCA.SCO.AlertDefinition.NotEqualTo.def
                            ]]>
                            </name>
                            <value>
                            <![CDATA[
                            數值為 != {0}
                            ]]>
                            </value>
                        </Row>
                        <Row>
                            <name>
                            <![CDATA[
                            PTC.SCA.SCO.AlertDefinition.Anomaly
                            ]]>
                            </name>
                            <value>
                            <![CDATA[
                            異常
                            ]]>
                            </value>
                        </Row>
                        <Row>
                            <name>
                            <![CDATA[
                            PTC.SCA.SCO.AlertEvent.Alert
                            ]]>
                            </name>
                            <value>
                            <![CDATA[
                            警示
                            ]]>
                            </value>
                        </Row>
                        <Row>
                            <name>
                            <![CDATA[
                            PTC.SCA.SCO.AlertEvent.AlertReset
                            ]]>
                            </name>
                            <value>
                            <![CDATA[
                            警示重設
                            ]]>
                            </value>
                        </Row>
                        <Row>
                            <name>
                            <![CDATA[
                            PTC.SCA.SCO.AlertEvent.AlertAck
                            ]]>
                            </name>
                            <value>
                            <![CDATA[
                            警示確認
                            ]]>
                            </value>
                        </Row>
                        <Row>
                            <name>
                            <![CDATA[
                            PTC.Factory.Alert.AlertEditorPageTitle
                            ]]>
                            </name>
                            <value>
                            <![CDATA[
                            警示編輯： 標籤
                            ]]>
                            </value>
                        </Row>
                        <Row>
                            <name>
                            <![CDATA[
                            PTC.Factory.Alert.Asset
                            ]]>
                            </name>
                            <value>
                            <![CDATA[
                            資產
                            ]]>
                            </value>
                        </Row>
                        <Row>
                            <name>
                            <![CDATA[
                            PTC.Factory.Alert.AlertType
                            ]]>
                            </name>
                            <value>
                            <![CDATA[
                            警示類型
                            ]]>
                            </value>
                        </Row>
                        <Row>
                            <name>
                            <![CDATA[
                            PTC.Factory.Alert.PropertySourceName
                            ]]>
                            </name>
                            <value>
                            <![CDATA[
                            屬性或來源
                            ]]>
                            </value>
                        </Row>
                        <Row>
                            <name>
                            <![CDATA[
                            PTC.Factory.Alert.Definition
                            ]]>
                            </name>
                            <value>
                            <![CDATA[
                            定義
                            ]]>
                            </value>
                        </Row>
                        <Row>
                            <name>
                            <![CDATA[
                            PTC.Factory.Alert.CurrentValue
                            ]]>
                            </name>
                            <value>
                            <![CDATA[
                            目前數值
                            ]]>
                            </value>
                        </Row>
                        <Row>
                            <name>
                            <![CDATA[
                            PTC.Factory.Alert.Activated
                            ]]>
                            </name>
                            <value>
                            <![CDATA[
                            已觸發
                            ]]>
                            </value>
                        </Row>
                        <Row>
                            <name>
                            <![CDATA[
                            PTC.Factory.Alert.Value
                            ]]>
                            </name>
                            <value>
                            <![CDATA[
                            值
                            ]]>
                            </value>
                        </Row>
                        <Row>
                            <name>
                            <![CDATA[
                            PTC.Factory.Alert.ValueMandatory
                            ]]>
                            </name>
                            <value>
                            <![CDATA[
                            值 *
                            ]]>
                            </value>
                        </Row>
                        <Row>
                            <name>
                            <![CDATA[
                            PTC.Factory.Alert.EditAlert
                            ]]>
                            </name>
                            <value>
                            <![CDATA[
                            編輯警示
                            ]]>
                            </value>
                        </Row>
                        <Row>
                            <name>
                            <![CDATA[
                            PTC.Factory.Alert.AlertName
                            ]]>
                            </name>
                            <value>
                            <![CDATA[
                            警示名稱
                            ]]>
                            </value>
                        </Row>
                        <Row>
                            <name>
                            <![CDATA[
                            PTC.Factory.Alert.AlertNameMandatory
                            ]]>
                            </name>
                            <value>
                            <![CDATA[
                            警示名稱 *
                            ]]>
                            </value>
                        </Row>
                        <Row>
                            <name>
                            <![CDATA[
                            PTC.Factory.Alert.AlertDescription
                            ]]>
                            </name>
                            <value>
                            <![CDATA[
                            警示說明
                            ]]>
                            </value>
                        </Row>
                        <Row>
                            <name>
                            <![CDATA[
                            PTC.Factory.Alert.Description
                            ]]>
                            </name>
                            <value>
                            <![CDATA[
                            說明
                            ]]>
                            </value>
                        </Row>
                        <Row>
                            <name>
                            <![CDATA[
                            PTC.Factory.Alert.AlertDefinition
                            ]]>
                            </name>
                            <value>
                            <![CDATA[
                            警示定義
                            ]]>
                            </value>
                        </Row>
                        <Row>
                            <name>
                            <![CDATA[
                            PTC.Factory.Alert.TagAndName
                            ]]>
                            </name>
                            <value>
                            <![CDATA[
                            標籤或屬性：{0}
                            ]]>
                            </value>
                        </Row>
                        <Row>
                            <name>
                            <![CDATA[
                            PTC.Factory.Alert.TagDescription
                            ]]>
                            </name>
                            <value>
                            <![CDATA[
                            說明：{0}
                            ]]>
                            </value>
                        </Row>
                        <Row>
                            <name>
                            <![CDATA[
                            PTC.Factory.Alert.CreateAlertTooltip
                            ]]>
                            </name>
                            <value>
                            <![CDATA[
                            建立警示
                            ]]>
                            </value>
                        </Row>
                        <Row>
                            <name>
                            <![CDATA[
                            PTC.Factory.Alert.EditAlertTooltip
                            ]]>
                            </name>
                            <value>
                            <![CDATA[
                            編輯警示
                            ]]>
                            </value>
                        </Row>
                        <Row>
                            <name>
                            <![CDATA[
                            PTC.Factory.Alert.DeleteAlertTooltip
                            ]]>
                            </name>
                            <value>
                            <![CDATA[
                            刪除警示
                            ]]>
                            </value>
                        </Row>
                        <Row>
                            <name>
                            <![CDATA[
                            PTC.Factory.DeleteAlertLabel
                            ]]>
                            </name>
                            <value>
                            <![CDATA[
                            您確定要刪除 {0} 嗎？
                            ]]>
                            </value>
                        </Row>
                        <Row>
                            <name>
                            <![CDATA[
                            PTC.Factory.DeleteOverriddenAlert
                            ]]>
                            </name>
                            <value>
                            <![CDATA[
                            此警示將覆寫自此設備類型的物範本所繼承而來的警示。若您刪除此警示，則將恢復所繼承的警示。
                            
                             確定要刪除此警示嗎？
                            ]]>
                            </value>
                        </Row>
                        <Row>
                            <name>
                            <![CDATA[
                            PTC.Factory.DeleteTemplateAlert
                            ]]>
                            </name>
                            <value>
                            <![CDATA[
                            此警示定義於物範本之上。若刪除此警示，則基於物範本的所有設備的繼承警示亦將一併刪除。 
                            
                             確定要刪除此警示嗎？
                            ]]>
                            </value>
                        </Row>
                        <Row>
                            <name>
                            <![CDATA[
                            PTC.Factory.Alert.DeleteAlert
                            ]]>
                            </name>
                            <value>
                            <![CDATA[
                            刪除警示
                            ]]>
                            </value>
                        </Row>
                        <Row>
                            <name>
                            <![CDATA[
                            PTC.Factory.Alert.SelectAlertTag
                            ]]>
                            </name>
                            <value>
                            <![CDATA[
                            選擇標籤或屬性
                            ]]>
                            </value>
                        </Row>
                        <Row>
                            <name>
                            <![CDATA[
                            PTC.Factory.Alert.SelectProperty
                            ]]>
                            </name>
                            <value>
                            <![CDATA[
                            選擇屬性
                            ]]>
                            </value>
                        </Row>
                        <Row>
                            <name>
                            <![CDATA[
                            PTC.Factory.Alert.CreateNewAlert
                            ]]>
                            </name>
                            <value>
                            <![CDATA[
                            建立警示
                            ]]>
                            </value>
                        </Row>
                        <Row>
                            <name>
                            <![CDATA[
                            PTC.SCA.Common.Alert.ALertDeliveryLabel
                            ]]>
                            </name>
                            <value>
                            <![CDATA[
                            警示傳遞
                            ]]>
                            </value>
                        </Row>
                        <Row>
                            <name>
                            <![CDATA[
                            PTC.SCA.Common.Alert.FindRecipientLabel
                            ]]>
                            </name>
                            <value>
                            <![CDATA[
                            尋找接收者
                            ]]>
                            </value>
                        </Row>
                        <Row>
                            <name>
                            <![CDATA[
                            PTC.SCA.Common.Alert.AddRecipientLabel
                            ]]>
                            </name>
                            <value>
                            <![CDATA[
                            新增接收者
                            ]]>
                            </value>
                        </Row>
                        <Row>
                            <name>
                            <![CDATA[
                            PTC.SCA.Common.Alert.AlertRecipientsLabel
                            ]]>
                            </name>
                            <value>
                            <![CDATA[
                            警示接收者
                            ]]>
                            </value>
                        </Row>
                        <Row>
                            <name>
                            <![CDATA[
                            PTC.SCA.Common.Alert.RecipientTypeLabel
                            ]]>
                            </name>
                            <value>
                            <![CDATA[
                            類型
                            ]]>
                            </value>
                        </Row>
                        <Row>
                            <name>
                            <![CDATA[
                            PTC.SCA.Common.Alert.RecipientNameLabel
                            ]]>
                            </name>
                            <value>
                            <![CDATA[
                            名稱
                            ]]>
                            </value>
                        </Row>
                        <Row>
                            <name>
                            <![CDATA[
                            PTC.SCA.Common.Alert.RecipientEmailLabel
                            ]]>
                            </name>
                            <value>
                            <![CDATA[
                            電子郵件
                            ]]>
                            </value>
                        </Row>
                        <Row>
                            <name>
                            <![CDATA[
                            PTC.SCA.Common.Alert.RecipientMobileLabel
                            ]]>
                            </name>
                            <value>
                            <![CDATA[
                            行動電話
                            ]]>
                            </value>
                        </Row>
                        <Row>
                            <name>
                            <![CDATA[
                            PTC.Factory.Error.AlertAlreadyExists
                            ]]>
                            </name>
                            <value>
                            <![CDATA[
                            此屬性已有相同名稱的警示。
                            ]]>
                            </value>
                        </Row>
                        <Row>
                            <name>
                            <![CDATA[
                            PTC.Factory.Error.ValueIsNull
                            ]]>
                            </name>
                            <value>
                            <![CDATA[
                            此類型的值不能為 null。
                            ]]>
                            </value>
                        </Row>
                        <Row>
                            <name>
                            <![CDATA[
                            PTC.Factory.Error.ValueMustBeNumerical
                            ]]>
                            </name>
                            <value>
                            <![CDATA[
                            值必須為數字。
                            ]]>
                            </value>
                        </Row>
                        <Row>
                            <name>
                            <![CDATA[
                            PTC.Factory.Error.InvalidName
                            ]]>
                            </name>
                            <value>
                            <![CDATA[
                            名稱包含無效字元。請移除名稱開頭的任何空格、特殊字元、數字。名稱中間或結尾則允許有破折號、底線、數字。名稱的大小寫有別。
                            ]]>
                            </value>
                        </Row>
                        <Row>
                            <name>
                            <![CDATA[
                            PTC.Factory.Error.InvalidAlertName
                            ]]>
                            </name>
                            <value>
                            <![CDATA[
                            警示名稱不得包含空格、特殊字元，或以數字開頭。可以使用破折號和底線。可以在名稱中間或結尾使用數字。名稱的大小寫有別。
                            ]]>
                            </value>
                        </Row>
                        <Row>
                            <name>
                            <![CDATA[
                            PTC.Factory.AlertSummary
                            ]]>
                            </name>
                            <value>
                            <![CDATA[
                            警示摘要
                            ]]>
                            </value>
                        </Row>
                        <Row>
                            <name>
                            <![CDATA[
                            PTC.Factory.AlertMonitor.Summary
                            ]]>
                            </name>
                            <value>
                            <![CDATA[
                            摘要
                            ]]>
                            </value>
                        </Row>
                        <Row>
                            <name>
                            <![CDATA[
                            PTC.Factory.AlertMonitor.History
                            ]]>
                            </name>
                            <value>
                            <![CDATA[
                            歷史記錄
                            ]]>
                            </value>
                        </Row>
                        <Row>
                            <name>
                            <![CDATA[
                            PTC.Factory.AlertMonitor.AlertMonitorTitle
                            ]]>
                            </name>
                            <value>
                            <![CDATA[
                            警示監控：{0}
                            ]]>
                            </value>
                        </Row>
                        <Row>
                            <name>
                            <![CDATA[
                            PTC.Factory.AlertMonitor.AllAlerts
                            ]]>
                            </name>
                            <value>
                            <![CDATA[
                            所有警示
                            ]]>
                            </value>
                        </Row>
                        <Row>
                            <name>
                            <![CDATA[
                            PTC.Factory.AlertMonitor.Name
                            ]]>
                            </name>
                            <value>
                            <![CDATA[
                            名稱
                            ]]>
                            </value>
                        </Row>
                        <Row>
                            <name>
                            <![CDATA[
                            PTC.Factory.AlertMonitor.SourceProperty
                            ]]>
                            </name>
                            <value>
                            <![CDATA[
                            來源屬性
                            ]]>
                            </value>
                        </Row>
                        <Row>
                            <name>
                            <![CDATA[
                            PTC.Factory.AlertMonitor.Source
                            ]]>
                            </name>
                            <value>
                            <![CDATA[
                            來源
                            ]]>
                            </value>
                        </Row>
                        <Row>
                            <name>
                            <![CDATA[
                            PTC.Factory.AlertMonitor.TimeStamp
                            ]]>
                            </name>
                            <value>
                            <![CDATA[
                            時間戳記
                            ]]>
                            </value>
                        </Row>
                        <Row>
                            <name>
                            <![CDATA[
                            PTC.Factory.AlertMonitor.AlertType
                            ]]>
                            </name>
                            <value>
                            <![CDATA[
                            警示類型
                            ]]>
                            </value>
                        </Row>
                        <Row>
                            <name>
                            <![CDATA[
                            PTC.Factory.AlertMonitor.Duration
                            ]]>
                            </name>
                            <value>
                            <![CDATA[
                            持續期間
                            ]]>
                            </value>
                        </Row>
                        <Row>
                            <name>
                            <![CDATA[
                            PTC.Factory.AlertMonitor.Message
                            ]]>
                            </name>
                            <value>
                            <![CDATA[
                            訊息
                            ]]>
                            </value>
                        </Row>
                        <Row>
                            <name>
                            <![CDATA[
                            PTC.Factory.AlertMonitor.Description
                            ]]>
                            </name>
                            <value>
                            <![CDATA[
                            說明
                            ]]>
                            </value>
                        </Row>
                        <Row>
                            <name>
                            <![CDATA[
                            PTC.Factory.AlertMonitor.Priority
                            ]]>
                            </name>
                            <value>
                            <![CDATA[
                            優先性
                            ]]>
                            </value>
                        </Row>
                        <Row>
                            <name>
                            <![CDATA[
                            PTC.Factory.AlertMonitor.Acknowledged
                            ]]>
                            </name>
                            <value>
                            <![CDATA[
                            已確認
                            ]]>
                            </value>
                        </Row>
                        <Row>
                            <name>
                            <![CDATA[
                            PTC.Factory.AlertMonitor.AcknowledgedBy
                            ]]>
                            </name>
                            <value>
                            <![CDATA[
                            確認者
                            ]]>
                            </value>
                        </Row>
                        <Row>
                            <name>
                            <![CDATA[
                            PTC.Factory.AlertMonitor.AcknowledgedTimeStamp
                            ]]>
                            </name>
                            <value>
                            <![CDATA[
                            已確認時間戳記
                            ]]>
                            </value>
                        </Row>
                        <Row>
                            <name>
                            <![CDATA[
                            PTC.Factory.AlertMonitor.AcknowledgeComment
                            ]]>
                            </name>
                            <value>
                            <![CDATA[
                            確認評論
                            ]]>
                            </value>
                        </Row>
                        <Row>
                            <name>
                            <![CDATA[
                            PTC.Factory.AlertMonitor.EventName
                            ]]>
                            </name>
                            <value>
                            <![CDATA[
                            事件名稱
                            ]]>
                            </value>
                        </Row>
                        <Row>
                            <name>
                            <![CDATA[
                            PTC.Factory.AlertMonitor.Location
                            ]]>
                            </name>
                            <value>
                            <![CDATA[
                            位置
                            ]]>
                            </value>
                        </Row>
                        <Row>
                            <name>
                            <![CDATA[
                            PTC.Factory.AlertMonitor.Id
                            ]]>
                            </name>
                            <value>
                            <![CDATA[
                            ID
                            ]]>
                            </value>
                        </Row>
                        <Row>
                            <name>
                            <![CDATA[
                            PTC.Factory.AlertMonitor.SourceType
                            ]]>
                            </name>
                            <value>
                            <![CDATA[
                            來源類型
                            ]]>
                            </value>
                        </Row>
                        <Row>
                            <name>
                            <![CDATA[
                            PTC.Factory.AlertMonitor.Alert
                            ]]>
                            </name>
                            <value>
                            <![CDATA[
                            警示：{0}
                            ]]>
                            </value>
                        </Row>
                        <Row>
                            <name>
                            <![CDATA[
                            PTC.Factory.AlertMonitor.Details
                            ]]>
                            </name>
                            <value>
                            <![CDATA[
                            詳細資訊
                            ]]>
                            </value>
                        </Row>
                        <Row>
                            <name>
                            <![CDATA[
                            PTC.Factory.AlertMonitor.AcknowledgeAlertsTitle
                            ]]>
                            </name>
                            <value>
                            <![CDATA[
                            確認警示
                            ]]>
                            </value>
                        </Row>
                        <Row>
                            <name>
                            <![CDATA[
                            PTC.Factory.AlertMonitor.AcknowledgeAlerts
                            ]]>
                            </name>
                            <value>
                            <![CDATA[
                            確認警示
                            ]]>
                            </value>
                        </Row>
                        <Row>
                            <name>
                            <![CDATA[
                            PTC.Factory.AlertMonitor.AcknowledgeAllAlerts
                            ]]>
                            </name>
                            <value>
                            <![CDATA[
                            確認所有警示
                            ]]>
                            </value>
                        </Row>
                        <Row>
                            <name>
                            <![CDATA[
                            PTC.Factory.AlertMonitor.AcknowledgeSelectedAlerts
                            ]]>
                            </name>
                            <value>
                            <![CDATA[
                            確認已選擇的警示
                            ]]>
                            </value>
                        </Row>
                        <Row>
                            <name>
                            <![CDATA[
                            PTC.Factory.AlertMonitor.IgnoreAcknowledgeForNonActiveAlert
                            ]]>
                            </name>
                            <value>
                            <![CDATA[
                            此警示已停止作用，因此並未套用您的確認評論。
                            ]]>
                            </value>
                        </Row>
                        <Row>
                            <name>
                            <![CDATA[
                            PTC.Factory.AlertMonitor.MyAlertsOnly
                            ]]>
                            </name>
                            <value>
                            <![CDATA[
                            僅看我的警示
                            ]]>
                            </value>
                        </Row>
                        <Row>
                            <name>
                            <![CDATA[
                            PTC.Factory.AlertMonitor.AlertRecipients
                            ]]>
                            </name>
                            <value>
                            <![CDATA[
                            警示接收者
                            ]]>
                            </value>
                        </Row>
                        <Row>
                            <name>
                            <![CDATA[
                            PTC.Factory.AlertEditor.IntegerValueOutOfRange
                            ]]>
                            </name>
                            <value>
                            <![CDATA[
                            值超出範圍 (須為 -2,147,483,648 至 2,147,483,647 之間)。
                            ]]>
                            </value>
                        </Row>
                        <Row>
                            <name>
                            <![CDATA[
                            PTC.SCA.Common.Alert.DeleteRecipientTooltip
                            ]]>
                            </name>
                            <value>
                            <![CDATA[
                            移除接收者
                            ]]>
                            </value>
                        </Row>
                        <Row>
                            <name>
                            <![CDATA[
                            PTC.SCA.Common.Language.English
                            ]]>
                            </name>
                            <value>
                            <![CDATA[
                            英文
                            ]]>
                            </value>
                        </Row>
                        <Row>
                            <name>
                            <![CDATA[
                            PTC.SCA.Common.Language.Japanese
                            ]]>
                            </name>
                            <value>
                            <![CDATA[
                            日文
                            ]]>
                            </value>
                        </Row>
                        <Row>
                            <name>
                            <![CDATA[
                            PTC.SCA.Common.Language.German
                            ]]>
                            </name>
                            <value>
                            <![CDATA[
                            德文
                            ]]>
                            </value>
                        </Row>
                        <Row>
                            <name>
                            <![CDATA[
                            PTC.SCA.Common.Language.SimplifiedChinese
                            ]]>
                            </name>
                            <value>
                            <![CDATA[
                            簡體中文
                            ]]>
                            </value>
                        </Row>
                        <Row>
                            <name>
                            <![CDATA[
                            PTC.SCA.Common.Language.French
                            ]]>
                            </name>
                            <value>
                            <![CDATA[
                            法文
                            ]]>
                            </value>
                        </Row>
                        <Row>
                            <name>
                            <![CDATA[
                            PTC.SCA.Common.Language.Italian
                            ]]>
                            </name>
                            <value>
                            <![CDATA[
                            義大利文
                            ]]>
                            </value>
                        </Row>
                        <Row>
                            <name>
                            <![CDATA[
                            PTC.SCA.Common.Language.Korean
                            ]]>
                            </name>
                            <value>
                            <![CDATA[
                            韓文
                            ]]>
                            </value>
                        </Row>
                        <Row>
                            <name>
                            <![CDATA[
                            PTC.SCA.Common.Language.Spanish
                            ]]>
                            </name>
                            <value>
                            <![CDATA[
                            西班牙文
                            ]]>
                            </value>
                        </Row>
                        <Row>
                            <name>
                            <![CDATA[
                            PTC.SCA.Common.Language.TraditionalChinese
                            ]]>
                            </name>
                            <value>
                            <![CDATA[
                            繁體中文
                            ]]>
                            </value>
                        </Row>
                        <Row>
                            <name>
                            <![CDATA[
                            PTC.SCA.Common.Language.Russian
                            ]]>
                            </name>
                            <value>
                            <![CDATA[
                            俄文
                            ]]>
                            </value>
                        </Row>
                        <Row>
                            <name>
                            <![CDATA[
                            PTC.Factory.Highest
                            ]]>
                            </name>
                            <value>
                            <![CDATA[
                            最高
                            ]]>
                            </value>
                        </Row>
                        <Row>
                            <name>
                            <![CDATA[
                            PTC.Factory.Lowest
                            ]]>
                            </name>
                            <value>
                            <![CDATA[
                            最低
                            ]]>
                            </value>
                        </Row>
                        <Row>
                            <name>
                            <![CDATA[
                            PTC.Factory.Alert.OverrideHelpText
                            ]]>
                            </name>
                            <value>
                            <![CDATA[
                            <span style='color:#232B2D'>此警示繼承自此設備類型的物範本。選擇<b>覆寫</b>可進行編輯並可將此警示儲存為此設備的新警示。</span>
                            ]]>
                            </value>
                        </Row>
                        <Row>
                            <name>
                            <![CDATA[
                            PTC.Factory.Alert.OverrideWithColon
                            ]]>
                            </name>
                            <value>
                            <![CDATA[
                            覆寫：
                            ]]>
                            </value>
                        </Row>
                        <Row>
                            <name>
                            <![CDATA[
                            PTC.SCA.SCO.AlertMonitor.FilterHeader
                            ]]>
                            </name>
                            <value>
                            <![CDATA[
                            結構篩選
                            ]]>
                            </value>
                        </Row>
                        <Row>
                            <name>
                            <![CDATA[
                            PTC.SCA.SCO.EnableAlertRollup
                            ]]>
                            </name>
                            <value>
                            <![CDATA[
                            累計作用中警示計數
                            ]]>
                            </value>
                        </Row>
                        <Row>
                            <name>
                            <![CDATA[
                            PTC.SCA.SCO.HaveNoRuntimeWritePermission
                            ]]>
                            </name>
                            <value>
                            <![CDATA[
                            您沒有權限修改此裝置。
                            ]]>
                            </value>
                        </Row>
                    </Rows>
                </ConfigurationTable>
            </ConfigurationTables>
        </LocalizationTable>
    </LocalizationTables>
</Entities>
