<?xml version="1.0" encoding="UTF-8"?>
<Entities>
    <LocalizationTables>
        <LocalizationTable
         description="fr localization table"
         homeMashup=""
         name="fr"
         tags="PTC:factory-mv">
            <avatar></avatar>
            <DesignTimePermissions>
                <Create></Create>
                <Read></Read>
                <Update></Update>
                <Delete></Delete>
                <Metadata></Metadata>
            </DesignTimePermissions>
            <RunTimePermissions></RunTimePermissions>
            <VisibilityPermissions>
                <Visibility>
                    <Principal
                     isPermitted="true"
                     name="PTC.Factory.MachineVisibility"
                     type="Organization"></Principal>
                </Visibility>
            </VisibilityPermissions>
            <ConfigurationTables>
                <ConfigurationTable
                 description="Localization Tokens"
                 isMultiRow="true"
                 name="LocalizationTokens"
                 ordinal="0">
                    <DataShape>
                        <FieldDefinitions>
                            <FieldDefinition
                             aspect.friendlyName="Translation context"
                             baseType="STRING"
                             description="Translation context"
                             name="context"
                             ordinal="3"></FieldDefinition>
                            <FieldDefinition
                             aspect.friendlyName="Token name"
                             baseType="STRING"
                             description="Token name"
                             name="name"
                             ordinal="0"></FieldDefinition>
                            <FieldDefinition
                             aspect.friendlyName="Token usage"
                             baseType="STRING"
                             description="Token usage"
                             name="usage"
                             ordinal="2"></FieldDefinition>
                            <FieldDefinition
                             aspect.friendlyName="Localized value"
                             baseType="STRING"
                             description="Localized value"
                             name="value"
                             ordinal="1"></FieldDefinition>
                        </FieldDefinitions>
                    </DataShape>
                    <Rows>
                        <Row>
                            <name>
                            <![CDATA[
                            PTC.SCA.SCO.Alert.Event.Delete
                            ]]>
                            </name>
                            <value>
                            <![CDATA[
                            Supprimé
                            ]]>
                            </value>
                        </Row>
                        <Row>
                            <name>
                            <![CDATA[
                            PTC.SCA.SCO.Alert.Event.Edit
                            ]]>
                            </name>
                            <value>
                            <![CDATA[
                            Modifié
                            ]]>
                            </value>
                        </Row>
                        <Row>
                            <name>
                            <![CDATA[
                            PTC.SCA.SCO.Alert.Event.Create
                            ]]>
                            </name>
                            <value>
                            <![CDATA[
                            Créé
                            ]]>
                            </value>
                        </Row>
                        <Row>
                            <name>
                            <![CDATA[
                            PTC.SCA.SCO.AlertDefinition.NotEqualTo
                            ]]>
                            </name>
                            <value>
                            <![CDATA[
                            Différent de
                            ]]>
                            </value>
                        </Row>
                        <Row>
                            <name>
                            <![CDATA[
                            PTC.SCA.SCO.AlertDefinition.EqualTo
                            ]]>
                            </name>
                            <value>
                            <![CDATA[
                            Egal à
                            ]]>
                            </value>
                        </Row>
                        <Row>
                            <name>
                            <![CDATA[
                            PTC.SCA.SCO.AlertDefinition.Above
                            ]]>
                            </name>
                            <value>
                            <![CDATA[
                            Au-dessus de
                            ]]>
                            </value>
                        </Row>
                        <Row>
                            <name>
                            <![CDATA[
                            PTC.SCA.SCO.AlertDefinition.Below
                            ]]>
                            </name>
                            <value>
                            <![CDATA[
                            En dessous de
                            ]]>
                            </value>
                        </Row>
                        <Row>
                            <name>
                            <![CDATA[
                            PTC.SCA.SCO.AlertDefinition.InRange
                            ]]>
                            </name>
                            <value>
                            <![CDATA[
                            Dans la plage
                            ]]>
                            </value>
                        </Row>
                        <Row>
                            <name>
                            <![CDATA[
                            PTC.SCA.SCO.AlertDefinition.OutOfRange
                            ]]>
                            </name>
                            <value>
                            <![CDATA[
                            Hors plage
                            ]]>
                            </value>
                        </Row>
                        <Row>
                            <name>
                            <![CDATA[
                            PTC.SCA.SCO.AlertDefinition.DeviationAbove
                            ]]>
                            </name>
                            <value>
                            <![CDATA[
                            Ecart au-dessus
                            ]]>
                            </value>
                        </Row>
                        <Row>
                            <name>
                            <![CDATA[
                            PTC.SCA.SCO.AlertDefinition.DeviationBelow
                            ]]>
                            </name>
                            <value>
                            <![CDATA[
                            Ecart en dessous
                            ]]>
                            </value>
                        </Row>
                        <Row>
                            <name>
                            <![CDATA[
                            PTC.SCA.SCO.AlertDefinition.InRange.minNolimit-maxNolimit
                            ]]>
                            </name>
                            <value>
                            <![CDATA[
                            {0} < valeur < {1}
                            ]]>
                            </value>
                        </Row>
                        <Row>
                            <name>
                            <![CDATA[
                            PTC.SCA.SCO.AlertDefinition.InRange.minNolimit-maxLimit
                            ]]>
                            </name>
                            <value>
                            <![CDATA[
                            {0} < valeur <= {1}
                            ]]>
                            </value>
                        </Row>
                        <Row>
                            <name>
                            <![CDATA[
                            PTC.SCA.SCO.AlertDefinition.InRange.minLimit-maxNolimit
                            ]]>
                            </name>
                            <value>
                            <![CDATA[
                            {0} <= valeur < {1}
                            ]]>
                            </value>
                        </Row>
                        <Row>
                            <name>
                            <![CDATA[
                            PTC.SCA.SCO.AlertDefinition.InRange.minLimit-maxLimit
                            ]]>
                            </name>
                            <value>
                            <![CDATA[
                            {0} <= valeur <= {1}
                            ]]>
                            </value>
                        </Row>
                        <Row>
                            <name>
                            <![CDATA[
                            PTC.SCA.SCO.AlertDefinition.OutOfRange.minNolimit-maxNolimit
                            ]]>
                            </name>
                            <value>
                            <![CDATA[
                            valeur < {0} ou valeur > {1}
                            ]]>
                            </value>
                        </Row>
                        <Row>
                            <name>
                            <![CDATA[
                            PTC.SCA.SCO.AlertDefinition.OutOfRange.minNolimit-maxLimit
                            ]]>
                            </name>
                            <value>
                            <![CDATA[
                            valeur < {0} ou valeur >= {1}
                            ]]>
                            </value>
                        </Row>
                        <Row>
                            <name>
                            <![CDATA[
                            PTC.SCA.SCO.AlertDefinition.OutOfRange.minLimit-maxNolimit
                            ]]>
                            </name>
                            <value>
                            <![CDATA[
                            valeur <= {0} ou valeur > {1}
                            ]]>
                            </value>
                        </Row>
                        <Row>
                            <name>
                            <![CDATA[
                            PTC.SCA.SCO.AlertDefinition.OutOfRange.minLimit-maxLimit
                            ]]>
                            </name>
                            <value>
                            <![CDATA[
                            valeur <= {0} ou valeur >= {1}
                            ]]>
                            </value>
                        </Row>
                        <Row>
                            <name>
                            <![CDATA[
                            PTC.SCA.SCO.AlertDefinition.DeviationAbove.nolimit
                            ]]>
                            </name>
                            <value>
                            <![CDATA[
                            (valeur - {0}) > {1} {2}
                            ]]>
                            </value>
                        </Row>
                        <Row>
                            <name>
                            <![CDATA[
                            PTC.SCA.SCO.AlertDefinition.DeviationAbove.limit
                            ]]>
                            </name>
                            <value>
                            <![CDATA[
                            (valeur - {0}) >= {1} {2}
                            ]]>
                            </value>
                        </Row>
                        <Row>
                            <name>
                            <![CDATA[
                            PTC.SCA.SCO.AlertDefinition.DeviationBelow.nolimit
                            ]]>
                            </name>
                            <value>
                            <![CDATA[
                            (valeur - {0}) < {1} {2}
                            ]]>
                            </value>
                        </Row>
                        <Row>
                            <name>
                            <![CDATA[
                            PTC.SCA.SCO.AlertDefinition.DeviationBelow.limit
                            ]]>
                            </name>
                            <value>
                            <![CDATA[
                            (valeur - {0}) <= {1} {2}
                            ]]>
                            </value>
                        </Row>
                        <Row>
                            <name>
                            <![CDATA[
                            PTC.SCA.SCO.AlertDefinition.Above.nolimit
                            ]]>
                            </name>
                            <value>
                            <![CDATA[
                            valeur > {0}
                            ]]>
                            </value>
                        </Row>
                        <Row>
                            <name>
                            <![CDATA[
                            PTC.SCA.SCO.AlertDefinition.Above.limit
                            ]]>
                            </name>
                            <value>
                            <![CDATA[
                            valeur >= {0}
                            ]]>
                            </value>
                        </Row>
                        <Row>
                            <name>
                            <![CDATA[
                            PTC.SCA.SCO.AlertDefinition.Below.nolimit
                            ]]>
                            </name>
                            <value>
                            <![CDATA[
                            valeur < {0}
                            ]]>
                            </value>
                        </Row>
                        <Row>
                            <name>
                            <![CDATA[
                            PTC.SCA.SCO.AlertDefinition.Below.limit
                            ]]>
                            </name>
                            <value>
                            <![CDATA[
                            valeur <= {0}
                            ]]>
                            </value>
                        </Row>
                        <Row>
                            <name>
                            <![CDATA[
                            PTC.SCA.SCO.AlertDefinition.EqualTo.def
                            ]]>
                            </name>
                            <value>
                            <![CDATA[
                            valeur = {0}
                            ]]>
                            </value>
                        </Row>
                        <Row>
                            <name>
                            <![CDATA[
                            PTC.SCA.SCO.AlertDefinition.NotEqualTo.def
                            ]]>
                            </name>
                            <value>
                            <![CDATA[
                            valeur != {0}
                            ]]>
                            </value>
                        </Row>
                        <Row>
                            <name>
                            <![CDATA[
                            PTC.SCA.SCO.AlertDefinition.Anomaly
                            ]]>
                            </name>
                            <value>
                            <![CDATA[
                            Anomalie
                            ]]>
                            </value>
                        </Row>
                        <Row>
                            <name>
                            <![CDATA[
                            PTC.SCA.SCO.AlertEvent.Alert
                            ]]>
                            </name>
                            <value>
                            <![CDATA[
                            Alerte
                            ]]>
                            </value>
                        </Row>
                        <Row>
                            <name>
                            <![CDATA[
                            PTC.SCA.SCO.AlertEvent.AlertReset
                            ]]>
                            </name>
                            <value>
                            <![CDATA[
                            Alerte réinitialisée
                            ]]>
                            </value>
                        </Row>
                        <Row>
                            <name>
                            <![CDATA[
                            PTC.SCA.SCO.AlertEvent.AlertAck
                            ]]>
                            </name>
                            <value>
                            <![CDATA[
                            Alerte confirmée
                            ]]>
                            </value>
                        </Row>
                        <Row>
                            <name>
                            <![CDATA[
                            PTC.Factory.Alert.AlertEditorPageTitle
                            ]]>
                            </name>
                            <value>
                            <![CDATA[
                            MODIFICATION DE L'ALERTE : Tags
                            ]]>
                            </value>
                        </Row>
                        <Row>
                            <name>
                            <![CDATA[
                            PTC.Factory.Alert.Asset
                            ]]>
                            </name>
                            <value>
                            <![CDATA[
                            Actif
                            ]]>
                            </value>
                        </Row>
                        <Row>
                            <name>
                            <![CDATA[
                            PTC.Factory.Alert.AlertType
                            ]]>
                            </name>
                            <value>
                            <![CDATA[
                            Type d'alerte
                            ]]>
                            </value>
                        </Row>
                        <Row>
                            <name>
                            <![CDATA[
                            PTC.Factory.Alert.PropertySourceName
                            ]]>
                            </name>
                            <value>
                            <![CDATA[
                            Propriété ou source
                            ]]>
                            </value>
                        </Row>
                        <Row>
                            <name>
                            <![CDATA[
                            PTC.Factory.Alert.Definition
                            ]]>
                            </name>
                            <value>
                            <![CDATA[
                            Définition
                            ]]>
                            </value>
                        </Row>
                        <Row>
                            <name>
                            <![CDATA[
                            PTC.Factory.Alert.CurrentValue
                            ]]>
                            </name>
                            <value>
                            <![CDATA[
                            Valeur actuelle
                            ]]>
                            </value>
                        </Row>
                        <Row>
                            <name>
                            <![CDATA[
                            PTC.Factory.Alert.Activated
                            ]]>
                            </name>
                            <value>
                            <![CDATA[
                            Déclenché
                            ]]>
                            </value>
                        </Row>
                        <Row>
                            <name>
                            <![CDATA[
                            PTC.Factory.Alert.Value
                            ]]>
                            </name>
                            <value>
                            <![CDATA[
                            Valeur
                            ]]>
                            </value>
                        </Row>
                        <Row>
                            <name>
                            <![CDATA[
                            PTC.Factory.Alert.ValueMandatory
                            ]]>
                            </name>
                            <value>
                            <![CDATA[
                            Valeur *
                            ]]>
                            </value>
                        </Row>
                        <Row>
                            <name>
                            <![CDATA[
                            PTC.Factory.Alert.EditAlert
                            ]]>
                            </name>
                            <value>
                            <![CDATA[
                            MODIFIER L'ALERTE
                            ]]>
                            </value>
                        </Row>
                        <Row>
                            <name>
                            <![CDATA[
                            PTC.Factory.Alert.AlertName
                            ]]>
                            </name>
                            <value>
                            <![CDATA[
                            Nom d'alerte
                            ]]>
                            </value>
                        </Row>
                        <Row>
                            <name>
                            <![CDATA[
                            PTC.Factory.Alert.AlertNameMandatory
                            ]]>
                            </name>
                            <value>
                            <![CDATA[
                            Nom d'alerte *
                            ]]>
                            </value>
                        </Row>
                        <Row>
                            <name>
                            <![CDATA[
                            PTC.Factory.Alert.AlertDescription
                            ]]>
                            </name>
                            <value>
                            <![CDATA[
                            Description de l'alerte
                            ]]>
                            </value>
                        </Row>
                        <Row>
                            <name>
                            <![CDATA[
                            PTC.Factory.Alert.Description
                            ]]>
                            </name>
                            <value>
                            <![CDATA[
                            Description
                            ]]>
                            </value>
                        </Row>
                        <Row>
                            <name>
                            <![CDATA[
                            PTC.Factory.Alert.AlertDefinition
                            ]]>
                            </name>
                            <value>
                            <![CDATA[
                            Définition de l'alerte
                            ]]>
                            </value>
                        </Row>
                        <Row>
                            <name>
                            <![CDATA[
                            PTC.Factory.Alert.TagAndName
                            ]]>
                            </name>
                            <value>
                            <![CDATA[
                            Tag ou propriété : {0}
                            ]]>
                            </value>
                        </Row>
                        <Row>
                            <name>
                            <![CDATA[
                            PTC.Factory.Alert.TagDescription
                            ]]>
                            </name>
                            <value>
                            <![CDATA[
                            Description : {0}
                            ]]>
                            </value>
                        </Row>
                        <Row>
                            <name>
                            <![CDATA[
                            PTC.Factory.Alert.CreateAlertTooltip
                            ]]>
                            </name>
                            <value>
                            <![CDATA[
                            Créer une alerte
                            ]]>
                            </value>
                        </Row>
                        <Row>
                            <name>
                            <![CDATA[
                            PTC.Factory.Alert.EditAlertTooltip
                            ]]>
                            </name>
                            <value>
                            <![CDATA[
                            Modifier l'alerte
                            ]]>
                            </value>
                        </Row>
                        <Row>
                            <name>
                            <![CDATA[
                            PTC.Factory.Alert.DeleteAlertTooltip
                            ]]>
                            </name>
                            <value>
                            <![CDATA[
                            Supprimer l'alerte
                            ]]>
                            </value>
                        </Row>
                        <Row>
                            <name>
                            <![CDATA[
                            PTC.Factory.DeleteAlertLabel
                            ]]>
                            </name>
                            <value>
                            <![CDATA[
                            Etes-vous sûr de vouloir supprimer {0} ?
                            ]]>
                            </value>
                        </Row>
                        <Row>
                            <name>
                            <![CDATA[
                            PTC.Factory.DeleteOverriddenAlert
                            ]]>
                            </name>
                            <value>
                            <![CDATA[
                            Cette alerte en remplace une autre qui est héritée du modèle d'objet pour ce type d'équipement. Si vous supprimez cette alerte, l'alerte héritée sera réactivée.
                            
                             Etes-vous sûr de vouloir supprimer cette alerte ?
                            ]]>
                            </value>
                        </Row>
                        <Row>
                            <name>
                            <![CDATA[
                            PTC.Factory.DeleteTemplateAlert
                            ]]>
                            </name>
                            <value>
                            <![CDATA[
                            Cette alerte est définie dans un modèle d'objet. La suppression de cette alerte entraînera la suppression de l'alerte héritée de tous les équipements basés sur ce même modèle d'objet. 
                            
                             Etes-vous sûr de vouloir supprimer cette alerte ?
                            ]]>
                            </value>
                        </Row>
                        <Row>
                            <name>
                            <![CDATA[
                            PTC.Factory.Alert.DeleteAlert
                            ]]>
                            </name>
                            <value>
                            <![CDATA[
                            SUPPRIMER L'ALERTE
                            ]]>
                            </value>
                        </Row>
                        <Row>
                            <name>
                            <![CDATA[
                            PTC.Factory.Alert.SelectAlertTag
                            ]]>
                            </name>
                            <value>
                            <![CDATA[
                            SELECTIONNER UN TAG OU UNE PROPRIETE
                            ]]>
                            </value>
                        </Row>
                        <Row>
                            <name>
                            <![CDATA[
                            PTC.Factory.Alert.SelectProperty
                            ]]>
                            </name>
                            <value>
                            <![CDATA[
                            SELECTIONNER UNE PROPRIETE
                            ]]>
                            </value>
                        </Row>
                        <Row>
                            <name>
                            <![CDATA[
                            PTC.Factory.Alert.CreateNewAlert
                            ]]>
                            </name>
                            <value>
                            <![CDATA[
                            CREER UNE ALERTE
                            ]]>
                            </value>
                        </Row>
                        <Row>
                            <name>
                            <![CDATA[
                            PTC.SCA.Common.Alert.ALertDeliveryLabel
                            ]]>
                            </name>
                            <value>
                            <![CDATA[
                            Délivrance d'alertes
                            ]]>
                            </value>
                        </Row>
                        <Row>
                            <name>
                            <![CDATA[
                            PTC.SCA.Common.Alert.FindRecipientLabel
                            ]]>
                            </name>
                            <value>
                            <![CDATA[
                            Rechercher un destinataire
                            ]]>
                            </value>
                        </Row>
                        <Row>
                            <name>
                            <![CDATA[
                            PTC.SCA.Common.Alert.AddRecipientLabel
                            ]]>
                            </name>
                            <value>
                            <![CDATA[
                            Ajouter un destinataire
                            ]]>
                            </value>
                        </Row>
                        <Row>
                            <name>
                            <![CDATA[
                            PTC.SCA.Common.Alert.AlertRecipientsLabel
                            ]]>
                            </name>
                            <value>
                            <![CDATA[
                            Alerter les destinataires
                            ]]>
                            </value>
                        </Row>
                        <Row>
                            <name>
                            <![CDATA[
                            PTC.SCA.Common.Alert.RecipientTypeLabel
                            ]]>
                            </name>
                            <value>
                            <![CDATA[
                            Type
                            ]]>
                            </value>
                        </Row>
                        <Row>
                            <name>
                            <![CDATA[
                            PTC.SCA.Common.Alert.RecipientNameLabel
                            ]]>
                            </name>
                            <value>
                            <![CDATA[
                            Nom
                            ]]>
                            </value>
                        </Row>
                        <Row>
                            <name>
                            <![CDATA[
                            PTC.SCA.Common.Alert.RecipientEmailLabel
                            ]]>
                            </name>
                            <value>
                            <![CDATA[
                            E-mail
                            ]]>
                            </value>
                        </Row>
                        <Row>
                            <name>
                            <![CDATA[
                            PTC.SCA.Common.Alert.RecipientMobileLabel
                            ]]>
                            </name>
                            <value>
                            <![CDATA[
                            Tél. mobile
                            ]]>
                            </value>
                        </Row>
                        <Row>
                            <name>
                            <![CDATA[
                            PTC.Factory.Error.AlertAlreadyExists
                            ]]>
                            </name>
                            <value>
                            <![CDATA[
                            Une alerte existe déjà avec ce nom pour cette propriété.
                            ]]>
                            </value>
                        </Row>
                        <Row>
                            <name>
                            <![CDATA[
                            PTC.Factory.Error.ValueIsNull
                            ]]>
                            </name>
                            <value>
                            <![CDATA[
                            La valeur ne peut pas être nulle pour ce type.
                            ]]>
                            </value>
                        </Row>
                        <Row>
                            <name>
                            <![CDATA[
                            PTC.Factory.Error.ValueMustBeNumerical
                            ]]>
                            </name>
                            <value>
                            <![CDATA[
                            La valeur doit être un nombre.
                            ]]>
                            </value>
                        </Row>
                        <Row>
                            <name>
                            <![CDATA[
                            PTC.Factory.Error.InvalidName
                            ]]>
                            </name>
                            <value>
                            <![CDATA[
                            Le nom contient des caractères non valides. Supprimez les espaces, les caractères spéciaux ou les chiffres en début de nom. Les tirets, les traits de soulignement et les chiffres au milieu ou à la fin du nom sont autorisés. Les noms sont sensibles à la casse.
                            ]]>
                            </value>
                        </Row>
                        <Row>
                            <name>
                            <![CDATA[
                            PTC.Factory.Error.InvalidAlertName
                            ]]>
                            </name>
                            <value>
                            <![CDATA[
                            Les noms d'alerte ne doivent pas contenir d'espace, des caractères spéciaux, et ne doivent pas commencer par un chiffre. Les tirets et les traits de soulignement sont autorisés, tout comme les chiffres au milieu ou à la fin du nom. Les noms sont sensibles à la casse.
                            ]]>
                            </value>
                        </Row>
                        <Row>
                            <name>
                            <![CDATA[
                            PTC.Factory.AlertSummary
                            ]]>
                            </name>
                            <value>
                            <![CDATA[
                            Résumé des alertes
                            ]]>
                            </value>
                        </Row>
                        <Row>
                            <name>
                            <![CDATA[
                            PTC.Factory.AlertMonitor.Summary
                            ]]>
                            </name>
                            <value>
                            <![CDATA[
                            Résumé
                            ]]>
                            </value>
                        </Row>
                        <Row>
                            <name>
                            <![CDATA[
                            PTC.Factory.AlertMonitor.History
                            ]]>
                            </name>
                            <value>
                            <![CDATA[
                            Historique
                            ]]>
                            </value>
                        </Row>
                        <Row>
                            <name>
                            <![CDATA[
                            PTC.Factory.AlertMonitor.AlertMonitorTitle
                            ]]>
                            </name>
                            <value>
                            <![CDATA[
                            MONITEUR D'ALERTES : {0}
                            ]]>
                            </value>
                        </Row>
                        <Row>
                            <name>
                            <![CDATA[
                            PTC.Factory.AlertMonitor.AllAlerts
                            ]]>
                            </name>
                            <value>
                            <![CDATA[
                            Toutes les alertes
                            ]]>
                            </value>
                        </Row>
                        <Row>
                            <name>
                            <![CDATA[
                            PTC.Factory.AlertMonitor.Name
                            ]]>
                            </name>
                            <value>
                            <![CDATA[
                            Nom
                            ]]>
                            </value>
                        </Row>
                        <Row>
                            <name>
                            <![CDATA[
                            PTC.Factory.AlertMonitor.SourceProperty
                            ]]>
                            </name>
                            <value>
                            <![CDATA[
                            Propriété source
                            ]]>
                            </value>
                        </Row>
                        <Row>
                            <name>
                            <![CDATA[
                            PTC.Factory.AlertMonitor.Source
                            ]]>
                            </name>
                            <value>
                            <![CDATA[
                            Source
                            ]]>
                            </value>
                        </Row>
                        <Row>
                            <name>
                            <![CDATA[
                            PTC.Factory.AlertMonitor.TimeStamp
                            ]]>
                            </name>
                            <value>
                            <![CDATA[
                            Horodatage
                            ]]>
                            </value>
                        </Row>
                        <Row>
                            <name>
                            <![CDATA[
                            PTC.Factory.AlertMonitor.AlertType
                            ]]>
                            </name>
                            <value>
                            <![CDATA[
                            Type d'alerte
                            ]]>
                            </value>
                        </Row>
                        <Row>
                            <name>
                            <![CDATA[
                            PTC.Factory.AlertMonitor.Duration
                            ]]>
                            </name>
                            <value>
                            <![CDATA[
                            Durée
                            ]]>
                            </value>
                        </Row>
                        <Row>
                            <name>
                            <![CDATA[
                            PTC.Factory.AlertMonitor.Message
                            ]]>
                            </name>
                            <value>
                            <![CDATA[
                            Message
                            ]]>
                            </value>
                        </Row>
                        <Row>
                            <name>
                            <![CDATA[
                            PTC.Factory.AlertMonitor.Description
                            ]]>
                            </name>
                            <value>
                            <![CDATA[
                            Description
                            ]]>
                            </value>
                        </Row>
                        <Row>
                            <name>
                            <![CDATA[
                            PTC.Factory.AlertMonitor.Priority
                            ]]>
                            </name>
                            <value>
                            <![CDATA[
                            Priorité
                            ]]>
                            </value>
                        </Row>
                        <Row>
                            <name>
                            <![CDATA[
                            PTC.Factory.AlertMonitor.Acknowledged
                            ]]>
                            </name>
                            <value>
                            <![CDATA[
                            Confirmé
                            ]]>
                            </value>
                        </Row>
                        <Row>
                            <name>
                            <![CDATA[
                            PTC.Factory.AlertMonitor.AcknowledgedBy
                            ]]>
                            </name>
                            <value>
                            <![CDATA[
                            Confirmé par
                            ]]>
                            </value>
                        </Row>
                        <Row>
                            <name>
                            <![CDATA[
                            PTC.Factory.AlertMonitor.AcknowledgedTimeStamp
                            ]]>
                            </name>
                            <value>
                            <![CDATA[
                            Horodatage de confirmation
                            ]]>
                            </value>
                        </Row>
                        <Row>
                            <name>
                            <![CDATA[
                            PTC.Factory.AlertMonitor.AcknowledgeComment
                            ]]>
                            </name>
                            <value>
                            <![CDATA[
                            Commentaire de confirmation
                            ]]>
                            </value>
                        </Row>
                        <Row>
                            <name>
                            <![CDATA[
                            PTC.Factory.AlertMonitor.EventName
                            ]]>
                            </name>
                            <value>
                            <![CDATA[
                            Nom de l'événement
                            ]]>
                            </value>
                        </Row>
                        <Row>
                            <name>
                            <![CDATA[
                            PTC.Factory.AlertMonitor.Location
                            ]]>
                            </name>
                            <value>
                            <![CDATA[
                            Emplacement
                            ]]>
                            </value>
                        </Row>
                        <Row>
                            <name>
                            <![CDATA[
                            PTC.Factory.AlertMonitor.Id
                            ]]>
                            </name>
                            <value>
                            <![CDATA[
                            ID
                            ]]>
                            </value>
                        </Row>
                        <Row>
                            <name>
                            <![CDATA[
                            PTC.Factory.AlertMonitor.SourceType
                            ]]>
                            </name>
                            <value>
                            <![CDATA[
                            Type de source
                            ]]>
                            </value>
                        </Row>
                        <Row>
                            <name>
                            <![CDATA[
                            PTC.Factory.AlertMonitor.Alert
                            ]]>
                            </name>
                            <value>
                            <![CDATA[
                            Alerte : {0}
                            ]]>
                            </value>
                        </Row>
                        <Row>
                            <name>
                            <![CDATA[
                            PTC.Factory.AlertMonitor.Details
                            ]]>
                            </name>
                            <value>
                            <![CDATA[
                            Détails
                            ]]>
                            </value>
                        </Row>
                        <Row>
                            <name>
                            <![CDATA[
                            PTC.Factory.AlertMonitor.AcknowledgeAlertsTitle
                            ]]>
                            </name>
                            <value>
                            <![CDATA[
                            CONFIRMER LES ALERTES
                            ]]>
                            </value>
                        </Row>
                        <Row>
                            <name>
                            <![CDATA[
                            PTC.Factory.AlertMonitor.AcknowledgeAlerts
                            ]]>
                            </name>
                            <value>
                            <![CDATA[
                            Confirmer les alertes
                            ]]>
                            </value>
                        </Row>
                        <Row>
                            <name>
                            <![CDATA[
                            PTC.Factory.AlertMonitor.AcknowledgeAllAlerts
                            ]]>
                            </name>
                            <value>
                            <![CDATA[
                            Confirmer toutes les alertes
                            ]]>
                            </value>
                        </Row>
                        <Row>
                            <name>
                            <![CDATA[
                            PTC.Factory.AlertMonitor.AcknowledgeSelectedAlerts
                            ]]>
                            </name>
                            <value>
                            <![CDATA[
                            Confirmer l'alerte sélectionnée
                            ]]>
                            </value>
                        </Row>
                        <Row>
                            <name>
                            <![CDATA[
                            PTC.Factory.AlertMonitor.IgnoreAcknowledgeForNonActiveAlert
                            ]]>
                            </name>
                            <value>
                            <![CDATA[
                            Votre commentaire d'alerte n'a pas été appliqué car cette alerte n'est plus active.
                            ]]>
                            </value>
                        </Row>
                        <Row>
                            <name>
                            <![CDATA[
                            PTC.Factory.AlertMonitor.MyAlertsOnly
                            ]]>
                            </name>
                            <value>
                            <![CDATA[
                            Afficher mes alertes uniquement
                            ]]>
                            </value>
                        </Row>
                        <Row>
                            <name>
                            <![CDATA[
                            PTC.Factory.AlertMonitor.AlertRecipients
                            ]]>
                            </name>
                            <value>
                            <![CDATA[
                            Alerter les destinataires
                            ]]>
                            </value>
                        </Row>
                        <Row>
                            <name>
                            <![CDATA[
                            PTC.Factory.AlertEditor.IntegerValueOutOfRange
                            ]]>
                            </name>
                            <value>
                            <![CDATA[
                            Valeur hors plage (entre -2 147 483 648 et 2 147 483 647).
                            ]]>
                            </value>
                        </Row>
                        <Row>
                            <name>
                            <![CDATA[
                            PTC.SCA.Common.Alert.DeleteRecipientTooltip
                            ]]>
                            </name>
                            <value>
                            <![CDATA[
                            Supprimer le destinataire
                            ]]>
                            </value>
                        </Row>
                        <Row>
                            <name>
                            <![CDATA[
                            PTC.SCA.Common.Language.English
                            ]]>
                            </name>
                            <value>
                            <![CDATA[
                            Anglais
                            ]]>
                            </value>
                        </Row>
                        <Row>
                            <name>
                            <![CDATA[
                            PTC.SCA.Common.Language.Japanese
                            ]]>
                            </name>
                            <value>
                            <![CDATA[
                            Japonais
                            ]]>
                            </value>
                        </Row>
                        <Row>
                            <name>
                            <![CDATA[
                            PTC.SCA.Common.Language.German
                            ]]>
                            </name>
                            <value>
                            <![CDATA[
                            Allemand
                            ]]>
                            </value>
                        </Row>
                        <Row>
                            <name>
                            <![CDATA[
                            PTC.SCA.Common.Language.SimplifiedChinese
                            ]]>
                            </name>
                            <value>
                            <![CDATA[
                            Chinois simplifié
                            ]]>
                            </value>
                        </Row>
                        <Row>
                            <name>
                            <![CDATA[
                            PTC.SCA.Common.Language.French
                            ]]>
                            </name>
                            <value>
                            <![CDATA[
                            Français
                            ]]>
                            </value>
                        </Row>
                        <Row>
                            <name>
                            <![CDATA[
                            PTC.SCA.Common.Language.Italian
                            ]]>
                            </name>
                            <value>
                            <![CDATA[
                            Italien
                            ]]>
                            </value>
                        </Row>
                        <Row>
                            <name>
                            <![CDATA[
                            PTC.SCA.Common.Language.Korean
                            ]]>
                            </name>
                            <value>
                            <![CDATA[
                            Coréen
                            ]]>
                            </value>
                        </Row>
                        <Row>
                            <name>
                            <![CDATA[
                            PTC.SCA.Common.Language.Spanish
                            ]]>
                            </name>
                            <value>
                            <![CDATA[
                            Espagnol
                            ]]>
                            </value>
                        </Row>
                        <Row>
                            <name>
                            <![CDATA[
                            PTC.SCA.Common.Language.TraditionalChinese
                            ]]>
                            </name>
                            <value>
                            <![CDATA[
                            Chinois traditionnel
                            ]]>
                            </value>
                        </Row>
                        <Row>
                            <name>
                            <![CDATA[
                            PTC.SCA.Common.Language.Russian
                            ]]>
                            </name>
                            <value>
                            <![CDATA[
                            Russe
                            ]]>
                            </value>
                        </Row>
                        <Row>
                            <name>
                            <![CDATA[
                            PTC.Factory.Highest
                            ]]>
                            </name>
                            <value>
                            <![CDATA[
                            la plus haute
                            ]]>
                            </value>
                        </Row>
                        <Row>
                            <name>
                            <![CDATA[
                            PTC.Factory.Lowest
                            ]]>
                            </name>
                            <value>
                            <![CDATA[
                            la plus basse
                            ]]>
                            </value>
                        </Row>
                        <Row>
                            <name>
                            <![CDATA[
                            PTC.Factory.Alert.OverrideHelpText
                            ]]>
                            </name>
                            <value>
                            <![CDATA[
                            <span style='color:#232B2D'>Cette alerte est héritée du modèle d'objet pour ce type d'équipement. Sélectionnez <b>Remplacer</b> pour modifier cette alerte et l'enregistrer en tant que nouvelle alerte pour cet équipement.</span>
                            ]]>
                            </value>
                        </Row>
                        <Row>
                            <name>
                            <![CDATA[
                            PTC.Factory.Alert.OverrideWithColon
                            ]]>
                            </name>
                            <value>
                            <![CDATA[
                            Remplacer :
                            ]]>
                            </value>
                        </Row>
                        <Row>
                            <name>
                            <![CDATA[
                            PTC.SCA.SCO.AlertMonitor.FilterHeader
                            ]]>
                            </name>
                            <value>
                            <![CDATA[
                            Filtre de structure
                            ]]>
                            </value>
                        </Row>
                        <Row>
                            <name>
                            <![CDATA[
                            PTC.SCA.SCO.EnableAlertRollup
                            ]]>
                            </name>
                            <value>
                            <![CDATA[
                            Cumuler le nombre d'alertes actives
                            ]]>
                            </value>
                        </Row>
                        <Row>
                            <name>
                            <![CDATA[
                            PTC.SCA.SCO.HaveNoRuntimeWritePermission
                            ]]>
                            </name>
                            <value>
                            <![CDATA[
                            Vous ne disposez pas des permissions requises pour modifier cet équipement.
                            ]]>
                            </value>
                        </Row>
                    </Rows>
                </ConfigurationTable>
            </ConfigurationTables>
        </LocalizationTable>
    </LocalizationTables>
</Entities>
