<?xml version="1.0" encoding="UTF-8"?>
<Entities>
	<ExtensionPackages>
		<ExtensionPackage name="MessageFormatWidget-extension"
						  description="Message Format Widget"
						  vendor="PTC"
						  packageVersion="9.1.0"
						  buildNumber="02"
                          minimumThingWorxVersion="8.3.0"
                          haCompatible="true" />
	</ExtensionPackages>
	<Widgets>
        <Widget name="messageformat">
            <UIResources>
                <FileResource description="Message format widget, ide javascript" file="messageformat.ide.js" isDevelopment="true" isRuntime="false" type="JS"/>
                <FileResource description="Message format widget css" file="messageformat.ide.css" isDevelopment="true" isRuntime="false" type="CSS"/>
                <FileResource description="Message format widget, runtime javascript" file="messageformat.runtime.js" isDevelopment="false" isRuntime="true" type="JS"/>
                <FileResource description="Message format widget runtime css" file="messageformat.runtime.css" isDevelopment="false" isRuntime="true" type="CSS"/>
            </UIResources>
        </Widget>
    </Widgets>
</Entities>
