<?xml version="1.0" encoding="UTF-8" standalone="no"?>
<Entities build="b67" majorVersion="8" minorVersion="5" modelPersistenceProviderPackage="H2PersistenceProviderPackage" revision="5" schemaVersion="1054" universal="password">
    <Things>
        <Thing description="Data Table used to persist Azure OPC UA Property mappings." documentationContent="" effectiveThingPackage="DataTableThing" enabled="true" homeMashup="DataTableEditor" identifier="" lastModifiedDate="2020-03-24T17:24:12.871Z" name=" AzureOpcUaPropertyMapDataTable" projectName="" published="false" tags="Applications:AzureConfiguration" thingTemplate="DataTable" valueStream="">
            <Owner name="Administrator" type="User"/>
            <avatar/>
            <DesignTimePermissions>
                <Create/>
                <Read/>
                <Update/>
                <Delete/>
                <Metadata/>
            </DesignTimePermissions>
            <RunTimePermissions>
                <Permissions resourceName="*">
                    <PropertyRead/>
                    <PropertyWrite/>
                    <ServiceInvoke>
                        <Principal isPermitted="true" name="ConnectorUserGroup" type="Group"/>
                    </ServiceInvoke>
                    <EventInvoke/>
                    <EventSubscribe/>
                </Permissions>
            </RunTimePermissions>
            <VisibilityPermissions>
                <Visibility/>
            </VisibilityPermissions>
            <ConfigurationTableDefinitions/>
            <ConfigurationTables>
                <ConfigurationTable description="Data Thing Configuration" isMultiRow="false" name="DataThingSettings" ordinal="0">
                    <DataShape>
                        <FieldDefinitions>
                            <FieldDefinition baseType="STRING" description="Persistence Provider Name" name="persistenceProvider" ordinal="0"/>
                        </FieldDefinitions>
                    </DataShape>
                    <Rows>
                        <Row>
                            <persistenceProvider><![CDATA[ThingworxPersistenceProvider]]></persistenceProvider>
                        </Row>
                    </Rows>
                </ConfigurationTable>
                <ConfigurationTable description="Data Shape Configuration" isMultiRow="false" name="Settings" ordinal="0">
                    <DataShape>
                        <FieldDefinitions>
                            <FieldDefinition aspect.friendlyName="Data Shape" baseType="DATASHAPENAME" description="Data shape" name="dataShape" ordinal="0"/>
                        </FieldDefinitions>
                    </DataShape>
                    <Rows>
                        <Row>
                            <accumulatedDataShape>
                                <json><![CDATA[{"fieldDefinitions":{"propertyName":{"name":"propertyName","aspects":{"isPrimaryKey":true},"description":"The property name mapping for a given Application URI and Node ID","baseType":"STRING","ordinal":3},"endpointId":{"name":"endpointId","aspects":{"isPrimaryKey":false},"description":"The ID of the OPC UA Endpoint. This is also the name of the IndustrialGateway Thing.","baseType":"STRING","ordinal":0},"nodeId":{"name":"nodeId","aspects":{"isPrimaryKey":false},"description":"The OPC UA Node ID","baseType":"STRING","ordinal":2},"industrialThing":{"name":"industrialThing","aspects":{"thingShape":"IndustrialThingShape","isPrimaryKey":true},"description":"The IndustrialThing mapping for a give Application URI and Node ID","baseType":"String","ordinal":1},"subscriptionRate":{"name":"updateRate","aspects":{"isPrimaryKey":false},"description":"The rate at which the property is updated","baseType":"STRING","ordinal":4}}}]]></json>
                            </accumulatedDataShape>
                            <dataShape><![CDATA[AzureOpcUaPropertyMapDataShape]]></dataShape>
                        </Row>
                    </Rows>
                </ConfigurationTable>
                <ConfigurationTable description="Index Settings" isMultiRow="true" name="Indexes" ordinal="1">
                    <DataShape>
                        <FieldDefinitions>
                            <FieldDefinition aspect.friendlyName="Index Field Names" baseType="STRING" description="Index fields" name="fieldNames" ordinal="1"/>
                            <FieldDefinition aspect.friendlyName="Index Name" baseType="STRING" description="Index name" name="name" ordinal="0"/>
                        </FieldDefinitions>
                    </DataShape>
                    <Rows>
                        <Row>
                            <fieldNames><![CDATA[industrialThing;propertyName]]></fieldNames>
                            <name><![CDATA[Thing Property]]></name>
                        </Row>
                        <Row>
                            <fieldNames><![CDATA[endpointId;nodeId]]></fieldNames>
                            <name><![CDATA[Endpoint and Node IDs]]></name>
                        </Row>
                    </Rows>
                </ConfigurationTable>
                <ConfigurationTable description="Configurable options to tune Data Table performance" isMultiRow="false" name="PersistenceProviderCustomSettings" ordinal="2">
                    <DataShape>
                        <FieldDefinitions>
                            <FieldDefinition aspect.friendlyName="Persistence Provider Custom Settings Table" baseType="INFOTABLE" description="Persistence Provider Custom Config Table" name="customConfigTable" ordinal="0"/>
                        </FieldDefinitions>
                    </DataShape>
                    <Rows>
                        <Row>
                            <customConfigTable>
                                <infoTable>
                                    <DataShape>
                                        <FieldDefinitions/>
                                    </DataShape>
                                    <Rows/>
                                </infoTable>
                            </customConfigTable>
                        </Row>
                    </Rows>
                </ConfigurationTable>
            </ConfigurationTables>
            <ThingShape>
                <PropertyDefinitions/>
                <ServiceDefinitions/>
                <EventDefinitions/>
                <ServiceMappings/>
                <ServiceImplementations/>
                <Subscriptions/>
            </ThingShape>
            <PropertyBindings/>
            <RemotePropertyBindings/>
            <RemoteServiceBindings/>
            <RemoteEventBindings/>
            <AlertConfigurations/>
            <ImplementedShapes/>
            <ThingProperties/>
            <ConfigurationChanges>
                <ConfigurationChange changeAction="CREATE" changeReason="header : name : updated, homeMashup : updated&#10;configuration : dataShape : updated, Indexes : updated&#10;" timestamp="2020-03-24T17:24:12.871Z" user="Administrator"/>
            </ConfigurationChanges>
        </Thing>
    </Things>
</Entities>
