<?xml version="1.0" encoding="utf-8"?><Entities><ExtensionPackages><ExtensionPackage name="AssetRemoting-extension" haCompatible="true" description="Asset Remoting Extension" vendor="PTC" packageVersion="9.1.0" buildNumber="02" minimumThingWorxVersion="8.1.0" dependsOn="SCO_Common-extension,WebSocketTunnel_ExtensionPackage" licensed="true" licenseName="twx_mfg_common" namedLicensedGroup="twx_mfg_common_named"><JarResources><FileResource file="sco-AssetRemoting-extension.jar" type="JAR"></FileResource></JarResources></ExtensionPackage></ExtensionPackages></Entities>