<?xml version="1.0" encoding="UTF-8"?>
<Entities>
    <ExtensionPackages>
        <ExtensionPackage name="Azure_ExtensionPackage"
                          description="Azure Extension"
                          vendor="ThingWorx Customer Service"
                          packageVersion="4.1.0"
                          minimumThingWorxVersion="9.0.0"
                          haCompatible="true"
                          dependsOn="ConnectionServicesExtension:2.0.0">

            <JarResources>
                <FileResource type="JAR" file="azure-iot-hub-adapter-extension-4.1.0.17.jar" description="azure-iot-hub-adapter-extension-4.1.0.17.jar" />

            </JarResources>
        </ExtensionPackage>
    </ExtensionPackages>
    
    <ThingPackages>
        <ThingPackage name="AzureIotThing" description="A thing that lives in Microsoft Azure IoT"
                      className="com.thingworx.extension.azure.iot.thing.AzureIotThing" aspect.isSystemObject="false"/>
        <ThingPackage name="AzureStorageContainerFileRepositoryPackage" description="Azure FileRepository"
                      className="com.thingworx.extension.azure.iot.thing.AzureStorageContainerFileRepositoryTemplate" aspect.isSystemObject="false"/>
    </ThingPackages>

    <ThingTemplates>
        <ThingTemplate name="AzureIotThing" description="Template for a thing that lives in Microsoft Azure IoT"
                       thingPackage="AzureIotThing" aspect.isSystemObject="false">
            <ImplementedShapes>
                <ImplementedShape name="RoutedEgress"/>
            </ImplementedShapes>
            <avatar></avatar>
        </ThingTemplate>
        <ThingTemplate name="AzureStorageContainerFileRepository" description="FileRepository using Azure Storage"
                       thingPackage="AzureStorageContainerFileRepositoryPackage" aspect.isSystemObject="false">
            <avatar></avatar>
        </ThingTemplate>
    </ThingTemplates>
</Entities>
