<?xml version="1.0" encoding="UTF-8"?>
<Entities
 build="b8238"
 majorVersion="0"
 minorVersion="0"
 modelPersistenceProviderPackage="PostgresPersistenceProviderPackage"
 revision="0"
 schemaVersion="1100"
 universal="password">
    <Things>
        <Thing
         aspect.isEditableExtensionObject="true"
         aspect.isExtension="true"
         description="Default production order manager Thing {PTC.SCA.SCO.DefaultProductionOrderManager}"
         documentationContent=""
         effectiveThingPackage="ConfiguredThing"
         enabled="true"
         homeMashup=""
         identifier=""
         lastModifiedDate="2020-01-01T02:55:19.862-05:00"
         name="PTC.SCA.SCO.DefaultProductionOrderManager"
         projectName="PTC.SCA.SCO.JobOrder.Manager"
         published="false"
         tags="PTC:sca-sco;PTC:Thing;PTC:sca-sco-joborder-manager"
         thingTemplate="PTC.SCA.SCO.JobOrderManagerThingTemplate"
         valueStream="">
            <avatar></avatar>
            <DesignTimePermissions>
                <Create></Create>
                <Read></Read>
                <Update></Update>
                <Delete></Delete>
                <Metadata></Metadata>
            </DesignTimePermissions>
            <RunTimePermissions></RunTimePermissions>
            <VisibilityPermissions>
                <Visibility></Visibility>
            </VisibilityPermissions>
            <ConfigurationTableDefinitions></ConfigurationTableDefinitions>
            <ConfigurationTables>
                <ConfigurationTable
                 dataShapeName=""
                 description=""
                 isMultiRow="true"
                 name="ServiceConfigurationSettings"
                 ordinal="0">
                    <DataShape>
                        <FieldDefinitions>
                            <FieldDefinition
                             aspect.isPrimaryKey="false"
                             baseType="STRING"
                             description=""
                             name="createServiceName"
                             ordinal="2"></FieldDefinition>
                            <FieldDefinition
                             aspect.isPrimaryKey="true"
                             baseType="DATASHAPENAME"
                             description=""
                             name="dataShapeName"
                             ordinal="1"></FieldDefinition>
                        </FieldDefinitions>
                    </DataShape>
                    <Rows>
                        <Row>
                            <createServiceName>
                            <![CDATA[
                            CreateJobOrders
                            ]]>
                            </createServiceName>
                            <dataShapeName>
                            <![CDATA[
                            PTC.SCA.SCO.JobOrder
                            ]]>
                            </dataShapeName>
                        </Row>
                        <Row>
                            <createServiceName>
                            <![CDATA[
                            CreateAssemblyRelationships
                            ]]>
                            </createServiceName>
                            <dataShapeName>
                            <![CDATA[
                            PTC.SCA.SCO.AssemblyRelationship
                            ]]>
                            </dataShapeName>
                        </Row>
                        <Row>
                            <createServiceName>
                            <![CDATA[
                            CreateAssemblyTypes
                            ]]>
                            </createServiceName>
                            <dataShapeName>
                            <![CDATA[
                            PTC.SCA.SCO.AssemblyType
                            ]]>
                            </dataShapeName>
                        </Row>
                        <Row>
                            <createServiceName>
                            <![CDATA[
                            CreateCommands
                            ]]>
                            </createServiceName>
                            <dataShapeName>
                            <![CDATA[
                            PTC.SCA.SCO.Command
                            ]]>
                            </dataShapeName>
                        </Row>
                        <Row>
                            <createServiceName>
                            <![CDATA[
                            CreateDispatchStatuses
                            ]]>
                            </createServiceName>
                            <dataShapeName>
                            <![CDATA[
                            PTC.SCA.SCO.DispatchStatus
                            ]]>
                            </dataShapeName>
                        </Row>
                        <Row>
                            <createServiceName>
                            <![CDATA[
                            CreateJobOrderMaterialRequirements
                            ]]>
                            </createServiceName>
                            <dataShapeName>
                            <![CDATA[
                            PTC.SCA.SCO.JobOrderMaterialRequirement
                            ]]>
                            </dataShapeName>
                        </Row>
                        <Row>
                            <createServiceName>
                            <![CDATA[
                            CreateJobOrderMaterialRequirementLinks
                            ]]>
                            </createServiceName>
                            <dataShapeName>
                            <![CDATA[
                            PTC.SCA.SCO.JobOrderMaterialRequirementLink
                            ]]>
                            </dataShapeName>
                        </Row>
                        <Row>
                            <createServiceName>
                            <![CDATA[
                            CreateJobOrderPersonnelRequirements
                            ]]>
                            </createServiceName>
                            <dataShapeName>
                            <![CDATA[
                            PTC.SCA.SCO.JobOrderPersonnelRequirement
                            ]]>
                            </dataShapeName>
                        </Row>
                        <Row>
                            <createServiceName>
                            <![CDATA[
                            CreateJobOrderProcessingResourceRequirements
                            ]]>
                            </createServiceName>
                            <dataShapeName>
                            <![CDATA[
                            PTC.SCA.SCO.JobOrderProcessingResourceRequirement
                            ]]>
                            </dataShapeName>
                        </Row>
                        <Row>
                            <createServiceName>
                            <![CDATA[
                            CreateMaterialClasses
                            ]]>
                            </createServiceName>
                            <dataShapeName>
                            <![CDATA[
                            PTC.SCA.SCO.MaterialClass
                            ]]>
                            </dataShapeName>
                        </Row>
                        <Row>
                            <createServiceName>
                            <![CDATA[
                            CreateMaterialClassLinks
                            ]]>
                            </createServiceName>
                            <dataShapeName>
                            <![CDATA[
                            PTC.SCA.SCO.MaterialClassLink
                            ]]>
                            </dataShapeName>
                        </Row>
                        <Row>
                            <createServiceName>
                            <![CDATA[
                            CreateMaterialDefinitionLinks
                            ]]>
                            </createServiceName>
                            <dataShapeName>
                            <![CDATA[
                            PTC.SCA.SCO.MaterialDefinitionLink
                            ]]>
                            </dataShapeName>
                        </Row>
                        <Row>
                            <createServiceName>
                            <![CDATA[
                            CreateMaterialDefinitions
                            ]]>
                            </createServiceName>
                            <dataShapeName>
                            <![CDATA[
                            PTC.SCA.SCO.MaterialDefinition
                            ]]>
                            </dataShapeName>
                        </Row>
                        <Row>
                            <createServiceName>
                            <![CDATA[
                            CreateMaterialDefinitionToClassLinks
                            ]]>
                            </createServiceName>
                            <dataShapeName>
                            <![CDATA[
                            PTC.SCA.SCO.MaterialDefinitionToClassLink
                            ]]>
                            </dataShapeName>
                        </Row>
                        <Row>
                            <createServiceName>
                            <![CDATA[
                            CreateMaterialLotLinks
                            ]]>
                            </createServiceName>
                            <dataShapeName>
                            <![CDATA[
                            PTC.SCA.SCO.MaterialLotLink
                            ]]>
                            </dataShapeName>
                        </Row>
                        <Row>
                            <createServiceName>
                            <![CDATA[
                            CreateMaterialLots
                            ]]>
                            </createServiceName>
                            <dataShapeName>
                            <![CDATA[
                            PTC.SCA.SCO.MaterialLot
                            ]]>
                            </dataShapeName>
                        </Row>
                        <Row>
                            <createServiceName>
                            <![CDATA[
                            CreateMaterialSubLotLinks
                            ]]>
                            </createServiceName>
                            <dataShapeName>
                            <![CDATA[
                            PTC.SCA.SCO.MaterialSubLotLink
                            ]]>
                            </dataShapeName>
                        </Row>
                        <Row>
                            <createServiceName>
                            <![CDATA[
                            CreateMaterialSubLots
                            ]]>
                            </createServiceName>
                            <dataShapeName>
                            <![CDATA[
                            PTC.SCA.SCO.MaterialSubLot
                            ]]>
                            </dataShapeName>
                        </Row>
                        <Row>
                            <createServiceName>
                            <![CDATA[
                            CreateMaterialUses
                            ]]>
                            </createServiceName>
                            <dataShapeName>
                            <![CDATA[
                            PTC.SCA.SCO.MaterialUse
                            ]]>
                            </dataShapeName>
                        </Row>
                        <Row>
                            <createServiceName>
                            <![CDATA[
                            CreatePersonnelClasses
                            ]]>
                            </createServiceName>
                            <dataShapeName>
                            <![CDATA[
                            PTC.SCA.SCO.PersonnelClass
                            ]]>
                            </dataShapeName>
                        </Row>
                        <Row>
                            <createServiceName>
                            <![CDATA[
                            CreatePersonnelUses
                            ]]>
                            </createServiceName>
                            <dataShapeName>
                            <![CDATA[
                            PTC.SCA.SCO.PersonnelUse
                            ]]>
                            </dataShapeName>
                        </Row>
                        <Row>
                            <createServiceName>
                            <![CDATA[
                            CreatePersons
                            ]]>
                            </createServiceName>
                            <dataShapeName>
                            <![CDATA[
                            PTC.SCA.SCO.Person
                            ]]>
                            </dataShapeName>
                        </Row>
                        <Row>
                            <createServiceName>
                            <![CDATA[
                            CreatePersonToClassLinks
                            ]]>
                            </createServiceName>
                            <dataShapeName>
                            <![CDATA[
                            PTC.SCA.SCO.PersonToClassLink
                            ]]>
                            </dataShapeName>
                        </Row>
                        <Row>
                            <createServiceName>
                            <![CDATA[
                            CreateProcessingResourceClasses
                            ]]>
                            </createServiceName>
                            <dataShapeName>
                            <![CDATA[
                            PTC.SCA.SCO.ProcessingResourceClass
                            ]]>
                            </dataShapeName>
                        </Row>
                        <Row>
                            <createServiceName>
                            <![CDATA[
                            CreateProcessingResources
                            ]]>
                            </createServiceName>
                            <dataShapeName>
                            <![CDATA[
                            PTC.SCA.SCO.ProcessingResource
                            ]]>
                            </dataShapeName>
                        </Row>
                        <Row>
                            <createServiceName>
                            <![CDATA[
                            CreateProcessingResourceToClassLinks
                            ]]>
                            </createServiceName>
                            <dataShapeName>
                            <![CDATA[
                            PTC.SCA.SCO.ProcessingResourceToClassLink
                            ]]>
                            </dataShapeName>
                        </Row>
                        <Row>
                            <createServiceName>
                            <![CDATA[
                            CreateStatuses
                            ]]>
                            </createServiceName>
                            <dataShapeName>
                            <![CDATA[
                            PTC.SCA.SCO.Status
                            ]]>
                            </dataShapeName>
                        </Row>
                        <Row>
                            <createServiceName>
                            <![CDATA[
                            CreateWorkDefinitionControlCharacteristicResponses
                            ]]>
                            </createServiceName>
                            <dataShapeName>
                            <![CDATA[
                            PTC.SCA.SCO.WorkDefinitionControlCharacteristicResponse
                            ]]>
                            </dataShapeName>
                        </Row>
                        <Row>
                            <createServiceName>
                            <![CDATA[
                            CreateWorkDefinitionControlCharacteristics
                            ]]>
                            </createServiceName>
                            <dataShapeName>
                            <![CDATA[
                            PTC.SCA.SCO.WorkDefinitionControlCharacteristic
                            ]]>
                            </dataShapeName>
                        </Row>
                        <Row>
                            <createServiceName>
                            <![CDATA[
                            CreateWorkDefinitionExecutionStatuses
                            ]]>
                            </createServiceName>
                            <dataShapeName>
                            <![CDATA[
                            PTC.SCA.SCO.WorkDefinitionExecutionStatus
                            ]]>
                            </dataShapeName>
                        </Row>
                        <Row>
                            <createServiceName>
                            <![CDATA[
                            CreateWorkDefinitionIllustrations
                            ]]>
                            </createServiceName>
                            <dataShapeName>
                            <![CDATA[
                            PTC.SCA.SCO.WorkDefinitionIllustration
                            ]]>
                            </dataShapeName>
                        </Row>
                        <Row>
                            <createServiceName>
                            <![CDATA[
                            CreateWorkDefinitionLinks
                            ]]>
                            </createServiceName>
                            <dataShapeName>
                            <![CDATA[
                            PTC.SCA.SCO.WorkDefinitionLink
                            ]]>
                            </dataShapeName>
                        </Row>
                        <Row>
                            <createServiceName>
                            <![CDATA[
                            CreateWorkDefinitionMaterialSpecificationInstances
                            ]]>
                            </createServiceName>
                            <dataShapeName>
                            <![CDATA[
                            PTC.SCA.SCO.WorkDefinitionMaterialSpecificationInstance
                            ]]>
                            </dataShapeName>
                        </Row>
                        <Row>
                            <createServiceName>
                            <![CDATA[
                            CreateWorkDefinitionMaterialSpecificationLinks
                            ]]>
                            </createServiceName>
                            <dataShapeName>
                            <![CDATA[
                            PTC.SCA.SCO.WorkDefinitionMaterialSpecificationLink
                            ]]>
                            </dataShapeName>
                        </Row>
                        <Row>
                            <createServiceName>
                            <![CDATA[
                            CreateWorkDefinitionMaterialSpecifications
                            ]]>
                            </createServiceName>
                            <dataShapeName>
                            <![CDATA[
                            PTC.SCA.SCO.WorkDefinitionMaterialSpecification
                            ]]>
                            </dataShapeName>
                        </Row>
                        <Row>
                            <createServiceName>
                            <![CDATA[
                            CreateWorkDefinitionPersonnelSpecifications
                            ]]>
                            </createServiceName>
                            <dataShapeName>
                            <![CDATA[
                            PTC.SCA.SCO.WorkDefinitionPersonnelSpecification
                            ]]>
                            </dataShapeName>
                        </Row>
                        <Row>
                            <createServiceName>
                            <![CDATA[
                            CreateWorkDefinitionProcessingResourceSpecifications
                            ]]>
                            </createServiceName>
                            <dataShapeName>
                            <![CDATA[
                            PTC.SCA.SCO.WorkDefinitionProcessingResourceSpecification
                            ]]>
                            </dataShapeName>
                        </Row>
                        <Row>
                            <createServiceName>
                            <![CDATA[
                            CreateWorkDefinitionRelatedDocuments
                            ]]>
                            </createServiceName>
                            <dataShapeName>
                            <![CDATA[
                            PTC.SCA.SCO.WorkDefinitionRelatedDocument
                            ]]>
                            </dataShapeName>
                        </Row>
                        <Row>
                            <createServiceName>
                            <![CDATA[
                            CreateWorkDefinitions
                            ]]>
                            </createServiceName>
                            <dataShapeName>
                            <![CDATA[
                            PTC.SCA.SCO.WorkDefinition
                            ]]>
                            </dataShapeName>
                        </Row>
                        <Row>
                            <createServiceName>
                            <![CDATA[
                            CreateWorkTypes
                            ]]>
                            </createServiceName>
                            <dataShapeName>
                            <![CDATA[
                            PTC.SCA.SCO.WorkType
                            ]]>
                            </dataShapeName>
                        </Row>
                        <Row>
                            <createServiceName>
                            <![CDATA[
                            CreateJobOrderWorkDefinitionLinks
                            ]]>
                            </createServiceName>
                            <dataShapeName>
                            <![CDATA[
                            PTC.SCA.SCO.JobOrderWorkDefinitionLink
                            ]]>
                            </dataShapeName>
                        </Row>
                        <Row>
                            <createServiceName>
                            <![CDATA[
                            CreateWorkDefinitionMetadatas
                            ]]>
                            </createServiceName>
                            <dataShapeName>
                            <![CDATA[
                            PTC.SCA.SCO.WorkDefinitionMetadata
                            ]]>
                            </dataShapeName>
                        </Row>
                        <Row>
                            <createServiceName>
                            <![CDATA[
                            CreateExternalSystems
                            ]]>
                            </createServiceName>
                            <dataShapeName>
                            <![CDATA[
                            PTC.SCA.SCO.ExternalSystem
                            ]]>
                            </dataShapeName>
                        </Row>
                    </Rows>
                </ConfigurationTable>
            </ConfigurationTables>
            <ThingShape>
                <PropertyDefinitions></PropertyDefinitions>
                <ServiceDefinitions></ServiceDefinitions>
                <EventDefinitions></EventDefinitions>
                <ServiceMappings></ServiceMappings>
                <ServiceImplementations></ServiceImplementations>
                <Subscriptions></Subscriptions>
            </ThingShape>
            <PropertyBindings></PropertyBindings>
            <RemotePropertyBindings></RemotePropertyBindings>
            <RemoteServiceBindings></RemoteServiceBindings>
            <RemoteEventBindings></RemoteEventBindings>
            <AlertConfigurations></AlertConfigurations>
            <ImplementedShapes></ImplementedShapes>
            <ThingProperties></ThingProperties>
        </Thing>
    </Things>
</Entities>
