<?xml version="1.0" encoding="UTF-8"?>
<Entities
 build="b1213"
 majorVersion="8"
 minorVersion="4"
 modelPersistenceProviderPackage="PostgresPersistenceProviderPackage"
 revision="0"
 schemaVersion="1040"
 universal="">
    <Mashups>
        <Mashup
         aspect.isEditableExtensionObject="false"
         aspect.isExtension="true"
         aspect.isResponsive="false"
         aspect.mashupType="mashup"
         columns="0.0"
         description=""
         documentationContent=""
         homeMashup=""
         lastModifiedDate="2018-10-11T09:37:02.544-04:00"
         name="PTC.SCA.SCO.ClientDownloadMashup"
         projectName="PTC.SCA.SCO.RemoteAccess.Display"
         rows="0.0"
         tags="PTC:sca-sco;PTC:Mashup;PTC:sca-sco-remoteaccess-display">
            <avatar></avatar>
            <DesignTimePermissions>
                <Create></Create>
                <Read></Read>
                <Update></Update>
                <Delete></Delete>
                <Metadata></Metadata>
            </DesignTimePermissions>
            <RunTimePermissions></RunTimePermissions>
            <VisibilityPermissions>
                <Visibility>
                    <Principal
                     isPermitted="true"
                     name="PTC.Factory.MachineVisibility:AssetPerformance"
                     type="OrganizationalUnit"></Principal>
                </Visibility>
            </VisibilityPermissions>
            <ConfigurationTableDefinitions></ConfigurationTableDefinitions>
            <ConfigurationTables></ConfigurationTables>
            <ParameterDefinitions>
                <FieldDefinition
                 aspect.ordinal="0"
                 baseType="STRING"
                 description=""
                 name="SessionId"
                 ordinal="0"></FieldDefinition>
            </ParameterDefinitions>
            <Things></Things>
            <ThingShapes></ThingShapes>
            <ThingTemplates></ThingTemplates>
            <mashupContent>
            <![CDATA[
            {
              "CustomMashupCss" : "",
              "Data" : {
                "Session" : {
                  "DataName" : "Session",
                  "EntityName" : "",
                  "EntityType" : "Session",
                  "Id" : "session",
                  "Services" : [ {
                    "APIMethod" : "post",
                    "Characteristic" : "Services",
                    "Id" : "SessionInterface",
                    "Name" : "GetGlobalSessionValues",
                    "Parameters" : { },
                    "RefreshInterval" : 0,
                    "Target" : "GetGlobalSessionValues"
                  } ]
                },
                "UserExtensions" : {
                  "DataName" : "UserExtensions",
                  "EntityName" : "",
                  "EntityType" : "UserExtensions",
                  "Id" : "UserExtensions",
                  "Services" : [ {
                    "APIMethod" : "post",
                    "Characteristic" : "Services",
                    "Id" : "UserExtensionInterface",
                    "Name" : "GetCurrentUserExtensionProperties",
                    "Parameters" : { },
                    "RefreshInterval" : 0,
                    "Target" : "GetCurrentUserExtensionProperties"
                  } ]
                }
              },
              "DataBindings" : [ {
                "Id" : "6aaad6f3-688a-48ed-a0b6-c79ba2580270",
                "PropertyMaps" : [ {
                  "SourceProperty" : "SessionId",
                  "SourcePropertyBaseType" : "STRING",
                  "SourcePropertyType" : "Property",
                  "TargetProperty" : "SessionId",
                  "TargetPropertyBaseType" : "GUID",
                  "TargetPropertyType" : "property"
                } ],
                "SourceArea" : "Mashup",
                "SourceId" : "mashup-root",
                "SourceSection" : "",
                "TargetArea" : "UI",
                "TargetId" : "raClientLinker-6",
                "TargetSection" : ""
              } ],
              "DesignTimePermissions" : {
                "Create" : [ ],
                "Delete" : [ ],
                "Metadata" : [ ],
                "Read" : [ ],
                "Update" : [ ]
              },
              "Events" : [ {
                "EventHandlerArea" : "Mashup",
                "EventHandlerId" : "mashup-root",
                "EventHandlerService" : "CloseIfPopup",
                "EventTriggerArea" : "UI",
                "EventTriggerEvent" : "ClientLaunched",
                "EventTriggerId" : "raClientLinker-5",
                "EventTriggerSection" : "",
                "Id" : "6847f95e-5f78-47de-aeec-fa75fc5c1410"
              }, {
                "EventHandlerArea" : "Mashup",
                "EventHandlerId" : "mashup-root",
                "EventHandlerService" : "CloseIfPopup",
                "EventTriggerArea" : "UI",
                "EventTriggerEvent" : "ClientLaunched",
                "EventTriggerId" : "raClientLinker-6",
                "EventTriggerSection" : "",
                "Id" : "57362870-0bf4-484e-b681-f7aa5fa72e28"
              }, {
                "EventHandlerArea" : "UI",
                "EventHandlerId" : "raClientLinker-6",
                "EventHandlerService" : "LaunchClient",
                "EventTriggerArea" : "UI",
                "EventTriggerEvent" : "Clicked",
                "EventTriggerId" : "button-4",
                "EventTriggerSection" : "",
                "Id" : "82c26725-ae36-43e7-b4f4-c685e0f3e54d"
              }, {
                "EventHandlerArea" : "Mashup",
                "EventHandlerId" : "mashup-root",
                "EventHandlerService" : "CloseIfPopup",
                "EventTriggerArea" : "UI",
                "EventTriggerEvent" : "Clicked",
                "EventTriggerId" : "button-10",
                "EventTriggerSection" : "",
                "Id" : "f425c67c-11ac-4e0a-aa0a-f55c3946cd5d"
              } ],
              "RunTimePermissions" : {
                "permissions" : [ ]
              },
              "UI" : {
                "Properties" : {
                  "AddToDashboardButtonStyle" : "DefaultAddToDashboardButtonStyle",
                  "Area" : "Mashup",
                  "BGImageRepeat" : "no-repeat",
                  "BGImageSize" : "auto",
                  "Columns" : 0,
                  "ConfigureGadgetButtonStyle" : "DefaultConfigureGadgetButtonStyle",
                  "DisplayName" : "Mashup",
                  "EnableParameterEditing" : false,
                  "Height" : 460,
                  "Id" : "mashup-root",
                  "IgnoreWarningsInViewMashup" : false,
                  "IsPrintLayout" : false,
                  "Left" : 0,
                  "MashupToEditGadget" : "DefaultMashupToEditGadget",
                  "MinHeight" : 0,
                  "MinWidth" : 0,
                  "ResponsiveLayout" : false,
                  "Rows" : 0,
                  "ShowDataLoading" : true,
                  "Style" : "DefaultMashupStyle",
                  "Title" : "",
                  "TitleBar" : false,
                  "TitleBarStyle" : "DefaultTitleBarStyle",
                  "TitleBarText" : "Gadget Title Here",
                  "Top" : 0,
                  "Type" : "mashup",
                  "Visible" : true,
                  "Width" : 480,
                  "Z-index" : 10,
                  "__TypeDisplayName" : "Mashup",
                  "_currentParameterDefs" : [ {
                    "Aspects" : {
                      "isMandatory" : false
                    },
                    "BaseType" : "STRING",
                    "Description" : "",
                    "ParameterName" : "SessionId"
                  } ],
                  "id_index" : 11,
                  "supportsAutoResize" : true
                },
                "Widgets" : [ {
                  "Properties" : {
                    "Alignment" : "left",
                    "AllowEllipsis" : false,
                    "Area" : "UI",
                    "DisplayName" : "label-2",
                    "Height" : 46,
                    "Id" : "label-2",
                    "Left" : 111,
                    "ResponsiveLayout" : false,
                    "ShowDataLoading" : true,
                    "Style" : "PTC.SCA.SCO.14pxLabelText",
                    "Text" : "[[PTC.SCA.SCO.AssetRemoting.ClientInstallNotDetected]]",
                    "ToolTipField" : "",
                    "ToolTipStyle" : "DefaultTooltipStyle",
                    "Top" : 196,
                    "Type" : "label",
                    "Visible" : true,
                    "Width" : 329,
                    "Z-index" : 20,
                    "__TypeDisplayName" : "Label",
                    "__supportsTooltip" : true
                  },
                  "Widgets" : [ ]
                }, {
                  "Properties" : {
                    "Alignment" : "center",
                    "Area" : "UI",
                    "DisplayName" : "link-3",
                    "Height" : 20,
                    "Id" : "link-3",
                    "Left" : 0,
                    "LinkDisplay" : "textOnly",
                    "LinkHoverStyle" : "DefaultLinkHoverStyle",
                    "LinkStyle" : "PTC.SCA.SCO.14pxLinkStyle",
                    "ResponsiveLayout" : false,
                    "ShowDataLoading" : true,
                    "SourceURL" : "https://free-dl.ptc.com/thingworx/remote-access/client/inventory.html",
                    "TabSequence" : 0,
                    "TargetWindow" : "new",
                    "Text" : "[[PTC.SCA.SCO.AssetRemoting.LaunchingClientDownloadNow]]",
                    "ToolTipField" : "",
                    "ToolTipStyle" : "DefaultTooltipStyle",
                    "Top" : 266,
                    "Type" : "link",
                    "Visible" : true,
                    "Width" : 480,
                    "Z-index" : 10,
                    "__TypeDisplayName" : "Link",
                    "__supportsTooltip" : true
                  },
                  "Widgets" : [ ]
                }, {
                  "Properties" : {
                    "ActiveStyle" : "PTC.Factory.Generic.ConfirmationPopupOkOrYesHover",
                    "Area" : "UI",
                    "CancelConfirmationButton" : "button2",
                    "ConfirmationButton1Label" : "Yes",
                    "ConfirmationButton2Label" : "No",
                    "ConfirmationPrompt" : "Do Action?",
                    "ConfirmationRequired" : false,
                    "ConfirmationTitle" : "Confirm Action",
                    "ContextId" : "",
                    "DefaultConfirmationButton" : "button1",
                    "Description" : "",
                    "Disabled" : false,
                    "DisabledStyle" : "PTC.Factory.Generic.DisableButton",
                    "DisplayName" : "button-RetryLaunch",
                    "FocusStyle" : "PTC.Factory.Generic.ConfirmationPopupOkOrYesHover",
                    "Height" : 32,
                    "HoverStyle" : "PTC.Factory.Generic.ConfirmationPopupOkOrYesHover",
                    "IconAlignment" : "left",
                    "Id" : "button-4",
                    "Label" : "[[PTC.SCA.SCO.AssetRemoting.Retry]]",
                    "Left" : 240,
                    "ResponsiveLayout" : false,
                    "RoundedCorners" : false,
                    "ShowDataLoading" : true,
                    "Style" : "PTC.Factory.Generic.ConfirmationPopupOkOrYes",
                    "TabSequence" : 0,
                    "ToolTipField" : "",
                    "ToolTipStyle" : "DefaultTooltipStyle",
                    "Top" : 408,
                    "Type" : "button",
                    "Visible" : true,
                    "Width" : 100,
                    "Z-index" : 10,
                    "__TypeDisplayName" : "Button",
                    "__supportsTooltip" : true
                  },
                  "Widgets" : [ ]
                }, {
                  "Properties" : {
                    "AdditionalParams" : "",
                    "Area" : "UI",
                    "DisplayName" : "raClientLinker-6",
                    "Id" : "raClientLinker-6",
                    "Label" : "",
                    "Left" : 80,
                    "ProviderConfig" : "",
                    "RemoteEndpoint" : "",
                    "ResponsiveLayout" : false,
                    "SessionId" : "",
                    "ShowDataLoading" : true,
                    "ThingName" : "",
                    "Top" : 65,
                    "Type" : "raClientLinker",
                    "Visible" : true,
                    "Z-index" : 10,
                    "__TypeDisplayName" : "RemoteAccessClientLinker",
                    "__supportsLabel" : true
                  },
                  "Widgets" : [ ]
                }, {
                  "Properties" : {
                    "Area" : "UI",
                    "DisplayName" : "panel-7",
                    "Height" : 40,
                    "HideScrollbars" : false,
                    "HorizontalAnchor" : "left",
                    "Id" : "panel-7",
                    "Left" : 0,
                    "ResponsiveLayout" : false,
                    "ShowDataLoading" : true,
                    "Style" : "PTC.Factory.Generic.ConfirmationPopupHeader",
                    "Top" : 0,
                    "Type" : "panel",
                    "VerticalAnchor" : "top",
                    "Visible" : true,
                    "Width" : 480,
                    "Z-index" : 10,
                    "__TypeDisplayName" : "Panel"
                  },
                  "Widgets" : [ {
                    "Properties" : {
                      "Alignment" : "left",
                      "Area" : "UI",
                      "BackgroundFill" : "content",
                      "Description" : "",
                      "DisplayName" : "valuedisplay-Warning",
                      "Height" : 22,
                      "Id" : "valuedisplay-8",
                      "ImageScaling" : "Width",
                      "Label" : "",
                      "LabelAlignment" : "left",
                      "Left" : 12,
                      "Overflow" : "hidden",
                      "ResponsiveLayout" : false,
                      "ShowDataLoading" : true,
                      "TextIfNoValue" : "[[PTC.SCA.SCO.AssetRemoting.ErrorUppercase]]",
                      "TextIfNoValueOffset" : 0,
                      "TextIfNoValueStyle" : "PTC.SCA.SCO.Core.PopupHeaderStyle",
                      "TextWrap" : true,
                      "ToolTipField" : "",
                      "ToolTipStyle" : "DefaultTooltipStyle",
                      "Top" : 11,
                      "Type" : "valuedisplay",
                      "UseTheme" : false,
                      "ValueDisplayLabelStyle" : "DefaultWidgetLabelStyle",
                      "ValueDisplayStyle" : "DefaultValueDisplayStyle",
                      "VerticalAlignment" : "middle",
                      "Visible" : true,
                      "Width" : 100,
                      "Z-index" : 10,
                      "__TypeDisplayName" : "Value Display",
                      "__supportsLabel" : true,
                      "__supportsTooltip" : true
                    },
                    "Widgets" : [ ]
                  } ]
                }, {
                  "Properties" : {
                    "ActiveStyle" : "PTC.Factory.Generic.ConfirmationPopupCancelOrNoHover",
                    "Area" : "UI",
                    "CancelConfirmationButton" : "button2",
                    "ConfirmationButton1Label" : "Yes",
                    "ConfirmationButton2Label" : "No",
                    "ConfirmationPrompt" : "Do Action?",
                    "ConfirmationRequired" : false,
                    "ConfirmationTitle" : "Confirm Action",
                    "ContextId" : "",
                    "DefaultConfirmationButton" : "button1",
                    "Description" : "",
                    "Disabled" : false,
                    "DisabledStyle" : "PTC.Factory.Generic.DisableButton",
                    "DisplayName" : "button-Cancel",
                    "FocusStyle" : "PTC.Factory.Generic.ConfirmationPopupCancelOrNoHover",
                    "Height" : 32,
                    "HoverStyle" : "PTC.Factory.Generic.ConfirmationPopupCancelOrNoHover",
                    "IconAlignment" : "left",
                    "Id" : "button-10",
                    "Label" : "[[PTC.SCA.SCO.Core.Cancel]]",
                    "Left" : 360,
                    "ResponsiveLayout" : false,
                    "RoundedCorners" : false,
                    "ShowDataLoading" : true,
                    "Style" : "PTC.Factory.Generic.ConfirmationPopupCancelOrNo",
                    "TabSequence" : 0,
                    "ToolTipField" : "",
                    "ToolTipStyle" : "DefaultTooltipStyle",
                    "Top" : 408,
                    "Type" : "button",
                    "Visible" : true,
                    "Width" : 100,
                    "Z-index" : 10,
                    "__TypeDisplayName" : "Button",
                    "__supportsTooltip" : true
                  },
                  "Widgets" : [ ]
                }, {
                  "Properties" : {
                    "AlternateText" : "",
                    "Area" : "UI",
                    "BorderStyle" : "DefaultImageBorderStyle",
                    "DisplayName" : "image-error",
                    "Height" : 60,
                    "Id" : "image-11",
                    "Left" : 52,
                    "PreventCaching" : false,
                    "ResponsiveLayout" : false,
                    "Scaling" : "width",
                    "ShowDataLoading" : true,
                    "SourceURL" : "PTC.SCA.SCO.StatusRed",
                    "ToolTipField" : "",
                    "ToolTipStyle" : "DefaultTooltipStyle",
                    "Top" : 189,
                    "Type" : "image",
                    "Visible" : true,
                    "Width" : 60,
                    "Z-index" : 10,
                    "__TypeDisplayName" : "Image",
                    "__supportsTooltip" : true
                  },
                  "Widgets" : [ ]
                } ]
              },
              "mashupType" : "mashup"
            }
            ]]>
            </mashupContent>
        </Mashup>
    </Mashups>
</Entities>
