<?xml version="1.0" encoding="UTF-8"?>
<Entities
 build="b877"
 majorVersion="8"
 minorVersion="4"
 modelPersistenceProviderPackage="PostgresPersistenceProviderPackage"
 revision="0"
 schemaVersion="1040"
 universal="">
    <Mashups>
        <Mashup
         aspect.isEditableExtensionObject="false"
         aspect.isExtension="true"
         aspect.isResponsive="false"
         aspect.mashupType="mashup"
         columns="0.0"
         description=""
         documentationContent=""
         homeMashup=""
         lastModifiedDate="2018-10-02T11:24:43.898-04:00"
         name="PTC.SCA.SCO.ClientLoadingMashup"
         projectName="PTC.SCA.SCO.RemoteAccess.Display"
         rows="0.0"
         tags="PTC:sca-sco;PTC:Mashup;PTC:sca-sco-remoteaccess-display">
            <avatar></avatar>
            <DesignTimePermissions>
                <Create></Create>
                <Read></Read>
                <Update></Update>
                <Delete></Delete>
                <Metadata></Metadata>
            </DesignTimePermissions>
            <RunTimePermissions></RunTimePermissions>
            <VisibilityPermissions>
                <Visibility>
                    <Principal
                     isPermitted="true"
                     name="PTC.Factory.MachineVisibility:AssetPerformance"
                     type="OrganizationalUnit"></Principal>
                </Visibility>
            </VisibilityPermissions>
            <ConfigurationTableDefinitions></ConfigurationTableDefinitions>
            <ConfigurationTables></ConfigurationTables>
            <ParameterDefinitions>
                <FieldDefinition
                 aspect.ordinal="2"
                 baseType="JSON"
                 description=""
                 name="AdditionalParameters"
                 ordinal="0"></FieldDefinition>
                <FieldDefinition
                 aspect.ordinal="1"
                 baseType="STRING"
                 description=""
                 name="RemoteEndpoint"
                 ordinal="0"></FieldDefinition>
                <FieldDefinition
                 aspect.ordinal="0"
                 baseType="THINGNAME"
                 description=""
                 name="ThingName"
                 ordinal="0"></FieldDefinition>
            </ParameterDefinitions>
            <Things></Things>
            <ThingShapes></ThingShapes>
            <ThingTemplates></ThingTemplates>
            <mashupContent>
            <![CDATA[
            {
              "CustomMashupCss" : "",
              "Data" : {
                "Session" : {
                  "DataName" : "Session",
                  "EntityName" : "",
                  "EntityType" : "Session",
                  "Id" : "session",
                  "Services" : [ {
                    "APIMethod" : "post",
                    "Characteristic" : "Services",
                    "Id" : "SessionInterface",
                    "Name" : "GetGlobalSessionValues",
                    "Parameters" : { },
                    "RefreshInterval" : 0,
                    "Target" : "GetGlobalSessionValues"
                  } ]
                },
                "UserExtensions" : {
                  "DataName" : "UserExtensions",
                  "EntityName" : "",
                  "EntityType" : "UserExtensions",
                  "Id" : "UserExtensions",
                  "Services" : [ {
                    "APIMethod" : "post",
                    "Characteristic" : "Services",
                    "Id" : "UserExtensionInterface",
                    "Name" : "GetCurrentUserExtensionProperties",
                    "Parameters" : { },
                    "RefreshInterval" : 0,
                    "Target" : "GetCurrentUserExtensionProperties"
                  } ]
                }
              },
              "DataBindings" : [ {
                "Id" : "b7d968be-be6e-4c5a-b085-3cad72a777e4",
                "PropertyMaps" : [ {
                  "SourceProperty" : "ThingName",
                  "SourcePropertyBaseType" : "THINGNAME",
                  "SourcePropertyType" : "Property",
                  "TargetProperty" : "ThingName",
                  "TargetPropertyBaseType" : "THINGNAME",
                  "TargetPropertyType" : "property"
                } ],
                "SourceArea" : "Mashup",
                "SourceId" : "mashup-root",
                "SourceSection" : "",
                "TargetArea" : "UI",
                "TargetId" : "raClientLinker-5",
                "TargetSection" : ""
              }, {
                "Id" : "182714f2-dcef-4f07-aa5b-7d34b07dadad",
                "PropertyMaps" : [ {
                  "SourceProperty" : "RemoteEndpoint",
                  "SourcePropertyBaseType" : "STRING",
                  "SourcePropertyType" : "Property",
                  "TargetProperty" : "RemoteEndpoint",
                  "TargetPropertyBaseType" : "STRING",
                  "TargetPropertyType" : "property"
                } ],
                "SourceArea" : "Mashup",
                "SourceId" : "mashup-root",
                "SourceSection" : "",
                "TargetArea" : "UI",
                "TargetId" : "raClientLinker-5",
                "TargetSection" : ""
              }, {
                "Id" : "03ab14d2-b851-42c4-95fc-3597c68a6ca3",
                "PropertyMaps" : [ {
                  "SourceProperty" : "AdditionalParameters",
                  "SourcePropertyBaseType" : "JSON",
                  "SourcePropertyType" : "Property",
                  "TargetProperty" : "AdditionalParams",
                  "TargetPropertyBaseType" : "JSON",
                  "TargetPropertyType" : "property"
                } ],
                "SourceArea" : "Mashup",
                "SourceId" : "mashup-root",
                "SourceSection" : "",
                "TargetArea" : "UI",
                "TargetId" : "raClientLinker-5",
                "TargetSection" : ""
              }, {
                "Id" : "ea53545d-aceb-4139-a7b8-82984f6ef69d",
                "PropertyMaps" : [ {
                  "SourceProperty" : "ThingName",
                  "SourcePropertyBaseType" : "THINGNAME",
                  "SourcePropertyType" : "Property",
                  "TargetProperty" : "ThingName",
                  "TargetPropertyBaseType" : "THINGNAME",
                  "TargetPropertyType" : "property"
                } ],
                "SourceArea" : "Mashup",
                "SourceId" : "mashup-root",
                "SourceSection" : "",
                "TargetArea" : "UI",
                "TargetId" : "navigation-4",
                "TargetSection" : ""
              }, {
                "Id" : "4a0a34de-79cc-4f5a-accd-4718dbd9a1ac",
                "PropertyMaps" : [ {
                  "SourceProperty" : "RemoteEndpoint",
                  "SourcePropertyBaseType" : "STRING",
                  "SourcePropertyType" : "Property",
                  "TargetProperty" : "RemoteEndpoint",
                  "TargetPropertyBaseType" : "STRING",
                  "TargetPropertyType" : "property"
                } ],
                "SourceArea" : "Mashup",
                "SourceId" : "mashup-root",
                "SourceSection" : "",
                "TargetArea" : "UI",
                "TargetId" : "navigation-4",
                "TargetSection" : ""
              }, {
                "Id" : "8656b68e-3746-446f-b163-9cf3c75ba645",
                "PropertyMaps" : [ {
                  "SourceProperty" : "AdditionalParameters",
                  "SourcePropertyBaseType" : "JSON",
                  "SourcePropertyType" : "Property",
                  "TargetProperty" : "AdditionalParameters",
                  "TargetPropertyBaseType" : "JSON",
                  "TargetPropertyType" : "property"
                } ],
                "SourceArea" : "Mashup",
                "SourceId" : "mashup-root",
                "SourceSection" : "",
                "TargetArea" : "UI",
                "TargetId" : "navigation-4",
                "TargetSection" : ""
              }, {
                "Id" : "d4afe4fc-9935-43fd-8ed6-308694cb92a5",
                "PropertyMaps" : [ {
                  "SourceProperty" : "SessionId",
                  "SourcePropertyBaseType" : "GUID",
                  "SourcePropertyType" : "Property",
                  "TargetProperty" : "SessionId",
                  "TargetPropertyBaseType" : "STRING",
                  "TargetPropertyType" : "property"
                } ],
                "SourceArea" : "UI",
                "SourceId" : "raClientLinker-5",
                "SourceSection" : "",
                "TargetArea" : "UI",
                "TargetId" : "navigation-4",
                "TargetSection" : ""
              } ],
              "DesignTimePermissions" : {
                "Create" : [ ],
                "Delete" : [ ],
                "Metadata" : [ ],
                "Read" : [ ],
                "Update" : [ ]
              },
              "Events" : [ {
                "EventHandlerArea" : "UI",
                "EventHandlerId" : "navigation-4",
                "EventHandlerService" : "Navigate",
                "EventTriggerArea" : "UI",
                "EventTriggerEvent" : "ClientNotInstalled",
                "EventTriggerId" : "raClientLinker-3",
                "EventTriggerSection" : "",
                "Id" : "cbec50ca-ea34-49db-9e4a-8ad6f65ccb85"
              }, {
                "EventHandlerArea" : "Mashup",
                "EventHandlerId" : "mashup-root",
                "EventHandlerService" : "CloseIfPopup",
                "EventTriggerArea" : "UI",
                "EventTriggerEvent" : "ClientLaunched",
                "EventTriggerId" : "raClientLinker-3",
                "EventTriggerSection" : "",
                "Id" : "8f41614e-c835-4bb7-b1b3-47416f6a2c04"
              }, {
                "EventHandlerArea" : "Mashup",
                "EventHandlerId" : "mashup-root",
                "EventHandlerService" : "CloseIfPopup",
                "EventTriggerArea" : "UI",
                "EventTriggerEvent" : "PopupClosed",
                "EventTriggerId" : "navigation-4",
                "EventTriggerSection" : "",
                "Id" : "da3d08cc-56ab-4c12-8bbe-834bdb385d88"
              }, {
                "EventHandlerArea" : "Mashup",
                "EventHandlerId" : "mashup-root",
                "EventHandlerService" : "CloseIfPopup",
                "EventTriggerArea" : "UI",
                "EventTriggerEvent" : "ClientLaunched",
                "EventTriggerId" : "raClientLinker-5",
                "EventTriggerSection" : "",
                "Id" : "48a29fcd-913d-4988-a95c-9438e19525ee"
              }, {
                "EventHandlerArea" : "UI",
                "EventHandlerId" : "navigation-4",
                "EventHandlerService" : "Navigate",
                "EventTriggerArea" : "UI",
                "EventTriggerEvent" : "ClientNotInstalled",
                "EventTriggerId" : "raClientLinker-5",
                "EventTriggerSection" : "",
                "Id" : "26d15462-b2e4-4272-bc2c-7ea0e1c6b90e"
              }, {
                "EventHandlerArea" : "UI",
                "EventHandlerId" : "raClientLinker-5",
                "EventHandlerService" : "LaunchClient",
                "EventTriggerArea" : "Mashup",
                "EventTriggerEvent" : "Loaded",
                "EventTriggerId" : "mashup-root",
                "EventTriggerSection" : "",
                "Id" : "f0742ae8-31ad-46d6-b05d-4f9867095364"
              } ],
              "RunTimePermissions" : {
                "permissions" : [ ]
              },
              "UI" : {
                "Properties" : {
                  "AddToDashboardButtonStyle" : "DefaultAddToDashboardButtonStyle",
                  "Area" : "Mashup",
                  "BGImageRepeat" : "no-repeat",
                  "BGImageSize" : "auto",
                  "Columns" : 0,
                  "ConfigureGadgetButtonStyle" : "DefaultConfigureGadgetButtonStyle",
                  "DisplayName" : "Mashup",
                  "EnableParameterEditing" : false,
                  "Height" : 420,
                  "Id" : "mashup-root",
                  "IgnoreWarningsInViewMashup" : false,
                  "IsPrintLayout" : false,
                  "Left" : 0,
                  "MashupToEditGadget" : "DefaultMashupToEditGadget",
                  "MinHeight" : 0,
                  "MinWidth" : 0,
                  "ResponsiveLayout" : false,
                  "Rows" : 0,
                  "ShowDataLoading" : true,
                  "Style" : "DefaultMashupStyle",
                  "Title" : "",
                  "TitleBar" : false,
                  "TitleBarStyle" : "DefaultTitleBarStyle",
                  "TitleBarText" : "Gadget Title Here",
                  "Top" : 0,
                  "Type" : "mashup",
                  "Visible" : true,
                  "Width" : 440,
                  "Z-index" : 10,
                  "__TypeDisplayName" : "Mashup",
                  "_currentParameterDefs" : [ {
                    "Aspects" : {
                      "isMandatory" : false
                    },
                    "BaseType" : "THINGNAME",
                    "Description" : "",
                    "ParameterName" : "ThingName"
                  }, {
                    "Aspects" : {
                      "isMandatory" : false
                    },
                    "BaseType" : "STRING",
                    "Description" : "",
                    "ParameterName" : "RemoteEndpoint"
                  }, {
                    "Aspects" : {
                      "isMandatory" : false
                    },
                    "BaseType" : "JSON",
                    "Description" : "",
                    "ParameterName" : "AdditionalParameters"
                  } ],
                  "id_index" : 5,
                  "supportsAutoResize" : true
                },
                "Widgets" : [ {
                  "Properties" : {
                    "Alignment" : "center",
                    "AllowEllipsis" : false,
                    "Area" : "UI",
                    "DisplayName" : "label-2",
                    "Height" : 22,
                    "Id" : "label-2",
                    "Left" : 70,
                    "ResponsiveLayout" : false,
                    "ShowDataLoading" : true,
                    "Style" : "PTC.SCA.SCO.14pxLabelText",
                    "Text" : "[[PTC.SCA.SCO.AssetRemoting.LaunchingClientWait]]",
                    "ToolTipField" : "",
                    "ToolTipStyle" : "DefaultTooltipStyle",
                    "Top" : 199,
                    "Type" : "label",
                    "Visible" : true,
                    "Width" : 300,
                    "Z-index" : 10,
                    "__TypeDisplayName" : "Label",
                    "__supportsTooltip" : true
                  },
                  "Widgets" : [ ]
                }, {
                  "Properties" : {
                    "Alignment" : "left",
                    "Area" : "UI",
                    "ClickOutsideToClose" : false,
                    "DisplayName" : "navigation-4",
                    "FixedPopupHeight" : 0,
                    "FixedPopupWidth" : 0,
                    "Height" : 30,
                    "IconAlignment" : "left",
                    "Id" : "navigation-4",
                    "Left" : 50,
                    "MashupName" : "PTC.SCA.SCO.ClientDownloadMashup",
                    "MashupParameters" : [ {
                      "BaseType" : "STRING",
                      "Description" : "",
                      "ParameterName" : "SessionId",
                      "ParmDef" : {
                        "aspects" : {
                          "isMandatory" : "false",
                          "ordinal" : "0"
                        },
                        "baseType" : "STRING",
                        "description" : "",
                        "name" : "SessionId",
                        "ordinal" : 0
                      }
                    } ],
                    "MessageToShow" : "Mashup must be selected",
                    "ModalPopupOpacity" : 0.5,
                    "NavigationActiveStyle" : "DefaultNavigationActiveStyle",
                    "NavigationFocusStyle" : "DefaultNavigationFocusStyle",
                    "NavigationHoverStyle" : "DefaultNavigationHoverStyle",
                    "PopupScrolling" : "auto",
                    "PopupTitle" : "",
                    "PopupTitleStyle" : "DefaultPopupTitleStyle",
                    "ReloadOnReplace" : false,
                    "ResponsiveLayout" : false,
                    "RoundedCorners" : true,
                    "ShowCloseButton" : true,
                    "ShowDataLoading" : true,
                    "ShowMessageIfNoMashup" : false,
                    "Style" : "DefaultNavigationStyle",
                    "TabSequence" : 0,
                    "TargetWindow" : "modal-popup",
                    "Text" : "ClientDownloadMashup",
                    "ToolTipField" : "",
                    "ToolTipStyle" : "DefaultTooltipStyle",
                    "Top" : 30,
                    "Transparent" : false,
                    "Type" : "navigation",
                    "UseTheme" : false,
                    "Visible" : false,
                    "Width" : 200,
                    "Z-index" : 10,
                    "__TypeDisplayName" : "Navigation",
                    "__supportsTooltip" : true
                  },
                  "Widgets" : [ ]
                }, {
                  "Properties" : {
                    "AdditionalParams" : "",
                    "Area" : "UI",
                    "DisplayName" : "raClientLinker-5",
                    "Id" : "raClientLinker-5",
                    "Label" : "",
                    "Left" : 65,
                    "RemoteEndpoint" : "",
                    "ResponsiveLayout" : false,
                    "SessionId" : "",
                    "ShowDataLoading" : true,
                    "ThingName" : "",
                    "Top" : 125,
                    "Type" : "raClientLinker",
                    "Visible" : true,
                    "Z-index" : 10,
                    "__TypeDisplayName" : "RemoteAccessClientLinker",
                    "__supportsLabel" : true
                  },
                  "Widgets" : [ ]
                } ]
              },
              "mashupType" : "mashup"
            }
            ]]>
            </mashupContent>
        </Mashup>
    </Mashups>
</Entities>
