<?xml version="1.0" encoding="UTF-8"?>
<Entities
 build="b9540"
 majorVersion="0"
 minorVersion="0"
 modelPersistenceProviderPackage="PostgresPersistenceProviderPackage"
 revision="0"
 schemaVersion="1100"
 universal="password">
    <Mashups>
        <Mashup
         aspect.isEditableExtensionObject="false"
         aspect.isExtension="true"
         aspect.isResponsive="false"
         aspect.mashupType="mashup"
         columns="0.0"
         description=""
         documentationContent=""
         homeMashup=""
         lastModifiedDate="2020-06-11T10:01:11.686-04:00"
         name="PTC.SCA.SCO.StartSessionParameterMashup"
         projectName="PTC.SCA.SCO.RemoteAccess.Display"
         rows="0.0"
         tags="PTC:sca-sco;PTC:Mashup;PTC:sca-sco-remoteaccess-display">
            <avatar></avatar>
            <DesignTimePermissions>
                <Create></Create>
                <Read></Read>
                <Update></Update>
                <Delete></Delete>
                <Metadata></Metadata>
            </DesignTimePermissions>
            <RunTimePermissions></RunTimePermissions>
            <VisibilityPermissions>
                <Visibility>
                    <Principal
                     isPermitted="true"
                     name="PTC.Factory.MachineVisibility:AssetPerformance"
                     type="OrganizationalUnit"></Principal>
                </Visibility>
            </VisibilityPermissions>
            <ConfigurationTableDefinitions></ConfigurationTableDefinitions>
            <ConfigurationTables>
                <ConfigurationTable
                 dataShapeName=""
                 description="Mashup Mobile Settings"
                 isHidden="true"
                 isMultiRow="false"
                 name="MobileSettings"
                 ordinal="0">
                    <DataShape>
                        <FieldDefinitions>
                            <FieldDefinition
                             aspect.defaultValue="false"
                             baseType="BOOLEAN"
                             description=""
                             name="disableZoom"
                             ordinal="0"></FieldDefinition>
                            <FieldDefinition
                             aspect.defaultValue="true"
                             baseType="BOOLEAN"
                             description=""
                             name="fullScreenMode"
                             ordinal="0"></FieldDefinition>
                            <FieldDefinition
                             baseType="STRING"
                             description=""
                             name="height"
                             ordinal="0"></FieldDefinition>
                            <FieldDefinition
                             aspect.defaultValue="device-height"
                             baseType="STRING"
                             description=""
                             name="heightType"
                             ordinal="0"></FieldDefinition>
                            <FieldDefinition
                             aspect.defaultValue="1.0"
                             baseType="NUMBER"
                             description=""
                             name="initialScale"
                             ordinal="0"></FieldDefinition>
                            <FieldDefinition
                             baseType="STRING"
                             description=""
                             name="iosShortcutIconTitle"
                             ordinal="0"></FieldDefinition>
                            <FieldDefinition
                             aspect.defaultValue="black-translucent"
                             baseType="STRING"
                             description=""
                             name="iosStatusBarAppearance"
                             ordinal="0"></FieldDefinition>
                            <FieldDefinition
                             aspect.defaultValue="10.0"
                             baseType="NUMBER"
                             description=""
                             name="maximumScale"
                             ordinal="0"></FieldDefinition>
                            <FieldDefinition
                             aspect.defaultValue="0.1"
                             baseType="NUMBER"
                             description=""
                             name="minimumScale"
                             ordinal="0"></FieldDefinition>
                            <FieldDefinition
                             baseType="STRING"
                             description=""
                             name="width"
                             ordinal="0"></FieldDefinition>
                            <FieldDefinition
                             aspect.defaultValue="device-width"
                             baseType="STRING"
                             description=""
                             name="widthType"
                             ordinal="0"></FieldDefinition>
                        </FieldDefinitions>
                    </DataShape>
                    <Rows>
                        <Row>
                            <disableZoom>false</disableZoom>
                            <fullScreenMode>true</fullScreenMode>
                            <height></height>
                            <heightType>
                            <![CDATA[
                            device-height
                            ]]>
                            </heightType>
                            <initialScale>1.0</initialScale>
                            <iosShortcutIconTitle></iosShortcutIconTitle>
                            <iosStatusBarAppearance>
                            <![CDATA[
                            black-translucent
                            ]]>
                            </iosStatusBarAppearance>
                            <maximumScale>10.0</maximumScale>
                            <minimumScale>0.1</minimumScale>
                            <width></width>
                            <widthType>
                            <![CDATA[
                            device-width
                            ]]>
                            </widthType>
                        </Row>
                    </Rows>
                </ConfigurationTable>
            </ConfigurationTables>
            <ParameterDefinitions>
                <FieldDefinition
                 baseType="THINGNAME"
                 description="The name of the RemoteAccessible entity"
                 name="remoteAccessibleThing"
                 ordinal="0"></FieldDefinition>
            </ParameterDefinitions>
            <Things></Things>
            <ThingShapes></ThingShapes>
            <ThingTemplates></ThingTemplates>
            <mashupContent>
            <![CDATA[
            {
              "CustomMashupCss" : "",
              "Data" : {
                "Session" : {
                  "DataName" : "Session",
                  "EntityName" : "",
                  "EntityType" : "Session",
                  "Id" : "session",
                  "Services" : [ {
                    "APIMethod" : "post",
                    "Characteristic" : "Services",
                    "Id" : "SessionInterface",
                    "Name" : "GetGlobalSessionValues",
                    "Parameters" : { },
                    "RefreshInterval" : 0,
                    "Target" : "GetGlobalSessionValues"
                  } ]
                },
                "Subsystems_RemoteAccessSubsystem" : {
                  "DataName" : "Subsystems_RemoteAccessSubsystem",
                  "EntityName" : "RemoteAccessSubsystem",
                  "EntityType" : "Subsystems",
                  "Id" : "90f57d8f-136a-45c0-8d30-12cee52b59d8",
                  "Services" : [ {
                    "APIMethod" : "post",
                    "Characteristic" : "Services",
                    "Id" : "18dc056d-13e3-4afb-9c13-b6d18937a0ef",
                    "Name" : "GetRemoteAccessibleEndpoints",
                    "Parameters" : { },
                    "RefreshInterval" : 0,
                    "Target" : "GetRemoteAccessibleEndpoints"
                  } ]
                },
                "UserExtensions" : {
                  "DataName" : "UserExtensions",
                  "EntityName" : "",
                  "EntityType" : "UserExtensions",
                  "Id" : "UserExtensions",
                  "Services" : [ {
                    "APIMethod" : "post",
                    "Characteristic" : "Services",
                    "Id" : "UserExtensionInterface",
                    "Name" : "GetCurrentUserExtensionProperties",
                    "Parameters" : { },
                    "RefreshInterval" : 0,
                    "Target" : "GetCurrentUserExtensionProperties"
                  } ]
                }
              },
              "DataBindings" : [ {
                "Id" : "6d9fcbf9-7d87-4ff2-a53c-63cf34eb66da",
                "PropertyMaps" : [ {
                  "SourceProperty" : "Output",
                  "SourcePropertyBaseType" : "BOOLEAN",
                  "SourcePropertyType" : "Property",
                  "TargetProperty" : "Disabled",
                  "TargetPropertyBaseType" : "BOOLEAN",
                  "TargetPropertyType" : "property"
                } ],
                "SourceArea" : "UI",
                "SourceId" : "expression-8",
                "SourceSection" : "",
                "TargetArea" : "UI",
                "TargetId" : "button-3",
                "TargetSection" : ""
              }, {
                "Id" : "a1e0de23-d534-4307-9321-6aea801582c7",
                "PropertyMaps" : [ {
                  "SourceProperty" : "remoteAccessibleThing",
                  "SourcePropertyBaseType" : "THINGNAME",
                  "TargetProperty" : "remoteAccessible",
                  "TargetPropertyBaseType" : "THINGNAME",
                  "TargetPropertyType" : "Parameter"
                } ],
                "SourceArea" : "Mashup",
                "SourceId" : "mashup-root",
                "SourceSection" : "",
                "TargetArea" : "Data",
                "TargetId" : "GetRemoteAccessibleEndpoints",
                "TargetSection" : "Subsystems_RemoteAccessSubsystem"
              }, {
                "Id" : "3eb2334b-87d5-49cf-bd64-cb236018f9d8",
                "PropertyMaps" : [ {
                  "SourceProperty" : "",
                  "SourcePropertyBaseType" : "INFOTABLE",
                  "SourcePropertyType" : "InfoTable",
                  "TargetProperty" : "Data",
                  "TargetPropertyBaseType" : "INFOTABLE",
                  "TargetPropertyType" : "property"
                } ],
                "SourceArea" : "Data",
                "SourceDetails" : "AllData",
                "SourceId" : "GetRemoteAccessibleEndpoints",
                "SourceSection" : "Subsystems_RemoteAccessSubsystem",
                "TargetArea" : "UI",
                "TargetId" : "dhxlist-2",
                "TargetSection" : ""
              }, {
                "Id" : "2acc9e18-922c-4719-8339-c51ea973676c",
                "PropertyMaps" : [ {
                  "SourceProperty" : "remoteAccessibleThing",
                  "SourcePropertyBaseType" : "THINGNAME",
                  "TargetProperty" : "ThingName",
                  "TargetPropertyBaseType" : "THINGNAME"
                } ],
                "SourceArea" : "Mashup",
                "SourceId" : "mashup-root",
                "SourceSection" : "",
                "TargetArea" : "UI",
                "TargetId" : "navigation-14",
                "TargetSection" : ""
              }, {
                "Id" : "9a151db3-3e9d-4177-ae81-494fcd140685",
                "PropertyMaps" : [ {
                  "SourceProperty" : "name",
                  "SourcePropertyBaseType" : "STRING",
                  "SourcePropertyType" : "Field",
                  "TargetProperty" : "RemoteEndpoint",
                  "TargetPropertyBaseType" : "STRING",
                  "TargetPropertyType" : "property"
                } ],
                "SourceArea" : "Data",
                "SourceDetails" : "SelectedRows",
                "SourceId" : "GetRemoteAccessibleEndpoints",
                "SourceSection" : "Subsystems_RemoteAccessSubsystem",
                "TargetArea" : "UI",
                "TargetId" : "navigation-14",
                "TargetSection" : ""
              }, {
                "Id" : "c74d2ea4-95e2-418f-aded-05705083ec48",
                "PropertyMaps" : [ {
                  "SourceProperty" : "name",
                  "SourcePropertyBaseType" : "STRING",
                  "SourcePropertyType" : "Field",
                  "TargetProperty" : "selectedValue",
                  "TargetPropertyBaseType" : "STRING",
                  "TargetPropertyType" : "property"
                } ],
                "SourceArea" : "Data",
                "SourceDetails" : "SelectedRows",
                "SourceId" : "GetRemoteAccessibleEndpoints",
                "SourceSection" : "Subsystems_RemoteAccessSubsystem",
                "TargetArea" : "UI",
                "TargetId" : "expression-8",
                "TargetSection" : ""
              } ],
              "DesignTimePermissions" : {
                "Create" : [ ],
                "Delete" : [ ],
                "Metadata" : [ ],
                "Read" : [ ],
                "Update" : [ ]
              },
              "Events" : [ {
                "EventHandlerArea" : "Mashup",
                "EventHandlerId" : "mashup-root",
                "EventHandlerService" : "CloseIfPopup",
                "EventTriggerArea" : "UI",
                "EventTriggerEvent" : "Clicked",
                "EventTriggerId" : "button-4",
                "EventTriggerSection" : "",
                "Id" : "d4b29db3-c1dd-43ff-9b59-135486b27e5c"
              }, {
                "EventHandlerArea" : "Data",
                "EventHandlerId" : "Subsystems_RemoteAccessSubsystem",
                "EventHandlerService" : "GetRemoteAccessibleEndpoints",
                "EventTriggerArea" : "Mashup",
                "EventTriggerEvent" : "Loaded",
                "EventTriggerId" : "mashup-root",
                "EventTriggerSection" : "",
                "Id" : "c0503b75-7b91-466d-8a14-548c8d980d4f"
              }, {
                "EventHandlerArea" : "Data",
                "EventHandlerId" : "Subsystems_RemoteAccessSubsystem",
                "EventHandlerService" : "GetRemoteAccessibleEndpoints",
                "EventTriggerArea" : "Mashup",
                "EventTriggerEvent" : "RefreshRequested",
                "EventTriggerId" : "mashup-root",
                "EventTriggerSection" : "",
                "Id" : "74cd2cc5-f919-4fc2-8784-56e2aaa7973b"
              }, {
                "EventHandlerArea" : "UI",
                "EventHandlerId" : "expression-8",
                "EventHandlerService" : "Evaluate",
                "EventTriggerArea" : "Data",
                "EventTriggerEvent" : "SelectedRowsChanged",
                "EventTriggerId" : "GetRemoteAccessibleEndpoints",
                "EventTriggerSection" : "Subsystems_RemoteAccessSubsystem",
                "Id" : "b1f90a62-9dac-43a2-a2d5-5efb438d3ae5"
              }, {
                "EventHandlerArea" : "Mashup",
                "EventHandlerId" : "mashup-root",
                "EventHandlerService" : "CloseIfPopup",
                "EventTriggerArea" : "UI",
                "EventTriggerEvent" : "PopupClosed",
                "EventTriggerId" : "navigation-14",
                "EventTriggerSection" : "",
                "Id" : "491f7747-3f42-451b-8a72-643b78c77ec5"
              }, {
                "EventHandlerArea" : "UI",
                "EventHandlerId" : "navigation-14",
                "EventHandlerService" : "Navigate",
                "EventTriggerArea" : "UI",
                "EventTriggerEvent" : "Clicked",
                "EventTriggerId" : "button-3",
                "EventTriggerSection" : "",
                "Id" : "f77793bd-f1a0-4277-8839-4e645a344249"
              }, {
                "EventHandlerArea" : "UI",
                "EventHandlerId" : "expression-8",
                "EventHandlerService" : "Evaluate",
                "EventTriggerArea" : "Mashup",
                "EventTriggerEvent" : "Loaded",
                "EventTriggerId" : "mashup-root",
                "EventTriggerSection" : "",
                "Id" : "ed8aff91-cb01-49a0-94c7-3287ea103f34"
              } ],
              "RunTimePermissions" : {
                "permissions" : [ ]
              },
              "UI" : {
                "Properties" : {
                  "AddToDashboardButton" : "SimplePlus",
                  "AddToDashboardButtonStyle" : "DefaultAddToDashboardButtonStyle",
                  "Area" : "Mashup",
                  "BGImage" : "",
                  "BGImageRepeat" : "no-repeat",
                  "BGImageSize" : "auto",
                  "Columns" : 0,
                  "ConfigureGadgetButton" : "SimpleGear",
                  "ConfigureGadgetButtonStyle" : "DefaultConfigureGadgetButtonStyle",
                  "DisplayName" : "Mashup",
                  "EnableParameterEditing" : false,
                  "Height" : 380,
                  "Id" : "mashup-root",
                  "IgnoreWarningsInViewMashup" : false,
                  "IsPrintLayout" : false,
                  "Left" : 0,
                  "MashupToEditGadget" : "DefaultMashupToEditGadget",
                  "MinHeight" : 0,
                  "MinWidth" : 0,
                  "ResponsiveLayout" : false,
                  "Rows" : 0,
                  "ShowDataLoading" : true,
                  "Style" : "DefaultMashupStyle",
                  "StyleTheme" : "PTC Convergence Theme",
                  "Title" : "",
                  "TitleBar" : false,
                  "TitleBarStyle" : "DefaultTitleBarStyle",
                  "TitleBarText" : "Gadget Title Here",
                  "Top" : 0,
                  "Type" : "mashup",
                  "UseMasterTheme" : false,
                  "UseTheme" : false,
                  "Visible" : true,
                  "Width" : 400,
                  "Z-index" : 10,
                  "__TypeDisplayName" : "Mashup",
                  "_currentParameterDefs" : [ {
                    "BaseType" : "THINGNAME",
                    "Description" : "The name of the RemoteAccessible entity",
                    "ParameterName" : "remoteAccessibleThing"
                  } ],
                  "id_index" : 15,
                  "supportsAutoResize" : true
                },
                "Widgets" : [ {
                  "Properties" : {
                    "Alignment" : "left",
                    "AllowEllipsis" : false,
                    "Area" : "UI",
                    "Description" : "",
                    "DisplayName" : "titleLabel",
                    "Height" : 20,
                    "Id" : "label-1",
                    "LastContainer" : false,
                    "Left" : 20,
                    "ResponsiveLayout" : false,
                    "ShowDataLoading" : true,
                    "Style" : "PTC.Factory.Generic.ConfirmationPopupHeader",
                    "Text" : "[[PTC.SCA.SCO.AssetRemoting.StartSession_UPCASE]]",
                    "ToolTipField" : "",
                    "ToolTipStyle" : "DefaultTooltipStyle",
                    "Top" : 10,
                    "Type" : "label",
                    "Visible" : true,
                    "Width" : 200,
                    "Z-index" : 10,
                    "__TypeDisplayName" : "Label",
                    "__supportsTooltip" : true
                  },
                  "Widgets" : [ ]
                }, {
                  "Properties" : {
                    "Alignment" : "left",
                    "Area" : "UI",
                    "AutoSelectFirstRow" : false,
                    "ClearIfNoSelection" : true,
                    "ComboDropdownButtonStyle" : "DefaultComboDropdownButtonStyle",
                    "ComboEnableCheckbox" : false,
                    "ComboItemHighlightedStyle" : "DefaultComboItemHighlightedStyle",
                    "ComboTextboxStyle" : "DefaultComboTextboxStyle",
                    "CustomClass" : "",
                    "DisableSelectedStyle" : false,
                    "DisplayField" : "name",
                    "DisplayName" : "remoteEndpointList",
                    "DropdownButtonStyle" : "PTC.Factory.DropdownButtonStyle",
                    "DropdownSelectedStyle" : "DefaultDropdownSelectedStyle",
                    "DropdownStyle" : "PTC.Factory.Generic.DialogBoxDropDown",
                    "EnableKeyboardSelections" : true,
                    "EnableToolTips" : true,
                    "Height" : 26,
                    "HeightOfDropdownView" : 170,
                    "Id" : "dhxlist-2",
                    "Label" : "",
                    "LabelAlignment" : "left",
                    "LastContainer" : false,
                    "Left" : 20,
                    "ListBackgroundStyle" : "PTC.Factory.Generic.DialogBoxDropDown",
                    "ListFocusStyle" : "DefaultFocusStyle",
                    "ListItemAlternateStyle" : "PTC.Factory.Generic.DialogBoxDropDown",
                    "ListItemHoverStyle" : "PTC.Factory.Generic.DialogBoxDropDownHover",
                    "ListItemSelectedStyle" : "PTC.Factory.Generic.DialogBoxDropDownSelected",
                    "ListItemStyle" : "PTC.Factory.Generic.DialogBoxDropDown",
                    "ListLabelStyle" : "DefaultWidgetLabelStyle",
                    "MultiSelect" : false,
                    "NumberOfItemsInDropdownView" : 6,
                    "NumberOfItemsPerPage" : 500,
                    "ResponsiveLayout" : false,
                    "RowHeight" : 26,
                    "ShowDataLoading" : true,
                    "SingleClickSelectOnTablets" : false,
                    "TabSequence" : -1,
                    "TextIfNoSelection" : "",
                    "TextIfNoSelectionType" : "editable",
                    "TextVerticalAlignment" : 26,
                    "ToolTipStyle" : "DefaultTooltipStyle",
                    "Top" : 79,
                    "Type" : "dhxlist",
                    "ValueField" : "name",
                    "View" : "dropdown",
                    "Visible" : true,
                    "Width" : 300,
                    "WidthOfDropdownView" : 300,
                    "Z-index" : 10,
                    "__TypeDisplayName" : "List",
                    "__supportsLabel" : true,
                    "__supportsTooltip" : true
                  },
                  "Widgets" : [ ]
                }, {
                  "Properties" : {
                    "ActiveStyle" : "PTC.Factory.Generic.ConfirmationPopupOkOrYesHover",
                    "Area" : "UI",
                    "CancelConfirmationButton" : "button2",
                    "ConfirmationButton1Label" : "[[PTC.SCA.SCO.Core.Yes]]",
                    "ConfirmationButton2Label" : "[[PTC.SCA.SCO.Core.No]]",
                    "ConfirmationPrompt" : "[[PTC.SCA.SCO.Core.Do Action?]]",
                    "ConfirmationRequired" : false,
                    "ConfirmationTitle" : "[[PTC.SCA.SCO.Core.Confirm Action]]",
                    "ContextId" : "",
                    "DefaultConfirmationButton" : "button1",
                    "Description" : "",
                    "Disabled" : true,
                    "DisabledStyle" : "PTC.Factory.Generic.DisableButton",
                    "DisplayName" : "startButton",
                    "FocusStyle" : "PTC.Factory.Generic.ConfirmationPopupOkOrYesHover",
                    "Height" : 32,
                    "HoverStyle" : "PTC.Factory.Generic.ConfirmationPopupOkOrYesHover",
                    "IconAlignment" : "left",
                    "Id" : "button-3",
                    "Label" : "[[PTC.SCA.SCO.AssetRemoting.Start]]",
                    "LastContainer" : false,
                    "Left" : 160,
                    "ResponsiveLayout" : false,
                    "RoundedCorners" : false,
                    "ShowDataLoading" : true,
                    "SingleClickSelectOnTablets" : true,
                    "Style" : "PTC.Factory.Generic.ConfirmationPopupOkOrYes",
                    "TabSequence" : 0,
                    "ToolTipField" : "",
                    "ToolTipStyle" : "DefaultTooltipStyle",
                    "Top" : 327,
                    "Type" : "button",
                    "Visible" : true,
                    "Width" : 100,
                    "Z-index" : 10,
                    "__TypeDisplayName" : "Button",
                    "__supportsTooltip" : true
                  },
                  "Widgets" : [ ]
                }, {
                  "Properties" : {
                    "ActiveStyle" : "PTC.Factory.Generic.ConfirmationPopupCancelOrNoHover",
                    "Area" : "UI",
                    "CancelConfirmationButton" : "button2",
                    "ConfirmationButton1Label" : "Yes",
                    "ConfirmationButton2Label" : "No",
                    "ConfirmationPrompt" : "Do Action?",
                    "ConfirmationRequired" : false,
                    "ConfirmationTitle" : "Confirm Action",
                    "ContextId" : "",
                    "DefaultConfirmationButton" : "button1",
                    "Description" : "",
                    "Disabled" : false,
                    "DisabledStyle" : "PTC.SCA.SCO.Core.ButtonDisabledStyle",
                    "DisplayName" : "CancelButton",
                    "FocusStyle" : "PTC.Factory.Generic.ConfirmationPopupCancelOrNoHover",
                    "Height" : 32,
                    "HoverStyle" : "PTC.Factory.Generic.ConfirmationPopupCancelOrNoHover",
                    "IconAlignment" : "left",
                    "Id" : "button-4",
                    "Label" : "[[PTC.SCA.SCO.Alert.Cancel]]",
                    "LastContainer" : false,
                    "Left" : 280,
                    "ResponsiveLayout" : false,
                    "RoundedCorners" : false,
                    "ShowDataLoading" : true,
                    "SingleClickSelectOnTablets" : true,
                    "Style" : "PTC.Factory.Generic.ConfirmationPopupCancelOrNo",
                    "TabSequence" : 0,
                    "ToolTipField" : "",
                    "ToolTipStyle" : "DefaultTooltipStyle",
                    "Top" : 327,
                    "Type" : "button",
                    "Visible" : true,
                    "Width" : 100,
                    "Z-index" : 10,
                    "__TypeDisplayName" : "Button",
                    "__supportsTooltip" : true
                  },
                  "Widgets" : [ ]
                }, {
                  "Properties" : {
                    "Area" : "UI",
                    "AutoEvaluate" : false,
                    "DataChangeType" : "VALUE",
                    "Description" : "",
                    "DisplayName" : "expression-8",
                    "Expression" : "result = !selectedValue;",
                    "FireOnFirstValue" : false,
                    "Height" : 13,
                    "Id" : "expression-8",
                    "LastContainer" : false,
                    "Left" : 15,
                    "OutputBaseType" : "BOOLEAN",
                    "ResponsiveLayout" : false,
                    "ShowDataLoading" : true,
                    "Top" : 305,
                    "Type" : "expression",
                    "Visible" : true,
                    "Width" : 185,
                    "Z-index" : 10,
                    "__TypeDisplayName" : "Expression",
                    "_currentParameterDefs" : [ {
                      "BaseType" : "STRING",
                      "Description" : "",
                      "ParameterName" : "selectedValue",
                      "bindingDirection" : "Target",
                      "bindingType" : "Property",
                      "isBindingSource" : false,
                      "isBindingTarget" : true,
                      "name" : "selectedValue"
                    } ]
                  },
                  "Widgets" : [ ]
                }, {
                  "Properties" : {
                    "Area" : "UI",
                    "ContainerClass" : "",
                    "DisplayName" : "headerPanel",
                    "Height" : 40,
                    "HideScrollbars" : false,
                    "HorizontalAnchor" : "left",
                    "Id" : "panel-9",
                    "LastContainer" : false,
                    "Left" : 0,
                    "ResponsiveLayout" : false,
                    "ShowDataLoading" : true,
                    "Style" : "PTC.Factory.Generic.ConfirmationPopupHeader",
                    "Top" : 0,
                    "Type" : "panel",
                    "VerticalAnchor" : "top",
                    "Visible" : true,
                    "Width" : 400,
                    "Z-index" : 5,
                    "__TypeDisplayName" : "Panel"
                  },
                  "Widgets" : [ ]
                }, {
                  "Properties" : {
                    "Alignment" : "left",
                    "AllowEllipsis" : false,
                    "Area" : "UI",
                    "CustomClass" : "",
                    "Description" : "",
                    "DisplayName" : "listLabel",
                    "Height" : 20,
                    "Id" : "label-10",
                    "LastContainer" : false,
                    "Left" : 20,
                    "ResponsiveLayout" : false,
                    "ShowDataLoading" : true,
                    "Style" : "PTC.SCA.SCO.12pxLabelTextBold",
                    "Text" : "[[PTC.SCA.SCO.AssetRemoting.SelectARemoteEndpoint]]",
                    "ToolTipField" : "",
                    "ToolTipStyle" : "DefaultTooltipStyle",
                    "Top" : 55,
                    "Type" : "label",
                    "Visible" : true,
                    "Width" : 300,
                    "Z-index" : 10,
                    "__TypeDisplayName" : "Label",
                    "__supportsTooltip" : true
                  },
                  "Widgets" : [ ]
                }, {
                  "Properties" : {
                    "Alignment" : "left",
                    "Area" : "UI",
                    "ClickOutsideToClose" : false,
                    "DisplayName" : "ClientLoadingMashupLink",
                    "FixedPopupHeight" : 0,
                    "FixedPopupWidth" : 0,
                    "Height" : 30,
                    "Icon" : "",
                    "IconAlignment" : "left",
                    "Id" : "navigation-14",
                    "LastContainer" : false,
                    "Left" : 20,
                    "MashupName" : "PTC.SCA.SCO.ClientLoadingMashup",
                    "MashupParameters" : [ {
                      "BaseType" : "JSON",
                      "Description" : "",
                      "ParameterName" : "AdditionalParameters",
                      "ParmDef" : {
                        "aspects" : {
                          "ordinal" : "2"
                        },
                        "baseType" : "JSON",
                        "description" : "",
                        "name" : "AdditionalParameters",
                        "ordinal" : 0
                      }
                    }, {
                      "BaseType" : "STRING",
                      "Description" : "",
                      "ParameterName" : "RemoteEndpoint",
                      "ParmDef" : {
                        "aspects" : {
                          "ordinal" : "1"
                        },
                        "baseType" : "STRING",
                        "description" : "",
                        "name" : "RemoteEndpoint",
                        "ordinal" : 0
                      }
                    }, {
                      "BaseType" : "THINGNAME",
                      "Description" : "",
                      "ParameterName" : "ThingName",
                      "ParmDef" : {
                        "aspects" : {
                          "ordinal" : "0"
                        },
                        "baseType" : "THINGNAME",
                        "description" : "",
                        "name" : "ThingName",
                        "ordinal" : 0
                      }
                    } ],
                    "MessageToShow" : "Mashup must be selected",
                    "ModalPopupOpacity" : 0.5,
                    "NavigationActiveStyle" : "DefaultNavigationActiveStyle",
                    "NavigationFocusStyle" : "DefaultNavigationFocusStyle",
                    "NavigationHoverStyle" : "DefaultNavigationHoverStyle",
                    "PopupScrolling" : "auto",
                    "PopupTitle" : "",
                    "PopupTitleStyle" : "DefaultPopupTitleStyle",
                    "ReloadOnReplace" : false,
                    "ResponsiveLayout" : false,
                    "RoundedCorners" : true,
                    "ShowCloseButton" : false,
                    "ShowDataLoading" : true,
                    "ShowMessageIfNoMashup" : false,
                    "SingleClickSelectOnTablets" : true,
                    "Style" : "DefaultNavigationStyle",
                    "TabSequence" : 0,
                    "TargetWindow" : "modal-popup",
                    "Text" : "Client Loading Mashup Link",
                    "ToolTipField" : "",
                    "ToolTipStyle" : "DefaultTooltipStyle",
                    "Top" : 230,
                    "Transparent" : false,
                    "Type" : "navigation",
                    "UseTheme" : false,
                    "Visible" : false,
                    "Width" : 200,
                    "Z-index" : 10,
                    "__TypeDisplayName" : "Navigation",
                    "__supportsTooltip" : true
                  },
                  "Widgets" : [ ]
                } ]
              },
              "mashupType" : "mashup"
            }
            ]]>
            </mashupContent>
            <preview></preview>
        </Mashup>
    </Mashups>
</Entities>
