<?xml version="1.0" encoding="UTF-8"?>
<Entities
 build="b5"
 majorVersion="8"
 minorVersion="1"
 modelPersistenceProviderPackage="PostgresPersistenceProviderPackage"
 revision="0"
 schemaVersion="1010">
    <Mashups>
        <Mashup
         aspect.isEditableExtensionObject="false"
         aspect.isExtension="true"
         aspect.isResponsive="true"
         aspect.mashupType="mashup"
         columns="0.0"
         description="Displays file transfer history for a given asset {PTC.SCA.SCO.AssetRemoting.FileTransferHistoryMashup}"
         documentationContent=""
         homeMashup=""
         lastModifiedDate="2017-09-26T16:21:05.418Z"
         name="PTC.SCA.SCO.AssetRemoting.FileTransferHistoryMashup"
         projectName="PTC.SCA.SCO.FileTransfer.Display"
         rows="0.0"
         tags="PTC:sca-sco;PTC:Mashup;PTC:sca-sco-filetransfer-display">
            <avatar></avatar>
            <DesignTimePermissions>
                <Create></Create>
                <Read></Read>
                <Update></Update>
                <Delete></Delete>
                <Metadata></Metadata>
            </DesignTimePermissions>
            <RunTimePermissions></RunTimePermissions>
            <VisibilityPermissions>
                <Visibility>
                    <Principal
                     isPermitted="true"
                     name="PTC.Factory.MachineVisibility:AssetPerformance"
                     type="OrganizationalUnit"></Principal>
                </Visibility>
            </VisibilityPermissions>
            <ConfigurationTables></ConfigurationTables>
            <ParameterDefinitions>
                <FieldDefinition
                 aspect.ordinal="0"
                 baseType="THINGNAME"
                 description=""
                 name="thingName"
                 ordinal="0"></FieldDefinition>
            </ParameterDefinitions>
            <Things></Things>
            <ThingShapes></ThingShapes>
            <ThingTemplates></ThingTemplates>
            <mashupContent>
            <![CDATA[
            {
              "Data" : {
                "Session" : {
                  "DataName" : "Session",
                  "EntityName" : "",
                  "EntityType" : "Session",
                  "Id" : "session",
                  "Services" : [ {
                    "APIMethod" : "post",
                    "Characteristic" : "Services",
                    "Id" : "SessionInterface",
                    "Name" : "GetGlobalSessionValues",
                    "Parameters" : { },
                    "RefreshInterval" : 0,
                    "Target" : "GetGlobalSessionValues"
                  } ]
                },
                "UserExtensions" : {
                  "DataName" : "UserExtensions",
                  "EntityName" : "",
                  "EntityType" : "UserExtensions",
                  "Id" : "UserExtensions",
                  "Services" : [ {
                    "APIMethod" : "post",
                    "Characteristic" : "Services",
                    "Id" : "UserExtensionInterface",
                    "Name" : "GetCurrentUserExtensionProperties",
                    "Parameters" : { },
                    "RefreshInterval" : 0,
                    "Target" : "GetCurrentUserExtensionProperties"
                  } ]
                }
              },
              "DataBindings" : [ {
                "Id" : "06670de7-8fe5-428b-9b2b-05a38be44dd8",
                "PropertyMaps" : [ {
                  "SourceProperty" : "thingName",
                  "SourcePropertyBaseType" : "THINGNAME",
                  "SourcePropertyType" : "Property",
                  "TargetProperty" : "thingName",
                  "TargetPropertyBaseType" : "THINGNAME",
                  "TargetPropertyType" : "property"
                } ],
                "SourceArea" : "Mashup",
                "SourceId" : "mashup-root",
                "SourceSection" : "",
                "TargetArea" : "UI",
                "TargetId" : "ContainedMashup-1",
                "TargetSection" : ""
              } ],
              "DesignTimePermissions" : { },
              "Events" : [ ],
              "RunTimePermissions" : { },
              "UI" : {
                "Properties" : {
                  "AddToDashboardButtonStyle" : "DefaultAddToDashboardButtonStyle",
                  "Area" : "Mashup",
                  "BGImageRepeat" : "no-repeat",
                  "BGImageSize" : "auto",
                  "Columns" : 0,
                  "ConfigureGadgetButtonStyle" : "DefaultConfigureGadgetButtonStyle",
                  "DisplayName" : "Mashup",
                  "EnableParameterEditing" : false,
                  "Height" : 618,
                  "Id" : "mashup-root",
                  "IgnoreWarningsInViewMashup" : false,
                  "IsPrintLayout" : false,
                  "Left" : 0,
                  "MashupToEditGadget" : "DefaultMashupToEditGadget",
                  "MinHeight" : 0,
                  "MinWidth" : 0,
                  "ResponsiveLayout" : true,
                  "Rows" : 0,
                  "ShowDataLoading" : true,
                  "Style" : "DefaultMashupStyle",
                  "Title" : "",
                  "TitleBar" : false,
                  "TitleBarStyle" : "DefaultTitleBarStyle",
                  "TitleBarText" : "Gadget Title Here",
                  "Top" : 0,
                  "Type" : "mashup",
                  "Visible" : true,
                  "Width" : 1024,
                  "Z-index" : 10,
                  "__TypeDisplayName" : "Mashup",
                  "_currentParameterDefs" : [ {
                    "BaseType" : "THINGNAME",
                    "Description" : "",
                    "ParameterName" : "thingName"
                  } ],
                  "id_index" : 1,
                  "supportsAutoResize" : true
                },
                "Widgets" : [ {
                  "Properties" : {
                    "Area" : "UI",
                    "DisplayName" : "ContainedMashup-1",
                    "Height" : 300,
                    "Id" : "ContainedMashup-1",
                    "Left" : 0,
                    "MashupParameters" : [ {
                      "BaseType" : "THINGNAME",
                      "Description" : "",
                      "ParameterName" : "thingName",
                      "ParmDef" : {
                        "aspects" : {
                          "ordinal" : "0"
                        },
                        "baseType" : "THINGNAME",
                        "description" : "",
                        "name" : "thingName",
                        "ordinal" : 0
                      }
                    } ],
                    "Name" : "PTC.SCA.SCO.AssetRemoting.FileTransferHistoryContainedMashup",
                    "ResponsiveLayout" : true,
                    "ShowDataLoading" : true,
                    "TabSequenceGroup" : 0,
                    "Top" : 0,
                    "Type" : "mashupcontainer",
                    "Visible" : true,
                    "Width" : 400,
                    "Z-index" : 10,
                    "__TypeDisplayName" : "Contained Mashup"
                  },
                  "Widgets" : [ ]
                } ]
              },
              "mashupType" : "mashup"
            }
            ]]>
            </mashupContent>
        </Mashup>
    </Mashups>
</Entities>
