<?xml version="1.0" encoding="UTF-8"?>
<Entities
 build="b140"
 majorVersion="8"
 minorVersion="2"
 modelPersistenceProviderPackage="PostgresPersistenceProviderPackage"
 revision="1"
 schemaVersion="1020"
 universal="">
    <Mashups>
        <Mashup
         aspect.isEditableExtensionObject="false"
         aspect.isExtension="true"
         aspect.isResponsive="true"
         aspect.mashupType="mashup"
         columns="0.0"
         description="PTC.SCA.SCO.AssetRemoting.FileTransfer.Connected {PTC.SCA.SCO.AssetRemoting.FileTransfer.Connected}"
         documentationContent=""
         homeMashup=""
         lastModifiedDate="2018-02-08T17:47:01.051-05:00"
         name="PTC.SCA.SCO.AssetRemoting.FileTransfer.Connected"
         projectName="PTC.SCA.SCO.FileTransfer.Display"
         rows="0.0"
         tags="PTC:sca-sco;PTC:Mashup;PTC:sca-sco-filetransfer-display">
            <avatar></avatar>
            <DesignTimePermissions>
                <Create></Create>
                <Read></Read>
                <Update></Update>
                <Delete></Delete>
                <Metadata></Metadata>
            </DesignTimePermissions>
            <RunTimePermissions></RunTimePermissions>
            <VisibilityPermissions>
                <Visibility>
                    <Principal
                     isPermitted="true"
                     name="PTC.Factory.MachineVisibility:AssetPerformance"
                     type="OrganizationalUnit"></Principal>
                </Visibility>
            </VisibilityPermissions>
            <ConfigurationTables></ConfigurationTables>
            <ParameterDefinitions>
                <FieldDefinition
                 aspect.ordinal="3"
                 baseType="STRING"
                 description=""
                 name="selectedFile"
                 ordinal="0"></FieldDefinition>
                <FieldDefinition
                 aspect.dataShape="EntityList"
                 aspect.isDataTableEntry="true"
                 aspect.ordinal="1"
                 baseType="INFOTABLE"
                 description=""
                 name="selectedFiles"
                 ordinal="0"></FieldDefinition>
                <FieldDefinition
                 aspect.ordinal="2"
                 baseType="STRING"
                 description=""
                 name="selectedRemotePath"
                 ordinal="0"></FieldDefinition>
                <FieldDefinition
                 aspect.ordinal="0"
                 baseType="THINGNAME"
                 description=""
                 name="thingName"
                 ordinal="0"></FieldDefinition>
                <FieldDefinition
                 aspect.ordinal="4"
                 baseType="NUMBER"
                 description=""
                 name="updateMarker"
                 ordinal="0"></FieldDefinition>
            </ParameterDefinitions>
            <Things>
                <Thing>PTC.SCA.SCO.CommonUIProvider</Thing>
                <Thing>PTC.SCA.SCO.AssetRemoting.FileTransferHelper</Thing>
            </Things>
            <ThingShapes>
                <ThingShape>FileTransfer</ThingShape>
            </ThingShapes>
            <ThingTemplates></ThingTemplates>
            <mashupContent>
            <![CDATA[
            {
              "CustomMashupCss" : "",
              "Data" : {
                "DynamicThingShapes_FileTransfer" : {
                  "DataName" : "DynamicThingShapes_FileTransfer",
                  "EntityName" : "FileTransfer",
                  "EntityType" : "DynamicThingShapes",
                  "Id" : "dd7ebd35-8c21-4ab7-8714-5c4315edf110",
                  "Services" : [ {
                    "APIMethod" : "post",
                    "Characteristic" : "Services",
                    "Id" : "b5ebcbab-019f-407f-9f9a-c07ba999460e",
                    "Name" : "GetDirectoryStructure",
                    "Parameters" : { },
                    "RefreshInterval" : 0,
                    "Target" : "GetDirectoryStructure"
                  } ]
                },
                "Session" : {
                  "DataName" : "Session",
                  "EntityName" : "",
                  "EntityType" : "Session",
                  "Id" : "session",
                  "Services" : [ {
                    "APIMethod" : "post",
                    "Characteristic" : "Services",
                    "Id" : "SessionInterface",
                    "Name" : "GetGlobalSessionValues",
                    "Parameters" : { },
                    "RefreshInterval" : 0,
                    "Target" : "GetGlobalSessionValues"
                  } ]
                },
                "Things_PTC_SCA_SCO.CommonUIProvider" : {
                  "DataName" : "Things_PTC_SCA_SCO.CommonUIProvider",
                  "EntityName" : "PTC.SCA.SCO.CommonUIProvider",
                  "EntityType" : "Things",
                  "Id" : "429ffc7c-0f98-473b-9a0c-16e1fe0785b4",
                  "Services" : [ {
                    "APIMethod" : "post",
                    "Characteristic" : "Services",
                    "Id" : "367baff3-4915-4ea7-8ffc-0bca3e8708c1",
                    "Name" : "GetFileListing",
                    "Parameters" : {
                      "defaultAscending" : true,
                      "defaultIsCaseSensitive" : false,
                      "defaultSortColumn" : "name"
                    },
                    "RefreshInterval" : 0,
                    "Target" : "GetFileListing"
                  } ]
                },
                "Things_PTC_SCA_SCO_AssetRemoting.FileTransferHelper" : {
                  "DataName" : "Things_PTC_SCA_SCO_AssetRemoting.FileTransferHelper",
                  "EntityName" : "PTC.SCA.SCO.AssetRemoting.FileTransferHelper",
                  "EntityType" : "Things",
                  "Id" : "98127611-57fe-4fec-807c-625f4080ce6c",
                  "Services" : [ {
                    "APIMethod" : "post",
                    "Characteristic" : "Services",
                    "Id" : "a2c40775-c452-4261-b320-489ef96e355f",
                    "Name" : "ConvertSelectedFilesToCommaDelimitedString",
                    "Parameters" : { },
                    "RefreshInterval" : 0,
                    "Target" : "ConvertSelectedFilesToCommaDelimitedString"
                  } ]
                },
                "UserExtensions" : {
                  "DataName" : "UserExtensions",
                  "EntityName" : "",
                  "EntityType" : "UserExtensions",
                  "Id" : "UserExtensions",
                  "Services" : [ {
                    "APIMethod" : "post",
                    "Characteristic" : "Services",
                    "Id" : "UserExtensionInterface",
                    "Name" : "GetCurrentUserExtensionProperties",
                    "Parameters" : { },
                    "RefreshInterval" : 0,
                    "Target" : "GetCurrentUserExtensionProperties"
                  } ]
                }
              },
              "DataBindings" : [ {
                "Id" : "7bfda5da-8862-4fa0-87e0-c6a81172c114",
                "PropertyMaps" : [ {
                  "SourceProperty" : "thingName",
                  "SourcePropertyBaseType" : "THINGNAME",
                  "TargetProperty" : "value",
                  "TargetPropertyBaseType" : "THINGNAME",
                  "TargetPropertyType" : "Entity"
                } ],
                "SourceArea" : "Mashup",
                "SourceId" : "mashup-root",
                "SourceSection" : "",
                "TargetArea" : "Data",
                "TargetId" : "EntityName",
                "TargetSection" : "DynamicThingShapes_FileTransfer"
              }, {
                "Id" : "2eed2e01-7b49-4ec8-89d4-6476880aa41c",
                "PropertyMaps" : [ {
                  "SourceProperty" : "",
                  "SourcePropertyBaseType" : "INFOTABLE",
                  "SourcePropertyType" : "InfoTable",
                  "TargetProperty" : "Data",
                  "TargetPropertyBaseType" : "INFOTABLE",
                  "TargetPropertyType" : "property"
                } ],
                "SourceArea" : "Data",
                "SourceDetails" : "AllData",
                "SourceId" : "GetDirectoryStructure",
                "SourceSection" : "DynamicThingShapes_FileTransfer",
                "TargetArea" : "UI",
                "TargetId" : "Tree-12",
                "TargetSection" : ""
              }, {
                "Id" : "a3922326-c88b-4f43-93f5-ab2c0b52d132",
                "PropertyMaps" : [ {
                  "SourceProperty" : "path",
                  "SourcePropertyBaseType" : "STRING",
                  "SourcePropertyType" : "Data",
                  "TargetProperty" : "selectedRemotePath",
                  "TargetPropertyBaseType" : "STRING"
                } ],
                "SourceArea" : "Data",
                "SourceDetails" : "SelectedRows",
                "SourceId" : "GetDirectoryStructure",
                "SourceSection" : "DynamicThingShapes_FileTransfer",
                "TargetArea" : "Mashup",
                "TargetId" : "mashup-root",
                "TargetSection" : ""
              }, {
                "Id" : "9564e447-4936-4532-a5cc-eedd60b14d58",
                "PropertyMaps" : [ {
                  "SourceProperty" : "Output",
                  "SourcePropertyBaseType" : "NUMBER",
                  "TargetProperty" : "updateMarker",
                  "TargetPropertyBaseType" : "NUMBER"
                } ],
                "SourceArea" : "UI",
                "SourceId" : "Expression-20",
                "SourceSection" : "",
                "TargetArea" : "Mashup",
                "TargetId" : "mashup-root",
                "TargetSection" : ""
              }, {
                "Id" : "2c781538-169a-4072-b4cc-fcd8bfce7876",
                "PropertyMaps" : [ {
                  "SourceProperty" : "result",
                  "SourcePropertyBaseType" : "STRING",
                  "SourcePropertyType" : "Field",
                  "TargetProperty" : "selectedFile",
                  "TargetPropertyBaseType" : "STRING",
                  "TargetPropertyType" : "property"
                } ],
                "SourceArea" : "Data",
                "SourceDetails" : "AllData",
                "SourceId" : "ConvertSelectedFilesToCommaDelimitedString",
                "SourceSection" : "Things_PTC_SCA_SCO_AssetRemoting.FileTransferHelper",
                "TargetArea" : "Mashup",
                "TargetId" : "mashup-root",
                "TargetSection" : ""
              }, {
                "Id" : "8d86af6b-20f1-48e5-8905-685a615116d9",
                "PropertyMaps" : [ {
                  "SourceProperty" : "",
                  "SourcePropertyBaseType" : "",
                  "SourcePropertyType" : "Data",
                  "TargetProperty" : "Data",
                  "TargetPropertyBaseType" : "INFOTABLE"
                } ],
                "SourceArea" : "Data",
                "SourceDetails" : "AllData",
                "SourceId" : "GetFileListing",
                "SourceSection" : "Things_PTC_SCA_SCO.CommonUIProvider",
                "TargetArea" : "UI",
                "TargetId" : "gridadvanced-21",
                "TargetSection" : ""
              }, {
                "Id" : "6107d34a-7cd2-469e-bf28-432501c2f56d",
                "PropertyMaps" : [ {
                  "SourceProperty" : "QueryFilter",
                  "SourcePropertyBaseType" : "QUERY",
                  "TargetProperty" : "sortQuery",
                  "TargetPropertyBaseType" : "QUERY",
                  "TargetPropertyType" : "Parameter"
                } ],
                "SourceArea" : "UI",
                "SourceId" : "gridadvanced-21",
                "SourceSection" : "",
                "TargetArea" : "Data",
                "TargetId" : "GetFileListing",
                "TargetSection" : "Things_PTC_SCA_SCO.CommonUIProvider"
              }, {
                "Id" : "8399117d-d9c4-4db3-bd01-9c309820a9e9",
                "PropertyMaps" : [ {
                  "SourceProperty" : "path",
                  "SourcePropertyBaseType" : "STRING",
                  "TargetProperty" : "path",
                  "TargetPropertyBaseType" : "STRING",
                  "TargetPropertyType" : "Parameter"
                } ],
                "SourceArea" : "Data",
                "SourceDetails" : "SelectedRows",
                "SourceId" : "GetDirectoryStructure",
                "SourceSection" : "DynamicThingShapes_FileTransfer",
                "TargetArea" : "Data",
                "TargetId" : "GetFileListing",
                "TargetSection" : "Things_PTC_SCA_SCO.CommonUIProvider"
              }, {
                "Id" : "61c18da8-4241-470e-a978-37357bd30b80",
                "PropertyMaps" : [ {
                  "SourceProperty" : "",
                  "SourcePropertyBaseType" : "INFOTABLE",
                  "TargetProperty" : "selectedFiles",
                  "TargetPropertyBaseType" : "INFOTABLE",
                  "TargetPropertyType" : "Parameter"
                } ],
                "SourceArea" : "Data",
                "SourceDetails" : "SelectedRows",
                "SourceId" : "GetFileListing",
                "SourceSection" : "Things_PTC_SCA_SCO.CommonUIProvider",
                "TargetArea" : "Data",
                "TargetId" : "ConvertSelectedFilesToCommaDelimitedString",
                "TargetSection" : "Things_PTC_SCA_SCO_AssetRemoting.FileTransferHelper"
              }, {
                "Id" : "7d1491ea-1a6e-4183-930b-d1100adc747b",
                "PropertyMaps" : [ {
                  "SourceProperty" : "thingName",
                  "SourcePropertyBaseType" : "THINGNAME",
                  "TargetProperty" : "thingName",
                  "TargetPropertyBaseType" : "STRING"
                } ],
                "SourceArea" : "Mashup",
                "SourceId" : "mashup-root",
                "SourceSection" : "",
                "TargetArea" : "Data",
                "TargetId" : "GetFileListing",
                "TargetSection" : "Things_PTC_SCA_SCO.CommonUIProvider"
              }, {
                "Id" : "38f3bbaa-7678-4638-97f4-385f7202ceb3",
                "PropertyMaps" : [ {
                  "SourceProperty" : "thingName",
                  "SourcePropertyBaseType" : "THINGNAME",
                  "TargetProperty" : "thingName",
                  "TargetPropertyBaseType" : "STRING"
                } ],
                "SourceArea" : "Mashup",
                "SourceId" : "mashup-root",
                "SourceSection" : "",
                "TargetArea" : "UI",
                "TargetId" : "validator-22",
                "TargetSection" : ""
              }, {
                "Id" : "75d814d8-cb9c-4182-9ea7-ad8adcde3914",
                "PropertyMaps" : [ {
                  "SourceProperty" : "path",
                  "SourcePropertyBaseType" : "STRING",
                  "SourcePropertyType" : "Data",
                  "TargetProperty" : "path",
                  "TargetPropertyBaseType" : "STRING"
                } ],
                "SourceArea" : "Data",
                "SourceDetails" : "SelectedRows",
                "SourceId" : "GetDirectoryStructure",
                "SourceSection" : "DynamicThingShapes_FileTransfer",
                "TargetArea" : "UI",
                "TargetId" : "validator-22",
                "TargetSection" : ""
              } ],
              "DesignTimePermissions" : { },
              "Events" : [ {
                "EventHandlerArea" : "Data",
                "EventHandlerId" : "DynamicThingShapes_FileTransfer",
                "EventHandlerService" : "GetDirectoryStructure",
                "EventTriggerArea" : "Mashup",
                "EventTriggerEvent" : "thingNameChanged",
                "EventTriggerId" : "mashup-root",
                "EventTriggerSection" : "",
                "Id" : "6a689f20-478f-4744-bb12-eae0b322162a"
              }, {
                "EventHandlerArea" : "UI",
                "EventHandlerId" : "Expression-20",
                "EventHandlerService" : "Evaluate",
                "EventTriggerArea" : "Data",
                "EventTriggerEvent" : "SelectedRowsChanged",
                "EventTriggerId" : "GetDirectoryStructure",
                "EventTriggerSection" : "DynamicThingShapes_FileTransfer",
                "Id" : "a918d062-ae5a-496b-93a2-74c1a97cf4d2"
              }, {
                "EventHandlerArea" : "UI",
                "EventHandlerId" : "Expression-20",
                "EventHandlerService" : "Evaluate",
                "EventTriggerArea" : "Data",
                "EventTriggerEvent" : "ServiceInvokeCompleted",
                "EventTriggerId" : "ConvertSelectedFilesToCommaDelimitedString",
                "EventTriggerSection" : "Things_PTC_SCA_SCO_AssetRemoting.FileTransferHelper",
                "Id" : "4daece05-0355-49d3-a4b2-f89e2a6f1ff6"
              }, {
                "EventHandlerArea" : "Data",
                "EventHandlerId" : "Things_PTC_SCA_SCO_AssetRemoting.FileTransferHelper",
                "EventHandlerService" : "ConvertSelectedFilesToCommaDelimitedString",
                "EventTriggerArea" : "Mashup",
                "EventTriggerEvent" : "Loaded",
                "EventTriggerId" : "mashup-root",
                "EventTriggerSection" : "",
                "Id" : "9dd5be5d-a0d0-414d-8dfc-f8558ac41c2a"
              }, {
                "EventHandlerArea" : "Data",
                "EventHandlerId" : "Things_PTC_SCA_SCO_AssetRemoting.FileTransferHelper",
                "EventHandlerService" : "ConvertSelectedFilesToCommaDelimitedString",
                "EventTriggerArea" : "Data",
                "EventTriggerEvent" : "SelectedRowsChanged",
                "EventTriggerId" : "GetFileListing",
                "EventTriggerSection" : "Things_PTC_SCA_SCO.CommonUIProvider",
                "Id" : "6150d0be-fac1-46a1-b0fb-addfefe68731"
              }, {
                "EventHandlerArea" : "Data",
                "EventHandlerId" : "Things_PTC_SCA_SCO.CommonUIProvider",
                "EventHandlerService" : "GetFileListing",
                "EventTriggerArea" : "UI",
                "EventTriggerEvent" : "True",
                "EventTriggerId" : "validator-22",
                "EventTriggerSection" : "",
                "Id" : "c63fddcc-b422-4b80-8ea5-8a89a7b99c5c"
              }, {
                "EventHandlerArea" : "UI",
                "EventHandlerId" : "validator-22",
                "EventHandlerService" : "Evaluate",
                "EventTriggerArea" : "Mashup",
                "EventTriggerEvent" : "RefreshRequested",
                "EventTriggerId" : "mashup-root",
                "EventTriggerSection" : "",
                "Id" : "b084ad24-1606-4b9e-b42f-bb917f6dc0fc"
              }, {
                "EventHandlerArea" : "UI",
                "EventHandlerId" : "validator-22",
                "EventHandlerService" : "Evaluate",
                "EventTriggerArea" : "Data",
                "EventTriggerEvent" : "SelectedRowsChanged",
                "EventTriggerId" : "GetDirectoryStructure",
                "EventTriggerSection" : "DynamicThingShapes_FileTransfer",
                "Id" : "dfc14f07-57fe-4ae4-a84b-8de659c3c21d"
              }, {
                "EventHandlerArea" : "UI",
                "EventHandlerId" : "validator-22",
                "EventHandlerService" : "Evaluate",
                "EventTriggerArea" : "UI",
                "EventTriggerEvent" : "Filter",
                "EventTriggerId" : "gridadvanced-21",
                "EventTriggerSection" : "",
                "Id" : "527fa153-c220-4b3d-a758-5f391f3f4980"
              } ],
              "RunTimePermissions" : { },
              "UI" : {
                "Properties" : {
                  "AddToDashboardButtonStyle" : "DefaultAddToDashboardButtonStyle",
                  "Area" : "Mashup",
                  "BGImageRepeat" : "no-repeat",
                  "BGImageSize" : "auto",
                  "Columns" : 0,
                  "ConfigureGadgetButtonStyle" : "DefaultConfigureGadgetButtonStyle",
                  "DisplayName" : "Mashup",
                  "EnableParameterEditing" : false,
                  "Height" : 618,
                  "Id" : "mashup-root",
                  "IgnoreWarningsInViewMashup" : false,
                  "IsPrintLayout" : false,
                  "Left" : 0,
                  "MashupToEditGadget" : "DefaultMashupToEditGadget",
                  "MinHeight" : 0,
                  "MinWidth" : 0,
                  "ResponsiveLayout" : true,
                  "Rows" : 0,
                  "ShowDataLoading" : true,
                  "Style" : "DefaultMashupStyle",
                  "Title" : "",
                  "TitleBar" : false,
                  "TitleBarStyle" : "DefaultTitleBarStyle",
                  "TitleBarText" : "Gadget Title Here",
                  "Top" : 0,
                  "Type" : "mashup",
                  "Visible" : true,
                  "Width" : 1024,
                  "Z-index" : 10,
                  "__TypeDisplayName" : "Mashup",
                  "_currentParameterDefs" : [ {
                    "BaseType" : "THINGNAME",
                    "Description" : "",
                    "ParameterName" : "thingName"
                  }, {
                    "Aspects" : {
                      "dataShape" : "EntityList",
                      "isDataTableEntry" : true
                    },
                    "BaseType" : "INFOTABLE",
                    "Description" : "",
                    "ParameterName" : "selectedFiles"
                  }, {
                    "BaseType" : "STRING",
                    "Description" : "",
                    "ParameterName" : "selectedRemotePath"
                  }, {
                    "BaseType" : "STRING",
                    "Description" : "",
                    "ParameterName" : "selectedFile"
                  }, {
                    "BaseType" : "NUMBER",
                    "Description" : "",
                    "ParameterName" : "updateMarker"
                  } ],
                  "id_index" : 22,
                  "supportsAutoResize" : true
                },
                "Widgets" : [ {
                  "Properties" : {
                    "Area" : "UI",
                    "Columns" : 0,
                    "Description" : "",
                    "DisplayName" : "Layout-1",
                    "Footer" : false,
                    "FooterHeight" : 0,
                    "Header" : true,
                    "HeaderHeight" : 55,
                    "Id" : "Layout-1",
                    "IncludeSpacingInFixedAreas" : false,
                    "IsPrintLayout" : false,
                    "Left" : 255,
                    "LeftSidebar" : false,
                    "LeftSidebarWidth" : 0,
                    "Orientation" : "vertical",
                    "PctColumn1" : 50,
                    "PctColumn2" : 50,
                    "PctColumn3" : 1,
                    "PctColumn4" : 1,
                    "PctColumn5" : 1,
                    "PctColumn6" : 1,
                    "PctColumn7" : 1,
                    "PctColumn8" : 1,
                    "PctRow1" : 100,
                    "PctRow2" : 0,
                    "PctRow3" : 0,
                    "PctRow4" : 0,
                    "PctRow5" : 0,
                    "PctRow6" : 0,
                    "PctRow7" : 0,
                    "PctRow8" : 0,
                    "PrintMarginLeftRight" : 0.5,
                    "PrintMarginTopBottom" : 0.5,
                    "PrintWidth" : 650,
                    "ResponsiveLayout" : true,
                    "RightSidebar" : false,
                    "RightSidebarWidth" : 0,
                    "Rows" : 1,
                    "ShowDataLoading" : true,
                    "Spacing" : 3,
                    "Top" : 155,
                    "Type" : "layout",
                    "Visible" : true,
                    "Z-index" : 10,
                    "__TypeDisplayName" : "Layout"
                  },
                  "Widgets" : [ {
                    "Properties" : {
                      "AnimateExpandCollapse" : true,
                      "Area" : "UI",
                      "BGImageRepeat" : "no-repeat",
                      "BGImageSize" : "auto",
                      "DisplayName" : "Header",
                      "ExpandCollapseTabLocation" : "outside",
                      "Expanded" : true,
                      "Id" : "Container-2",
                      "MinHeight" : 0,
                      "MinWidth" : 0,
                      "Overlay" : false,
                      "OverlayIsTransparent" : false,
                      "ResponsiveLayout" : true,
                      "ShowDataLoading" : true,
                      "ShowExpandCollapseTab" : false,
                      "Style" : "DefaultContainerStyle",
                      "TabCollapseStyle" : "DefaultTabCollapseStyle",
                      "TabExpandStyle" : "DefaultTabExpandStyle",
                      "TabHeight" : 36,
                      "TabLocation" : "center",
                      "TabOffset" : 0,
                      "TabWidth" : 36,
                      "Type" : "container",
                      "Visible" : true,
                      "Z-index" : 10,
                      "__TypeDisplayName" : "Container"
                    },
                    "Widgets" : [ {
                      "Properties" : {
                        "Area" : "UI",
                        "DisplayName" : "Panel-3",
                        "Height" : 200,
                        "HideScrollbars" : false,
                        "HorizontalAnchor" : "left",
                        "Id" : "Panel-3",
                        "Left" : 95,
                        "ResponsiveLayout" : true,
                        "ShowDataLoading" : true,
                        "Style" : "PTC.SCA.SCO.NoStyle",
                        "Top" : 15,
                        "Type" : "panel",
                        "VerticalAnchor" : "top",
                        "Visible" : true,
                        "Width" : 300,
                        "Z-index" : 10,
                        "__TypeDisplayName" : "Panel"
                      },
                      "Widgets" : [ {
                        "Properties" : {
                          "Area" : "UI",
                          "AutoEvaluate" : false,
                          "DataChangeType" : "ALWAYS",
                          "DisplayName" : "UpdateExpression",
                          "Expression" : "new Date().getTime()",
                          "FireOnFirstValue" : false,
                          "Height" : 18,
                          "Id" : "Expression-20",
                          "Left" : 15,
                          "OutputBaseType" : "NUMBER",
                          "ResponsiveLayout" : false,
                          "ShowDataLoading" : false,
                          "Top" : 20,
                          "Type" : "expression",
                          "Visible" : true,
                          "Width" : 175,
                          "Z-index" : 10,
                          "__TypeDisplayName" : "Expression"
                        },
                        "Widgets" : [ ]
                      }, {
                        "Properties" : {
                          "Area" : "UI",
                          "AutoEvaluate" : false,
                          "DisplayName" : "callGetFileListingValidator",
                          "Expression" : "thingName && thingName.length > 0 && path && path.length > 0",
                          "Height" : 18,
                          "Id" : "validator-22",
                          "Left" : 210,
                          "Output" : false,
                          "ResponsiveLayout" : false,
                          "ShowDataLoading" : false,
                          "Top" : 25,
                          "Type" : "validator",
                          "Visible" : false,
                          "Width" : 170,
                          "Z-index" : 10,
                          "__TypeDisplayName" : "Validator",
                          "_currentParameterDefs" : [ {
                            "BaseType" : "STRING",
                            "Description" : "validates if the thing name is defined.",
                            "ParameterName" : "thingName"
                          }, {
                            "BaseType" : "STRING",
                            "Description" : "validates if path is defined.",
                            "ParameterName" : "path"
                          } ]
                        },
                        "Widgets" : [ ]
                      } ]
                    } ]
                  }, {
                    "Properties" : {
                      "AnimateExpandCollapse" : true,
                      "Area" : "UI",
                      "BGImageRepeat" : "no-repeat",
                      "BGImageSize" : "auto",
                      "DisplayName" : "Row",
                      "ExpandCollapseTabLocation" : "outside",
                      "Expanded" : true,
                      "Id" : "Container-4",
                      "MinHeight" : 0,
                      "MinWidth" : 0,
                      "Overlay" : false,
                      "OverlayIsTransparent" : false,
                      "ResponsiveLayout" : true,
                      "ShowDataLoading" : true,
                      "ShowExpandCollapseTab" : false,
                      "Style" : "DefaultContainerStyle",
                      "TabCollapseStyle" : "DefaultTabCollapseStyle",
                      "TabExpandStyle" : "DefaultTabExpandStyle",
                      "TabHeight" : 36,
                      "TabLocation" : "center",
                      "TabOffset" : 0,
                      "TabWidth" : 36,
                      "Type" : "container",
                      "Visible" : true,
                      "Z-index" : 10,
                      "__TypeDisplayName" : "Container"
                    },
                    "Widgets" : [ {
                      "Properties" : {
                        "Area" : "UI",
                        "Columns" : 0,
                        "Description" : "",
                        "DisplayName" : "Layout-5",
                        "Footer" : true,
                        "FooterHeight" : 10,
                        "Header" : false,
                        "HeaderHeight" : 0,
                        "Id" : "Layout-5",
                        "IncludeSpacingInFixedAreas" : false,
                        "IsPrintLayout" : false,
                        "Left" : 115,
                        "LeftSidebar" : false,
                        "LeftSidebarWidth" : 0,
                        "Orientation" : "vertical",
                        "PctColumn1" : 50,
                        "PctColumn2" : 50,
                        "PctColumn3" : 1,
                        "PctColumn4" : 1,
                        "PctColumn5" : 1,
                        "PctColumn6" : 1,
                        "PctColumn7" : 1,
                        "PctColumn8" : 1,
                        "PctRow1" : 100,
                        "PctRow2" : 100,
                        "PctRow3" : 0,
                        "PctRow4" : 0,
                        "PctRow5" : 0,
                        "PctRow6" : 0,
                        "PctRow7" : 0,
                        "PctRow8" : 0,
                        "PrintMarginLeftRight" : 0.5,
                        "PrintMarginTopBottom" : 0.5,
                        "PrintWidth" : 650,
                        "ResponsiveLayout" : true,
                        "RightSidebar" : false,
                        "RightSidebarWidth" : 0,
                        "Rows" : 1,
                        "ShowDataLoading" : true,
                        "Spacing" : 1,
                        "Top" : 170,
                        "Type" : "layout",
                        "Visible" : true,
                        "Z-index" : 10,
                        "__TypeDisplayName" : "Layout"
                      },
                      "Widgets" : [ {
                        "Properties" : {
                          "AnimateExpandCollapse" : true,
                          "Area" : "UI",
                          "BGImageRepeat" : "no-repeat",
                          "BGImageSize" : "auto",
                          "DisplayName" : "Container-6",
                          "ExpandCollapseTabLocation" : "outside",
                          "Expanded" : true,
                          "Id" : "Container-6",
                          "MinHeight" : 0,
                          "MinWidth" : 0,
                          "Overlay" : false,
                          "OverlayIsTransparent" : false,
                          "ResponsiveLayout" : true,
                          "ShowDataLoading" : true,
                          "ShowExpandCollapseTab" : false,
                          "Style" : "DefaultContainerStyle",
                          "TabCollapseStyle" : "DefaultTabCollapseStyle",
                          "TabExpandStyle" : "DefaultTabExpandStyle",
                          "TabHeight" : 36,
                          "TabLocation" : "center",
                          "TabOffset" : 0,
                          "TabWidth" : 36,
                          "Type" : "container",
                          "Visible" : true,
                          "Z-index" : 10,
                          "__TypeDisplayName" : "Container"
                        },
                        "Widgets" : [ {
                          "Properties" : {
                            "Area" : "UI",
                            "Columns" : 1,
                            "DisplayName" : "Layout-7",
                            "Footer" : false,
                            "FooterHeight" : 0,
                            "Header" : false,
                            "HeaderHeight" : 0,
                            "Id" : "Layout-7",
                            "IncludeSpacingInFixedAreas" : false,
                            "IsPrintLayout" : false,
                            "Left" : 230,
                            "LeftSidebar" : true,
                            "LeftSidebarWidth" : 200,
                            "Orientation" : "horizontal",
                            "PctColumn1" : 100,
                            "PctColumn2" : 0,
                            "PctColumn3" : 1,
                            "PctColumn4" : 1,
                            "PctColumn5" : 1,
                            "PctColumn6" : 1,
                            "PctColumn7" : 1,
                            "PctColumn8" : 1,
                            "PctRow1" : 50,
                            "PctRow2" : 50,
                            "PctRow3" : 0,
                            "PctRow4" : 0,
                            "PctRow5" : 0,
                            "PctRow6" : 0,
                            "PctRow7" : 0,
                            "PctRow8" : 0,
                            "PrintMarginLeftRight" : 0.5,
                            "PrintMarginTopBottom" : 0.5,
                            "PrintWidth" : 650,
                            "ResponsiveLayout" : true,
                            "RightSidebar" : false,
                            "RightSidebarWidth" : 0,
                            "Rows" : 0,
                            "ShowDataLoading" : true,
                            "Spacing" : 2,
                            "Top" : 95,
                            "Type" : "layout",
                            "Visible" : true,
                            "Z-index" : 10,
                            "__TypeDisplayName" : "Layout"
                          },
                          "Widgets" : [ {
                            "Properties" : {
                              "AnimateExpandCollapse" : true,
                              "Area" : "UI",
                              "BGImageRepeat" : "no-repeat",
                              "BGImageSize" : "auto",
                              "DisplayName" : "Container-8",
                              "ExpandCollapseTabLocation" : "outside",
                              "Expanded" : true,
                              "Id" : "Container-8",
                              "MinHeight" : 0,
                              "MinWidth" : 0,
                              "Overlay" : false,
                              "OverlayIsTransparent" : false,
                              "ResponsiveLayout" : true,
                              "ShowDataLoading" : true,
                              "ShowExpandCollapseTab" : false,
                              "Style" : "DefaultContainerStyle",
                              "TabCollapseStyle" : "DefaultTabCollapseStyle",
                              "TabExpandStyle" : "DefaultTabExpandStyle",
                              "TabHeight" : 36,
                              "TabLocation" : "center",
                              "TabOffset" : 0,
                              "TabWidth" : 36,
                              "Type" : "container",
                              "Visible" : true,
                              "Z-index" : 10,
                              "__TypeDisplayName" : "Container"
                            },
                            "Widgets" : [ {
                              "Properties" : {
                                "Area" : "UI",
                                "Columns" : 1,
                                "DisplayName" : "Layout-9",
                                "Footer" : false,
                                "FooterHeight" : 0,
                                "Header" : false,
                                "HeaderHeight" : 0,
                                "Id" : "Layout-9",
                                "IncludeSpacingInFixedAreas" : false,
                                "IsPrintLayout" : false,
                                "Left" : 80,
                                "LeftSidebar" : true,
                                "LeftSidebarWidth" : 10,
                                "Orientation" : "horizontal",
                                "PctColumn1" : 100,
                                "PctColumn2" : 0,
                                "PctColumn3" : 1,
                                "PctColumn4" : 1,
                                "PctColumn5" : 1,
                                "PctColumn6" : 1,
                                "PctColumn7" : 1,
                                "PctColumn8" : 1,
                                "PctRow1" : 50,
                                "PctRow2" : 50,
                                "PctRow3" : 0,
                                "PctRow4" : 0,
                                "PctRow5" : 0,
                                "PctRow6" : 0,
                                "PctRow7" : 0,
                                "PctRow8" : 0,
                                "PrintMarginLeftRight" : 0.5,
                                "PrintMarginTopBottom" : 0.5,
                                "PrintWidth" : 650,
                                "ResponsiveLayout" : true,
                                "RightSidebar" : false,
                                "RightSidebarWidth" : 0,
                                "Rows" : 0,
                                "ShowDataLoading" : true,
                                "Spacing" : 0,
                                "Top" : 110,
                                "Type" : "layout",
                                "Visible" : true,
                                "Z-index" : 10,
                                "__TypeDisplayName" : "Layout"
                              },
                              "Widgets" : [ {
                                "Properties" : {
                                  "AnimateExpandCollapse" : true,
                                  "Area" : "UI",
                                  "BGImageRepeat" : "no-repeat",
                                  "BGImageSize" : "auto",
                                  "DisplayName" : "Container-10",
                                  "ExpandCollapseTabLocation" : "outside",
                                  "Expanded" : true,
                                  "Id" : "Container-10",
                                  "MinHeight" : 0,
                                  "MinWidth" : 0,
                                  "Overlay" : false,
                                  "OverlayIsTransparent" : false,
                                  "ResponsiveLayout" : true,
                                  "ShowDataLoading" : true,
                                  "ShowExpandCollapseTab" : false,
                                  "Style" : "DefaultContainerStyle",
                                  "TabCollapseStyle" : "DefaultTabCollapseStyle",
                                  "TabExpandStyle" : "DefaultTabExpandStyle",
                                  "TabHeight" : 36,
                                  "TabLocation" : "center",
                                  "TabOffset" : 0,
                                  "TabWidth" : 36,
                                  "Type" : "container",
                                  "Visible" : true,
                                  "Z-index" : 10,
                                  "__TypeDisplayName" : "Container"
                                },
                                "Widgets" : [ ]
                              }, {
                                "Properties" : {
                                  "AnimateExpandCollapse" : true,
                                  "Area" : "UI",
                                  "BGImageRepeat" : "no-repeat",
                                  "BGImageSize" : "auto",
                                  "DisplayName" : "Container-11",
                                  "ExpandCollapseTabLocation" : "outside",
                                  "Expanded" : true,
                                  "Id" : "Container-11",
                                  "MinHeight" : 0,
                                  "MinWidth" : 0,
                                  "Overlay" : false,
                                  "OverlayIsTransparent" : false,
                                  "ResponsiveLayout" : true,
                                  "ShowDataLoading" : true,
                                  "ShowExpandCollapseTab" : false,
                                  "Style" : "DefaultContainerStyle",
                                  "TabCollapseStyle" : "DefaultTabCollapseStyle",
                                  "TabExpandStyle" : "DefaultTabExpandStyle",
                                  "TabHeight" : 36,
                                  "TabLocation" : "center",
                                  "TabOffset" : 0,
                                  "TabWidth" : 36,
                                  "Type" : "container",
                                  "Visible" : true,
                                  "Z-index" : 10,
                                  "__TypeDisplayName" : "Container"
                                },
                                "Widgets" : [ {
                                  "Properties" : {
                                    "Area" : "UI",
                                    "AutoSelectFirstRow" : true,
                                    "ClosedNodeFormatter_StateParameters" : [ ],
                                    "CollapseChildrenOfLevel" : 99,
                                    "Description" : "",
                                    "DisplayName" : "Tree-12",
                                    "Height" : 300,
                                    "IDField" : "path",
                                    "Id" : "Tree-12",
                                    "LabelField" : "name",
                                    "Left" : 0,
                                    "NoChildFormatter_StateParameters" : [ ],
                                    "OpenNodeFormatter_StateParameters" : [ ],
                                    "ParentIDField" : "parentPath",
                                    "ResponsiveLayout" : true,
                                    "RootParentID" : "/",
                                    "ShowDataLoading" : true,
                                    "TooltipField" : "",
                                    "Top" : 0,
                                    "TreeBGStyle" : "DefaultTreeBGStyle",
                                    "TreeFormatter_StateParameters" : [ ],
                                    "TreeSelectedStyle" : "PTC.Factory.Generic.TableRowSelected",
                                    "Type" : "tree",
                                    "ValueField" : "path",
                                    "Visible" : true,
                                    "Width" : 225,
                                    "Z-index" : 10,
                                    "__TypeDisplayName" : "Tree"
                                  },
                                  "Widgets" : [ ]
                                } ]
                              } ]
                            } ]
                          }, {
                            "Properties" : {
                              "AnimateExpandCollapse" : true,
                              "Area" : "UI",
                              "BGImageRepeat" : "no-repeat",
                              "BGImageSize" : "auto",
                              "DisplayName" : "Container-13",
                              "ExpandCollapseTabLocation" : "outside",
                              "Expanded" : true,
                              "Id" : "Container-13",
                              "MinHeight" : 0,
                              "MinWidth" : 0,
                              "Overlay" : false,
                              "OverlayIsTransparent" : false,
                              "ResponsiveLayout" : true,
                              "ShowDataLoading" : true,
                              "ShowExpandCollapseTab" : false,
                              "Style" : "DefaultContainerStyle",
                              "TabCollapseStyle" : "DefaultTabCollapseStyle",
                              "TabExpandStyle" : "DefaultTabExpandStyle",
                              "TabHeight" : 36,
                              "TabLocation" : "center",
                              "TabOffset" : 0,
                              "TabWidth" : 36,
                              "Type" : "container",
                              "Visible" : true,
                              "Z-index" : 10,
                              "__TypeDisplayName" : "Container"
                            },
                            "Widgets" : [ {
                              "Properties" : {
                                "Area" : "UI",
                                "Columns" : 1,
                                "Description" : "",
                                "DisplayName" : "Layout-14",
                                "Footer" : false,
                                "FooterHeight" : 0,
                                "Header" : false,
                                "HeaderHeight" : 0,
                                "Id" : "Layout-14",
                                "IncludeSpacingInFixedAreas" : false,
                                "IsPrintLayout" : false,
                                "Left" : 100,
                                "LeftSidebar" : false,
                                "LeftSidebarWidth" : 0,
                                "Orientation" : "horizontal",
                                "PctColumn1" : 100,
                                "PctColumn2" : 0,
                                "PctColumn3" : 1,
                                "PctColumn4" : 1,
                                "PctColumn5" : 1,
                                "PctColumn6" : 1,
                                "PctColumn7" : 1,
                                "PctColumn8" : 1,
                                "PctRow1" : 50,
                                "PctRow2" : 50,
                                "PctRow3" : 0,
                                "PctRow4" : 0,
                                "PctRow5" : 0,
                                "PctRow6" : 0,
                                "PctRow7" : 0,
                                "PctRow8" : 0,
                                "PrintMarginLeftRight" : 0.5,
                                "PrintMarginTopBottom" : 0.5,
                                "PrintWidth" : 650,
                                "ResponsiveLayout" : true,
                                "RightSidebar" : true,
                                "RightSidebarWidth" : 10,
                                "Rows" : 0,
                                "ShowDataLoading" : true,
                                "Spacing" : 0,
                                "Top" : 145,
                                "Type" : "layout",
                                "Visible" : true,
                                "Z-index" : 10,
                                "__TypeDisplayName" : "Layout"
                              },
                              "Widgets" : [ {
                                "Properties" : {
                                  "AnimateExpandCollapse" : true,
                                  "Area" : "UI",
                                  "BGImageRepeat" : "no-repeat",
                                  "BGImageSize" : "auto",
                                  "DisplayName" : "Container-15",
                                  "ExpandCollapseTabLocation" : "outside",
                                  "Expanded" : true,
                                  "Id" : "Container-15",
                                  "MinHeight" : 0,
                                  "MinWidth" : 0,
                                  "Overlay" : false,
                                  "OverlayIsTransparent" : false,
                                  "ResponsiveLayout" : true,
                                  "ShowDataLoading" : true,
                                  "ShowExpandCollapseTab" : false,
                                  "Style" : "DefaultContainerStyle",
                                  "TabCollapseStyle" : "DefaultTabCollapseStyle",
                                  "TabExpandStyle" : "DefaultTabExpandStyle",
                                  "TabHeight" : 36,
                                  "TabLocation" : "center",
                                  "TabOffset" : 0,
                                  "TabWidth" : 36,
                                  "Type" : "container",
                                  "Visible" : true,
                                  "Z-index" : 10,
                                  "__TypeDisplayName" : "Container"
                                },
                                "Widgets" : [ {
                                  "Properties" : {
                                    "Area" : "UI",
                                    "AutoScroll" : true,
                                    "CellBorderStyle" : "DefaultGridAdvancedCellBorderStyle",
                                    "ColumnFormat" : {
                                      "formatInfo" : [ {
                                        "Align" : "left",
                                        "AllowEdit" : false,
                                        "FieldName" : "name",
                                        "FormatOptions" : {
                                          "FormatString" : "full",
                                          "formatInfo" : {
                                            "FieldName" : "",
                                            "StateDefinition" : "",
                                            "StateDefinitionType" : "fixed",
                                            "StateFormats" : [ {
                                              "state" : "",
                                              "stateName" : "fixed"
                                            } ]
                                          },
                                          "renderer" : "STRING",
                                          "roundingEnabled" : true
                                        },
                                        "Title" : "[[PTC.SCA.SCO.AssetRemoting.Name]]",
                                        "Width" : "120px",
                                        "headerTextAlignment" : "left",
                                        "hidden" : false,
                                        "inLayout" : true
                                      }, {
                                        "Align" : "left",
                                        "AllowEdit" : false,
                                        "FieldName" : "lastModifiedDate",
                                        "FormatOptions" : {
                                          "FormatString" : "[[dateTimeFormat_Default]]",
                                          "formatInfo" : {
                                            "FieldName" : "",
                                            "StateDefinition" : "",
                                            "StateDefinitionType" : "fixed",
                                            "StateFormats" : [ {
                                              "state" : "",
                                              "stateName" : "fixed"
                                            } ]
                                          },
                                          "renderer" : "DATETIME",
                                          "roundingEnabled" : true
                                        },
                                        "Title" : "[[PTC.SCA.SCO.AssetRemoting.Modified Date]]",
                                        "Width" : "155px",
                                        "headerTextAlignment" : "left",
                                        "hidden" : false,
                                        "inLayout" : true
                                      }, {
                                        "Align" : "left",
                                        "AllowEdit" : false,
                                        "FieldName" : "path",
                                        "FormatOptions" : {
                                          "FormatString" : "full",
                                          "formatInfo" : {
                                            "FieldName" : "",
                                            "StateDefinition" : "",
                                            "StateDefinitionType" : "fixed",
                                            "StateFormats" : [ {
                                              "state" : "",
                                              "stateName" : "fixed"
                                            } ]
                                          },
                                          "renderer" : "STRING",
                                          "roundingEnabled" : true
                                        },
                                        "Title" : "[[PTC.SCA.SCO.AssetRemoting.Path]]",
                                        "Width" : "120px",
                                        "headerTextAlignment" : "left",
                                        "hidden" : false,
                                        "inLayout" : true
                                      }, {
                                        "Align" : "left",
                                        "AllowEdit" : false,
                                        "FieldName" : "size",
                                        "FormatOptions" : {
                                          "FormatString" : "0.00",
                                          "formatInfo" : {
                                            "FieldName" : "",
                                            "StateDefinition" : "",
                                            "StateDefinitionType" : "fixed",
                                            "StateFormats" : [ {
                                              "state" : "",
                                              "stateName" : "fixed"
                                            } ]
                                          },
                                          "renderer" : "NUMBER",
                                          "roundingEnabled" : true
                                        },
                                        "Title" : "[[PTC.SCA.SCO.AssetRemoting.FileTransfer.Bytes]]",
                                        "Width" : "120px",
                                        "headerTextAlignment" : "left",
                                        "hidden" : false,
                                        "inLayout" : true
                                      }, {
                                        "Align" : "left",
                                        "AllowEdit" : false,
                                        "FieldName" : "fileType",
                                        "FormatOptions" : {
                                          "FormatString" : "full",
                                          "formatInfo" : {
                                            "FieldName" : "",
                                            "StateDefinition" : "",
                                            "StateDefinitionType" : "fixed",
                                            "StateFormats" : [ {
                                              "state" : "",
                                              "stateName" : "fixed"
                                            } ]
                                          },
                                          "renderer" : "STRING",
                                          "roundingEnabled" : true
                                        },
                                        "Title" : "fileType",
                                        "Width" : "auto",
                                        "headerTextAlignment" : "left",
                                        "hidden" : true,
                                        "inLayout" : true
                                      } ]
                                    },
                                    "Configuration" : "",
                                    "ConfigurationId" : 3,
                                    "CookiePersistence" : true,
                                    "DataOverflow" : "wrapped",
                                    "DataServiceBindingDef" : {
                                      "entityName" : "PTC.SCA.SCO.CommonUIProvider",
                                      "entityType" : "Things",
                                      "target" : "GetFileListing"
                                    },
                                    "DefaultSelectedRows" : "",
                                    "DisplayName" : "gridadvanced-21",
                                    "EnableContextMenu" : true,
                                    "EnableFilterEventOnConfigChange" : true,
                                    "EnableGridReset" : false,
                                    "EnableGridSearch" : false,
                                    "EnableSorting" : true,
                                    "FocusStyle" : "DefaultContainerStyle",
                                    "GridResetButtonLocation" : "top-right",
                                    "GridSearchLocation" : "top-left",
                                    "HeaderOverflow" : "wrapped",
                                    "Height" : 200,
                                    "IDFieldName" : "id",
                                    "Id" : "gridadvanced-21",
                                    "IsEditable" : false,
                                    "Left" : 135,
                                    "MaxHeaderHeight" : 100,
                                    "MinRowHeight" : 30,
                                    "ResponsiveLayout" : true,
                                    "RowAlternateBackgroundStyle" : "PTC.Factory.Generic.TableRowNonSelected",
                                    "RowBackgroundStyle" : "PTC.Factory.Generic.TableRowNonSelected",
                                    "RowFormat_StateParameters" : [ ],
                                    "RowHoverStyle" : "PTC.Factory.Generic.TableRowHover",
                                    "RowSelectedStyle" : "PTC.Factory.Generic.TableRowSelected",
                                    "RowSelection" : "multi",
                                    "SelectedRows" : "",
                                    "ShowDataLoading" : true,
                                    "SortAscendingStyle" : "PTC.SCA.SCO.SortAscendingStyle",
                                    "SortDescendingStyle" : "PTC.SCA.SCO.SortDescendingStyle",
                                    "TableHeaderStyle" : "PTC.Factory.Generic.TableColumnHeader",
                                    "TableWrapperStyle" : "PTC.SCA.SCO.Core.GridBackgroundStyle",
                                    "ToolbarStyle" : "PTC.SCA.SCO.NoStyle",
                                    "TooltipStyle" : "DefaultTooltipStyle",
                                    "Top" : 50,
                                    "Type" : "gridadvanced",
                                    "Visible" : true,
                                    "Width" : 400,
                                    "Z-index" : 10,
                                    "__TypeDisplayName" : "Grid Advanced"
                                  },
                                  "Widgets" : [ ]
                                } ]
                              }, {
                                "Properties" : {
                                  "AnimateExpandCollapse" : true,
                                  "Area" : "UI",
                                  "BGImageRepeat" : "no-repeat",
                                  "BGImageSize" : "auto",
                                  "DisplayName" : "Container-17",
                                  "ExpandCollapseTabLocation" : "outside",
                                  "Expanded" : true,
                                  "Id" : "Container-17",
                                  "MinHeight" : 0,
                                  "MinWidth" : 0,
                                  "Overlay" : false,
                                  "OverlayIsTransparent" : false,
                                  "ResponsiveLayout" : true,
                                  "ShowDataLoading" : true,
                                  "ShowExpandCollapseTab" : false,
                                  "Style" : "DefaultContainerStyle",
                                  "TabCollapseStyle" : "DefaultTabCollapseStyle",
                                  "TabExpandStyle" : "DefaultTabExpandStyle",
                                  "TabHeight" : 36,
                                  "TabLocation" : "center",
                                  "TabOffset" : 0,
                                  "TabWidth" : 36,
                                  "Type" : "container",
                                  "Visible" : true,
                                  "Z-index" : 10,
                                  "__TypeDisplayName" : "Container"
                                },
                                "Widgets" : [ ]
                              } ]
                            } ]
                          } ]
                        } ]
                      }, {
                        "Properties" : {
                          "AnimateExpandCollapse" : true,
                          "Area" : "UI",
                          "BGImageRepeat" : "no-repeat",
                          "BGImageSize" : "auto",
                          "DisplayName" : "Container-18",
                          "ExpandCollapseTabLocation" : "outside",
                          "Expanded" : true,
                          "Id" : "Container-18",
                          "MinHeight" : 0,
                          "MinWidth" : 0,
                          "Overlay" : false,
                          "OverlayIsTransparent" : false,
                          "ResponsiveLayout" : true,
                          "ShowDataLoading" : true,
                          "ShowExpandCollapseTab" : false,
                          "Style" : "DefaultContainerStyle",
                          "TabCollapseStyle" : "DefaultTabCollapseStyle",
                          "TabExpandStyle" : "DefaultTabExpandStyle",
                          "TabHeight" : 36,
                          "TabLocation" : "center",
                          "TabOffset" : 0,
                          "TabWidth" : 36,
                          "Type" : "container",
                          "Visible" : true,
                          "Z-index" : 10,
                          "__TypeDisplayName" : "Container"
                        },
                        "Widgets" : [ ]
                      } ]
                    } ]
                  } ]
                } ]
              },
              "mashupType" : "mashup"
            }
            ]]>
            </mashupContent>
        </Mashup>
    </Mashups>
</Entities>
