<?xml version="1.0" encoding="UTF-8"?>
<Entities
 build="b9261"
 majorVersion="0"
 minorVersion="0"
 modelPersistenceProviderPackage="PostgresPersistenceProviderPackage"
 revision="0"
 schemaVersion="1100"
 universal="password">
    <Mashups>
        <Mashup
         aspect.isEditableExtensionObject="false"
         aspect.isExtension="true"
         aspect.isFlex="true"
         aspect.isResponsive="true"
         aspect.mashupType="target"
         columns="0.0"
         description="A common master mashup with header and side bar styling"
         documentationContent=""
         homeMashup=""
         lastModifiedDate="2020-05-06T10:22:22.913-04:00"
         name="PTC.SCA.SCO.TitleBorderMasterMashup"
         projectName="PTC.SCA.SCO.Shift.ConsoleDisplay"
         rows="0.0"
         tags="PTC:sca-sco;PTC:Mashup;PTC:sca-sco-shift-consoledisplay">
            <avatar></avatar>
            <DesignTimePermissions>
                <Create></Create>
                <Read></Read>
                <Update></Update>
                <Delete></Delete>
                <Metadata></Metadata>
            </DesignTimePermissions>
            <RunTimePermissions></RunTimePermissions>
            <VisibilityPermissions>
                <Visibility>
                    <Principal
                     isPermitted="true"
                     name="PTC.Factory.MachineVisibility"
                     type="Organization"></Principal>
                </Visibility>
            </VisibilityPermissions>
            <ConfigurationTableDefinitions></ConfigurationTableDefinitions>
            <ConfigurationTables>
                <ConfigurationTable
                 dataShapeName=""
                 description="Mashup Mobile Settings"
                 isHidden="true"
                 isMultiRow="false"
                 name="MobileSettings"
                 ordinal="0">
                    <DataShape>
                        <FieldDefinitions>
                            <FieldDefinition
                             aspect.defaultValue="false"
                             baseType="BOOLEAN"
                             description=""
                             name="disableZoom"
                             ordinal="0"></FieldDefinition>
                            <FieldDefinition
                             aspect.defaultValue="true"
                             baseType="BOOLEAN"
                             description=""
                             name="fullScreenMode"
                             ordinal="0"></FieldDefinition>
                            <FieldDefinition
                             baseType="STRING"
                             description=""
                             name="height"
                             ordinal="0"></FieldDefinition>
                            <FieldDefinition
                             aspect.defaultValue="device-height"
                             baseType="STRING"
                             description=""
                             name="heightType"
                             ordinal="0"></FieldDefinition>
                            <FieldDefinition
                             aspect.defaultValue="1.0"
                             baseType="NUMBER"
                             description=""
                             name="initialScale"
                             ordinal="0"></FieldDefinition>
                            <FieldDefinition
                             baseType="STRING"
                             description=""
                             name="iosShortcutIconTitle"
                             ordinal="0"></FieldDefinition>
                            <FieldDefinition
                             aspect.defaultValue="black-translucent"
                             baseType="STRING"
                             description=""
                             name="iosStatusBarAppearance"
                             ordinal="0"></FieldDefinition>
                            <FieldDefinition
                             aspect.defaultValue="10.0"
                             baseType="NUMBER"
                             description=""
                             name="maximumScale"
                             ordinal="0"></FieldDefinition>
                            <FieldDefinition
                             aspect.defaultValue="0.1"
                             baseType="NUMBER"
                             description=""
                             name="minimumScale"
                             ordinal="0"></FieldDefinition>
                            <FieldDefinition
                             baseType="STRING"
                             description=""
                             name="width"
                             ordinal="0"></FieldDefinition>
                            <FieldDefinition
                             aspect.defaultValue="device-width"
                             baseType="STRING"
                             description=""
                             name="widthType"
                             ordinal="0"></FieldDefinition>
                        </FieldDefinitions>
                    </DataShape>
                    <Rows>
                        <Row>
                            <disableZoom>false</disableZoom>
                            <fullScreenMode>true</fullScreenMode>
                            <height></height>
                            <heightType>
                            <![CDATA[
                            device-height
                            ]]>
                            </heightType>
                            <initialScale>1.0</initialScale>
                            <iosShortcutIconTitle></iosShortcutIconTitle>
                            <iosStatusBarAppearance>
                            <![CDATA[
                            black-translucent
                            ]]>
                            </iosStatusBarAppearance>
                            <maximumScale>10.0</maximumScale>
                            <minimumScale>0.1</minimumScale>
                            <width></width>
                            <widthType>
                            <![CDATA[
                            device-width
                            ]]>
                            </widthType>
                        </Row>
                    </Rows>
                </ConfigurationTable>
            </ConfigurationTables>
            <ParameterDefinitions></ParameterDefinitions>
            <Things></Things>
            <ThingShapes></ThingShapes>
            <ThingTemplates></ThingTemplates>
            <mashupContent>
            <![CDATA[
            {
              "CustomMashupCss" : ".outer-container >.widget-panel.widget-container.widget-content {\nbox-shadow: 0 1px 4px 0 #232b2d;\nbackground-color: #3b4550;\n}\n\n",
              "Data" : {
                "Session" : {
                  "DataName" : "Session",
                  "EntityName" : "",
                  "EntityType" : "Session",
                  "Id" : "session",
                  "Services" : [ {
                    "APIMethod" : "post",
                    "Characteristic" : "Services",
                    "Id" : "SessionInterface",
                    "Name" : "GetGlobalSessionValues",
                    "Parameters" : { },
                    "RefreshInterval" : 0,
                    "Target" : "GetGlobalSessionValues"
                  } ]
                },
                "UserExtensions" : {
                  "DataName" : "UserExtensions",
                  "EntityName" : "",
                  "EntityType" : "UserExtensions",
                  "Id" : "UserExtensions",
                  "Services" : [ {
                    "APIMethod" : "post",
                    "Characteristic" : "Services",
                    "Id" : "UserExtensionInterface",
                    "Name" : "GetCurrentUserExtensionProperties",
                    "Parameters" : { },
                    "RefreshInterval" : 0,
                    "Target" : "GetCurrentUserExtensionProperties"
                  } ]
                }
              },
              "DataBindings" : [ ],
              "DesignTimePermissions" : {
                "Create" : [ ],
                "Delete" : [ ],
                "Metadata" : [ ],
                "Read" : [ ],
                "Update" : [ ]
              },
              "Events" : [ ],
              "RunTimePermissions" : {
                "permissions" : [ ]
              },
              "UI" : {
                "Properties" : {
                  "Area" : "Mashup",
                  "BGImageRepeat" : "no-repeat",
                  "BGImageSize" : "auto",
                  "DisplayName" : "Mashup",
                  "DropShadow" : false,
                  "Font" : "Arial, Helvetica",
                  "Height" : 768,
                  "Id" : "mashup-root",
                  "Left" : 0,
                  "MaxWidth" : 0,
                  "MinHeight" : 0,
                  "MinWidth" : 0,
                  "ResponsiveLayout" : true,
                  "ShowDataLoading" : true,
                  "Style" : "DefaultMasterMashupStyle",
                  "StyleProperties" : {
                    "data" : {
                      "ptcslabel-34" : {
                        "parts" : {
                          "$" : {
                            "$" : {
                              "font-family" : "Open Sans",
                              "font-size" : "24px",
                              "font-weight" : "400"
                            }
                          }
                        },
                        "widget" : "ptcs-label"
                      },
                      "ptcslabel-35" : {
                        "parts" : {
                          "$" : {
                            "$" : {
                              "font-size" : "10px",
                              "font-weight" : "400"
                            }
                          }
                        },
                        "widget" : "ptcs-label"
                      },
                      "ptcslabel-42" : {
                        "parts" : {
                          "$" : {
                            "$" : {
                              "font-size" : "24px",
                              "font-weight" : "400"
                            }
                          }
                        },
                        "widget" : "ptcs-label"
                      }
                    },
                    "meta" : {
                      "type" : "WidgetStyler",
                      "version" : "1.0"
                    }
                  },
                  "StyleTheme" : "PTC Convergence Theme",
                  "Title" : "",
                  "Top" : 0,
                  "Type" : "targetmashup",
                  "UseMasterTheme" : false,
                  "UseThemeForHybrids" : false,
                  "Visible" : true,
                  "Width" : 1024,
                  "WindowStyle" : "DefaultMasterWindowStyle",
                  "Z-index" : 10,
                  "__TypeDisplayName" : "Master Mashup",
                  "align-content" : "stretch",
                  "align-items" : "stretch",
                  "flex-basis" : "auto",
                  "flex-direction" : "column",
                  "flex-grow" : 1,
                  "flex-height" : 0,
                  "flex-shrink" : 0,
                  "flex-width" : 0,
                  "flex-wrap" : "nowrap",
                  "id_index" : 42,
                  "justify-content" : "flex-start",
                  "supportsAutoResize" : true
                },
                "Widgets" : [ {
                  "Properties" : {
                    "Area" : "UI",
                    "Description" : "",
                    "DisplayName" : "OuterContainer",
                    "EnableExpandCollapse" : false,
                    "Expanded" : true,
                    "Id" : "flexcontainer-1",
                    "LastContainer" : true,
                    "Overlay" : false,
                    "ResponsiveLayout" : true,
                    "ShowDataLoading" : true,
                    "ShowExpandCollapseTab" : false,
                    "SourceURL" : "",
                    "Style" : "DefaultContainerStyle",
                    "StyleProperties" : { },
                    "Type" : "flexcontainer",
                    "UseTheme" : false,
                    "Visible" : true,
                    "Z-index" : 10,
                    "__TypeDisplayName" : "Container",
                    "align-content" : "stretch",
                    "align-items" : "stretch",
                    "flex-basis" : "auto",
                    "flex-direction" : "row",
                    "flex-grow" : "1",
                    "flex-height" : 0,
                    "flex-max-height" : "",
                    "flex-max-width" : "",
                    "flex-min-height" : "",
                    "flex-min-width" : "",
                    "flex-shrink" : "0",
                    "flex-size" : "default",
                    "flex-width" : 0,
                    "flex-wrap" : "nowrap",
                    "iconClass" : "widgets-flexcontainer",
                    "isLocked" : true,
                    "justify-content" : "flex-start",
                    "positioning" : "responsive",
                    "userCannotRemove" : false
                  },
                  "Widgets" : [ {
                    "Properties" : {
                      "Area" : "UI",
                      "DisplayName" : "container-4",
                      "EnableExpandCollapse" : false,
                      "Expanded" : true,
                      "Id" : "flexcontainer-4",
                      "LastContainer" : false,
                      "Overlay" : false,
                      "ResponsiveLayout" : false,
                      "ShowDataLoading" : true,
                      "ShowExpandCollapseTab" : false,
                      "SourceURL" : "",
                      "Style" : "DefaultContainerStyle",
                      "StyleProperties" : { },
                      "Type" : "flexcontainer",
                      "UseTheme" : false,
                      "Visible" : true,
                      "Z-index" : 10,
                      "__TypeDisplayName" : "Responsive Container",
                      "align-content" : "flex-start",
                      "align-items" : "flex-start",
                      "flex-basis" : "auto",
                      "flex-direction" : "row",
                      "flex-grow" : "1",
                      "flex-max-height" : "",
                      "flex-max-width" : "60px",
                      "flex-min-height" : "",
                      "flex-min-width" : "60px",
                      "flex-shrink" : "0",
                      "flex-size" : "fixed",
                      "flex-wrap" : "nowrap",
                      "iconClass" : "widgets-flexcontainer-fixed",
                      "isLocked" : false,
                      "justify-content" : "flex-start",
                      "positioning" : "responsive",
                      "userCannotRemove" : false
                    },
                    "Widgets" : [ {
                      "Properties" : {
                        "Area" : "UI",
                        "Columns" : 2,
                        "DisplayName" : "layout-5",
                        "Footer" : false,
                        "FooterHeight" : 0,
                        "Header" : false,
                        "HeaderHeight" : 0,
                        "Id" : "layout-5",
                        "IncludeSpacingInFixedAreas" : false,
                        "IsPrintLayout" : false,
                        "LastContainer" : false,
                        "Left" : 20,
                        "LeftSidebar" : false,
                        "LeftSidebarWidth" : 0,
                        "Orientation" : "horizontal",
                        "PctColumn1" : 88,
                        "PctColumn2" : 12,
                        "PctColumn3" : 1,
                        "PctColumn4" : 1,
                        "PctColumn5" : 1,
                        "PctColumn6" : 1,
                        "PctColumn7" : 1,
                        "PctColumn8" : 1,
                        "PctRow1" : 50,
                        "PctRow2" : 50,
                        "PctRow3" : 0,
                        "PctRow4" : 0,
                        "PctRow5" : 0,
                        "PctRow6" : 0,
                        "PctRow7" : 0,
                        "PctRow8" : 0,
                        "PrintMarginLeftRight" : 0.5,
                        "PrintMarginTopBottom" : 0.5,
                        "PrintWidth" : 650,
                        "ResponsiveLayout" : true,
                        "RightSidebar" : false,
                        "RightSidebarWidth" : 0,
                        "Rows" : 0,
                        "ShowDataLoading" : true,
                        "Spacing" : 0,
                        "Top" : 85,
                        "Type" : "layout",
                        "Visible" : true,
                        "Z-index" : 10,
                        "__TypeDisplayName" : "Layout"
                      },
                      "Widgets" : [ {
                        "Properties" : {
                          "AnimateExpandCollapse" : true,
                          "Area" : "UI",
                          "BGImageRepeat" : "no-repeat",
                          "BGImageSize" : "auto",
                          "DisplayName" : "Column 1",
                          "ExpandCollapseTabLocation" : "outside",
                          "Expanded" : true,
                          "Id" : "container-6",
                          "LastContainer" : false,
                          "MinHeight" : 0,
                          "MinWidth" : 0,
                          "Overlay" : false,
                          "OverlayIsTransparent" : false,
                          "ResponsiveLayout" : true,
                          "ShowDataLoading" : true,
                          "ShowExpandCollapseTab" : false,
                          "Style" : "DefaultContainerStyle",
                          "TabCollapseStyle" : "DefaultTabCollapseStyle",
                          "TabExpandStyle" : "DefaultTabExpandStyle",
                          "TabHeight" : 36,
                          "TabLocation" : "center",
                          "TabOffset" : 0,
                          "TabWidth" : 36,
                          "Type" : "container",
                          "Visible" : true,
                          "Z-index" : 10,
                          "__TypeDisplayName" : "Container",
                          "userCannotRemove" : true
                        },
                        "Widgets" : [ {
                          "Properties" : {
                            "Area" : "UI",
                            "ContainerClass" : "",
                            "DisplayName" : "panel-8",
                            "Height" : 200,
                            "HideScrollbars" : false,
                            "HorizontalAnchor" : "left",
                            "Id" : "panel-8",
                            "LastContainer" : false,
                            "Left" : 10,
                            "ResponsiveLayout" : true,
                            "ShowDataLoading" : true,
                            "Style" : "PTC.SCA.SCO.GreyBackgroundStyle",
                            "Top" : 185,
                            "Type" : "panel",
                            "VerticalAnchor" : "top",
                            "Visible" : true,
                            "Width" : 300,
                            "Z-index" : 10,
                            "__TypeDisplayName" : "Panel"
                          },
                          "Widgets" : [ {
                            "Properties" : {
                              "AlternateText" : "",
                              "Area" : "UI",
                              "ContainerDim" : false,
                              "DisplayName" : "ptcs-image-9",
                              "Height" : 30,
                              "Id" : "ptcsimage-9",
                              "LastContainer" : false,
                              "Left" : 14,
                              "Position" : "center",
                              "PreventCaching" : false,
                              "ResponsiveLayout" : false,
                              "Scaling" : "fit-x",
                              "ShowDataLoading" : true,
                              "SourceURL" : "/Thingworx/MediaEntities/PTC.SCA.SCO.ThingWorxLogo",
                              "Top" : 11.994319915771484,
                              "Type" : "ptcsimage",
                              "UseTheme" : true,
                              "Visible" : true,
                              "Width" : 26,
                              "Z-index" : 10,
                              "__TypeDisplayName" : "Image"
                            },
                            "Widgets" : [ ]
                          }, {
                            "Properties" : {
                              "Area" : "UI",
                              "ContainerClass" : "",
                              "CustomClass" : "",
                              "DisplayName" : "panel-37",
                              "Height" : 1,
                              "HideScrollbars" : false,
                              "HorizontalAnchor" : "left",
                              "Id" : "panel-37",
                              "LastContainer" : false,
                              "Left" : 0,
                              "ResponsiveLayout" : false,
                              "ShowDataLoading" : true,
                              "Style" : "PTC.SCA.SCO.GreyBackgroundStyle",
                              "Top" : 53,
                              "Type" : "panel",
                              "VerticalAnchor" : "top",
                              "Visible" : true,
                              "Width" : 53,
                              "Z-index" : 10,
                              "__TypeDisplayName" : "Panel"
                            },
                            "Widgets" : [ ]
                          } ]
                        } ]
                      }, {
                        "Properties" : {
                          "AnimateExpandCollapse" : true,
                          "Area" : "UI",
                          "BGImageRepeat" : "no-repeat",
                          "BGImageSize" : "auto",
                          "DisplayName" : "Column 2",
                          "ExpandCollapseTabLocation" : "outside",
                          "Expanded" : true,
                          "Id" : "container-7",
                          "LastContainer" : false,
                          "MinHeight" : 0,
                          "MinWidth" : 0,
                          "Overlay" : false,
                          "OverlayIsTransparent" : false,
                          "ResponsiveLayout" : true,
                          "ShowDataLoading" : true,
                          "ShowExpandCollapseTab" : false,
                          "Style" : "PTC.SCA.SCO.BlueBackgroundStyle",
                          "TabCollapseStyle" : "DefaultTabCollapseStyle",
                          "TabExpandStyle" : "DefaultTabExpandStyle",
                          "TabHeight" : 36,
                          "TabLocation" : "center",
                          "TabOffset" : 0,
                          "TabWidth" : 36,
                          "Type" : "container",
                          "Visible" : true,
                          "Z-index" : 10,
                          "__TypeDisplayName" : "Container",
                          "userCannotRemove" : true
                        },
                        "Widgets" : [ ]
                      } ]
                    } ]
                  }, {
                    "Properties" : {
                      "Area" : "UI",
                      "DisplayName" : "container-3",
                      "EnableExpandCollapse" : false,
                      "Expanded" : true,
                      "Id" : "flexcontainer-3",
                      "LastContainer" : true,
                      "Overlay" : false,
                      "ResponsiveLayout" : false,
                      "ShowDataLoading" : true,
                      "ShowExpandCollapseTab" : false,
                      "SourceURL" : "",
                      "Style" : "DefaultContainerStyle",
                      "StyleProperties" : { },
                      "Type" : "flexcontainer",
                      "UseTheme" : false,
                      "Visible" : true,
                      "Z-index" : 10,
                      "__TypeDisplayName" : "Container",
                      "align-content" : "stretch",
                      "align-items" : "stretch",
                      "flex-basis" : "auto",
                      "flex-direction" : "column",
                      "flex-grow" : "1",
                      "flex-height" : 0,
                      "flex-max-height" : "",
                      "flex-max-width" : "",
                      "flex-min-height" : "",
                      "flex-min-width" : "",
                      "flex-shrink" : "0",
                      "flex-size" : "default",
                      "flex-width" : 0,
                      "flex-wrap" : "nowrap",
                      "iconClass" : "widgets-flexcontainer",
                      "isLocked" : true,
                      "justify-content" : "flex-start",
                      "positioning" : "responsive",
                      "userCannotRemove" : false
                    },
                    "Widgets" : [ {
                      "Properties" : {
                        "Area" : "UI",
                        "DisplayName" : "container-11",
                        "EnableExpandCollapse" : false,
                        "Expanded" : true,
                        "Id" : "flexcontainer-11",
                        "LastContainer" : false,
                        "Overlay" : false,
                        "ResponsiveLayout" : false,
                        "ShowDataLoading" : true,
                        "ShowExpandCollapseTab" : false,
                        "SourceURL" : "",
                        "Style" : "DefaultContainerStyle",
                        "StyleProperties" : { },
                        "Type" : "flexcontainer",
                        "UseTheme" : false,
                        "Visible" : true,
                        "Z-index" : 10,
                        "__TypeDisplayName" : "Responsive Container",
                        "align-content" : "flex-start",
                        "align-items" : "flex-start",
                        "flex-basis" : "auto",
                        "flex-direction" : "row",
                        "flex-grow" : "1",
                        "flex-max-height" : "53px",
                        "flex-max-width" : "",
                        "flex-min-height" : "53px",
                        "flex-min-width" : "",
                        "flex-shrink" : "1",
                        "flex-size" : "fixed",
                        "flex-wrap" : "nowrap",
                        "iconClass" : "widgets-flexcontainer-fixed",
                        "isLocked" : false,
                        "justify-content" : "flex-start",
                        "positioning" : "responsive",
                        "userCannotRemove" : false
                      },
                      "Widgets" : [ {
                        "Properties" : {
                          "Area" : "UI",
                          "CustomClass" : "header-left",
                          "DisplayName" : "container-13",
                          "EnableExpandCollapse" : false,
                          "Expanded" : true,
                          "Id" : "flexcontainer-13",
                          "LastContainer" : true,
                          "Overlay" : false,
                          "ResponsiveLayout" : false,
                          "ShowDataLoading" : true,
                          "ShowExpandCollapseTab" : false,
                          "SourceURL" : "",
                          "Style" : "DefaultContainerStyle",
                          "StyleProperties" : { },
                          "Type" : "flexcontainer",
                          "UseTheme" : false,
                          "Visible" : true,
                          "Z-index" : 10,
                          "__TypeDisplayName" : "Responsive Container",
                          "align-content" : "flex-start",
                          "align-items" : "flex-start",
                          "flex-basis" : "auto",
                          "flex-direction" : "row",
                          "flex-grow" : "1",
                          "flex-max-height" : "",
                          "flex-max-width" : "",
                          "flex-min-height" : "",
                          "flex-min-width" : "",
                          "flex-shrink" : "1",
                          "flex-size" : "default",
                          "flex-wrap" : "nowrap",
                          "iconClass" : "widgets-flexcontainer",
                          "isLocked" : true,
                          "justify-content" : "flex-start",
                          "positioning" : "responsive",
                          "userCannotRemove" : false
                        },
                        "Widgets" : [ {
                          "Properties" : {
                            "Area" : "UI",
                            "CustomClass" : "",
                            "DisclosureControl" : "show-more",
                            "DisplayName" : "ptcslabel-42",
                            "Height" : 28,
                            "HorizontalAlignment" : "left",
                            "Id" : "ptcslabel-42",
                            "LabelText" : "[[PTC.SCA.SCO.SmartConnectedOperations]]",
                            "LabelType" : "label",
                            "LastContainer" : false,
                            "Left" : 26,
                            "Margin" : "10",
                            "MultiLine" : false,
                            "ResponsiveLayout" : false,
                            "ShowDataLoading" : true,
                            "Top" : 15,
                            "Type" : "ptcslabel",
                            "UseTheme" : true,
                            "VerticalAlignment" : "flex-start",
                            "Visible" : true,
                            "Z-index" : 10,
                            "__TypeDisplayName" : "Label",
                            "overflowShowLessTxt" : "[[showLess]]",
                            "overflowShowMoreTxt" : "[[showMore]]"
                          },
                          "Widgets" : [ ]
                        } ]
                      }, {
                        "Properties" : {
                          "Area" : "UI",
                          "DisplayName" : "container-12",
                          "EnableExpandCollapse" : false,
                          "Expanded" : true,
                          "Id" : "flexcontainer-12",
                          "LastContainer" : false,
                          "Overlay" : false,
                          "ResponsiveLayout" : false,
                          "ShowDataLoading" : true,
                          "ShowExpandCollapseTab" : false,
                          "SourceURL" : "",
                          "Style" : "DefaultContainerStyle",
                          "StyleProperties" : { },
                          "Type" : "flexcontainer",
                          "UseTheme" : false,
                          "Visible" : true,
                          "Z-index" : 10,
                          "__TypeDisplayName" : "Responsive Container",
                          "align-content" : "flex-start",
                          "align-items" : "flex-start",
                          "flex-basis" : "auto",
                          "flex-direction" : "row",
                          "flex-grow" : "0",
                          "flex-max-height" : "",
                          "flex-max-width" : "301px",
                          "flex-min-height" : "",
                          "flex-min-width" : "301px",
                          "flex-shrink" : "0",
                          "flex-size" : "fixed",
                          "flex-wrap" : "nowrap",
                          "iconClass" : "widgets-flexcontainer-fixed",
                          "isLocked" : false,
                          "justify-content" : "flex-start",
                          "positioning" : "responsive",
                          "userCannotRemove" : false
                        },
                        "Widgets" : [ {
                          "Properties" : {
                            "Area" : "UI",
                            "ContainerClass" : "",
                            "DisplayName" : "panel-19",
                            "Height" : 200,
                            "HideScrollbars" : false,
                            "HorizontalAnchor" : "left",
                            "Id" : "panel-19",
                            "LastContainer" : false,
                            "Left" : 50,
                            "ResponsiveLayout" : true,
                            "ShowDataLoading" : true,
                            "Style" : "PTC.SCA.SCO.NoStyle",
                            "Top" : 20,
                            "Type" : "panel",
                            "VerticalAnchor" : "top",
                            "Visible" : true,
                            "Width" : 300,
                            "Z-index" : 10,
                            "__TypeDisplayName" : "Panel"
                          },
                          "Widgets" : [ {
                            "Properties" : {
                              "AlternateText" : "",
                              "Area" : "UI",
                              "ContainerDim" : false,
                              "DisplayName" : "ptcs-image-21",
                              "Height" : 32,
                              "Id" : "ptcsimage-21",
                              "LastContainer" : false,
                              "Left" : 182.9886474609375,
                              "Position" : "top",
                              "PreventCaching" : false,
                              "ResponsiveLayout" : false,
                              "Scaling" : "fit-x",
                              "ShowDataLoading" : true,
                              "SourceURL" : "/Thingworx/MediaEntities/PTC.SCA.SCO.PTCLogo",
                              "Top" : 8.991477966308594,
                              "Type" : "ptcsimage",
                              "UseTheme" : true,
                              "Visible" : true,
                              "Width" : 80,
                              "Z-index" : 10,
                              "__TypeDisplayName" : "Image"
                            },
                            "Widgets" : [ ]
                          }, {
                            "Properties" : {
                              "Area" : "UI",
                              "DisclosureControl" : "show-more",
                              "DisplayName" : "ptcs-label-35",
                              "Height" : 20,
                              "HorizontalAlignment" : "left",
                              "Id" : "ptcslabel-35",
                              "LabelText" : "[[PTC.SCA.SCO.PoweredByLabel]]",
                              "LabelType" : "label",
                              "LastContainer" : false,
                              "Left" : 124,
                              "MultiLine" : false,
                              "ResponsiveLayout" : false,
                              "ShowDataLoading" : true,
                              "Top" : 20,
                              "Type" : "ptcslabel",
                              "UseTheme" : true,
                              "VerticalAlignment" : "flex-start",
                              "Visible" : true,
                              "Width" : 55,
                              "Z-index" : 10,
                              "__TypeDisplayName" : "Label",
                              "overflowShowLessTxt" : "[[showLess]]",
                              "overflowShowMoreTxt" : "[[showMore]]"
                            },
                            "Widgets" : [ ]
                          } ]
                        } ]
                      } ]
                    }, {
                      "Properties" : {
                        "Area" : "UI",
                        "DisplayName" : "container-32",
                        "EnableExpandCollapse" : false,
                        "Expanded" : true,
                        "Id" : "flexcontainer-32",
                        "LastContainer" : false,
                        "Overlay" : false,
                        "ResponsiveLayout" : false,
                        "ShowDataLoading" : true,
                        "ShowExpandCollapseTab" : false,
                        "SourceURL" : "",
                        "Style" : "PTC.SCA.SCO.LightGreyBackgroundStyle",
                        "StyleProperties" : { },
                        "Type" : "flexcontainer",
                        "UseTheme" : false,
                        "Visible" : true,
                        "Z-index" : 10,
                        "__TypeDisplayName" : "Responsive Container",
                        "align-content" : "flex-start",
                        "align-items" : "flex-start",
                        "flex-basis" : "auto",
                        "flex-direction" : "row",
                        "flex-grow" : "1",
                        "flex-max-height" : "1px",
                        "flex-max-width" : "",
                        "flex-min-height" : "1px",
                        "flex-min-width" : "",
                        "flex-shrink" : "1",
                        "flex-size" : "fixed",
                        "flex-wrap" : "nowrap",
                        "iconClass" : "widgets-flexcontainer-fixed",
                        "isLocked" : false,
                        "justify-content" : "flex-start",
                        "positioning" : "responsive",
                        "userCannotRemove" : false
                      },
                      "Widgets" : [ ]
                    }, {
                      "Properties" : {
                        "Area" : "UI",
                        "DisplayName" : "container-10",
                        "EnableExpandCollapse" : false,
                        "Expanded" : true,
                        "Id" : "flexcontainer-10",
                        "LastContainer" : true,
                        "Overlay" : false,
                        "ResponsiveLayout" : false,
                        "ShowDataLoading" : true,
                        "ShowExpandCollapseTab" : false,
                        "SourceURL" : "",
                        "Style" : "DefaultContainerStyle",
                        "StyleProperties" : { },
                        "Type" : "flexcontainer",
                        "UseTheme" : false,
                        "Visible" : true,
                        "Z-index" : 10,
                        "__TypeDisplayName" : "Container",
                        "align-content" : "stretch",
                        "align-items" : "stretch",
                        "flex-basis" : "auto",
                        "flex-direction" : "column",
                        "flex-grow" : "1",
                        "flex-height" : 0,
                        "flex-max-height" : "",
                        "flex-max-width" : "",
                        "flex-min-height" : "",
                        "flex-min-width" : "",
                        "flex-shrink" : "0",
                        "flex-size" : "default",
                        "flex-width" : 0,
                        "flex-wrap" : "nowrap",
                        "iconClass" : "widgets-flexcontainer",
                        "isLocked" : true,
                        "justify-content" : "flex-start",
                        "positioning" : "responsive",
                        "userCannotRemove" : false
                      },
                      "Widgets" : [ {
                        "Properties" : {
                          "Area" : "UI",
                          "DisplayName" : "Page Mashup",
                          "Height" : 300,
                          "Id" : "pagemashupcontainer-2",
                          "LastContainer" : false,
                          "Left" : 0,
                          "Name" : "",
                          "ResponsiveLayout" : true,
                          "ShowDataLoading" : true,
                          "Top" : 0,
                          "Type" : "pagemashupcontainer",
                          "Visible" : true,
                          "Width" : 400,
                          "Z-index" : 10,
                          "__TypeDisplayName" : "Page Mashup Container",
                          "isLocked" : false
                        },
                        "Widgets" : [ ]
                      } ]
                    } ]
                  } ]
                } ]
              },
              "mashupType" : "targetmashup"
            }
            ]]>
            </mashupContent>
            <preview></preview>
        </Mashup>
    </Mashups>
</Entities>
