<?xml version="1.0" encoding="UTF-8"?>
<Entities
 build="b76"
 majorVersion="8"
 minorVersion="5"
 modelPersistenceProviderPackage="PostgresPersistenceProviderPackage"
 revision="2"
 schemaVersion="1050"
 universal="password">
    <Mashups>
        <Mashup
         aspect.isEditableExtensionObject="false"
         aspect.isExtension="true"
         aspect.isFlex="true"
         aspect.isResponsive="true"
         aspect.mashupType="mashup"
         columns="0.0"
         description="Mashup for the crew overview page, including a list of all crews, and actions to create, edit, and delete crews. {PTC.SCA.SCO.CrewLandingPage}"
         documentationContent=""
         homeMashup=""
         lastModifiedDate="2019-11-19T14:03:06.472-05:00"
         name="PTC.SCA.SCO.CrewLandingPage"
         projectName="PTC.SCA.SCO.Crew.Display"
         rows="0.0"
         tags="PTC:sca-sco;PTC:Mashup;PTC:sca-sco-crew-display">
            <avatar></avatar>
            <DesignTimePermissions>
                <Create></Create>
                <Read></Read>
                <Update></Update>
                <Delete></Delete>
                <Metadata></Metadata>
            </DesignTimePermissions>
            <RunTimePermissions></RunTimePermissions>
            <VisibilityPermissions>
                <Visibility></Visibility>
            </VisibilityPermissions>
            <ConfigurationTableDefinitions></ConfigurationTableDefinitions>
            <ConfigurationTables></ConfigurationTables>
            <ParameterDefinitions></ParameterDefinitions>
            <Things>
                <Thing>PTC.SCA.SCO.ShiftManagementUtils</Thing>
            </Things>
            <ThingShapes></ThingShapes>
            <ThingTemplates></ThingTemplates>
            <mashupContent>
            <![CDATA[
            {
              "CustomMashupCss" : ".widget-content.widget-gridadvanced{\n    padding-right:24px;\n    padding-left:24px;\n}\n.objbox{\n    overflow-x:hidden;\n}\n.widget-bounding-box.nonresponsive.root_pagemashupcontainer-2_ptcsbutton-19wbb.back-button >.ptcs-wrapper.widget-content.widget-ptcsbutton{\n    background:#ffffff;\n    background-color:#ffffff;\n    border-width:0;\n    border-style:none;\n    min-height:0;\n    border-radius:0;\n    \n    \n}",
              "Data" : {
                "Session" : {
                  "DataName" : "Session",
                  "EntityName" : "",
                  "EntityType" : "Session",
                  "Id" : "session",
                  "Services" : [ {
                    "APIMethod" : "post",
                    "Characteristic" : "Services",
                    "Id" : "SessionInterface",
                    "Name" : "GetGlobalSessionValues",
                    "Parameters" : { },
                    "RefreshInterval" : 0,
                    "Target" : "GetGlobalSessionValues"
                  } ]
                },
                "Things_PTC.SCA.SCO.ShiftManagementUtils" : {
                  "DataName" : "Things_PTC.SCA.SCO.ShiftManagementUtils",
                  "EntityName" : "PTC.SCA.SCO.ShiftManagementUtils",
                  "EntityType" : "Things",
                  "Id" : "1506cc75-16c8-4037-b0ac-a68c2b9ce8d2",
                  "Services" : [ {
                    "APIMethod" : "post",
                    "Characteristic" : "Services",
                    "Id" : "f98680bb-e7a1-4c62-a48c-8a90f61ecd03",
                    "Name" : "GetCrews",
                    "Parameters" : { },
                    "RefreshInterval" : 0,
                    "Target" : "GetCrews"
                  }, {
                    "APIMethod" : "post",
                    "Characteristic" : "Services",
                    "Id" : "70546719-f058-4e16-9eee-5dfa2dbb11b4",
                    "Name" : "GetFilteredCrews",
                    "Parameters" : { },
                    "RefreshInterval" : 0,
                    "Target" : "GetFilteredCrews"
                  } ]
                },
                "UserExtensions" : {
                  "DataName" : "UserExtensions",
                  "EntityName" : "",
                  "EntityType" : "UserExtensions",
                  "Id" : "UserExtensions",
                  "Services" : [ {
                    "APIMethod" : "post",
                    "Characteristic" : "Services",
                    "Id" : "UserExtensionInterface",
                    "Name" : "GetCurrentUserExtensionProperties",
                    "Parameters" : { },
                    "RefreshInterval" : 0,
                    "Target" : "GetCurrentUserExtensionProperties"
                  } ]
                }
              },
              "DataBindings" : [ {
                "Id" : "1d51bdd8-b26b-4cd5-9e2c-2ce7b972a119",
                "PropertyMaps" : [ {
                  "SourceProperty" : "",
                  "SourcePropertyBaseType" : "INFOTABLE",
                  "TargetProperty" : "Crews",
                  "TargetPropertyBaseType" : "INFOTABLE",
                  "TargetPropertyType" : "Parameter"
                } ],
                "SourceArea" : "Data",
                "SourceDetails" : "AllData",
                "SourceId" : "GetCrews",
                "SourceSection" : "Things_PTC.SCA.SCO.ShiftManagementUtils",
                "TargetArea" : "Data",
                "TargetId" : "GetFilteredCrews",
                "TargetSection" : "Things_PTC.SCA.SCO.ShiftManagementUtils"
              }, {
                "Id" : "a38298cb-92ce-4642-be3d-86f3479bfde6",
                "PropertyMaps" : [ {
                  "SourceProperty" : "QueryFilter",
                  "SourcePropertyBaseType" : "QUERY",
                  "TargetProperty" : "filterQuery",
                  "TargetPropertyBaseType" : "QUERY",
                  "TargetPropertyType" : "Parameter"
                } ],
                "SourceArea" : "UI",
                "SourceId" : "gridadvanced-10",
                "SourceSection" : "",
                "TargetArea" : "Data",
                "TargetId" : "GetFilteredCrews",
                "TargetSection" : "Things_PTC.SCA.SCO.ShiftManagementUtils"
              }, {
                "Id" : "e1d12788-0e76-49f5-9e09-b95ce52ad573",
                "PropertyMaps" : [ {
                  "SourceProperty" : "",
                  "SourcePropertyBaseType" : "INFOTABLE",
                  "SourcePropertyType" : "InfoTable",
                  "TargetProperty" : "Data",
                  "TargetPropertyBaseType" : "INFOTABLE",
                  "TargetPropertyType" : "property"
                } ],
                "SourceArea" : "Data",
                "SourceDetails" : "AllData",
                "SourceId" : "GetFilteredCrews",
                "SourceSection" : "Things_PTC.SCA.SCO.ShiftManagementUtils",
                "TargetArea" : "UI",
                "TargetId" : "gridadvanced-10",
                "TargetSection" : ""
              }, {
                "Id" : "140137e2-b9ee-417e-bfe4-061a0c792cfa",
                "PropertyMaps" : [ {
                  "SourceProperty" : "",
                  "SourcePropertyBaseType" : "INFOTABLE",
                  "SourcePropertyType" : "InfoTable",
                  "TargetProperty" : "Data",
                  "TargetPropertyBaseType" : "INFOTABLE",
                  "TargetPropertyType" : "property"
                } ],
                "SourceArea" : "Data",
                "SourceDetails" : "AllData",
                "SourceId" : "GetFilteredCrews",
                "SourceSection" : "Things_PTC.SCA.SCO.ShiftManagementUtils",
                "TargetArea" : "UI",
                "TargetId" : "infotableselector-19",
                "TargetSection" : ""
              }, {
                "Id" : "1ca3b107-7f22-41ab-9f86-9f965f685d17",
                "PropertyMaps" : [ {
                  "SourceProperty" : "NoRowsSelected",
                  "SourcePropertyBaseType" : "BOOLEAN",
                  "SourcePropertyType" : "Property",
                  "TargetProperty" : "noRowSelected",
                  "TargetPropertyBaseType" : "BOOLEAN",
                  "TargetPropertyType" : "property"
                } ],
                "SourceArea" : "UI",
                "SourceId" : "infotableselector-19",
                "SourceSection" : "",
                "TargetArea" : "UI",
                "TargetId" : "expression-20",
                "TargetSection" : ""
              }, {
                "Id" : "9f13bf2c-0ce2-4dca-a0eb-9e7c33a382db",
                "PropertyMaps" : [ {
                  "SourceProperty" : "Output",
                  "SourcePropertyBaseType" : "BOOLEAN",
                  "SourcePropertyType" : "Property",
                  "TargetProperty" : "Disabled",
                  "TargetPropertyBaseType" : "BOOLEAN",
                  "TargetPropertyType" : "property"
                } ],
                "SourceArea" : "UI",
                "SourceId" : "expression-20",
                "SourceSection" : "",
                "TargetArea" : "UI",
                "TargetId" : "ptcsbutton-5",
                "TargetSection" : ""
              }, {
                "Id" : "36d931ff-c164-4253-aa2d-e9acbf5652ff",
                "PropertyMaps" : [ {
                  "SourceProperty" : "SelectedRows",
                  "SourcePropertyBaseType" : "INFOTABLE",
                  "TargetProperty" : "CrewInfoTable",
                  "TargetPropertyBaseType" : "INFOTABLE"
                } ],
                "SourceArea" : "UI",
                "SourceId" : "gridadvanced-10",
                "SourceSection" : "",
                "TargetArea" : "UI",
                "TargetId" : "navigation-7",
                "TargetSection" : ""
              }, {
                "Id" : "bb29388c-afde-4d07-b379-a559aa180b82",
                "PropertyMaps" : [ {
                  "SourceProperty" : "Output",
                  "SourcePropertyBaseType" : "BOOLEAN",
                  "TargetProperty" : "Disabled",
                  "TargetPropertyBaseType" : "BOOLEAN"
                } ],
                "SourceArea" : "UI",
                "SourceId" : "expression-20",
                "SourceSection" : "",
                "TargetArea" : "UI",
                "TargetId" : "ptcsbutton-15",
                "TargetSection" : ""
              }, {
                "Id" : "442cbf89-2c5c-4fe3-8ee8-f4ad7c0a80cf",
                "PropertyMaps" : [ {
                  "SourceProperty" : "SelectedRows",
                  "SourcePropertyBaseType" : "INFOTABLE",
                  "TargetProperty" : "CrewInfoTable",
                  "TargetPropertyBaseType" : "INFOTABLE"
                } ],
                "SourceArea" : "UI",
                "SourceId" : "gridadvanced-10",
                "SourceSection" : "",
                "TargetArea" : "UI",
                "TargetId" : "navigation-21",
                "TargetSection" : ""
              } ],
              "DesignTimePermissions" : {
                "Create" : [ ],
                "Delete" : [ ],
                "Metadata" : [ ],
                "Read" : [ ],
                "Update" : [ ]
              },
              "Events" : [ {
                "EventHandlerArea" : "UI",
                "EventHandlerId" : "navigation-18",
                "EventHandlerService" : "Navigate",
                "EventTriggerArea" : "UI",
                "EventTriggerEvent" : "Clicked",
                "EventTriggerId" : "ptcsbutton-17",
                "EventTriggerSection" : "",
                "Id" : "d22397ad-eb7f-4e2a-80f7-08bc58958415"
              }, {
                "EventHandlerArea" : "UI",
                "EventHandlerId" : "navigation-8",
                "EventHandlerService" : "Navigate",
                "EventTriggerArea" : "UI",
                "EventTriggerEvent" : "Clicked",
                "EventTriggerId" : "ptcsbutton-4",
                "EventTriggerSection" : "",
                "Id" : "0d84043b-d009-4987-b307-b0dd51973a62"
              }, {
                "EventHandlerArea" : "Data",
                "EventHandlerId" : "Things_PTC.SCA.SCO.ShiftManagementUtils",
                "EventHandlerService" : "GetCrews",
                "EventTriggerArea" : "Mashup",
                "EventTriggerEvent" : "Loaded",
                "EventTriggerId" : "mashup-root",
                "EventTriggerSection" : "",
                "Id" : "d134e16c-6b5a-4553-a234-e3d3741a83f5"
              }, {
                "EventHandlerArea" : "Data",
                "EventHandlerId" : "Things_PTC.SCA.SCO.ShiftManagementUtils",
                "EventHandlerService" : "GetFilteredCrews",
                "EventTriggerArea" : "Data",
                "EventTriggerEvent" : "ServiceInvokeCompleted",
                "EventTriggerId" : "GetCrews",
                "EventTriggerSection" : "Things_PTC.SCA.SCO.ShiftManagementUtils",
                "Id" : "1cda248d-3da0-4d93-b6b3-7e853f209e6a"
              }, {
                "EventHandlerArea" : "Data",
                "EventHandlerId" : "Things_PTC.SCA.SCO.ShiftManagementUtils",
                "EventHandlerService" : "GetFilteredCrews",
                "EventTriggerArea" : "UI",
                "EventTriggerEvent" : "Filter",
                "EventTriggerId" : "gridadvanced-10",
                "EventTriggerSection" : "",
                "Id" : "0cbb1f7f-610f-40ed-9faf-52c1619833ee"
              }, {
                "EventHandlerArea" : "Data",
                "EventHandlerId" : "Things_PTC.SCA.SCO.ShiftManagementUtils",
                "EventHandlerService" : "GetCrews",
                "EventTriggerArea" : "UI",
                "EventTriggerEvent" : "PopupClosed",
                "EventTriggerId" : "navigation-8",
                "EventTriggerSection" : "",
                "Id" : "a22b6714-05ee-4689-86ef-31f083247b4f"
              }, {
                "EventHandlerArea" : "UI",
                "EventHandlerId" : "infotableselector-19",
                "EventHandlerService" : "ClearSelectedRows",
                "EventTriggerArea" : "Data",
                "EventTriggerEvent" : "ServiceInvokeCompleted",
                "EventTriggerId" : "GetFilteredCrews",
                "EventTriggerSection" : "Things_PTC.SCA.SCO.ShiftManagementUtils",
                "Id" : "9d82d44f-3dfc-480d-b409-5bd863ef0a9b"
              }, {
                "EventHandlerArea" : "UI",
                "EventHandlerId" : "infotableselector-19",
                "EventHandlerService" : "ClearSelectedRows",
                "EventTriggerArea" : "UI",
                "EventTriggerEvent" : "PopupClosed",
                "EventTriggerId" : "navigation-7",
                "EventTriggerSection" : "",
                "Id" : "c669e8a2-527d-4c89-91a9-79a032307180"
              }, {
                "EventHandlerArea" : "UI",
                "EventHandlerId" : "navigation-7",
                "EventHandlerService" : "Navigate",
                "EventTriggerArea" : "UI",
                "EventTriggerEvent" : "Clicked",
                "EventTriggerId" : "ptcsbutton-5",
                "EventTriggerSection" : "",
                "Id" : "6084b899-fea8-4bbb-8133-f72d7071ae97"
              }, {
                "EventHandlerArea" : "UI",
                "EventHandlerId" : "infotableselector-19",
                "EventHandlerService" : "ClearSelectedRows",
                "EventTriggerArea" : "UI",
                "EventTriggerEvent" : "PopupClosed",
                "EventTriggerId" : "navigation-8",
                "EventTriggerSection" : "",
                "Id" : "2bcd7fcf-93e6-4cc2-a10e-193adbabd436"
              }, {
                "EventHandlerArea" : "Data",
                "EventHandlerId" : "Things_PTC.SCA.SCO.ShiftManagementUtils",
                "EventHandlerService" : "GetCrews",
                "EventTriggerArea" : "UI",
                "EventTriggerEvent" : "PopupClosed",
                "EventTriggerId" : "navigation-7",
                "EventTriggerSection" : "",
                "Id" : "953ea9b7-6597-46eb-a12d-225d0895a646"
              }, {
                "EventHandlerArea" : "UI",
                "EventHandlerId" : "navigation-21",
                "EventHandlerService" : "Navigate",
                "EventTriggerArea" : "UI",
                "EventTriggerEvent" : "Clicked",
                "EventTriggerId" : "ptcsbutton-15",
                "EventTriggerSection" : "",
                "Id" : "d12f625c-5eb6-4c66-8feb-347917cc678a"
              }, {
                "EventHandlerArea" : "Data",
                "EventHandlerId" : "Things_PTC.SCA.SCO.ShiftManagementUtils",
                "EventHandlerService" : "GetCrews",
                "EventTriggerArea" : "UI",
                "EventTriggerEvent" : "PopupClosed",
                "EventTriggerId" : "navigation-21",
                "EventTriggerSection" : "",
                "Id" : "b6948fa8-913f-40d6-92a1-3763119356a9"
              }, {
                "EventHandlerArea" : "UI",
                "EventHandlerId" : "infotableselector-19",
                "EventHandlerService" : "ClearSelectedRows",
                "EventTriggerArea" : "UI",
                "EventTriggerEvent" : "PopupClosed",
                "EventTriggerId" : "navigation-21",
                "EventTriggerSection" : "",
                "Id" : "80b32040-0b09-481a-bcbb-c7c231f30c5a"
              } ],
              "RunTimePermissions" : {
                "permissions" : [ ]
              },
              "UI" : {
                "Properties" : {
                  "AddToDashboardButton" : "SimplePlus",
                  "AddToDashboardButtonStyle" : "DefaultAddToDashboardButtonStyle",
                  "Area" : "Mashup",
                  "BGImage" : "",
                  "BGImageRepeat" : "no-repeat",
                  "BGImageSize" : "auto",
                  "Columns" : 0,
                  "ConfigureGadgetButton" : "SimpleGear",
                  "ConfigureGadgetButtonStyle" : "DefaultConfigureGadgetButtonStyle",
                  "DisplayName" : "Mashup",
                  "EnableParameterEditing" : false,
                  "Height" : 618,
                  "Id" : "mashup-root",
                  "IgnoreWarningsInViewMashup" : false,
                  "IsPrintLayout" : false,
                  "Left" : 0,
                  "MashupToEditGadget" : "DefaultMashupToEditGadget",
                  "Master" : "PTC.SCA.SCO.TitleBorderMasterMashup",
                  "MinHeight" : 0,
                  "MinWidth" : 0,
                  "ResponsiveLayout" : true,
                  "Rows" : 0,
                  "ShowDataLoading" : true,
                  "Style" : "DefaultMashupStyle",
                  "StyleProperties" : {
                    "data" : {
                      "ptcsbutton-15" : {
                        "parts" : {
                          "label" : {
                            "$" : {
                              "color" : "#6e717c",
                              "font-family" : "Open Sans",
                              "text-align" : "center"
                            }
                          }
                        },
                        "widget" : "ptcs-button"
                      },
                      "ptcsbutton-16" : {
                        "parts" : {
                          "$" : {
                            "$" : {
                              "background" : "#ffffff",
                              "border-color" : "#ffffff",
                              "border-radius" : "none",
                              "border-style" : "none",
                              "border-width" : "0px",
                              "min-height" : "0px",
                              "text-align" : "none"
                            },
                            "hover" : {
                              "background" : "#ffffff",
                              "border-color" : "#ffffff"
                            }
                          }
                        },
                        "widget" : "ptcs-button"
                      },
                      "ptcsbutton-17" : {
                        "parts" : {
                          "$" : {
                            "hover" : {
                              "background" : "#ffffff",
                              "border-color" : "#ffffff",
                              "border-radius" : "none",
                              "border-style" : "none",
                              "border-width" : "0px"
                            }
                          }
                        },
                        "widget" : "ptcs-button"
                      },
                      "ptcsbutton-4" : {
                        "parts" : {
                          "label" : {
                            "$" : {
                              "color" : "#ffffff",
                              "font-family" : "Open Sans",
                              "text-align" : "center"
                            }
                          }
                        },
                        "widget" : "ptcs-button"
                      },
                      "ptcsbutton-5" : {
                        "parts" : {
                          "label" : {
                            "$" : {
                              "color" : "#6e717c",
                              "font-family" : "Open Sans",
                              "text-align" : "center"
                            }
                          }
                        },
                        "widget" : "ptcs-button"
                      },
                      "ptcslabel-6" : {
                        "parts" : {
                          "$" : {
                            "$" : {
                              "font-family" : "Open Sans",
                              "font-size" : "24px",
                              "font-weight" : "400",
                              "line-height" : "normal"
                            }
                          }
                        },
                        "widget" : "ptcs-label"
                      }
                    },
                    "meta" : {
                      "type" : "WidgetStyler",
                      "version" : "1.0"
                    }
                  },
                  "StyleTheme" : "PTC Convergence Theme",
                  "Title" : "",
                  "TitleBar" : false,
                  "TitleBarStyle" : "DefaultTitleBarStyle",
                  "TitleBarText" : "Gadget Title Here",
                  "Top" : 0,
                  "Type" : "mashup",
                  "UseMasterTheme" : false,
                  "UseTheme" : false,
                  "UseThemeForHybrids" : false,
                  "Visible" : true,
                  "Width" : 1024,
                  "Z-index" : 10,
                  "__TypeDisplayName" : "Mashup",
                  "id_index" : 21,
                  "supportsAutoResize" : true
                },
                "Widgets" : [ {
                  "Properties" : {
                    "Area" : "UI",
                    "DisplayName" : "container-2",
                    "EnableExpandCollapse" : false,
                    "Expanded" : true,
                    "Id" : "flexcontainer-2",
                    "LastContainer" : true,
                    "ResponsiveLayout" : true,
                    "ShowDataLoading" : true,
                    "ShowExpandCollapseTab" : false,
                    "SourceURL" : "",
                    "Style" : "DefaultContainerStyle",
                    "StyleProperties" : { },
                    "Type" : "flexcontainer",
                    "UseTheme" : false,
                    "Visible" : true,
                    "Z-index" : 10,
                    "__TypeDisplayName" : "Responsive Container",
                    "align-content" : "flex-start",
                    "align-items" : "flex-start",
                    "flex-basis" : "auto",
                    "flex-direction" : "row",
                    "flex-grow" : "1",
                    "flex-max-height" : "",
                    "flex-max-width" : "",
                    "flex-min-height" : "",
                    "flex-min-width" : "",
                    "flex-shrink" : "1",
                    "flex-size" : "default",
                    "flex-wrap" : "nowrap",
                    "iconClass" : "widgets-flexcontainer",
                    "justify-content" : "flex-start",
                    "positioning" : "responsive",
                    "userCannotRemove" : true
                  },
                  "Widgets" : [ {
                    "Properties" : {
                      "Area" : "UI",
                      "DisplayName" : "container-13",
                      "EnableExpandCollapse" : false,
                      "Expanded" : true,
                      "Id" : "flexcontainer-13",
                      "LastContainer" : true,
                      "ResponsiveLayout" : false,
                      "ShowDataLoading" : true,
                      "ShowExpandCollapseTab" : false,
                      "SourceURL" : "",
                      "Style" : "DefaultContainerStyle",
                      "StyleProperties" : { },
                      "Type" : "flexcontainer",
                      "UseTheme" : false,
                      "Visible" : true,
                      "Z-index" : 10,
                      "__TypeDisplayName" : "Responsive Container",
                      "align-content" : "flex-start",
                      "align-items" : "flex-start",
                      "flex-basis" : "auto",
                      "flex-direction" : "column",
                      "flex-grow" : "1",
                      "flex-max-height" : "",
                      "flex-max-width" : "",
                      "flex-min-height" : "",
                      "flex-min-width" : "",
                      "flex-shrink" : "1",
                      "flex-size" : "default",
                      "flex-wrap" : "nowrap",
                      "iconClass" : "widgets-flexcontainer",
                      "isLocked" : true,
                      "justify-content" : "flex-start",
                      "positioning" : "responsive",
                      "userCannotRemove" : false
                    },
                    "Widgets" : [ {
                      "Properties" : {
                        "Area" : "UI",
                        "DisplayName" : "container-11",
                        "EnableExpandCollapse" : false,
                        "Expanded" : true,
                        "Id" : "flexcontainer-11",
                        "LastContainer" : false,
                        "ResponsiveLayout" : false,
                        "ShowDataLoading" : true,
                        "ShowExpandCollapseTab" : false,
                        "SourceURL" : "",
                        "Style" : "DefaultContainerStyle",
                        "StyleProperties" : { },
                        "Type" : "flexcontainer",
                        "UseTheme" : false,
                        "Visible" : true,
                        "Z-index" : 10,
                        "__TypeDisplayName" : "Responsive Container",
                        "align-content" : "flex-start",
                        "align-items" : "flex-start",
                        "flex-basis" : "auto",
                        "flex-direction" : "row",
                        "flex-grow" : "1",
                        "flex-max-height" : "160px",
                        "flex-max-width" : "",
                        "flex-min-height" : "160px",
                        "flex-min-width" : "",
                        "flex-shrink" : "1",
                        "flex-size" : "fixed",
                        "flex-wrap" : "nowrap",
                        "iconClass" : "widgets-flexcontainer-fixed",
                        "isLocked" : false,
                        "justify-content" : "flex-start",
                        "positioning" : "responsive",
                        "userCannotRemove" : false
                      },
                      "Widgets" : [ {
                        "Properties" : {
                          "Area" : "UI",
                          "DisplayName" : "panel-3",
                          "Height" : 200,
                          "HideScrollbars" : false,
                          "HorizontalAnchor" : "left",
                          "Id" : "panel-3",
                          "LastContainer" : false,
                          "Left" : 55,
                          "ResponsiveLayout" : true,
                          "ShowDataLoading" : true,
                          "Style" : "PTC.SCA.SCO.NoStyle",
                          "Top" : 80,
                          "Type" : "panel",
                          "VerticalAnchor" : "top",
                          "Visible" : true,
                          "Width" : 300,
                          "Z-index" : 10,
                          "__TypeDisplayName" : "Panel"
                        },
                        "Widgets" : [ {
                          "Properties" : {
                            "Area" : "UI",
                            "ButtonType" : "primary",
                            "ContextID" : "",
                            "Disabled" : false,
                            "DisplayName" : "ptcsbutton-4",
                            "Height" : 34,
                            "Id" : "ptcsbutton-4",
                            "Label" : "[[PTC.Core.Create]]",
                            "LabelAlignment" : "center",
                            "LastContainer" : false,
                            "Left" : 29,
                            "ResponsiveLayout" : false,
                            "ShowDataLoading" : true,
                            "TabSequence" : 0,
                            "ToolTipField" : "",
                            "ToolTipStyle" : "DefaultTooltipStyle",
                            "Top" : 104,
                            "Type" : "ptcsbutton",
                            "UseTheme" : true,
                            "Visible" : true,
                            "Width" : 142,
                            "Z-index" : 10,
                            "__TypeDisplayName" : "Button",
                            "__supportsTooltip" : true
                          },
                          "Widgets" : [ ]
                        }, {
                          "Properties" : {
                            "Area" : "UI",
                            "ButtonType" : "transparent",
                            "ContextID" : "",
                            "CustomClass" : "edit-button",
                            "Disabled" : false,
                            "DisplayName" : "ptcsbutton-5",
                            "Height" : 34,
                            "Icon" : "/Thingworx/MediaEntities/PTC.SCA.SCO.EditIcon",
                            "Id" : "ptcsbutton-5",
                            "Label" : "[[edit]]",
                            "LabelAlignment" : "center",
                            "LastContainer" : false,
                            "Left" : 187,
                            "ResponsiveLayout" : false,
                            "ShowDataLoading" : true,
                            "TabSequence" : 0,
                            "ToolTipField" : "",
                            "ToolTipStyle" : "DefaultTooltipStyle",
                            "Top" : 104,
                            "Type" : "ptcsbutton",
                            "UseTheme" : true,
                            "Visible" : true,
                            "Width" : 142,
                            "Z-index" : 10,
                            "__TypeDisplayName" : "Button",
                            "__supportsTooltip" : true
                          },
                          "Widgets" : [ ]
                        }, {
                          "Properties" : {
                            "Area" : "UI",
                            "DisclosureControl" : "show-more",
                            "DisplayName" : "ptcslabel-6",
                            "Height" : 30,
                            "HorizontalAlignment" : "left",
                            "Id" : "ptcslabel-6",
                            "LabelText" : "[[PTC.SCA.SCO.CrewsTile]]",
                            "LabelType" : "label",
                            "LastContainer" : false,
                            "Left" : 28,
                            "MultiLine" : false,
                            "ResponsiveLayout" : false,
                            "ShowDataLoading" : true,
                            "Top" : 52,
                            "Type" : "ptcslabel",
                            "UseTheme" : true,
                            "VerticalAlignment" : "flex-start",
                            "Visible" : true,
                            "Width" : 300,
                            "Z-index" : 10,
                            "__TypeDisplayName" : "Label"
                          },
                          "Widgets" : [ ]
                        }, {
                          "Properties" : {
                            "Alignment" : "left",
                            "Area" : "UI",
                            "ClickOutsideToClose" : false,
                            "DisplayName" : "navigation-7",
                            "FixedPopupHeight" : 485,
                            "FixedPopupWidth" : 602,
                            "Height" : 30,
                            "Icon" : "",
                            "IconAlignment" : "left",
                            "Id" : "navigation-7",
                            "LastContainer" : false,
                            "Left" : 352,
                            "MashupName" : "PTC.SCA.SCO.EditCrew",
                            "MashupParameters" : [ {
                              "BaseType" : "INFOTABLE",
                              "Description" : "",
                              "ParameterName" : "CrewInfoTable",
                              "ParmDef" : {
                                "aspects" : {
                                  "bindingDirection" : "BOTH",
                                  "dataShape" : "PTC.SCA.SCO.Crew",
                                  "isMandatory" : "false",
                                  "ordinal" : "0"
                                },
                                "baseType" : "INFOTABLE",
                                "description" : "",
                                "name" : "CrewInfoTable",
                                "ordinal" : 0
                              }
                            } ],
                            "MessageToShow" : "Mashup must be selected",
                            "ModalPopupOpacity" : 0.5,
                            "NavigationActiveStyle" : "DefaultNavigationActiveStyle",
                            "NavigationFocusStyle" : "DefaultNavigationFocusStyle",
                            "NavigationHoverStyle" : "DefaultNavigationHoverStyle",
                            "PopupScrolling" : "auto",
                            "PopupTitle" : "",
                            "PopupTitleStyle" : "DefaultPopupTitleStyle",
                            "ReloadOnReplace" : false,
                            "ResponsiveLayout" : false,
                            "RoundedCorners" : true,
                            "ShowCloseButton" : true,
                            "ShowDataLoading" : true,
                            "ShowMessageIfNoMashup" : false,
                            "SingleClickSelectOnTablets" : true,
                            "Style" : "DefaultNavigationStyle",
                            "TabSequence" : 0,
                            "TargetWindow" : "modal-popup",
                            "Text" : "Navigate for Edit",
                            "ToolTipField" : "",
                            "ToolTipStyle" : "DefaultTooltipStyle",
                            "Top" : 3,
                            "Transparent" : false,
                            "Type" : "navigation",
                            "UseTheme" : false,
                            "Visible" : false,
                            "Width" : 200,
                            "Z-index" : 10,
                            "__TypeDisplayName" : "Navigation",
                            "__supportsTooltip" : true
                          },
                          "Widgets" : [ ]
                        }, {
                          "Properties" : {
                            "Alignment" : "left",
                            "Area" : "UI",
                            "ClickOutsideToClose" : false,
                            "DisplayName" : "navigation-8",
                            "FixedPopupHeight" : 485,
                            "FixedPopupWidth" : 602,
                            "Height" : 30,
                            "Icon" : "",
                            "IconAlignment" : "left",
                            "Id" : "navigation-8",
                            "LastContainer" : false,
                            "Left" : 352,
                            "MashupName" : "PTC.SCA.SCO.CreateCrew",
                            "MashupParameters" : [ ],
                            "MessageToShow" : "Mashup must be selected",
                            "ModalPopupOpacity" : 0.5,
                            "NavigationActiveStyle" : "DefaultNavigationActiveStyle",
                            "NavigationFocusStyle" : "DefaultNavigationFocusStyle",
                            "NavigationHoverStyle" : "DefaultNavigationHoverStyle",
                            "PopupScrolling" : "auto",
                            "PopupTitle" : "",
                            "PopupTitleStyle" : "DefaultPopupTitleStyle",
                            "ReloadOnReplace" : false,
                            "ResponsiveLayout" : false,
                            "RoundedCorners" : true,
                            "ShowCloseButton" : true,
                            "ShowDataLoading" : true,
                            "ShowMessageIfNoMashup" : false,
                            "SingleClickSelectOnTablets" : true,
                            "Style" : "DefaultNavigationStyle",
                            "TabSequence" : 0,
                            "TargetWindow" : "modal-popup",
                            "Text" : "Navigate for Create",
                            "ToolTipField" : "",
                            "ToolTipStyle" : "DefaultTooltipStyle",
                            "Top" : 3,
                            "Transparent" : false,
                            "Type" : "navigation",
                            "UseTheme" : false,
                            "Visible" : false,
                            "Width" : 200,
                            "Z-index" : 10,
                            "__TypeDisplayName" : "Navigation",
                            "__supportsTooltip" : true
                          },
                          "Widgets" : [ ]
                        }, {
                          "Properties" : {
                            "Area" : "UI",
                            "ButtonType" : "transparent",
                            "ContextID" : "",
                            "CustomClass" : "edit-button",
                            "Disabled" : false,
                            "DisplayName" : "ptcsbutton-15",
                            "Height" : 34,
                            "Icon" : "/Thingworx/MediaEntities/PTC.SCA.SCO.DeleteIcon",
                            "Id" : "ptcsbutton-15",
                            "Label" : "[[delete]]",
                            "LabelAlignment" : "center",
                            "LastContainer" : false,
                            "Left" : 345,
                            "ResponsiveLayout" : false,
                            "ShowDataLoading" : true,
                            "TabSequence" : 0,
                            "ToolTipField" : "",
                            "ToolTipStyle" : "DefaultTooltipStyle",
                            "Top" : 104,
                            "Type" : "ptcsbutton",
                            "UseTheme" : true,
                            "Visible" : true,
                            "Width" : 142,
                            "Z-index" : 10,
                            "__TypeDisplayName" : "Button",
                            "__supportsTooltip" : true
                          },
                          "Widgets" : [ ]
                        }, {
                          "Properties" : {
                            "Area" : "UI",
                            "ButtonType" : "transparent",
                            "ContextID" : "",
                            "CustomClass" : "",
                            "Disabled" : false,
                            "DisplayName" : "ptcsbutton-17",
                            "Height" : 34,
                            "Icon" : "/Thingworx/MediaEntities/PTC.SCA.SCO.BackIcon",
                            "Id" : "ptcsbutton-17",
                            "Label" : "",
                            "LabelAlignment" : "center",
                            "LastContainer" : false,
                            "Left" : 12,
                            "ResponsiveLayout" : false,
                            "ShowDataLoading" : true,
                            "TabSequence" : 0,
                            "ToolTipField" : "",
                            "ToolTipStyle" : "DefaultTooltipStyle",
                            "Top" : 9,
                            "Type" : "ptcsbutton",
                            "UseTheme" : true,
                            "Visible" : true,
                            "Width" : 60,
                            "Z-index" : 10,
                            "__TypeDisplayName" : "Button",
                            "__supportsTooltip" : true
                          },
                          "Widgets" : [ ]
                        }, {
                          "Properties" : {
                            "Alignment" : "left",
                            "Area" : "UI",
                            "ClickOutsideToClose" : false,
                            "DisplayName" : "navigation-18",
                            "FixedPopupHeight" : 0,
                            "FixedPopupWidth" : 0,
                            "Height" : 30,
                            "Icon" : "",
                            "IconAlignment" : "left",
                            "Id" : "navigation-18",
                            "LastContainer" : false,
                            "Left" : 141,
                            "MashupName" : "PTC.SCA.SCO.ShiftAndCrewHubOverview",
                            "MashupParameters" : [ ],
                            "MessageToShow" : "Mashup must be selected",
                            "ModalPopupOpacity" : 0.5,
                            "NavigationActiveStyle" : "DefaultNavigationActiveStyle",
                            "NavigationFocusStyle" : "DefaultNavigationFocusStyle",
                            "NavigationHoverStyle" : "DefaultNavigationHoverStyle",
                            "PopupScrolling" : "auto",
                            "PopupTitle" : "",
                            "PopupTitleStyle" : "DefaultPopupTitleStyle",
                            "ReloadOnReplace" : false,
                            "ResponsiveLayout" : false,
                            "RoundedCorners" : true,
                            "ShowCloseButton" : true,
                            "ShowDataLoading" : true,
                            "ShowMessageIfNoMashup" : false,
                            "SingleClickSelectOnTablets" : true,
                            "Style" : "DefaultNavigationStyle",
                            "TabSequence" : 0,
                            "TargetWindow" : "replace",
                            "Text" : "Navigate for Back Button",
                            "ToolTipField" : "",
                            "ToolTipStyle" : "DefaultTooltipStyle",
                            "Top" : 16,
                            "Transparent" : false,
                            "Type" : "navigation",
                            "UseTheme" : false,
                            "Visible" : false,
                            "Width" : 200,
                            "Z-index" : 10,
                            "__TypeDisplayName" : "Navigation",
                            "__supportsTooltip" : true
                          },
                          "Widgets" : [ ]
                        }, {
                          "Properties" : {
                            "AnyRowsSelected" : false,
                            "Area" : "UI",
                            "DisplayName" : "infotableselector-19",
                            "Height" : 28,
                            "Id" : "infotableselector-19",
                            "LastContainer" : false,
                            "Left" : 265,
                            "NoRowsSelected" : false,
                            "ResponsiveLayout" : false,
                            "ShowDataLoading" : true,
                            "Top" : 75,
                            "Type" : "infotableselector",
                            "Visible" : true,
                            "Width" : 200,
                            "Z-index" : 10,
                            "__TypeDisplayName" : "Infotable Selector"
                          },
                          "Widgets" : [ ]
                        }, {
                          "Properties" : {
                            "Alignment" : "left",
                            "Area" : "UI",
                            "ClickOutsideToClose" : false,
                            "DisplayName" : "navigation-21",
                            "FixedPopupHeight" : 260,
                            "FixedPopupWidth" : 600,
                            "Height" : 30,
                            "Icon" : "",
                            "IconAlignment" : "left",
                            "Id" : "navigation-21",
                            "LastContainer" : false,
                            "Left" : 96,
                            "MashupName" : "PTC.SCA.SCO.DeleteCrew",
                            "MashupParameters" : [ {
                              "BaseType" : "INFOTABLE",
                              "Description" : "",
                              "ParameterName" : "CrewInfoTable",
                              "ParmDef" : {
                                "aspects" : {
                                  "bindingDirection" : "IN",
                                  "dataShape" : "PTC.SCA.SCO.Crew",
                                  "isMandatory" : "false",
                                  "ordinal" : "0"
                                },
                                "baseType" : "INFOTABLE",
                                "description" : "",
                                "name" : "CrewInfoTable",
                                "ordinal" : 0
                              }
                            }, {
                              "BaseType" : "STRING",
                              "Description" : "",
                              "ParameterName" : "CrewUID",
                              "ParmDef" : {
                                "aspects" : {
                                  "bindingDirection" : "IN",
                                  "isMandatory" : "false",
                                  "ordinal" : "0"
                                },
                                "baseType" : "STRING",
                                "description" : "",
                                "name" : "CrewUID",
                                "ordinal" : 0
                              }
                            } ],
                            "MessageToShow" : "Mashup must be selected",
                            "ModalPopupOpacity" : 0.5,
                            "NavigationActiveStyle" : "DefaultNavigationActiveStyle",
                            "NavigationFocusStyle" : "DefaultNavigationFocusStyle",
                            "NavigationHoverStyle" : "DefaultNavigationHoverStyle",
                            "PopupScrolling" : "auto",
                            "PopupTitle" : "",
                            "PopupTitleStyle" : "DefaultPopupTitleStyle",
                            "ReloadOnReplace" : false,
                            "ResponsiveLayout" : false,
                            "RoundedCorners" : true,
                            "ShowCloseButton" : true,
                            "ShowDataLoading" : true,
                            "ShowMessageIfNoMashup" : false,
                            "SingleClickSelectOnTablets" : true,
                            "Style" : "DefaultNavigationStyle",
                            "TabSequence" : 0,
                            "TargetWindow" : "modal-popup",
                            "Text" : "Navigate for Delete",
                            "ToolTipField" : "",
                            "ToolTipStyle" : "DefaultTooltipStyle",
                            "Top" : 60,
                            "Transparent" : false,
                            "Type" : "navigation",
                            "UseTheme" : false,
                            "Visible" : false,
                            "Width" : 200,
                            "Z-index" : 10,
                            "__TypeDisplayName" : "Navigation",
                            "__supportsTooltip" : true
                          },
                          "Widgets" : [ ]
                        } ]
                      } ]
                    }, {
                      "Properties" : {
                        "Area" : "UI",
                        "DisplayName" : "container-12",
                        "EnableExpandCollapse" : false,
                        "Expanded" : true,
                        "Id" : "flexcontainer-12",
                        "LastContainer" : true,
                        "ResponsiveLayout" : false,
                        "ShowDataLoading" : true,
                        "ShowExpandCollapseTab" : false,
                        "SourceURL" : "",
                        "Style" : "DefaultContainerStyle",
                        "StyleProperties" : { },
                        "Type" : "flexcontainer",
                        "UseTheme" : false,
                        "Visible" : true,
                        "Z-index" : 10,
                        "__TypeDisplayName" : "Responsive Container",
                        "align-content" : "flex-start",
                        "align-items" : "flex-start",
                        "flex-basis" : "auto",
                        "flex-direction" : "row",
                        "flex-grow" : "1",
                        "flex-max-height" : "",
                        "flex-max-width" : "",
                        "flex-min-height" : "",
                        "flex-min-width" : "",
                        "flex-shrink" : "1",
                        "flex-size" : "default",
                        "flex-wrap" : "nowrap",
                        "iconClass" : "widgets-flexcontainer",
                        "isLocked" : true,
                        "justify-content" : "flex-start",
                        "positioning" : "responsive",
                        "userCannotRemove" : false
                      },
                      "Widgets" : [ {
                        "Properties" : {
                          "Area" : "UI",
                          "AutoScroll" : true,
                          "CellBorderStyle" : "DefaultGridAdvancedCellBorderStyle",
                          "CellValidationErrorStyle" : "DefaultGridAdvancedCellValidationErrorStyle",
                          "CellValidationErrorTooltipStyle" : "DefaultGridAdvancedCellValidationErrorTooltipStyle",
                          "ColumnFormat" : {
                            "formatInfo" : [ {
                              "Align" : "left",
                              "AllowEdit" : false,
                              "EditorOptions" : {
                                "Type" : "number",
                                "Validators" : [ "None", "NotEmpty", "Empty", "ValidNumber", "Custom" ]
                              },
                              "FieldName" : "UID",
                              "FormatOptions" : {
                                "FormatString" : "0",
                                "renderer" : "LONG"
                              },
                              "Title" : "UID",
                              "ValidationExpression" : "",
                              "ValidationMessage" : "",
                              "Width" : "auto",
                              "hidden" : true,
                              "inLayout" : false
                            }, {
                              "Align" : "left",
                              "AllowEdit" : false,
                              "EditorOptions" : {
                                "Type" : "number",
                                "Validators" : [ "None", "NotEmpty", "Empty", "ValidNumber", "Custom" ]
                              },
                              "FieldName" : "SiteUID",
                              "FormatOptions" : {
                                "FormatString" : "0",
                                "renderer" : "LONG"
                              },
                              "Title" : "SiteUID",
                              "ValidationExpression" : "",
                              "ValidationMessage" : "",
                              "Width" : "auto",
                              "hidden" : true,
                              "inLayout" : false
                            }, {
                              "Align" : "left",
                              "AllowEdit" : false,
                              "EditorOptions" : {
                                "Type" : "string",
                                "Validators" : [ "None", "NotEmpty", "Empty", "Custom", "ValidAlphaNumeric", "ValidEmail", "ValidIPv4", "ValidSIN", "ValidSSN" ]
                              },
                              "FieldName" : "Name",
                              "FormatOptions" : {
                                "FormatString" : "full",
                                "formatInfo" : {
                                  "FieldName" : "",
                                  "StateDefinition" : "",
                                  "StateDefinitionType" : "fixed",
                                  "StateFormats" : [ {
                                    "state" : "",
                                    "stateName" : "fixed"
                                  } ]
                                },
                                "renderer" : "STRING",
                                "roundingEnabled" : true
                              },
                              "Title" : "[[PTC.SCA.SCO.UpperCaseName]]",
                              "Width" : "auto",
                              "headerTextAlignment" : "left",
                              "hidden" : false,
                              "inLayout" : true
                            }, {
                              "Align" : "left",
                              "AllowEdit" : false,
                              "EditorOptions" : {
                                "Type" : "string",
                                "Validators" : [ "None", "NotEmpty", "Empty", "Custom", "ValidAlphaNumeric", "ValidEmail", "ValidIPv4", "ValidSIN", "ValidSSN" ]
                              },
                              "FieldName" : "ID",
                              "FormatOptions" : {
                                "FormatString" : "full",
                                "formatInfo" : {
                                  "FieldName" : "",
                                  "StateDefinition" : "",
                                  "StateDefinitionType" : "fixed",
                                  "StateFormats" : [ {
                                    "state" : "",
                                    "stateName" : "fixed"
                                  } ]
                                },
                                "renderer" : "STRING",
                                "roundingEnabled" : true
                              },
                              "Title" : "ID",
                              "Width" : "auto",
                              "headerTextAlignment" : "left",
                              "hidden" : true,
                              "inLayout" : false
                            }, {
                              "Align" : "left",
                              "AllowEdit" : false,
                              "EditorOptions" : {
                                "Type" : "string",
                                "Validators" : [ "None", "NotEmpty", "Empty", "Custom", "ValidAlphaNumeric", "ValidEmail", "ValidIPv4", "ValidSIN", "ValidSSN" ]
                              },
                              "FieldName" : "LeaderID",
                              "FormatOptions" : {
                                "FormatString" : "full",
                                "formatInfo" : {
                                  "FieldName" : "",
                                  "StateDefinition" : "",
                                  "StateDefinitionType" : "fixed",
                                  "StateFormats" : [ {
                                    "state" : "",
                                    "stateName" : "fixed"
                                  } ]
                                },
                                "renderer" : "STRING",
                                "roundingEnabled" : true
                              },
                              "Title" : "[[PTC.SCA.SCO.UpperCaseLeaderID]]",
                              "Width" : "auto",
                              "headerTextAlignment" : "left",
                              "hidden" : false,
                              "inLayout" : true
                            }, {
                              "Align" : "left",
                              "AllowEdit" : false,
                              "EditorOptions" : {
                                "Type" : "string",
                                "Validators" : [ "None", "NotEmpty", "Empty", "Custom", "ValidAlphaNumeric", "ValidEmail", "ValidIPv4", "ValidSIN", "ValidSSN" ]
                              },
                              "FieldName" : "Description",
                              "FormatOptions" : {
                                "FormatString" : "full",
                                "formatInfo" : {
                                  "FieldName" : "",
                                  "StateDefinition" : "",
                                  "StateDefinitionType" : "fixed",
                                  "StateFormats" : [ {
                                    "state" : "",
                                    "stateName" : "fixed"
                                  } ]
                                },
                                "renderer" : "STRING",
                                "roundingEnabled" : true
                              },
                              "Title" : "[[PTC.SCA.SCO.Description]]",
                              "Width" : "auto",
                              "headerTextAlignment" : "left",
                              "hidden" : true,
                              "inLayout" : false
                            }, {
                              "Align" : "left",
                              "AllowEdit" : false,
                              "EditorOptions" : {
                                "Type" : "number",
                                "Validators" : [ "None", "NotEmpty", "Empty", "ValidNumber", "Custom" ]
                              },
                              "FieldName" : "CrewCount",
                              "FormatOptions" : {
                                "FormatString" : "0",
                                "formatInfo" : {
                                  "FieldName" : "",
                                  "StateDefinition" : "",
                                  "StateDefinitionType" : "fixed",
                                  "StateFormats" : [ {
                                    "state" : "",
                                    "stateName" : "fixed"
                                  } ]
                                },
                                "renderer" : "INTEGER",
                                "roundingEnabled" : true
                              },
                              "Title" : "[[PTC.SCA.SCO.UpperCaseCrewCount]]",
                              "Width" : "auto",
                              "headerTextAlignment" : "left",
                              "hidden" : false,
                              "inLayout" : true
                            } ]
                          },
                          "Configuration" : "",
                          "ConfigurationId" : 20,
                          "CookiePersistence" : false,
                          "DataOverflow" : "ellipsis",
                          "DataServiceBindingDef" : {
                            "entityName" : "PTC.SCA.SCO.ShiftManagementUtils",
                            "entityType" : "Things",
                            "target" : "GetFilteredCrews"
                          },
                          "DefaultSelectedRows" : "",
                          "DisplayName" : "gridadvanced-10",
                          "DisplayOnlyMode" : false,
                          "EditButtonsLocation" : "top-right",
                          "EnableAddDeleteButtons" : false,
                          "EnableContextMenu" : true,
                          "EnableEditButtons" : false,
                          "EnableFilterEventOnConfigChange" : true,
                          "EnableFooter" : false,
                          "EnableGridReset" : false,
                          "EnableGridSearch" : true,
                          "EnableSorting" : true,
                          "FocusStyle" : "DefaultAdvancedDataFilterBodyStyle",
                          "GridResetButtonLocation" : "top-right",
                          "GridSearchLocation" : "top-right",
                          "HeaderOverflow" : "fitted",
                          "Height" : 200,
                          "IDFieldName" : "id",
                          "Id" : "gridadvanced-10",
                          "IsEditable" : false,
                          "LastContainer" : false,
                          "Left" : 0,
                          "MaxHeaderHeight" : 100,
                          "MinRowHeight" : 45,
                          "MultiColumnSortOrder" : "Name:asc",
                          "ResponsiveLayout" : true,
                          "RowAlternateBackgroundStyle" : "PTC.Factory.Generic.DialogBoxTableRow",
                          "RowBackgroundStyle" : "PTC.Factory.Generic.DialogBoxTableRow",
                          "RowBorderStyle" : "DefaultGridAdvancedRowBorderStyle",
                          "RowFormat_StateParameters" : [ ],
                          "RowHoverStyle" : "DefaultGridAdvancedRowHoverStyle",
                          "RowSelectedStyle" : "PTC.Asset.Accent2RowSelectedStyle",
                          "RowSelection" : "single",
                          "SelectedRows" : "",
                          "ShowDataLoading" : true,
                          "SortAscendingStyle" : "DefaultSortAscendingStyle",
                          "SortDescendingStyle" : "DefaultSortDescendingStyle",
                          "TableFooterStyle" : "DefaultGridAdvancedFooterStyle",
                          "TableHeaderStyle" : "PTC.SCA.SCO.LightgreyLineStyle",
                          "TableWrapperStyle" : "DefaultAdvancedDataFilterBodyStyle",
                          "ToolbarStyle" : "DefaultToolbarStyle",
                          "TooltipStyle" : "DefaultTooltipStyle",
                          "Top" : 0,
                          "Type" : "gridadvanced",
                          "UseTheme" : false,
                          "Visible" : true,
                          "Width" : 400,
                          "Z-index" : 10,
                          "__TypeDisplayName" : "Grid Advanced"
                        },
                        "Widgets" : [ ]
                      } ]
                    } ]
                  }, {
                    "Properties" : {
                      "Area" : "UI",
                      "DisplayName" : "container-14",
                      "EnableExpandCollapse" : false,
                      "Expanded" : true,
                      "Id" : "flexcontainer-14",
                      "LastContainer" : false,
                      "ResponsiveLayout" : false,
                      "ShowDataLoading" : true,
                      "ShowExpandCollapseTab" : false,
                      "SourceURL" : "",
                      "Style" : "PTC.Factory.Background",
                      "StyleProperties" : { },
                      "Type" : "flexcontainer",
                      "UseTheme" : false,
                      "Visible" : true,
                      "Z-index" : 10,
                      "__TypeDisplayName" : "Responsive Container",
                      "align-content" : "flex-start",
                      "align-items" : "flex-start",
                      "flex-basis" : "auto",
                      "flex-direction" : "row",
                      "flex-grow" : "1",
                      "flex-max-height" : "",
                      "flex-max-width" : "301px",
                      "flex-min-height" : "",
                      "flex-min-width" : "301px",
                      "flex-shrink" : "1",
                      "flex-size" : "fixed",
                      "flex-wrap" : "nowrap",
                      "iconClass" : "widgets-flexcontainer-fixed",
                      "isLocked" : false,
                      "justify-content" : "flex-start",
                      "positioning" : "responsive",
                      "userCannotRemove" : false
                    },
                    "Widgets" : [ ]
                  } ]
                }, {
                  "Properties" : {
                    "Area" : "UI",
                    "AutoEvaluate" : true,
                    "DataChangeType" : "ALWAYS",
                    "DisplayName" : "DisableEditButtonOnNoRowSelected",
                    "Expression" : "noRowSelected",
                    "FireOnFirstValue" : false,
                    "Height" : 28,
                    "Id" : "expression-20",
                    "LastContainer" : false,
                    "Left" : 0,
                    "OutputBaseType" : "BOOLEAN",
                    "ShowDataLoading" : true,
                    "Top" : 0,
                    "Type" : "expression",
                    "Visible" : true,
                    "Width" : 200,
                    "Z-index" : 10,
                    "__TypeDisplayName" : "Expression",
                    "_currentParameterDefs" : [ {
                      "BaseType" : "BOOLEAN",
                      "DefaultValue" : "",
                      "Description" : "",
                      "ParameterName" : "noRowSelected",
                      "bindingDirection" : "",
                      "bindingStatus" : true,
                      "isBindingSource" : false,
                      "isBindingTarget" : true,
                      "name" : "noRowSelected"
                    } ]
                  },
                  "Widgets" : [ ]
                } ]
              },
              "mashupType" : "mashup"
            }
            ]]>
            </mashupContent>
            <preview></preview>
        </Mashup>
    </Mashups>
</Entities>
