<?xml version="1.0" encoding="UTF-8"?>
<Entities
 build="b76"
 majorVersion="8"
 minorVersion="5"
 modelPersistenceProviderPackage="PostgresPersistenceProviderPackage"
 revision="2"
 schemaVersion="1050"
 universal="password">
    <Mashups>
        <Mashup
         aspect.isEditableExtensionObject="false"
         aspect.isExtension="true"
         aspect.isResponsive="true"
         aspect.mashupType="mashup"
         columns="0.0"
         description="Mashup for creating a crew. {PTC.SCA.SCO.CreateCrew}"
         documentationContent=""
         homeMashup=""
         lastModifiedDate="2019-11-19T14:03:05.870-05:00"
         name="PTC.SCA.SCO.CreateCrew"
         projectName="PTC.SCA.SCO.Crew.Display"
         rows="0.0"
         tags="PTC:sca-sco;PTC:Mashup;PTC:sca-sco-crew-display">
            <avatar></avatar>
            <DesignTimePermissions>
                <Create></Create>
                <Read></Read>
                <Update></Update>
                <Delete></Delete>
                <Metadata></Metadata>
            </DesignTimePermissions>
            <RunTimePermissions></RunTimePermissions>
            <VisibilityPermissions>
                <Visibility>
                    <Principal
                     isPermitted="true"
                     name="PTC.Factory.MachineVisibility"
                     type="Organization"></Principal>
                </Visibility>
            </VisibilityPermissions>
            <ConfigurationTableDefinitions></ConfigurationTableDefinitions>
            <ConfigurationTables></ConfigurationTables>
            <ParameterDefinitions></ParameterDefinitions>
            <Things>
                <Thing>PTC.SCA.SCO.ShiftManagementUtils</Thing>
            </Things>
            <ThingShapes></ThingShapes>
            <ThingTemplates></ThingTemplates>
            <mashupContent>
            <![CDATA[
            {
              "CustomMashupCss" : ".NumEntryLabel {\n  font-family: OpenSans;\n}",
              "Data" : {
                "Session" : {
                  "DataName" : "Session",
                  "EntityName" : "",
                  "EntityType" : "Session",
                  "Id" : "session",
                  "Services" : [ {
                    "APIMethod" : "post",
                    "Characteristic" : "Services",
                    "Id" : "SessionInterface",
                    "Name" : "GetGlobalSessionValues",
                    "Parameters" : { },
                    "RefreshInterval" : 0,
                    "Target" : "GetGlobalSessionValues"
                  } ]
                },
                "Things_PTC.SCA.SCO.ShiftManagementUtils" : {
                  "DataName" : "Things_PTC.SCA.SCO.ShiftManagementUtils",
                  "EntityName" : "PTC.SCA.SCO.ShiftManagementUtils",
                  "EntityType" : "Things",
                  "Id" : "1efbb3d9-869f-4fcc-bd97-2efe43466c5f",
                  "Services" : [ {
                    "APIMethod" : "post",
                    "Characteristic" : "Services",
                    "Id" : "a9be33fa-a8ee-42fe-ba34-575704125e75",
                    "Name" : "CreateCrews",
                    "Parameters" : { },
                    "RefreshInterval" : 0,
                    "Target" : "CreateCrews"
                  }, {
                    "APIMethod" : "post",
                    "Characteristic" : "Services",
                    "Id" : "adf58d6e-429e-4c41-ab01-9818199de3a4",
                    "Name" : "IsFieldEmpty",
                    "Parameters" : { },
                    "RefreshInterval" : 0,
                    "Target" : "IsFieldEmpty"
                  }, {
                    "APIMethod" : "post",
                    "Characteristic" : "Services",
                    "Id" : "a96f1a09-a027-4db6-a7bd-a4fbeb048443",
                    "Name" : "ValidateCrews",
                    "Parameters" : { },
                    "RefreshInterval" : 0,
                    "Target" : "ValidateCrews"
                  } ]
                },
                "UserExtensions" : {
                  "DataName" : "UserExtensions",
                  "EntityName" : "",
                  "EntityType" : "UserExtensions",
                  "Id" : "UserExtensions",
                  "Services" : [ {
                    "APIMethod" : "post",
                    "Characteristic" : "Services",
                    "Id" : "UserExtensionInterface",
                    "Name" : "GetCurrentUserExtensionProperties",
                    "Parameters" : { },
                    "RefreshInterval" : 0,
                    "Target" : "GetCurrentUserExtensionProperties"
                  } ]
                }
              },
              "DataBindings" : [ {
                "Id" : "6829fe63-41a9-4ac9-92cf-646604c5f5fa",
                "PropertyMaps" : [ {
                  "SourceProperty" : "Text",
                  "SourcePropertyBaseType" : "STRING",
                  "TargetProperty" : "Crews.LeaderID",
                  "TargetPropertyBaseType" : "STRING"
                } ],
                "SourceArea" : "UI",
                "SourceId" : "ptcstextfield-56",
                "SourceSection" : "",
                "TargetArea" : "Data",
                "TargetId" : "CreateCrews",
                "TargetSection" : "Things_PTC.SCA.SCO.ShiftManagementUtils"
              }, {
                "Id" : "dc04d678-ab2e-4f4a-a0a4-8d0f3ab72f23",
                "PropertyMaps" : [ {
                  "SourceProperty" : "Text",
                  "SourcePropertyBaseType" : "STRING",
                  "TargetProperty" : "Crews.Name",
                  "TargetPropertyBaseType" : "STRING"
                } ],
                "SourceArea" : "UI",
                "SourceId" : "ptcstextfield-54",
                "SourceSection" : "",
                "TargetArea" : "Data",
                "TargetId" : "CreateCrews",
                "TargetSection" : "Things_PTC.SCA.SCO.ShiftManagementUtils"
              }, {
                "Id" : "9df1d8d6-ed51-4973-93a9-9693a2cd31a9",
                "PropertyMaps" : [ {
                  "SourceProperty" : "Text",
                  "SourcePropertyBaseType" : "STRING",
                  "TargetProperty" : "FieldContent",
                  "TargetPropertyBaseType" : "STRING",
                  "TargetPropertyType" : "Parameter"
                } ],
                "SourceArea" : "UI",
                "SourceId" : "ptcstextfield-54",
                "SourceSection" : "",
                "TargetArea" : "Data",
                "TargetId" : "IsFieldEmpty",
                "TargetSection" : "Things_PTC.SCA.SCO.ShiftManagementUtils"
              }, {
                "Id" : "d2bc845b-474b-4f26-841d-ac062dd995ee",
                "PropertyMaps" : [ {
                  "SourceProperty" : "result",
                  "SourcePropertyBaseType" : "BOOLEAN",
                  "SourcePropertyType" : "Field",
                  "TargetProperty" : "Visible",
                  "TargetPropertyBaseType" : "BOOLEAN",
                  "TargetPropertyType" : "property"
                } ],
                "SourceArea" : "Data",
                "SourceDetails" : "AllData",
                "SourceId" : "IsFieldEmpty",
                "SourceSection" : "Things_PTC.SCA.SCO.ShiftManagementUtils",
                "TargetArea" : "UI",
                "TargetId" : "ptcslabel-108",
                "TargetSection" : ""
              }, {
                "Id" : "4ebef1f8-5272-43c4-aa79-9c1ba9414f82",
                "PropertyMaps" : [ {
                  "SourceProperty" : "Value",
                  "SourcePropertyBaseType" : "NUMBER",
                  "TargetProperty" : "Crews.CrewCount",
                  "TargetPropertyBaseType" : "INTEGER"
                } ],
                "SourceArea" : "UI",
                "SourceId" : "numericentry-131",
                "SourceSection" : "",
                "TargetArea" : "Data",
                "TargetId" : "CreateCrews",
                "TargetSection" : "Things_PTC.SCA.SCO.ShiftManagementUtils"
              }, {
                "Id" : "69eb382e-0633-4709-98aa-7ea2453b76dc",
                "PropertyMaps" : [ {
                  "SourceProperty" : "Text",
                  "SourcePropertyBaseType" : "STRING",
                  "TargetProperty" : "Crews.Name",
                  "TargetPropertyBaseType" : "STRING",
                  "TargetPropertyType" : "Parameter"
                } ],
                "SourceArea" : "UI",
                "SourceId" : "ptcstextfield-54",
                "SourceSection" : "",
                "TargetArea" : "Data",
                "TargetId" : "ValidateCrews",
                "TargetSection" : "Things_PTC.SCA.SCO.ShiftManagementUtils"
              }, {
                "Id" : "e70df1f2-85f1-4ece-885e-dc1e1f053954",
                "PropertyMaps" : [ {
                  "SourceProperty" : "Successful",
                  "SourcePropertyBaseType" : "BOOLEAN",
                  "SourcePropertyType" : "Field",
                  "TargetProperty" : "Input",
                  "TargetPropertyBaseType" : "BOOLEAN",
                  "TargetPropertyType" : "property"
                } ],
                "SourceArea" : "Data",
                "SourceDetails" : "AllData",
                "SourceId" : "ValidateCrews",
                "SourceSection" : "Things_PTC.SCA.SCO.ShiftManagementUtils",
                "TargetArea" : "UI",
                "TargetId" : "validator-124",
                "TargetSection" : ""
              }, {
                "Id" : "74ff1112-7ae6-488d-b901-3c860d53c339",
                "PropertyMaps" : [ {
                  "SourceProperty" : "Text",
                  "SourcePropertyBaseType" : "STRING",
                  "TargetProperty" : "Crews.Description",
                  "TargetPropertyBaseType" : "STRING"
                } ],
                "SourceArea" : "UI",
                "SourceId" : "ptcstextarea-132",
                "SourceSection" : "",
                "TargetArea" : "Data",
                "TargetId" : "CreateCrews",
                "TargetSection" : "Things_PTC.SCA.SCO.ShiftManagementUtils"
              } ],
              "DesignTimePermissions" : {
                "Create" : [ ],
                "Delete" : [ ],
                "Metadata" : [ ],
                "Read" : [ ],
                "Update" : [ ]
              },
              "Events" : [ {
                "EventHandlerArea" : "Mashup",
                "EventHandlerId" : "mashup-root",
                "EventHandlerService" : "CloseIfPopup",
                "EventTriggerArea" : "UI",
                "EventTriggerEvent" : "Clicked",
                "EventTriggerId" : "button-23",
                "EventTriggerSection" : "",
                "Id" : "b5e26916-1acb-4908-90ae-0b002c20c403"
              }, {
                "EventHandlerArea" : "UI",
                "EventHandlerId" : "datetimepicker-25",
                "EventHandlerService" : "ClearDateTime",
                "EventTriggerArea" : "UI",
                "EventTriggerEvent" : "Clicked",
                "EventTriggerId" : "button-28",
                "EventTriggerSection" : "",
                "Id" : "2a3a26b8-191b-4fda-84e7-ce570cdb1d35"
              }, {
                "EventHandlerArea" : "Mashup",
                "EventHandlerId" : "mashup-root",
                "EventHandlerService" : "Refresh",
                "EventTriggerArea" : "Mashup",
                "EventTriggerEvent" : "Loaded",
                "EventTriggerId" : "mashup-root",
                "EventTriggerSection" : "",
                "Id" : "7f407541-baf4-420d-8a33-a2a75c42282a"
              }, {
                "EventHandlerArea" : "Data",
                "EventHandlerId" : "Things_PTC.SCA.SCO.ShiftManagementUtils",
                "EventHandlerService" : "IsFieldEmpty",
                "EventTriggerArea" : "UI",
                "EventTriggerEvent" : "Changed",
                "EventTriggerId" : "ptcstextfield-54",
                "EventTriggerSection" : "",
                "Id" : "63e9c2f4-5cac-4b12-8faa-70e348fb070c"
              }, {
                "EventHandlerArea" : "UI",
                "EventHandlerId" : "statusmessage-99",
                "EventHandlerService" : "ShowMessage",
                "EventTriggerArea" : "UI",
                "EventTriggerEvent" : "False",
                "EventTriggerId" : "validator-124",
                "EventTriggerSection" : " ",
                "Id" : "0cb744a8-5d98-444e-9b70-1fde14eebdb4"
              }, {
                "EventHandlerArea" : "Mashup",
                "EventHandlerId" : "mashup-root",
                "EventHandlerService" : "CloseIfPopup",
                "EventTriggerArea" : "Data",
                "EventTriggerEvent" : "ServiceInvokeCompleted",
                "EventTriggerId" : "CreateCrews",
                "EventTriggerSection" : "Things_PTC.SCA.SCO.ShiftManagementUtils",
                "Id" : "ed376635-e760-40f1-a6ac-cd74ecba9738"
              }, {
                "EventHandlerArea" : "Data",
                "EventHandlerId" : "Things_PTC.SCA.SCO.ShiftManagementUtils",
                "EventHandlerService" : "CreateCrews",
                "EventTriggerArea" : "UI",
                "EventTriggerEvent" : "True",
                "EventTriggerId" : "validator-124",
                "EventTriggerSection" : " ",
                "Id" : "c988b389-c956-47e6-bbf4-28e47b330535"
              }, {
                "EventHandlerArea" : "Data",
                "EventHandlerId" : "Things_PTC.SCA.SCO.ShiftManagementUtils",
                "EventHandlerService" : "ValidateCrews",
                "EventTriggerArea" : "UI",
                "EventTriggerEvent" : "Clicked",
                "EventTriggerId" : "button-21",
                "EventTriggerSection" : "",
                "Id" : "0e9ede14-e177-429e-afa2-b6a2ef169a11"
              }, {
                "EventHandlerArea" : "UI",
                "EventHandlerId" : "validator-124",
                "EventHandlerService" : "Evaluate",
                "EventTriggerArea" : "Data",
                "EventTriggerEvent" : "ServiceInvokeCompleted",
                "EventTriggerId" : "ValidateCrews",
                "EventTriggerSection" : "Things_PTC.SCA.SCO.ShiftManagementUtils",
                "Id" : "3b215b77-e50c-4cae-994a-c33f26bac4bd"
              } ],
              "RunTimePermissions" : {
                "permissions" : [ ]
              },
              "UI" : {
                "Properties" : {
                  "AddToDashboardButton" : "SimplePlus",
                  "AddToDashboardButtonStyle" : "DefaultAddToDashboardButtonStyle",
                  "Area" : "Mashup",
                  "BGImage" : "",
                  "BGImageRepeat" : "no-repeat",
                  "BGImageSize" : "auto",
                  "Columns" : 0,
                  "ConfigureGadgetButton" : "SimpleGear",
                  "ConfigureGadgetButtonStyle" : "DefaultConfigureGadgetButtonStyle",
                  "DisplayName" : "Mashup",
                  "EnableParameterEditing" : false,
                  "Height" : 618,
                  "Id" : "mashup-root",
                  "IgnoreWarningsInViewMashup" : false,
                  "IsPrintLayout" : false,
                  "Left" : 0,
                  "MashupToEditGadget" : "DefaultMashupToEditGadget",
                  "MigratedOn" : "2019-05-22T15:39:06.000Z",
                  "MinHeight" : 0,
                  "MinWidth" : 0,
                  "ResponsiveLayout" : true,
                  "Rows" : 0,
                  "ShowDataLoading" : true,
                  "Style" : "DefaultMashupStyle",
                  "StyleProperties" : {
                    "data" : {
                      "button-12" : {
                        "parts" : {
                          "$" : {
                            "$" : {
                              "background" : "#0094c8"
                            }
                          },
                          "label" : {
                            "$" : {
                              "color" : "#ffffff",
                              "font-family" : "Open Sans"
                            }
                          }
                        },
                        "widget" : "ptcs-button"
                      },
                      "button-21" : {
                        "parts" : {
                          "label" : {
                            "$" : {
                              "color" : "#ffffff",
                              "font-family" : "Open Sans"
                            }
                          }
                        },
                        "widget" : "ptcs-button"
                      },
                      "button-23" : {
                        "parts" : {
                          "$" : {
                            "$" : {
                              "background" : "#6e717c"
                            }
                          },
                          "label" : {
                            "$" : {
                              "color" : "#ffffff",
                              "font-family" : "Open Sans"
                            }
                          }
                        },
                        "widget" : "ptcs-button"
                      },
                      "label-100" : {
                        "parts" : {
                          "$" : {
                            "$" : {
                              "color" : "#bf3030"
                            }
                          }
                        },
                        "widget" : "ptcs-label"
                      },
                      "label-101" : {
                        "parts" : {
                          "$" : {
                            "$" : {
                              "color" : "#bf3030",
                              "font-family" : "Open Sans",
                              "font-size" : "11px"
                            }
                          }
                        },
                        "widget" : "ptcs-label"
                      },
                      "label-102" : {
                        "parts" : {
                          "$" : {
                            "$" : {
                              "color" : "#bf3030",
                              "font-family" : "Open Sans",
                              "font-size" : "11px"
                            }
                          }
                        },
                        "widget" : "ptcs-label"
                      },
                      "label-15" : {
                        "parts" : {
                          "$" : {
                            "$" : {
                              "font-family" : "Open Sans",
                              "font-size" : "24px",
                              "font-weight" : "400",
                              "line-height" : "normal"
                            }
                          }
                        },
                        "widget" : "ptcs-label"
                      },
                      "ptcsbutton-13" : {
                        "parts" : {
                          "$" : {
                            "$" : {
                              "background" : "#6e717c"
                            }
                          },
                          "label" : {
                            "$" : {
                              "color" : "#ffffff",
                              "font-family" : "Open Sans"
                            }
                          }
                        },
                        "widget" : "ptcs-button"
                      },
                      "ptcsbutton-58" : {
                        "parts" : {
                          "$" : {
                            "$" : {
                              "background" : "#3399ff"
                            }
                          }
                        },
                        "widget" : "ptcs-button"
                      },
                      "ptcsbutton-78" : {
                        "parts" : {
                          "$" : {
                            "$" : {
                              "background" : "#bf3030"
                            }
                          }
                        },
                        "widget" : "ptcs-button"
                      },
                      "ptcslabel-108" : {
                        "parts" : {
                          "$" : {
                            "$" : {
                              "color" : "#bf3030",
                              "font-family" : "Open Sans",
                              "font-size" : "11px",
                              "font-style" : "italic"
                            }
                          }
                        },
                        "widget" : "ptcs-label"
                      },
                      "ptcslabel-127" : {
                        "parts" : {
                          "$" : {
                            "$" : {
                              "color" : "#bf3030",
                              "font-family" : "Open Sans",
                              "font-size" : "11px"
                            }
                          }
                        },
                        "widget" : "ptcs-label"
                      },
                      "ptcstextarea-132" : {
                        "parts" : {
                          "label" : {
                            "$" : {
                              "color" : "#6e717c",
                              "font-family" : "Open Sans",
                              "font-size" : "12px",
                              "font-weight" : "400"
                            }
                          },
                          "text-box" : {
                            "$" : {
                              "font-family" : "Open Sans"
                            }
                          }
                        },
                        "widget" : "ptcs-textarea"
                      },
                      "ptcstextfield-119" : {
                        "parts" : {
                          "label" : {
                            "$" : {
                              "color" : "#6e717c",
                              "font-family" : "Open Sans",
                              "font-size" : "12px",
                              "font-weight" : "400"
                            }
                          },
                          "text-box" : {
                            "$" : {
                              "font-family" : "Open Sans"
                            }
                          }
                        },
                        "widget" : "ptcs-textfield"
                      },
                      "ptcstextfield-54" : {
                        "parts" : {
                          "label" : {
                            "$" : {
                              "color" : "#6e717c",
                              "font-family" : "Open Sans",
                              "font-size" : "12px",
                              "font-weight" : "400"
                            }
                          },
                          "text-box" : {
                            "$" : {
                              "font-family" : "Open Sans"
                            }
                          }
                        },
                        "widget" : "ptcs-textfield"
                      },
                      "ptcstextfield-56" : {
                        "parts" : {
                          "label" : {
                            "$" : {
                              "color" : "#6e717c",
                              "font-family" : "Open Sans",
                              "font-size" : "12px",
                              "font-weight" : "400"
                            }
                          },
                          "text-box" : {
                            "$" : {
                              "font-family" : "Open Sans"
                            }
                          }
                        },
                        "widget" : "ptcs-textfield"
                      },
                      "ptcstextfield-57" : {
                        "parts" : {
                          "label" : {
                            "$" : {
                              "color" : "#6e717c",
                              "font-family" : "Open Sans",
                              "font-size" : "12px",
                              "font-weight" : "400"
                            }
                          },
                          "text-box" : {
                            "$" : {
                              "font-family" : "Open Sans"
                            }
                          }
                        },
                        "widget" : "ptcs-textfield"
                      }
                    },
                    "meta" : {
                      "type" : "WidgetStyler",
                      "version" : "1.0"
                    }
                  },
                  "StyleTheme" : "PTC Convergence Theme",
                  "Title" : "",
                  "TitleBar" : false,
                  "TitleBarStyle" : "DefaultTitleBarStyle",
                  "TitleBarText" : "Gadget Title Here",
                  "Top" : 0,
                  "Type" : "mashup",
                  "UseMasterTheme" : false,
                  "UseTheme" : false,
                  "UseThemeForHybrids" : false,
                  "Visible" : true,
                  "Width" : 1024,
                  "Z-index" : 10,
                  "__TypeDisplayName" : "Mashup",
                  "id_index" : 132,
                  "supportsAutoResize" : true
                },
                "Widgets" : [ {
                  "Properties" : {
                    "Area" : "UI",
                    "Description" : "",
                    "DisplayName" : "WrapperPanel",
                    "Height" : 200,
                    "HideScrollbars" : false,
                    "HorizontalAnchor" : "left",
                    "Id" : "panel-2",
                    "LastContainer" : false,
                    "Left" : 390,
                    "ResponsiveLayout" : true,
                    "ShowDataLoading" : true,
                    "Style" : "DefaultPanelStyle",
                    "Top" : 135,
                    "Type" : "panel",
                    "VerticalAnchor" : "top",
                    "Visible" : true,
                    "Width" : 300,
                    "Z-index" : 10,
                    "__TypeDisplayName" : "Panel",
                    "flex-grow" : "",
                    "flex-shrink" : ""
                  },
                  "Widgets" : [ {
                    "Properties" : {
                      "Area" : "UI",
                      "DisclosureControl" : "show-more",
                      "DisplayName" : "HeaderLabel",
                      "Height" : 30,
                      "HorizontalAlignment" : "left",
                      "Id" : "label-15",
                      "LabelText" : "[[PTC.SCA.SCO.CreateCrewTitle]]",
                      "LabelType" : "label",
                      "LastContainer" : false,
                      "Left" : 42,
                      "MultiLine" : false,
                      "ResponsiveLayout" : false,
                      "ShowDataLoading" : true,
                      "Top" : 42,
                      "Type" : "ptcslabel",
                      "UseTheme" : true,
                      "VerticalAlignment" : "flex-start",
                      "Visible" : true,
                      "Width" : 516,
                      "Z-index" : 10,
                      "__TypeDisplayName" : "Label",
                      "__supportsTooltip" : true,
                      "overflowShowLessTxt" : "[[showLess]]",
                      "overflowShowMoreTxt" : "[[showMore]]"
                    },
                    "Widgets" : [ ]
                  }, {
                    "Properties" : {
                      "Area" : "UI",
                      "ButtonType" : "primary",
                      "ContextID" : "",
                      "ContextId" : "",
                      "Description" : "",
                      "Disabled" : false,
                      "DisplayName" : "AddButton",
                      "Height" : 34,
                      "Id" : "button-21",
                      "Label" : "[[add]]",
                      "LabelAlignment" : "center",
                      "LastContainer" : false,
                      "Left" : 305,
                      "ResponsiveLayout" : false,
                      "ShowDataLoading" : true,
                      "TabSequence" : 0,
                      "ToolTipField" : "",
                      "ToolTipStyle" : "DefaultTooltipStyle",
                      "Top" : 439,
                      "Type" : "ptcsbutton",
                      "UseTheme" : true,
                      "Visible" : true,
                      "Width" : 120,
                      "Z-index" : 10,
                      "__TypeDisplayName" : "Button",
                      "__supportsTooltip" : true
                    },
                    "Widgets" : [ ]
                  }, {
                    "Properties" : {
                      "Area" : "UI",
                      "ButtonType" : "secondary",
                      "ContextID" : "",
                      "ContextId" : "",
                      "Disabled" : false,
                      "DisplayName" : "CancelButton",
                      "Height" : 34,
                      "Id" : "button-23",
                      "Label" : "[[cancel]]",
                      "LabelAlignment" : "center",
                      "LastContainer" : false,
                      "Left" : 430,
                      "ResponsiveLayout" : false,
                      "ShowDataLoading" : true,
                      "TabSequence" : 0,
                      "ToolTipField" : "",
                      "ToolTipStyle" : "DefaultTooltipStyle",
                      "Top" : 439,
                      "Type" : "ptcsbutton",
                      "UseTheme" : true,
                      "Visible" : true,
                      "Width" : 130,
                      "Z-index" : 10,
                      "__TypeDisplayName" : "Button",
                      "__supportsTooltip" : true
                    },
                    "Widgets" : [ ]
                  }, {
                    "Properties" : {
                      "Area" : "UI",
                      "Counter" : false,
                      "Disabled" : false,
                      "DisplayName" : "NameTextBox",
                      "HasText" : false,
                      "Height" : 58,
                      "Id" : "ptcstextfield-54",
                      "Label" : "[[name]]",
                      "LabelAlignment" : "left",
                      "LastContainer" : false,
                      "Left" : 42,
                      "MaxNumberOfCharacters" : 100,
                      "Password" : false,
                      "ReadOnly" : false,
                      "ResponsiveLayout" : false,
                      "ShowClearText" : true,
                      "ShowDataLoading" : true,
                      "TabSequence" : 0,
                      "TextAlignment" : "left",
                      "Top" : 86,
                      "Type" : "ptcstextfield",
                      "UseTheme" : true,
                      "Visible" : true,
                      "Width" : 516,
                      "Z-index" : 10,
                      "__TypeDisplayName" : "Text Field"
                    },
                    "Widgets" : [ ]
                  }, {
                    "Properties" : {
                      "Area" : "UI",
                      "Counter" : false,
                      "Disabled" : false,
                      "DisplayName" : "LeaderIDtextBox",
                      "HasText" : false,
                      "Height" : 58,
                      "Id" : "ptcstextfield-56",
                      "Label" : "[[PTC.SCA.SCO.TitleCaseLeaderID]]",
                      "LabelAlignment" : "left",
                      "LastContainer" : false,
                      "Left" : 42,
                      "MaxNumberOfCharacters" : 100,
                      "Password" : false,
                      "ReadOnly" : false,
                      "ResponsiveLayout" : false,
                      "ShowClearText" : true,
                      "ShowDataLoading" : true,
                      "TabSequence" : 0,
                      "TextAlignment" : "left",
                      "Top" : 156,
                      "Type" : "ptcstextfield",
                      "UseTheme" : true,
                      "Visible" : true,
                      "Width" : 516,
                      "Z-index" : 10,
                      "__TypeDisplayName" : "Text Field"
                    },
                    "Widgets" : [ ]
                  }, {
                    "Properties" : {
                      "Area" : "UI",
                      "DisclosureControl" : "show-more",
                      "DisplayName" : "NameErrorLabel",
                      "Height" : 22,
                      "HorizontalAlignment" : "left",
                      "Id" : "ptcslabel-108",
                      "LabelText" : "[[PTC.SCA.SCO.CrewNamePrompt]]",
                      "LabelType" : "label",
                      "LastContainer" : false,
                      "Left" : 160,
                      "MultiLine" : false,
                      "ResponsiveLayout" : false,
                      "ShowDataLoading" : true,
                      "Top" : 86,
                      "Type" : "ptcslabel",
                      "UseTheme" : true,
                      "VerticalAlignment" : "flex-start",
                      "Visible" : true,
                      "Width" : 215,
                      "Z-index" : 10,
                      "__TypeDisplayName" : "Label",
                      "__supportsTooltip" : true,
                      "overflowShowLessTxt" : "[[showLess]]",
                      "overflowShowMoreTxt" : "[[showMore]]"
                    },
                    "Widgets" : [ ]
                  }, {
                    "Properties" : {
                      "AllowDecimals" : true,
                      "AllowNegatives" : false,
                      "Area" : "UI",
                      "ConstrainValue" : false,
                      "CustomClass" : "NumEntryLabel",
                      "DisplayName" : "CrewCountNumEntry",
                      "FixedDigits" : 0,
                      "Height" : 34,
                      "Id" : "numericentry-131",
                      "InnerShadow" : false,
                      "Label" : "[[PTC.SCA.SCO.TitleCaseCrewCount]]",
                      "LabelAlignment" : "left",
                      "LastContainer" : false,
                      "Left" : 42,
                      "Maximum" : 100,
                      "Minimum" : 0,
                      "NumericEntryFocusStyle" : "DefaultFocusStyle",
                      "NumericEntryLabelStyle" : {
                        "backgroundColor" : "",
                        "displayString" : "",
                        "fontEmphasisBold" : false,
                        "fontEmphasisItalic" : false,
                        "fontEmphasisUnderline" : false,
                        "foregroundColor" : "rgba(110,113,124,1)",
                        "image" : "",
                        "lineColor" : "",
                        "lineStyle" : "solid",
                        "lineThickness" : 1,
                        "secondaryBackgroundColor" : "",
                        "textSize" : "large"
                      },
                      "ResponsiveLayout" : false,
                      "ShowDataLoading" : true,
                      "Style" : {
                        "backgroundColor" : "",
                        "displayString" : "",
                        "fontEmphasisBold" : false,
                        "fontEmphasisItalic" : false,
                        "fontEmphasisUnderline" : false,
                        "foregroundColor" : "rgba(35,43,45,1)",
                        "image" : "",
                        "lineColor" : "rgba(194,199,206,1)",
                        "lineStyle" : "solid",
                        "lineThickness" : 1,
                        "secondaryBackgroundColor" : "",
                        "textSize" : "normal"
                      },
                      "TabSequence" : 0,
                      "ToolTipField" : "",
                      "ToolTipStyle" : "DefaultTooltipStyle",
                      "Top" : 225,
                      "Type" : "numericentry",
                      "UseTheme" : false,
                      "Value" : 0,
                      "ValueAlign" : "left",
                      "Visible" : true,
                      "Width" : 516,
                      "Z-index" : 10,
                      "__TypeDisplayName" : "Numeric Entry",
                      "__supportsLabel" : true,
                      "__supportsTooltip" : true
                    },
                    "Widgets" : [ ]
                  }, {
                    "Properties" : {
                      "Area" : "UI",
                      "Counter" : false,
                      "Disabled" : false,
                      "DisplayName" : "DescriptionTextArea",
                      "HasText" : false,
                      "Height" : 120,
                      "Id" : "ptcstextarea-132",
                      "Label" : "[[description]]",
                      "LabelAlignment" : "left",
                      "LastContainer" : false,
                      "Left" : 42,
                      "MaxNumberOfCharacters" : 255,
                      "ReadOnly" : false,
                      "ResponsiveLayout" : false,
                      "ShowDataLoading" : true,
                      "TabSequence" : 0,
                      "TextAlignment" : "left",
                      "Top" : 293,
                      "Type" : "ptcstextarea",
                      "UseTheme" : true,
                      "Visible" : true,
                      "Width" : 516,
                      "Z-index" : 10,
                      "__TypeDisplayName" : "Text Area"
                    },
                    "Widgets" : [ ]
                  } ]
                }, {
                  "Properties" : {
                    "Area" : "UI",
                    "DisplayName" : "InvalidNameMessage",
                    "Height" : 28,
                    "Id" : "statusmessage-99",
                    "LastContainer" : false,
                    "Left" : 0,
                    "Message" : "[[PTC.SCA.SCO.CrewNameError]]",
                    "MessageType" : "warning",
                    "ShowDataLoading" : true,
                    "Top" : 0,
                    "Type" : "statusmessage",
                    "Visible" : true,
                    "Width" : 200,
                    "Z-index" : 10,
                    "__TypeDisplayName" : "Status Message",
                    "_currentParameterDefs" : [ ]
                  },
                  "Widgets" : [ ]
                }, {
                  "Properties" : {
                    "Area" : "UI",
                    "AutoEvaluate" : false,
                    "DisplayName" : "IsValid",
                    "Expression" : "Input",
                    "Height" : 28,
                    "Id" : "validator-124",
                    "LastContainer" : false,
                    "Left" : 0,
                    "Output" : true,
                    "ShowDataLoading" : true,
                    "Top" : 0,
                    "Type" : "validator",
                    "Visible" : true,
                    "Width" : 200,
                    "Z-index" : 10,
                    "__TypeDisplayName" : "Validator",
                    "_currentParameterDefs" : [ {
                      "BaseType" : "BOOLEAN",
                      "DefaultValue" : false,
                      "Description" : "",
                      "ParameterName" : "Input",
                      "bindingDirection" : "",
                      "bindingStatus" : true,
                      "isBindingSource" : false,
                      "isBindingTarget" : true,
                      "name" : "Input"
                    } ]
                  },
                  "Widgets" : [ ]
                } ]
              },
              "mashupType" : "mashup"
            }
            ]]>
            </mashupContent>
            <preview></preview>
        </Mashup>
    </Mashups>
</Entities>
