<?xml version="1.0" encoding="UTF-8"?>
<Entities
 build="b9196"
 majorVersion="0"
 minorVersion="0"
 modelPersistenceProviderPackage="PostgresPersistenceProviderPackage"
 revision="0"
 schemaVersion="1100"
 universal="password">
    <Mashups>
        <Mashup
         aspect.isEditableExtensionObject="false"
         aspect.isExtension="true"
         aspect.isResponsive="true"
         aspect.mashupType="mashup"
         columns="0.0"
         description="Mashup used for the tiles on the shift and crew hub. {PTC.SCA.SCO.ShiftAndCrewHubTile}"
         documentationContent=""
         homeMashup=""
         lastModifiedDate="2020-05-06T15:13:36.339-04:00"
         name="PTC.SCA.SCO.ShiftAndCrewHubTile"
         projectName="PTC.SCA.SCO.Shift.ConsoleDisplay"
         rows="0.0"
         tags="PTC:sca-sco;PTC:Mashup;PTC:sca-sco-shift-consoledisplay">
            <avatar></avatar>
            <DesignTimePermissions>
                <Create></Create>
                <Read></Read>
                <Update></Update>
                <Delete></Delete>
                <Metadata></Metadata>
            </DesignTimePermissions>
            <RunTimePermissions></RunTimePermissions>
            <VisibilityPermissions>
                <Visibility></Visibility>
            </VisibilityPermissions>
            <ConfigurationTableDefinitions></ConfigurationTableDefinitions>
            <ConfigurationTables>
                <ConfigurationTable
                 dataShapeName=""
                 description="Mashup Mobile Settings"
                 isHidden="true"
                 isMultiRow="false"
                 name="MobileSettings"
                 ordinal="0">
                    <DataShape>
                        <FieldDefinitions>
                            <FieldDefinition
                             aspect.defaultValue="false"
                             baseType="BOOLEAN"
                             description=""
                             name="disableZoom"
                             ordinal="0"></FieldDefinition>
                            <FieldDefinition
                             aspect.defaultValue="true"
                             baseType="BOOLEAN"
                             description=""
                             name="fullScreenMode"
                             ordinal="0"></FieldDefinition>
                            <FieldDefinition
                             baseType="STRING"
                             description=""
                             name="height"
                             ordinal="0"></FieldDefinition>
                            <FieldDefinition
                             aspect.defaultValue="device-height"
                             baseType="STRING"
                             description=""
                             name="heightType"
                             ordinal="0"></FieldDefinition>
                            <FieldDefinition
                             aspect.defaultValue="1.0"
                             baseType="NUMBER"
                             description=""
                             name="initialScale"
                             ordinal="0"></FieldDefinition>
                            <FieldDefinition
                             baseType="STRING"
                             description=""
                             name="iosShortcutIconTitle"
                             ordinal="0"></FieldDefinition>
                            <FieldDefinition
                             aspect.defaultValue="black-translucent"
                             baseType="STRING"
                             description=""
                             name="iosStatusBarAppearance"
                             ordinal="0"></FieldDefinition>
                            <FieldDefinition
                             aspect.defaultValue="10.0"
                             baseType="NUMBER"
                             description=""
                             name="maximumScale"
                             ordinal="0"></FieldDefinition>
                            <FieldDefinition
                             aspect.defaultValue="0.1"
                             baseType="NUMBER"
                             description=""
                             name="minimumScale"
                             ordinal="0"></FieldDefinition>
                            <FieldDefinition
                             baseType="STRING"
                             description=""
                             name="width"
                             ordinal="0"></FieldDefinition>
                            <FieldDefinition
                             aspect.defaultValue="device-width"
                             baseType="STRING"
                             description=""
                             name="widthType"
                             ordinal="0"></FieldDefinition>
                        </FieldDefinitions>
                    </DataShape>
                    <Rows>
                        <Row>
                            <disableZoom>false</disableZoom>
                            <fullScreenMode>true</fullScreenMode>
                            <height></height>
                            <heightType>
                            <![CDATA[
                            device-height
                            ]]>
                            </heightType>
                            <initialScale>1.0</initialScale>
                            <iosShortcutIconTitle></iosShortcutIconTitle>
                            <iosStatusBarAppearance>
                            <![CDATA[
                            black-translucent
                            ]]>
                            </iosStatusBarAppearance>
                            <maximumScale>10.0</maximumScale>
                            <minimumScale>0.1</minimumScale>
                            <width></width>
                            <widthType>
                            <![CDATA[
                            device-width
                            ]]>
                            </widthType>
                        </Row>
                    </Rows>
                </ConfigurationTable>
            </ConfigurationTables>
            <ParameterDefinitions>
                <FieldDefinition
                 aspect.bindingDirection="IN"
                 aspect.isMandatory="false"
                 baseType="TEXT"
                 description=""
                 name="LocalizedLabel"
                 ordinal="0"></FieldDefinition>
                <FieldDefinition
                 aspect.bindingDirection="BOTH"
                 aspect.isMandatory="false"
                 baseType="STRING"
                 description=""
                 name="MashupLink"
                 ordinal="0"></FieldDefinition>
                <FieldDefinition
                 aspect.bindingDirection="IN"
                 aspect.isMandatory="false"
                 baseType="IMAGELINK"
                 description=""
                 name="TileIcon"
                 ordinal="0"></FieldDefinition>
            </ParameterDefinitions>
            <Things></Things>
            <ThingShapes></ThingShapes>
            <ThingTemplates></ThingTemplates>
            <mashupContent>
            <![CDATA[
            {
              "CustomMashupCss" : "",
              "Data" : {
                "Session" : {
                  "DataName" : "Session",
                  "EntityName" : "",
                  "EntityType" : "Session",
                  "Id" : "session",
                  "Services" : [ {
                    "APIMethod" : "post",
                    "Characteristic" : "Services",
                    "Id" : "SessionInterface",
                    "Name" : "GetGlobalSessionValues",
                    "Parameters" : { },
                    "RefreshInterval" : 0,
                    "Target" : "GetGlobalSessionValues"
                  } ]
                },
                "UserExtensions" : {
                  "DataName" : "UserExtensions",
                  "EntityName" : "",
                  "EntityType" : "UserExtensions",
                  "Id" : "UserExtensions",
                  "Services" : [ {
                    "APIMethod" : "post",
                    "Characteristic" : "Services",
                    "Id" : "UserExtensionInterface",
                    "Name" : "GetCurrentUserExtensionProperties",
                    "Parameters" : { },
                    "RefreshInterval" : 0,
                    "Target" : "GetCurrentUserExtensionProperties"
                  } ]
                }
              },
              "DataBindings" : [ {
                "Id" : "440bfb17-008d-4638-91f4-0ac99c12eeeb",
                "PropertyMaps" : [ {
                  "SourceProperty" : "TileIcon",
                  "SourcePropertyBaseType" : "IMAGELINK",
                  "SourcePropertyType" : "Property",
                  "TargetProperty" : "SourceURL",
                  "TargetPropertyBaseType" : "IMAGELINK",
                  "TargetPropertyType" : "property"
                } ],
                "SourceArea" : "Mashup",
                "SourceId" : "mashup-root",
                "SourceSection" : "",
                "TargetArea" : "UI",
                "TargetId" : "image-3",
                "TargetSection" : ""
              }, {
                "Id" : "6587e9ed-7ebf-4119-b25e-1f36ff8ac041",
                "PropertyMaps" : [ {
                  "SourceProperty" : "LocalizedLabel",
                  "SourcePropertyBaseType" : "TEXT",
                  "SourcePropertyType" : "Property",
                  "TargetProperty" : "Text",
                  "TargetPropertyBaseType" : "STRING",
                  "TargetPropertyType" : "property"
                } ],
                "SourceArea" : "Mashup",
                "SourceId" : "mashup-root",
                "SourceSection" : "",
                "TargetArea" : "UI",
                "TargetId" : "label-5",
                "TargetSection" : ""
              }, {
                "Id" : "7a03a9f4-8bd1-4342-bf54-cd8554f41e8b",
                "PropertyMaps" : [ {
                  "SourceProperty" : "MashupLink",
                  "SourcePropertyBaseType" : "STRING",
                  "TargetProperty" : "MashupName",
                  "TargetPropertyBaseType" : "MASHUPNAME"
                } ],
                "SourceArea" : "Mashup",
                "SourceId" : "mashup-root",
                "SourceSection" : "",
                "TargetArea" : "UI",
                "TargetId" : "navigation-6",
                "TargetSection" : ""
              } ],
              "DesignTimePermissions" : {
                "Create" : [ ],
                "Delete" : [ ],
                "Metadata" : [ ],
                "Read" : [ ],
                "Update" : [ ]
              },
              "Events" : [ ],
              "RunTimePermissions" : {
                "permissions" : [ ]
              },
              "UI" : {
                "Properties" : {
                  "AddToDashboardButton" : "SimplePlus",
                  "AddToDashboardButtonStyle" : "DefaultAddToDashboardButtonStyle",
                  "Area" : "Mashup",
                  "BGImage" : "",
                  "BGImageRepeat" : "no-repeat",
                  "BGImageSize" : "auto",
                  "Columns" : 0,
                  "ConfigureGadgetButton" : "SimpleGear",
                  "ConfigureGadgetButtonStyle" : "DefaultConfigureGadgetButtonStyle",
                  "DisplayName" : "Mashup",
                  "EnableParameterEditing" : false,
                  "Height" : 618,
                  "Id" : "mashup-root",
                  "IgnoreWarningsInViewMashup" : false,
                  "IsPrintLayout" : false,
                  "Left" : 0,
                  "MashupToEditGadget" : "DefaultMashupToEditGadget",
                  "MinHeight" : 0,
                  "MinWidth" : 0,
                  "ResponsiveLayout" : true,
                  "Rows" : 0,
                  "ShowDataLoading" : true,
                  "Style" : "DefaultMashupStyle",
                  "StyleTheme" : "PTC Convergence Theme",
                  "Title" : "",
                  "TitleBar" : false,
                  "TitleBarStyle" : "DefaultTitleBarStyle",
                  "TitleBarText" : "Gadget Title Here",
                  "Top" : 0,
                  "Type" : "mashup",
                  "UseMasterTheme" : false,
                  "UseTheme" : false,
                  "UseThemeForHybrids" : false,
                  "Visible" : true,
                  "Width" : 1024,
                  "Z-index" : 10,
                  "__TypeDisplayName" : "Mashup",
                  "_currentParameterDefs" : [ {
                    "Aspects" : {
                      "bindingDirection" : "IN",
                      "isMandatory" : false
                    },
                    "BaseType" : "IMAGELINK",
                    "Description" : "",
                    "ParameterName" : "TileIcon"
                  }, {
                    "Aspects" : {
                      "bindingDirection" : "IN",
                      "isMandatory" : false
                    },
                    "BaseType" : "TEXT",
                    "Description" : "",
                    "ParameterName" : "LocalizedLabel"
                  }, {
                    "Aspects" : {
                      "bindingDirection" : "BOTH",
                      "isMandatory" : false
                    },
                    "BaseType" : "STRING",
                    "Description" : "",
                    "ParameterName" : "MashupLink"
                  } ],
                  "id_index" : 6,
                  "supportsAutoResize" : true
                },
                "Widgets" : [ {
                  "Properties" : {
                    "Area" : "UI",
                    "ContainerClass" : "",
                    "DisplayName" : "panel-2",
                    "Height" : 210,
                    "HideScrollbars" : true,
                    "HorizontalAnchor" : "left",
                    "Id" : "panel-2",
                    "LastContainer" : false,
                    "Left" : 0,
                    "ResponsiveLayout" : true,
                    "ShowDataLoading" : true,
                    "Style" : "PTC.SCA.SCO.NoStyle",
                    "Top" : 0,
                    "Type" : "panel",
                    "VerticalAnchor" : "top",
                    "Visible" : true,
                    "Width" : 210,
                    "Z-index" : 10,
                    "__TypeDisplayName" : "Panel",
                    "flex-grow" : 0
                  },
                  "Widgets" : [ {
                    "Properties" : {
                      "AlternateText" : "",
                      "Area" : "UI",
                      "BorderStyle" : "PTC.SCA.SCO.NoStyle",
                      "CustomClass" : "",
                      "Description" : "",
                      "DisplayName" : "image-3",
                      "Height" : 208,
                      "Id" : "image-3",
                      "LastContainer" : false,
                      "Left" : 0,
                      "PreventCaching" : false,
                      "ResponsiveLayout" : false,
                      "Scaling" : "none",
                      "ShowDataLoading" : true,
                      "SourceURL" : "",
                      "ToolTipField" : "",
                      "ToolTipStyle" : "DefaultTooltipStyle",
                      "Top" : 0,
                      "Type" : "image",
                      "Visible" : true,
                      "Width" : 208,
                      "Z-index" : 20,
                      "__TypeDisplayName" : "Image",
                      "__supportsTooltip" : true
                    },
                    "Widgets" : [ ]
                  }, {
                    "Properties" : {
                      "Alignment" : "center",
                      "AllowEllipsis" : true,
                      "Area" : "UI",
                      "DisplayName" : "label-5",
                      "Height" : 36,
                      "Id" : "label-5",
                      "LastContainer" : false,
                      "Left" : 25,
                      "ResponsiveLayout" : false,
                      "ShowDataLoading" : true,
                      "Style" : "PTC.Factory.InfoTile.text.16px",
                      "ToolTipField" : "",
                      "ToolTipStyle" : "DefaultTooltipStyle",
                      "Top" : 128,
                      "Type" : "label",
                      "Visible" : true,
                      "Width" : 160,
                      "Z-index" : 40,
                      "__TypeDisplayName" : "Label",
                      "__supportsTooltip" : true
                    },
                    "Widgets" : [ ]
                  }, {
                    "Properties" : {
                      "Alignment" : "left",
                      "Area" : "UI",
                      "ClickOutsideToClose" : false,
                      "Description" : "",
                      "DisplayName" : "navigation-6",
                      "FixedPopupHeight" : 0,
                      "FixedPopupWidth" : 0,
                      "Height" : 208,
                      "Icon" : "",
                      "IconAlignment" : "left",
                      "Id" : "navigation-6",
                      "LastContainer" : false,
                      "Left" : 0,
                      "MashupName" : "",
                      "MashupParameters" : [ ],
                      "MessageToShow" : "Mashup must be selected",
                      "ModalPopupOpacity" : 0.5,
                      "NavigationActiveStyle" : "PTC.SCA.SCO.NoStyle",
                      "NavigationFocusStyle" : "PTC.SCA.SCO.NoStyle",
                      "NavigationHoverStyle" : "PTC.SCA.SCO.NoStyle",
                      "PopupScrolling" : "auto",
                      "PopupTitle" : "",
                      "PopupTitleStyle" : "PTC.SCA.SCO.NoStyle",
                      "ReloadOnReplace" : true,
                      "ResponsiveLayout" : false,
                      "RoundedCorners" : true,
                      "ShowCloseButton" : true,
                      "ShowDataLoading" : true,
                      "ShowMessageIfNoMashup" : false,
                      "SingleClickSelectOnTablets" : true,
                      "Style" : "PTC.SCA.SCO.NoStyle",
                      "TabSequence" : 0,
                      "TargetWindow" : "replace",
                      "Text" : "",
                      "ToolTipDuration" : 2,
                      "ToolTipField" : "",
                      "ToolTipPosition" : "Upper Left",
                      "ToolTipStyle" : "DefaultTooltipStyle",
                      "ToolTipStyles" : "qtip-bootstrap",
                      "Top" : 0,
                      "Transparent" : true,
                      "Type" : "navigation",
                      "UseTheme" : false,
                      "Visible" : true,
                      "Width" : 208,
                      "Z-index" : 100,
                      "__TypeDisplayName" : "Navigation",
                      "__supportsTooltip" : true
                    },
                    "Widgets" : [ ]
                  } ]
                } ]
              },
              "mashupType" : "mashup"
            }
            ]]>
            </mashupContent>
            <preview></preview>
        </Mashup>
    </Mashups>
</Entities>
