<?xml version="1.0" encoding="UTF-8"?>
<Entities
 build="b80"
 majorVersion="8"
 minorVersion="5"
 modelPersistenceProviderPackage="PostgresPersistenceProviderPackage"
 revision="2"
 schemaVersion="1052"
 universal="password">
    <Mashups>
        <Mashup
         aspect.isEditableExtensionObject="false"
         aspect.isExtension="true"
         aspect.isResponsive="true"
         aspect.mashupType="mashup"
         columns="0.0"
         description="Mashup for creating an activity. {PTC.SCA.SCO.CreateActivity}"
         documentationContent=""
         homeMashup=""
         lastModifiedDate="2019-11-20T10:18:08.500-05:00"
         name="PTC.SCA.SCO.CreateActivity"
         projectName="PTC.SCA.SCO.Activity.Display"
         rows="0.0"
         tags="PTC:sca-sco;PTC:Mashup;PTC:sca-sco-activity-display">
            <avatar></avatar>
            <DesignTimePermissions>
                <Create></Create>
                <Read></Read>
                <Update></Update>
                <Delete></Delete>
                <Metadata></Metadata>
            </DesignTimePermissions>
            <RunTimePermissions></RunTimePermissions>
            <VisibilityPermissions>
                <Visibility>
                    <Principal
                     isPermitted="true"
                     name="PTC.Factory.MachineVisibility"
                     type="Organization"></Principal>
                </Visibility>
            </VisibilityPermissions>
            <ConfigurationTableDefinitions></ConfigurationTableDefinitions>
            <ConfigurationTables></ConfigurationTables>
            <ParameterDefinitions></ParameterDefinitions>
            <Things>
                <Thing>PTC.SCA.SCO.ShiftManagementUtils</Thing>
            </Things>
            <ThingShapes></ThingShapes>
            <ThingTemplates></ThingTemplates>
            <mashupContent>
            <![CDATA[
            {
              "CustomMashupCss" : "",
              "Data" : {
                "Session" : {
                  "DataName" : "Session",
                  "EntityName" : "",
                  "EntityType" : "Session",
                  "Id" : "session",
                  "Services" : [ {
                    "APIMethod" : "post",
                    "Characteristic" : "Services",
                    "Id" : "SessionInterface",
                    "Name" : "GetGlobalSessionValues",
                    "Parameters" : { },
                    "RefreshInterval" : 0,
                    "Target" : "GetGlobalSessionValues"
                  } ]
                },
                "Things_PTC.SCA.SCO.ShiftManagementUtils" : {
                  "DataName" : "Things_PTC.SCA.SCO.ShiftManagementUtils",
                  "EntityName" : "PTC.SCA.SCO.ShiftManagementUtils",
                  "EntityType" : "Things",
                  "Id" : "3353319e-cd1e-4410-b83a-8a8a02acc658",
                  "Services" : [ {
                    "APIMethod" : "post",
                    "Characteristic" : "Services",
                    "Id" : "66872b3b-42b0-46c2-af0f-60eb563245df",
                    "Name" : "IsFieldEmpty",
                    "Parameters" : { },
                    "RefreshInterval" : 0,
                    "Target" : "IsFieldEmpty"
                  }, {
                    "APIMethod" : "post",
                    "Characteristic" : "Services",
                    "Id" : "b6366e20-a04e-4d58-b8a0-c0f6fe9b1c2f",
                    "Name" : "IsTimeValid",
                    "Parameters" : { },
                    "RefreshInterval" : 0,
                    "Target" : "IsTimeValid"
                  }, {
                    "APIMethod" : "post",
                    "Characteristic" : "Services",
                    "Id" : "fbc1a784-b0ea-4685-ae15-508fa5382e61",
                    "Name" : "IsTimeValid1",
                    "Parameters" : { },
                    "RefreshInterval" : 0,
                    "Target" : "IsTimeValid"
                  }, {
                    "APIMethod" : "post",
                    "Characteristic" : "Services",
                    "Id" : "acb5d120-e1ea-448f-9282-2af0911989e1",
                    "Name" : "CreateWorkActivities",
                    "Parameters" : { },
                    "RefreshInterval" : 0,
                    "Target" : "CreateWorkActivities"
                  }, {
                    "APIMethod" : "post",
                    "Characteristic" : "Services",
                    "Id" : "bab503c9-dd28-4bfb-8df9-dcb208b40cf3",
                    "Name" : "ValidateActivities",
                    "Parameters" : { },
                    "RefreshInterval" : 0,
                    "Target" : "ValidateActivities"
                  } ]
                },
                "UserExtensions" : {
                  "DataName" : "UserExtensions",
                  "EntityName" : "",
                  "EntityType" : "UserExtensions",
                  "Id" : "UserExtensions",
                  "Services" : [ {
                    "APIMethod" : "post",
                    "Characteristic" : "Services",
                    "Id" : "UserExtensionInterface",
                    "Name" : "GetCurrentUserExtensionProperties",
                    "Parameters" : { },
                    "RefreshInterval" : 0,
                    "Target" : "GetCurrentUserExtensionProperties"
                  } ]
                }
              },
              "DataBindings" : [ {
                "Id" : "fe451e52-f790-416f-8af2-c65e6273fe0d",
                "PropertyMaps" : [ {
                  "SourceProperty" : "result",
                  "SourcePropertyBaseType" : "BOOLEAN",
                  "SourcePropertyType" : "Field",
                  "TargetProperty" : "Input",
                  "TargetPropertyBaseType" : "BOOLEAN",
                  "TargetPropertyType" : "property"
                } ],
                "SourceArea" : "Data",
                "SourceDetails" : "AllData",
                "SourceId" : "IsTimeValid",
                "SourceSection" : "Things_PTC.SCA.SCO.ShiftManagementUtils",
                "TargetArea" : "UI",
                "TargetId" : "expression-123",
                "TargetSection" : ""
              }, {
                "Id" : "5084a58f-c269-444b-ac7b-c461932d6a81",
                "PropertyMaps" : [ {
                  "SourceProperty" : "Output",
                  "SourcePropertyBaseType" : "BOOLEAN",
                  "SourcePropertyType" : "Property",
                  "TargetProperty" : "Visible",
                  "TargetPropertyBaseType" : "BOOLEAN",
                  "TargetPropertyType" : "property"
                } ],
                "SourceArea" : "UI",
                "SourceId" : "expression-123",
                "SourceSection" : "",
                "TargetArea" : "UI",
                "TargetId" : "label-102",
                "TargetSection" : ""
              }, {
                "Id" : "4dc676e4-4b8e-462e-b3b3-91acd34542a5",
                "PropertyMaps" : [ {
                  "SourceProperty" : "result",
                  "SourcePropertyBaseType" : "BOOLEAN",
                  "SourcePropertyType" : "Field",
                  "TargetProperty" : "Input",
                  "TargetPropertyBaseType" : "BOOLEAN",
                  "TargetPropertyType" : "property"
                } ],
                "SourceArea" : "Data",
                "SourceDetails" : "AllData",
                "SourceId" : "IsTimeValid1",
                "SourceSection" : "Things_PTC.SCA.SCO.ShiftManagementUtils",
                "TargetArea" : "UI",
                "TargetId" : "expression-124",
                "TargetSection" : ""
              }, {
                "Id" : "33d238a5-05dd-49e6-9533-0240ba9e7b6d",
                "PropertyMaps" : [ {
                  "SourceProperty" : "Output",
                  "SourcePropertyBaseType" : "BOOLEAN",
                  "TargetProperty" : "Visible",
                  "TargetPropertyBaseType" : "BOOLEAN"
                } ],
                "SourceArea" : "UI",
                "SourceId" : "expression-124",
                "SourceSection" : "",
                "TargetArea" : "UI",
                "TargetId" : "label-101",
                "TargetSection" : ""
              }, {
                "Id" : "32575b7d-b0fb-4eb0-8c37-1146bcc55519",
                "PropertyMaps" : [ {
                  "SourceProperty" : "Text",
                  "SourcePropertyBaseType" : "STRING",
                  "TargetProperty" : "Time",
                  "TargetPropertyBaseType" : "STRING"
                } ],
                "SourceArea" : "UI",
                "SourceId" : "ptcstextfield-56",
                "SourceSection" : "",
                "TargetArea" : "Data",
                "TargetId" : "IsTimeValid",
                "TargetSection" : "Things_PTC.SCA.SCO.ShiftManagementUtils"
              }, {
                "Id" : "c18ec480-9a4a-420c-b330-ceccdfef7bc1",
                "PropertyMaps" : [ {
                  "SourceProperty" : "Text",
                  "SourcePropertyBaseType" : "STRING",
                  "TargetProperty" : "Time",
                  "TargetPropertyBaseType" : "STRING"
                } ],
                "SourceArea" : "UI",
                "SourceId" : "ptcstextfield-57",
                "SourceSection" : "",
                "TargetArea" : "Data",
                "TargetId" : "IsTimeValid1",
                "TargetSection" : "Things_PTC.SCA.SCO.ShiftManagementUtils"
              }, {
                "Id" : "f41856f4-9ee9-415b-9c08-d902be530f31",
                "PropertyMaps" : [ {
                  "SourceProperty" : "Text",
                  "SourcePropertyBaseType" : "STRING",
                  "TargetProperty" : "FieldContent",
                  "TargetPropertyBaseType" : "STRING"
                } ],
                "SourceArea" : "UI",
                "SourceId" : "ptcstextfield-54",
                "SourceSection" : "",
                "TargetArea" : "Data",
                "TargetId" : "IsFieldEmpty",
                "TargetSection" : "Things_PTC.SCA.SCO.ShiftManagementUtils"
              }, {
                "Id" : "88f2b512-1241-4288-bbfb-ddfd30483b78",
                "PropertyMaps" : [ {
                  "SourceProperty" : "result",
                  "SourcePropertyBaseType" : "BOOLEAN",
                  "TargetProperty" : "Visible",
                  "TargetPropertyBaseType" : ""
                } ],
                "SourceArea" : "Data",
                "SourceDetails" : "AllData",
                "SourceId" : "IsFieldEmpty",
                "SourceSection" : "Things_PTC.SCA.SCO.ShiftManagementUtils",
                "TargetArea" : "UI",
                "TargetId" : "ptcslabel-108",
                "TargetSection" : ""
              }, {
                "Id" : "88a81da6-0de1-4d0a-bcec-1cda9efa7a9d",
                "PropertyMaps" : [ {
                  "SourceProperty" : "Text",
                  "SourcePropertyBaseType" : "STRING",
                  "TargetProperty" : "WorkActivities.EndTime",
                  "TargetPropertyBaseType" : "STRING"
                } ],
                "SourceArea" : "UI",
                "SourceId" : "ptcstextfield-57",
                "SourceSection" : "",
                "TargetArea" : "Data",
                "TargetId" : "CreateWorkActivities",
                "TargetSection" : "Things_PTC.SCA.SCO.ShiftManagementUtils"
              }, {
                "Id" : "32afdfaa-ab4b-49bb-befd-f5266f90ef86",
                "PropertyMaps" : [ {
                  "SourceProperty" : "Text",
                  "SourcePropertyBaseType" : "STRING",
                  "TargetProperty" : "WorkActivities.StartTime",
                  "TargetPropertyBaseType" : "STRING"
                } ],
                "SourceArea" : "UI",
                "SourceId" : "ptcstextfield-56",
                "SourceSection" : "",
                "TargetArea" : "Data",
                "TargetId" : "CreateWorkActivities",
                "TargetSection" : "Things_PTC.SCA.SCO.ShiftManagementUtils"
              }, {
                "Id" : "dc53eb41-55c2-4118-aba1-24e38ca3b481",
                "PropertyMaps" : [ {
                  "SourceProperty" : "Text",
                  "SourcePropertyBaseType" : "STRING",
                  "TargetProperty" : "WorkActivities.Name",
                  "TargetPropertyBaseType" : "STRING"
                } ],
                "SourceArea" : "UI",
                "SourceId" : "ptcstextfield-54",
                "SourceSection" : "",
                "TargetArea" : "Data",
                "TargetId" : "CreateWorkActivities",
                "TargetSection" : "Things_PTC.SCA.SCO.ShiftManagementUtils"
              }, {
                "Id" : "26386941-c5be-4cc2-8cb8-66dedf3732a8",
                "PropertyMaps" : [ {
                  "SourceProperty" : "Text",
                  "SourcePropertyBaseType" : "STRING",
                  "TargetProperty" : "Activities.EndTime",
                  "TargetPropertyBaseType" : "STRING"
                } ],
                "SourceArea" : "UI",
                "SourceId" : "ptcstextfield-57",
                "SourceSection" : "",
                "TargetArea" : "Data",
                "TargetId" : "ValidateActivities",
                "TargetSection" : "Things_PTC.SCA.SCO.ShiftManagementUtils"
              }, {
                "Id" : "612feae6-10cc-4ffa-a686-5a2be91125b9",
                "PropertyMaps" : [ {
                  "SourceProperty" : "Text",
                  "SourcePropertyBaseType" : "STRING",
                  "TargetProperty" : "Activities.StartTime",
                  "TargetPropertyBaseType" : "STRING"
                } ],
                "SourceArea" : "UI",
                "SourceId" : "ptcstextfield-56",
                "SourceSection" : "",
                "TargetArea" : "Data",
                "TargetId" : "ValidateActivities",
                "TargetSection" : "Things_PTC.SCA.SCO.ShiftManagementUtils"
              }, {
                "Id" : "04b0987d-89ab-47e1-9ffe-85ed25a9a579",
                "PropertyMaps" : [ {
                  "SourceProperty" : "Text",
                  "SourcePropertyBaseType" : "STRING",
                  "TargetProperty" : "Activities.Name",
                  "TargetPropertyBaseType" : "STRING"
                } ],
                "SourceArea" : "UI",
                "SourceId" : "ptcstextfield-54",
                "SourceSection" : "",
                "TargetArea" : "Data",
                "TargetId" : "ValidateActivities",
                "TargetSection" : "Things_PTC.SCA.SCO.ShiftManagementUtils"
              }, {
                "Id" : "2060e0da-4554-4ecf-865d-4c3ae6140c44",
                "PropertyMaps" : [ {
                  "SourceProperty" : "Message",
                  "SourcePropertyBaseType" : "STRING",
                  "SourcePropertyType" : "Field",
                  "TargetProperty" : "Message",
                  "TargetPropertyBaseType" : "STRING",
                  "TargetPropertyType" : "property"
                } ],
                "SourceArea" : "Data",
                "SourceDetails" : "AllData",
                "SourceId" : "ValidateActivities",
                "SourceSection" : "Things_PTC.SCA.SCO.ShiftManagementUtils",
                "TargetArea" : "UI",
                "TargetId" : "statusmessage-119",
                "TargetSection" : ""
              }, {
                "Id" : "8668b71e-4b01-4e0a-ae2c-133f781d41d1",
                "PropertyMaps" : [ {
                  "SourceProperty" : "Successful",
                  "SourcePropertyBaseType" : "BOOLEAN",
                  "SourcePropertyType" : "Field",
                  "TargetProperty" : "Input",
                  "TargetPropertyBaseType" : "BOOLEAN",
                  "TargetPropertyType" : "property"
                } ],
                "SourceArea" : "Data",
                "SourceDetails" : "AllData",
                "SourceId" : "ValidateActivities",
                "SourceSection" : "Things_PTC.SCA.SCO.ShiftManagementUtils",
                "TargetArea" : "UI",
                "TargetId" : "validator-122",
                "TargetSection" : ""
              }, {
                "Id" : "24e26ec8-6a37-40ce-92a8-0f1570817173",
                "PropertyMaps" : [ {
                  "SourceProperty" : "Text",
                  "SourcePropertyBaseType" : "STRING",
                  "TargetProperty" : "WorkActivities.Description",
                  "TargetPropertyBaseType" : "STRING",
                  "TargetPropertyType" : "Parameter"
                } ],
                "SourceArea" : "UI",
                "SourceId" : "ptcstextarea-126",
                "SourceSection" : "",
                "TargetArea" : "Data",
                "TargetId" : "CreateWorkActivities",
                "TargetSection" : "Things_PTC.SCA.SCO.ShiftManagementUtils"
              } ],
              "DesignTimePermissions" : {
                "Create" : [ ],
                "Delete" : [ ],
                "Metadata" : [ ],
                "Read" : [ ],
                "Update" : [ ]
              },
              "Events" : [ {
                "EventHandlerArea" : "Mashup",
                "EventHandlerId" : "mashup-root",
                "EventHandlerService" : "CloseIfPopup",
                "EventTriggerArea" : "UI",
                "EventTriggerEvent" : "Clicked",
                "EventTriggerId" : "button-23",
                "EventTriggerSection" : "",
                "Id" : "b5e26916-1acb-4908-90ae-0b002c20c403"
              }, {
                "EventHandlerArea" : "UI",
                "EventHandlerId" : "datetimepicker-25",
                "EventHandlerService" : "ClearDateTime",
                "EventTriggerArea" : "UI",
                "EventTriggerEvent" : "Clicked",
                "EventTriggerId" : "button-28",
                "EventTriggerSection" : "",
                "Id" : "2a3a26b8-191b-4fda-84e7-ce570cdb1d35"
              }, {
                "EventHandlerArea" : "Mashup",
                "EventHandlerId" : "mashup-root",
                "EventHandlerService" : "Refresh",
                "EventTriggerArea" : "Mashup",
                "EventTriggerEvent" : "Loaded",
                "EventTriggerId" : "mashup-root",
                "EventTriggerSection" : "",
                "Id" : "7f407541-baf4-420d-8a33-a2a75c42282a"
              }, {
                "EventHandlerArea" : "UI",
                "EventHandlerId" : "statusmessage-119",
                "EventHandlerService" : "ShowMessage",
                "EventTriggerArea" : "UI",
                "EventTriggerEvent" : "False",
                "EventTriggerId" : "validator-122",
                "EventTriggerSection" : " ",
                "Id" : "75a7f38c-4b1e-4a42-b971-38e31308af8a"
              }, {
                "EventHandlerArea" : "UI",
                "EventHandlerId" : "expression-123",
                "EventHandlerService" : "Evaluate",
                "EventTriggerArea" : "Mashup",
                "EventTriggerEvent" : "Loaded",
                "EventTriggerId" : "mashup-root",
                "EventTriggerSection" : "",
                "Id" : "fadd816d-4ea9-46f4-97a4-a7b94784e9cb"
              }, {
                "EventHandlerArea" : "UI",
                "EventHandlerId" : "expression-124",
                "EventHandlerService" : "Evaluate",
                "EventTriggerArea" : "Mashup",
                "EventTriggerEvent" : "Loaded",
                "EventTriggerId" : "mashup-root",
                "EventTriggerSection" : "",
                "Id" : "d4428550-8f43-4d1a-92bc-d6bbe837f0c4"
              }, {
                "EventHandlerArea" : "Data",
                "EventHandlerId" : "Things_PTC.SCA.SCO.ShiftManagementUtils",
                "EventHandlerService" : "IsTimeValid",
                "EventTriggerArea" : "UI",
                "EventTriggerEvent" : "Changed",
                "EventTriggerId" : "ptcstextfield-56",
                "EventTriggerSection" : "",
                "Id" : "a2cfd262-c1ce-430b-9bbd-c214c3e086a8"
              }, {
                "EventHandlerArea" : "Data",
                "EventHandlerId" : "Things_PTC.SCA.SCO.ShiftManagementUtils",
                "EventHandlerService" : "IsTimeValid1",
                "EventTriggerArea" : "UI",
                "EventTriggerEvent" : "Changed",
                "EventTriggerId" : "ptcstextfield-57",
                "EventTriggerSection" : "",
                "Id" : "b28ea573-ec7b-4f02-ad1f-a531c1ca3de1"
              }, {
                "EventHandlerArea" : "Data",
                "EventHandlerId" : "Things_PTC.SCA.SCO.ShiftManagementUtils",
                "EventHandlerService" : "IsFieldEmpty",
                "EventTriggerArea" : "UI",
                "EventTriggerEvent" : "Changed",
                "EventTriggerId" : "ptcstextfield-54",
                "EventTriggerSection" : "",
                "Id" : "89431751-5a8b-4b41-af55-6d1ae6ae82e3"
              }, {
                "EventHandlerArea" : "Data",
                "EventHandlerId" : "Things_PTC.SCA.SCO.ShiftManagementUtils",
                "EventHandlerService" : "CreateWorkActivities",
                "EventTriggerArea" : "UI",
                "EventTriggerEvent" : "True",
                "EventTriggerId" : "validator-122",
                "EventTriggerSection" : " ",
                "Id" : "0984eb82-777c-4b1e-884a-73d7c93ad5af"
              }, {
                "EventHandlerArea" : "Mashup",
                "EventHandlerId" : "mashup-root",
                "EventHandlerService" : "CloseIfPopup",
                "EventTriggerArea" : "Data",
                "EventTriggerEvent" : "ServiceInvokeCompleted",
                "EventTriggerId" : "CreateWorkActivities",
                "EventTriggerSection" : "Things_PTC.SCA.SCO.ShiftManagementUtils",
                "Id" : "780bbee5-14a1-4ecc-8d7a-02b0d7d8fe5f"
              }, {
                "EventHandlerArea" : "Data",
                "EventHandlerId" : "Things_PTC.SCA.SCO.ShiftManagementUtils",
                "EventHandlerService" : "ValidateActivities",
                "EventTriggerArea" : "UI",
                "EventTriggerEvent" : "Clicked",
                "EventTriggerId" : "button-21",
                "EventTriggerSection" : "",
                "Id" : "33cd93e3-ac6d-4266-8e40-b45b915c26b4"
              }, {
                "EventHandlerArea" : "UI",
                "EventHandlerId" : "validator-122",
                "EventHandlerService" : "Evaluate",
                "EventTriggerArea" : "Data",
                "EventTriggerEvent" : "ServiceInvokeCompleted",
                "EventTriggerId" : "ValidateActivities",
                "EventTriggerSection" : "Things_PTC.SCA.SCO.ShiftManagementUtils",
                "Id" : "449a20e7-af03-4fda-8070-84eb94194835"
              } ],
              "RunTimePermissions" : {
                "permissions" : [ ]
              },
              "UI" : {
                "Properties" : {
                  "AddToDashboardButton" : "SimplePlus",
                  "AddToDashboardButtonStyle" : "DefaultAddToDashboardButtonStyle",
                  "Area" : "Mashup",
                  "BGImage" : "",
                  "BGImageRepeat" : "no-repeat",
                  "BGImageSize" : "auto",
                  "Columns" : 0,
                  "ConfigureGadgetButton" : "SimpleGear",
                  "ConfigureGadgetButtonStyle" : "DefaultConfigureGadgetButtonStyle",
                  "DisplayName" : "Mashup",
                  "EnableParameterEditing" : false,
                  "Height" : 618,
                  "Id" : "mashup-root",
                  "IgnoreWarningsInViewMashup" : false,
                  "IsPrintLayout" : false,
                  "Left" : 0,
                  "MashupToEditGadget" : "DefaultMashupToEditGadget",
                  "MigratedOn" : "2019-05-22T15:39:06.000Z",
                  "MinHeight" : 0,
                  "MinWidth" : 0,
                  "ResponsiveLayout" : true,
                  "Rows" : 0,
                  "ShowDataLoading" : true,
                  "Style" : "DefaultMashupStyle",
                  "StyleProperties" : {
                    "data" : {
                      "button-12" : {
                        "parts" : {
                          "$" : {
                            "$" : {
                              "background" : "#0094c8"
                            }
                          },
                          "label" : {
                            "$" : {
                              "color" : "#ffffff",
                              "font-family" : "Open Sans"
                            }
                          }
                        },
                        "widget" : "ptcs-button"
                      },
                      "button-21" : {
                        "parts" : {
                          "label" : {
                            "$" : {
                              "color" : "#ffffff",
                              "font-family" : "Open Sans"
                            }
                          }
                        },
                        "widget" : "ptcs-button"
                      },
                      "button-23" : {
                        "parts" : {
                          "$" : {
                            "$" : {
                              "background" : "#6e717c"
                            }
                          },
                          "label" : {
                            "$" : {
                              "color" : "#ffffff",
                              "font-family" : "Open Sans"
                            }
                          }
                        },
                        "widget" : "ptcs-button"
                      },
                      "label-100" : {
                        "parts" : {
                          "$" : {
                            "$" : {
                              "color" : "#bf3030"
                            }
                          }
                        },
                        "widget" : "ptcs-label"
                      },
                      "label-101" : {
                        "parts" : {
                          "$" : {
                            "$" : {
                              "color" : "#bf3030",
                              "font-family" : "Open Sans",
                              "font-size" : "11px",
                              "font-style" : "italic"
                            }
                          }
                        },
                        "widget" : "ptcs-label"
                      },
                      "label-102" : {
                        "parts" : {
                          "$" : {
                            "$" : {
                              "color" : "#bf3030",
                              "font-family" : "Open Sans",
                              "font-size" : "11px",
                              "font-style" : "italic"
                            }
                          }
                        },
                        "widget" : "ptcs-label"
                      },
                      "label-15" : {
                        "parts" : {
                          "$" : {
                            "$" : {
                              "font-family" : "Open Sans",
                              "font-size" : "24px",
                              "font-weight" : "400"
                            }
                          }
                        },
                        "widget" : "ptcs-label"
                      },
                      "ptcsbutton-13" : {
                        "parts" : {
                          "$" : {
                            "$" : {
                              "background" : "#6e717c"
                            }
                          },
                          "label" : {
                            "$" : {
                              "color" : "#ffffff",
                              "font-family" : "Open Sans"
                            }
                          }
                        },
                        "widget" : "ptcs-button"
                      },
                      "ptcsbutton-58" : {
                        "parts" : {
                          "$" : {
                            "$" : {
                              "background" : "#3399ff"
                            }
                          }
                        },
                        "widget" : "ptcs-button"
                      },
                      "ptcsbutton-78" : {
                        "parts" : {
                          "$" : {
                            "$" : {
                              "background" : "#bf3030"
                            }
                          }
                        },
                        "widget" : "ptcs-button"
                      },
                      "ptcslabel-108" : {
                        "parts" : {
                          "$" : {
                            "$" : {
                              "color" : "#bf3030",
                              "font-family" : "Open Sans",
                              "font-size" : "11px",
                              "font-style" : "italic"
                            }
                          }
                        },
                        "widget" : "ptcs-label"
                      },
                      "ptcstextarea-126" : {
                        "parts" : {
                          "label" : {
                            "$" : {
                              "color" : "#6e717c",
                              "font-family" : "Open Sans",
                              "font-size" : "12px",
                              "font-weight" : "400"
                            }
                          },
                          "text-box" : {
                            "$" : {
                              "font-family" : "Open Sans"
                            }
                          }
                        },
                        "widget" : "ptcs-textarea"
                      },
                      "ptcstextfield-125" : {
                        "parts" : {
                          "label" : {
                            "$" : {
                              "color" : "#6e717c",
                              "font-family" : "Open Sans",
                              "font-size" : "12px",
                              "font-weight" : "400"
                            }
                          },
                          "text-box" : {
                            "$" : {
                              "font-family" : "Open Sans"
                            }
                          }
                        },
                        "widget" : "ptcs-textfield"
                      },
                      "ptcstextfield-54" : {
                        "parts" : {
                          "label" : {
                            "$" : {
                              "color" : "#6e717c",
                              "font-family" : "Open Sans",
                              "font-size" : "12px",
                              "font-weight" : "400"
                            }
                          },
                          "text-box" : {
                            "$" : {
                              "font-family" : "Open Sans"
                            }
                          }
                        },
                        "widget" : "ptcs-textfield"
                      },
                      "ptcstextfield-56" : {
                        "parts" : {
                          "label" : {
                            "$" : {
                              "color" : "#6e717c",
                              "font-family" : "Open Sans",
                              "font-size" : "12px",
                              "font-weight" : "400"
                            }
                          },
                          "text-box" : {
                            "$" : {
                              "font-family" : "Open Sans"
                            }
                          }
                        },
                        "widget" : "ptcs-textfield"
                      },
                      "ptcstextfield-57" : {
                        "parts" : {
                          "label" : {
                            "$" : {
                              "color" : "#6e717c",
                              "font-family" : "Open Sans",
                              "font-size" : "12px",
                              "font-weight" : "400"
                            }
                          },
                          "text-box" : {
                            "$" : {
                              "font-family" : "Open Sans"
                            }
                          }
                        },
                        "widget" : "ptcs-textfield"
                      }
                    },
                    "meta" : {
                      "type" : "WidgetStyler",
                      "version" : "1.0"
                    }
                  },
                  "StyleTheme" : "PTC Convergence Theme",
                  "Title" : "",
                  "TitleBar" : false,
                  "TitleBarStyle" : "DefaultTitleBarStyle",
                  "TitleBarText" : "Gadget Title Here",
                  "Top" : 0,
                  "Type" : "mashup",
                  "UseMasterTheme" : false,
                  "UseTheme" : false,
                  "UseThemeForHybrids" : false,
                  "Visible" : true,
                  "Width" : 1024,
                  "Z-index" : 10,
                  "__TypeDisplayName" : "Mashup",
                  "flex-grow" : "",
                  "flex-shrink" : "",
                  "id_index" : 126,
                  "supportsAutoResize" : true
                },
                "Widgets" : [ {
                  "Properties" : {
                    "Area" : "UI",
                    "Description" : "",
                    "DisplayName" : "WrapperPanel",
                    "Height" : 200,
                    "HideScrollbars" : false,
                    "HorizontalAnchor" : "left",
                    "Id" : "panel-2",
                    "LastContainer" : false,
                    "Left" : 390,
                    "ResponsiveLayout" : true,
                    "ShowDataLoading" : true,
                    "Style" : "DefaultPanelStyle",
                    "Top" : 135,
                    "Type" : "panel",
                    "VerticalAnchor" : "top",
                    "Visible" : true,
                    "Width" : 300,
                    "Z-index" : 10,
                    "__TypeDisplayName" : "Panel",
                    "flex-grow" : "",
                    "flex-shrink" : ""
                  },
                  "Widgets" : [ {
                    "Properties" : {
                      "Area" : "UI",
                      "DisclosureControl" : "show-more",
                      "DisplayName" : "HeaderLabel",
                      "Height" : 36,
                      "HorizontalAlignment" : "left",
                      "Id" : "label-15",
                      "LabelText" : "[[PTC.SCA.SCO.CreateActivityTitle]]",
                      "LabelType" : "label",
                      "LastContainer" : false,
                      "Left" : 42,
                      "MultiLine" : false,
                      "ResponsiveLayout" : false,
                      "ShowDataLoading" : true,
                      "Top" : 42,
                      "Type" : "ptcslabel",
                      "UseTheme" : true,
                      "VerticalAlignment" : "flex-start",
                      "Visible" : true,
                      "Width" : 516,
                      "Z-index" : 10,
                      "__TypeDisplayName" : "Label",
                      "__supportsTooltip" : true,
                      "overflowShowLessTxt" : "[[showLess]]",
                      "overflowShowMoreTxt" : "[[showMore]]"
                    },
                    "Widgets" : [ ]
                  }, {
                    "Properties" : {
                      "Area" : "UI",
                      "ButtonType" : "primary",
                      "ContextID" : "",
                      "ContextId" : "",
                      "Description" : "",
                      "Disabled" : false,
                      "DisplayName" : "AddButton",
                      "Height" : 34,
                      "Id" : "button-21",
                      "Label" : "[[add]]",
                      "LabelAlignment" : "center",
                      "LastContainer" : false,
                      "Left" : 305,
                      "ResponsiveLayout" : false,
                      "ShowDataLoading" : true,
                      "TabSequence" : 0,
                      "ToolTipField" : "",
                      "ToolTipStyle" : "DefaultTooltipStyle",
                      "Top" : 439,
                      "Type" : "ptcsbutton",
                      "UseTheme" : true,
                      "Visible" : true,
                      "Width" : 120,
                      "Z-index" : 10,
                      "__TypeDisplayName" : "Button",
                      "__supportsTooltip" : true
                    },
                    "Widgets" : [ ]
                  }, {
                    "Properties" : {
                      "Area" : "UI",
                      "ButtonType" : "secondary",
                      "ContextID" : "",
                      "ContextId" : "",
                      "Disabled" : false,
                      "DisplayName" : "CancelButton",
                      "Height" : 34,
                      "Id" : "button-23",
                      "Label" : "[[cancel]]",
                      "LabelAlignment" : "center",
                      "LastContainer" : false,
                      "Left" : 430,
                      "ResponsiveLayout" : false,
                      "ShowDataLoading" : true,
                      "TabSequence" : 0,
                      "ToolTipField" : "",
                      "ToolTipStyle" : "DefaultTooltipStyle",
                      "Top" : 439,
                      "Type" : "ptcsbutton",
                      "UseTheme" : true,
                      "Visible" : true,
                      "Width" : 130,
                      "Z-index" : 10,
                      "__TypeDisplayName" : "Button",
                      "__supportsTooltip" : true
                    },
                    "Widgets" : [ ]
                  }, {
                    "Properties" : {
                      "Area" : "UI",
                      "Counter" : false,
                      "Disabled" : false,
                      "DisplayName" : "NameTextBox",
                      "HasText" : false,
                      "Height" : 58,
                      "Id" : "ptcstextfield-54",
                      "Label" : "[[name]]",
                      "LabelAlignment" : "left",
                      "LastContainer" : false,
                      "Left" : 41,
                      "MaxNumberOfCharacters" : 100,
                      "Password" : false,
                      "ReadOnly" : false,
                      "ResponsiveLayout" : false,
                      "ShowClearText" : true,
                      "ShowDataLoading" : true,
                      "TabSequence" : 0,
                      "TextAlignment" : "left",
                      "Top" : 86,
                      "Type" : "ptcstextfield",
                      "UseTheme" : true,
                      "Visible" : true,
                      "Width" : 516,
                      "Z-index" : 10,
                      "__TypeDisplayName" : "Text Field"
                    },
                    "Widgets" : [ ]
                  }, {
                    "Properties" : {
                      "Area" : "UI",
                      "Counter" : false,
                      "Disabled" : false,
                      "DisplayName" : "StartTimeTextBox",
                      "HasText" : false,
                      "Height" : 58,
                      "Id" : "ptcstextfield-56",
                      "Label" : "[[startTime]]",
                      "LabelAlignment" : "left",
                      "LastContainer" : false,
                      "Left" : 42,
                      "MaxNumberOfCharacters" : 100,
                      "Password" : false,
                      "ReadOnly" : false,
                      "ResponsiveLayout" : false,
                      "ShowClearText" : true,
                      "ShowDataLoading" : true,
                      "TabSequence" : 0,
                      "TextAlignment" : "left",
                      "Top" : 156,
                      "Type" : "ptcstextfield",
                      "UseTheme" : true,
                      "Visible" : true,
                      "Width" : 516,
                      "Z-index" : 10,
                      "__TypeDisplayName" : "Text Field"
                    },
                    "Widgets" : [ ]
                  }, {
                    "Properties" : {
                      "Area" : "UI",
                      "Counter" : false,
                      "Description" : "",
                      "Disabled" : false,
                      "DisplayName" : "EndTimeTextBox",
                      "HasText" : false,
                      "Height" : 58,
                      "Id" : "ptcstextfield-57",
                      "Label" : "[[endTime]]",
                      "LabelAlignment" : "left",
                      "LastContainer" : false,
                      "Left" : 42,
                      "MaxNumberOfCharacters" : 100,
                      "Password" : false,
                      "ReadOnly" : false,
                      "ResponsiveLayout" : false,
                      "ShowClearText" : true,
                      "ShowDataLoading" : true,
                      "TabSequence" : 0,
                      "TextAlignment" : "left",
                      "Top" : 225,
                      "Type" : "ptcstextfield",
                      "UseTheme" : true,
                      "Visible" : true,
                      "Width" : 516,
                      "Z-index" : 10,
                      "__TypeDisplayName" : "Text Field"
                    },
                    "Widgets" : [ ]
                  }, {
                    "Properties" : {
                      "Area" : "UI",
                      "DisclosureControl" : "show-more",
                      "DisplayName" : "EndTimeErrorLabel",
                      "Height" : 22,
                      "HorizontalAlignment" : "left",
                      "Id" : "label-101",
                      "LabelText" : "[[PTC.SCA.SCO.TimeStringPrompt]]",
                      "LabelType" : "label",
                      "LastContainer" : false,
                      "Left" : 160,
                      "MultiLine" : false,
                      "ResponsiveLayout" : false,
                      "ShowDataLoading" : true,
                      "Top" : 225,
                      "Type" : "ptcslabel",
                      "UseTheme" : true,
                      "VerticalAlignment" : "flex-start",
                      "Visible" : true,
                      "Width" : 340,
                      "Z-index" : 10,
                      "__TypeDisplayName" : "Label",
                      "__supportsTooltip" : true,
                      "overflowShowLessTxt" : "[[showLess]]",
                      "overflowShowMoreTxt" : "[[showMore]]"
                    },
                    "Widgets" : [ ]
                  }, {
                    "Properties" : {
                      "Area" : "UI",
                      "DisclosureControl" : "show-more",
                      "DisplayName" : "StartTimeErrorLabel",
                      "Height" : 22,
                      "HorizontalAlignment" : "left",
                      "Id" : "label-102",
                      "LabelText" : "[[PTC.SCA.SCO.TimeStringPrompt]]",
                      "LabelType" : "label",
                      "LastContainer" : false,
                      "Left" : 160,
                      "MultiLine" : false,
                      "ResponsiveLayout" : false,
                      "ShowDataLoading" : true,
                      "Top" : 156,
                      "Type" : "ptcslabel",
                      "UseTheme" : true,
                      "VerticalAlignment" : "flex-start",
                      "Visible" : true,
                      "Width" : 385,
                      "Z-index" : 10,
                      "__TypeDisplayName" : "Label",
                      "__supportsTooltip" : true,
                      "overflowShowLessTxt" : "[[showLess]]",
                      "overflowShowMoreTxt" : "[[showMore]]"
                    },
                    "Widgets" : [ ]
                  }, {
                    "Properties" : {
                      "Area" : "UI",
                      "DisclosureControl" : "show-more",
                      "DisplayName" : "NameErrorLabel",
                      "Height" : 22,
                      "HorizontalAlignment" : "left",
                      "Id" : "ptcslabel-108",
                      "LabelText" : "[[PTC.SCA.SCO.ActivityNamePrompt]]",
                      "LabelType" : "label",
                      "LastContainer" : false,
                      "Left" : 160,
                      "MultiLine" : false,
                      "ResponsiveLayout" : false,
                      "ShowDataLoading" : true,
                      "Top" : 86,
                      "Type" : "ptcslabel",
                      "UseTheme" : true,
                      "VerticalAlignment" : "flex-start",
                      "Visible" : true,
                      "Width" : 215,
                      "Z-index" : 10,
                      "__TypeDisplayName" : "Label",
                      "__supportsTooltip" : true,
                      "overflowShowLessTxt" : "[[showLess]]",
                      "overflowShowMoreTxt" : "[[showMore]]"
                    },
                    "Widgets" : [ ]
                  }, {
                    "Properties" : {
                      "Area" : "UI",
                      "Counter" : false,
                      "Disabled" : false,
                      "DisplayName" : "DescriptionTextArea",
                      "HasText" : false,
                      "Height" : 120,
                      "Id" : "ptcstextarea-126",
                      "Label" : "[[description]]",
                      "LabelAlignment" : "left",
                      "LastContainer" : false,
                      "Left" : 42,
                      "MaxNumberOfCharacters" : 255,
                      "ReadOnly" : false,
                      "ResponsiveLayout" : false,
                      "ShowDataLoading" : true,
                      "TabSequence" : 0,
                      "TextAlignment" : "left",
                      "Top" : 294,
                      "Type" : "ptcstextarea",
                      "UseTheme" : true,
                      "Visible" : true,
                      "Width" : 516,
                      "Z-index" : 10,
                      "__TypeDisplayName" : "Text Area"
                    },
                    "Widgets" : [ ]
                  } ]
                }, {
                  "Properties" : {
                    "Area" : "UI",
                    "DisplayName" : "ErrorOnSubmit",
                    "Height" : 28,
                    "Id" : "statusmessage-119",
                    "LastContainer" : false,
                    "Left" : 0,
                    "Message" : "[[PTC.SCA.SCO.ActivityNameError]]",
                    "MessageType" : "warning",
                    "ShowDataLoading" : true,
                    "Top" : 0,
                    "Type" : "statusmessage",
                    "Visible" : true,
                    "Width" : 200,
                    "Z-index" : 10,
                    "__TypeDisplayName" : "Status Message",
                    "_currentParameterDefs" : [ ]
                  },
                  "Widgets" : [ ]
                }, {
                  "Properties" : {
                    "Area" : "UI",
                    "AutoEvaluate" : false,
                    "DisplayName" : "IsValid",
                    "Expression" : "Input",
                    "Height" : 28,
                    "Id" : "validator-122",
                    "LastContainer" : false,
                    "Left" : 0,
                    "Output" : true,
                    "ShowDataLoading" : true,
                    "Top" : 0,
                    "Type" : "validator",
                    "Visible" : true,
                    "Width" : 200,
                    "Z-index" : 10,
                    "__TypeDisplayName" : "Validator",
                    "_currentParameterDefs" : [ {
                      "BaseType" : "BOOLEAN",
                      "Description" : "",
                      "ParameterName" : "Input",
                      "bindingDirection" : "",
                      "bindingStatus" : false,
                      "isBindingSource" : false,
                      "isBindingTarget" : true,
                      "name" : "Input"
                    } ]
                  },
                  "Widgets" : [ ]
                }, {
                  "Properties" : {
                    "Area" : "UI",
                    "AutoEvaluate" : true,
                    "DataChangeType" : "VALUE",
                    "DisplayName" : "InvertBool",
                    "Expression" : "!Input",
                    "FireOnFirstValue" : false,
                    "Height" : 28,
                    "Id" : "expression-123",
                    "LastContainer" : false,
                    "Left" : 0,
                    "OutputBaseType" : "BOOLEAN",
                    "ShowDataLoading" : true,
                    "Top" : 0,
                    "Type" : "expression",
                    "Visible" : true,
                    "Width" : 200,
                    "Z-index" : 10,
                    "__TypeDisplayName" : "Expression",
                    "_currentParameterDefs" : [ {
                      "BaseType" : "BOOLEAN",
                      "Description" : "",
                      "ParameterName" : "Input",
                      "bindingDirection" : "",
                      "bindingStatus" : true,
                      "isBindingSource" : false,
                      "isBindingTarget" : true,
                      "name" : "Input"
                    } ]
                  },
                  "Widgets" : [ ]
                }, {
                  "Properties" : {
                    "Area" : "UI",
                    "AutoEvaluate" : true,
                    "DataChangeType" : "VALUE",
                    "DisplayName" : "InvertBool2",
                    "Expression" : "!Input",
                    "FireOnFirstValue" : false,
                    "Height" : 28,
                    "Id" : "expression-124",
                    "LastContainer" : false,
                    "Left" : 0,
                    "OutputBaseType" : "BOOLEAN",
                    "ShowDataLoading" : true,
                    "Top" : 0,
                    "Type" : "expression",
                    "Visible" : true,
                    "Width" : 200,
                    "Z-index" : 10,
                    "__TypeDisplayName" : "Expression",
                    "_currentParameterDefs" : [ {
                      "BaseType" : "BOOLEAN",
                      "Description" : "",
                      "ParameterName" : "Input",
                      "bindingDirection" : "",
                      "bindingStatus" : true,
                      "isBindingSource" : false,
                      "isBindingTarget" : true,
                      "name" : "Input"
                    } ]
                  },
                  "Widgets" : [ ]
                } ]
              },
              "mashupType" : "mashup"
            }
            ]]>
            </mashupContent>
            <preview></preview>
        </Mashup>
    </Mashups>
</Entities>
