<?xml version="1.0" encoding="UTF-8"?>
<Entities
 build="b9196"
 majorVersion="0"
 minorVersion="0"
 modelPersistenceProviderPackage="PostgresPersistenceProviderPackage"
 revision="0"
 schemaVersion="1100"
 universal="password">
    <Mashups>
        <Mashup
         aspect.isEditableExtensionObject="false"
         aspect.isExtension="true"
         aspect.isResponsive="true"
         aspect.mashupType="mashup"
         columns="0.0"
         description="Mashup for editing a shift. {PTC.SCA.SCO.EditShift}"
         documentationContent=""
         homeMashup=""
         lastModifiedDate="2020-05-08T15:59:48.699-04:00"
         name="PTC.SCA.SCO.EditShift"
         projectName="PTC.SCA.SCO.Shift.Display"
         rows="0.0"
         tags="PTC:sca-sco;PTC:Mashup;PTC:sca-sco-shift-display">
            <avatar></avatar>
            <DesignTimePermissions>
                <Create></Create>
                <Read></Read>
                <Update></Update>
                <Delete></Delete>
                <Metadata></Metadata>
            </DesignTimePermissions>
            <RunTimePermissions></RunTimePermissions>
            <VisibilityPermissions>
                <Visibility>
                    <Principal
                     isPermitted="true"
                     name="PTC.Factory.MachineVisibility"
                     type="Organization"></Principal>
                </Visibility>
            </VisibilityPermissions>
            <ConfigurationTableDefinitions></ConfigurationTableDefinitions>
            <ConfigurationTables>
                <ConfigurationTable
                 dataShapeName=""
                 description="Mashup Mobile Settings"
                 isHidden="true"
                 isMultiRow="false"
                 name="MobileSettings"
                 ordinal="0">
                    <DataShape>
                        <FieldDefinitions>
                            <FieldDefinition
                             aspect.defaultValue="false"
                             baseType="BOOLEAN"
                             description=""
                             name="disableZoom"
                             ordinal="0"></FieldDefinition>
                            <FieldDefinition
                             aspect.defaultValue="true"
                             baseType="BOOLEAN"
                             description=""
                             name="fullScreenMode"
                             ordinal="0"></FieldDefinition>
                            <FieldDefinition
                             baseType="STRING"
                             description=""
                             name="height"
                             ordinal="0"></FieldDefinition>
                            <FieldDefinition
                             aspect.defaultValue="device-height"
                             baseType="STRING"
                             description=""
                             name="heightType"
                             ordinal="0"></FieldDefinition>
                            <FieldDefinition
                             aspect.defaultValue="1.0"
                             baseType="NUMBER"
                             description=""
                             name="initialScale"
                             ordinal="0"></FieldDefinition>
                            <FieldDefinition
                             baseType="STRING"
                             description=""
                             name="iosShortcutIconTitle"
                             ordinal="0"></FieldDefinition>
                            <FieldDefinition
                             aspect.defaultValue="black-translucent"
                             baseType="STRING"
                             description=""
                             name="iosStatusBarAppearance"
                             ordinal="0"></FieldDefinition>
                            <FieldDefinition
                             aspect.defaultValue="10.0"
                             baseType="NUMBER"
                             description=""
                             name="maximumScale"
                             ordinal="0"></FieldDefinition>
                            <FieldDefinition
                             aspect.defaultValue="0.1"
                             baseType="NUMBER"
                             description=""
                             name="minimumScale"
                             ordinal="0"></FieldDefinition>
                            <FieldDefinition
                             baseType="STRING"
                             description=""
                             name="width"
                             ordinal="0"></FieldDefinition>
                            <FieldDefinition
                             aspect.defaultValue="device-width"
                             baseType="STRING"
                             description=""
                             name="widthType"
                             ordinal="0"></FieldDefinition>
                        </FieldDefinitions>
                    </DataShape>
                    <Rows>
                        <Row>
                            <disableZoom>false</disableZoom>
                            <fullScreenMode>true</fullScreenMode>
                            <height></height>
                            <heightType>
                            <![CDATA[
                            device-height
                            ]]>
                            </heightType>
                            <initialScale>1.0</initialScale>
                            <iosShortcutIconTitle></iosShortcutIconTitle>
                            <iosStatusBarAppearance>
                            <![CDATA[
                            black-translucent
                            ]]>
                            </iosStatusBarAppearance>
                            <maximumScale>10.0</maximumScale>
                            <minimumScale>0.1</minimumScale>
                            <width></width>
                            <widthType>
                            <![CDATA[
                            device-width
                            ]]>
                            </widthType>
                        </Row>
                    </Rows>
                </ConfigurationTable>
            </ConfigurationTables>
            <ParameterDefinitions>
                <FieldDefinition
                 aspect.bindingDirection="BOTH"
                 aspect.dataShape="PTC.SCA.SCO.Shift"
                 aspect.isMandatory="false"
                 baseType="INFOTABLE"
                 description=""
                 name="ShiftInfoTable"
                 ordinal="0"></FieldDefinition>
            </ParameterDefinitions>
            <Things></Things>
            <ThingShapes></ThingShapes>
            <ThingTemplates></ThingTemplates>
            <mashupContent>
            <![CDATA[
            {
              "CustomMashupCss" : "",
              "Data" : {
                "Session" : {
                  "DataName" : "Session",
                  "EntityName" : "",
                  "EntityType" : "Session",
                  "Id" : "session",
                  "Services" : [ {
                    "APIMethod" : "post",
                    "Characteristic" : "Services",
                    "Id" : "SessionInterface",
                    "Name" : "GetGlobalSessionValues",
                    "Parameters" : { },
                    "RefreshInterval" : 0,
                    "Target" : "GetGlobalSessionValues"
                  } ]
                },
                "Things_PTC.SCA.SCO.ShiftManagementUtils" : {
                  "DataName" : "Things_PTC.SCA.SCO.ShiftManagementUtils",
                  "EntityName" : "PTC.SCA.SCO.ShiftManagementUtils",
                  "EntityType" : "Things",
                  "Id" : "3353319e-cd1e-4410-b83a-8a8a02acc658",
                  "Services" : [ {
                    "APIMethod" : "post",
                    "Characteristic" : "Services",
                    "Id" : "9f8e58a2-710a-4f9a-a79a-9ac0d5a52037",
                    "Name" : "ValidateShifts",
                    "Parameters" : { },
                    "RefreshInterval" : 0,
                    "Target" : "ValidateShifts"
                  }, {
                    "APIMethod" : "post",
                    "Characteristic" : "Services",
                    "Id" : "66872b3b-42b0-46c2-af0f-60eb563245df",
                    "Name" : "IsFieldEmpty",
                    "Parameters" : { },
                    "RefreshInterval" : 0,
                    "Target" : "IsFieldEmpty"
                  }, {
                    "APIMethod" : "post",
                    "Characteristic" : "Services",
                    "Id" : "b6366e20-a04e-4d58-b8a0-c0f6fe9b1c2f",
                    "Name" : "IsTimeValid",
                    "Parameters" : { },
                    "RefreshInterval" : 0,
                    "Target" : "IsTimeValid"
                  }, {
                    "APIMethod" : "post",
                    "Characteristic" : "Services",
                    "Id" : "fbc1a784-b0ea-4685-ae15-508fa5382e61",
                    "Name" : "IsTimeValid1",
                    "Parameters" : { },
                    "RefreshInterval" : 0,
                    "Target" : "IsTimeValid"
                  }, {
                    "APIMethod" : "post",
                    "Characteristic" : "Services",
                    "Id" : "c81fbace-af54-4cf4-ab35-6800d8bf45ca",
                    "Name" : "UpdateShifts",
                    "Parameters" : { },
                    "RefreshInterval" : 0,
                    "Target" : "UpdateShifts"
                  } ]
                },
                "UserExtensions" : {
                  "DataName" : "UserExtensions",
                  "EntityName" : "",
                  "EntityType" : "UserExtensions",
                  "Id" : "UserExtensions",
                  "Services" : [ {
                    "APIMethod" : "post",
                    "Characteristic" : "Services",
                    "Id" : "UserExtensionInterface",
                    "Name" : "GetCurrentUserExtensionProperties",
                    "Parameters" : { },
                    "RefreshInterval" : 0,
                    "Target" : "GetCurrentUserExtensionProperties"
                  } ]
                }
              },
              "DataBindings" : [ {
                "Id" : "fe451e52-f790-416f-8af2-c65e6273fe0d",
                "PropertyMaps" : [ {
                  "SourceProperty" : "result",
                  "SourcePropertyBaseType" : "BOOLEAN",
                  "SourcePropertyType" : "Field",
                  "TargetProperty" : "Input",
                  "TargetPropertyBaseType" : "BOOLEAN",
                  "TargetPropertyType" : "property"
                } ],
                "SourceArea" : "Data",
                "SourceDetails" : "AllData",
                "SourceId" : "IsTimeValid",
                "SourceSection" : "Things_PTC.SCA.SCO.ShiftManagementUtils",
                "TargetArea" : "UI",
                "TargetId" : "expression-123",
                "TargetSection" : ""
              }, {
                "Id" : "5084a58f-c269-444b-ac7b-c461932d6a81",
                "PropertyMaps" : [ {
                  "SourceProperty" : "Output",
                  "SourcePropertyBaseType" : "BOOLEAN",
                  "SourcePropertyType" : "Property",
                  "TargetProperty" : "Visible",
                  "TargetPropertyBaseType" : "BOOLEAN",
                  "TargetPropertyType" : "property"
                } ],
                "SourceArea" : "UI",
                "SourceId" : "expression-123",
                "SourceSection" : "",
                "TargetArea" : "UI",
                "TargetId" : "label-102",
                "TargetSection" : ""
              }, {
                "Id" : "4dc676e4-4b8e-462e-b3b3-91acd34542a5",
                "PropertyMaps" : [ {
                  "SourceProperty" : "result",
                  "SourcePropertyBaseType" : "BOOLEAN",
                  "SourcePropertyType" : "Field",
                  "TargetProperty" : "Input",
                  "TargetPropertyBaseType" : "BOOLEAN",
                  "TargetPropertyType" : "property"
                } ],
                "SourceArea" : "Data",
                "SourceDetails" : "AllData",
                "SourceId" : "IsTimeValid1",
                "SourceSection" : "Things_PTC.SCA.SCO.ShiftManagementUtils",
                "TargetArea" : "UI",
                "TargetId" : "expression-124",
                "TargetSection" : ""
              }, {
                "Id" : "33d238a5-05dd-49e6-9533-0240ba9e7b6d",
                "PropertyMaps" : [ {
                  "SourceProperty" : "Output",
                  "SourcePropertyBaseType" : "BOOLEAN",
                  "TargetProperty" : "Visible",
                  "TargetPropertyBaseType" : "BOOLEAN"
                } ],
                "SourceArea" : "UI",
                "SourceId" : "expression-124",
                "SourceSection" : "",
                "TargetArea" : "UI",
                "TargetId" : "label-101",
                "TargetSection" : ""
              }, {
                "Id" : "52fa3601-f96a-40b3-a422-316e13e9dac4",
                "PropertyMaps" : [ {
                  "SourceProperty" : "Successful",
                  "SourcePropertyBaseType" : "BOOLEAN",
                  "SourcePropertyType" : "Field",
                  "TargetProperty" : "Input",
                  "TargetPropertyBaseType" : "BOOLEAN",
                  "TargetPropertyType" : "property"
                } ],
                "SourceArea" : "Data",
                "SourceDetails" : "AllData",
                "SourceId" : "ValidateShifts",
                "SourceSection" : "Things_PTC.SCA.SCO.ShiftManagementUtils",
                "TargetArea" : "UI",
                "TargetId" : "validator-122",
                "TargetSection" : ""
              }, {
                "Id" : "43793805-37d2-425f-8fe0-22b0e0490af7",
                "PropertyMaps" : [ {
                  "SourceProperty" : "Message",
                  "SourcePropertyBaseType" : "STRING",
                  "SourcePropertyType" : "Field",
                  "TargetProperty" : "Message",
                  "TargetPropertyBaseType" : "STRING",
                  "TargetPropertyType" : "property"
                } ],
                "SourceArea" : "Data",
                "SourceDetails" : "AllData",
                "SourceId" : "ValidateShifts",
                "SourceSection" : "Things_PTC.SCA.SCO.ShiftManagementUtils",
                "TargetArea" : "UI",
                "TargetId" : "statusmessage-119",
                "TargetSection" : ""
              }, {
                "Id" : "32575b7d-b0fb-4eb0-8c37-1146bcc55519",
                "PropertyMaps" : [ {
                  "SourceProperty" : "Text",
                  "SourcePropertyBaseType" : "STRING",
                  "TargetProperty" : "Time",
                  "TargetPropertyBaseType" : "STRING"
                } ],
                "SourceArea" : "UI",
                "SourceId" : "ptcstextfield-56",
                "SourceSection" : "",
                "TargetArea" : "Data",
                "TargetId" : "IsTimeValid",
                "TargetSection" : "Things_PTC.SCA.SCO.ShiftManagementUtils"
              }, {
                "Id" : "c18ec480-9a4a-420c-b330-ceccdfef7bc1",
                "PropertyMaps" : [ {
                  "SourceProperty" : "Text",
                  "SourcePropertyBaseType" : "STRING",
                  "TargetProperty" : "Time",
                  "TargetPropertyBaseType" : "STRING"
                } ],
                "SourceArea" : "UI",
                "SourceId" : "ptcstextfield-57",
                "SourceSection" : "",
                "TargetArea" : "Data",
                "TargetId" : "IsTimeValid1",
                "TargetSection" : "Things_PTC.SCA.SCO.ShiftManagementUtils"
              }, {
                "Id" : "f41856f4-9ee9-415b-9c08-d902be530f31",
                "PropertyMaps" : [ {
                  "SourceProperty" : "Text",
                  "SourcePropertyBaseType" : "STRING",
                  "TargetProperty" : "FieldContent",
                  "TargetPropertyBaseType" : "STRING"
                } ],
                "SourceArea" : "UI",
                "SourceId" : "ptcstextfield-54",
                "SourceSection" : "",
                "TargetArea" : "Data",
                "TargetId" : "IsFieldEmpty",
                "TargetSection" : "Things_PTC.SCA.SCO.ShiftManagementUtils"
              }, {
                "Id" : "88f2b512-1241-4288-bbfb-ddfd30483b78",
                "PropertyMaps" : [ {
                  "SourceProperty" : "result",
                  "SourcePropertyBaseType" : "BOOLEAN",
                  "TargetProperty" : "Visible",
                  "TargetPropertyBaseType" : ""
                } ],
                "SourceArea" : "Data",
                "SourceDetails" : "AllData",
                "SourceId" : "IsFieldEmpty",
                "SourceSection" : "Things_PTC.SCA.SCO.ShiftManagementUtils",
                "TargetArea" : "UI",
                "TargetId" : "ptcslabel-108",
                "TargetSection" : ""
              }, {
                "Id" : "74d5b9e7-ea83-4ce6-933c-c34f6e7eb01f",
                "PropertyMaps" : [ {
                  "SourceProperty" : "Text",
                  "SourcePropertyBaseType" : "STRING",
                  "TargetProperty" : "Shifts.EndTime",
                  "TargetPropertyBaseType" : "STRING"
                } ],
                "SourceArea" : "UI",
                "SourceId" : "ptcstextfield-57",
                "SourceSection" : "",
                "TargetArea" : "Data",
                "TargetId" : "ValidateShifts",
                "TargetSection" : "Things_PTC.SCA.SCO.ShiftManagementUtils"
              }, {
                "Id" : "314be4e6-01b8-4e6c-8264-a54291df2adc",
                "PropertyMaps" : [ {
                  "SourceProperty" : "Text",
                  "SourcePropertyBaseType" : "STRING",
                  "TargetProperty" : "Shifts.StartTime",
                  "TargetPropertyBaseType" : "STRING"
                } ],
                "SourceArea" : "UI",
                "SourceId" : "ptcstextfield-56",
                "SourceSection" : "",
                "TargetArea" : "Data",
                "TargetId" : "ValidateShifts",
                "TargetSection" : "Things_PTC.SCA.SCO.ShiftManagementUtils"
              }, {
                "Id" : "38be5eb7-20bc-40f9-b8b0-0f20751e0be6",
                "PropertyMaps" : [ {
                  "SourceProperty" : "Text",
                  "SourcePropertyBaseType" : "STRING",
                  "TargetProperty" : "Shifts.Name",
                  "TargetPropertyBaseType" : "STRING"
                } ],
                "SourceArea" : "UI",
                "SourceId" : "ptcstextfield-54",
                "SourceSection" : "",
                "TargetArea" : "Data",
                "TargetId" : "ValidateShifts",
                "TargetSection" : "Things_PTC.SCA.SCO.ShiftManagementUtils"
              }, {
                "Id" : "92d113d6-5fb7-4847-91cc-90a1753d5a16",
                "PropertyMaps" : [ {
                  "SourceProperty" : "ShiftInfoTable",
                  "SourcePropertyBaseType" : "LONG",
                  "SubProperty" : "UID",
                  "TargetProperty" : "Shifts.UID",
                  "TargetPropertyBaseType" : "LONG",
                  "TargetPropertyType" : "Parameter"
                } ],
                "SourceArea" : "Mashup",
                "SourceDetails" : "AllData",
                "SourceId" : "mashup-root",
                "SourceSection" : "",
                "TargetArea" : "Data",
                "TargetId" : "UpdateShifts",
                "TargetSection" : "Things_PTC.SCA.SCO.ShiftManagementUtils"
              }, {
                "Id" : "ab0dfb34-d110-4d1e-b51b-cd76820780f9",
                "PropertyMaps" : [ {
                  "SourceProperty" : "ShiftInfoTable",
                  "SourcePropertyBaseType" : "STRING",
                  "SubProperty" : "EndTime",
                  "TargetProperty" : "Text",
                  "TargetPropertyBaseType" : "STRING"
                } ],
                "SourceArea" : "Mashup",
                "SourceDetails" : "AllData",
                "SourceId" : "mashup-root",
                "SourceSection" : "",
                "TargetArea" : "UI",
                "TargetId" : "ptcstextfield-57",
                "TargetSection" : ""
              }, {
                "Id" : "d5097f44-6c68-4e98-9cbc-5d1ed13ddcf9",
                "PropertyMaps" : [ {
                  "SourceProperty" : "ShiftInfoTable",
                  "SourcePropertyBaseType" : "STRING",
                  "SubProperty" : "StartTime",
                  "TargetProperty" : "Text",
                  "TargetPropertyBaseType" : "STRING"
                } ],
                "SourceArea" : "Mashup",
                "SourceDetails" : "AllData",
                "SourceId" : "mashup-root",
                "SourceSection" : "",
                "TargetArea" : "UI",
                "TargetId" : "ptcstextfield-56",
                "TargetSection" : ""
              }, {
                "Id" : "88a29fa6-50f7-473d-ba8d-f84f71d8d094",
                "PropertyMaps" : [ {
                  "SourceProperty" : "ShiftInfoTable",
                  "SourcePropertyBaseType" : "STRING",
                  "SubProperty" : "Name",
                  "TargetProperty" : "Text",
                  "TargetPropertyBaseType" : "STRING"
                } ],
                "SourceArea" : "Mashup",
                "SourceDetails" : "AllData",
                "SourceId" : "mashup-root",
                "SourceSection" : "",
                "TargetArea" : "UI",
                "TargetId" : "ptcstextfield-54",
                "TargetSection" : ""
              }, {
                "Id" : "be502069-5547-44a0-9875-f1e08c49ddf7",
                "PropertyMaps" : [ {
                  "SourceProperty" : "Text",
                  "SourcePropertyBaseType" : "STRING",
                  "TargetProperty" : "Shifts.Name",
                  "TargetPropertyBaseType" : "STRING",
                  "TargetPropertyType" : "Parameter"
                } ],
                "SourceArea" : "UI",
                "SourceId" : "ptcstextfield-54",
                "SourceSection" : "",
                "TargetArea" : "Data",
                "TargetId" : "UpdateShifts",
                "TargetSection" : "Things_PTC.SCA.SCO.ShiftManagementUtils"
              }, {
                "Id" : "d8113aef-8416-4706-94ca-341517b3b893",
                "PropertyMaps" : [ {
                  "SourceProperty" : "Text",
                  "SourcePropertyBaseType" : "STRING",
                  "TargetProperty" : "Shifts.StartTime",
                  "TargetPropertyBaseType" : "STRING",
                  "TargetPropertyType" : "Parameter"
                } ],
                "SourceArea" : "UI",
                "SourceId" : "ptcstextfield-56",
                "SourceSection" : "",
                "TargetArea" : "Data",
                "TargetId" : "UpdateShifts",
                "TargetSection" : "Things_PTC.SCA.SCO.ShiftManagementUtils"
              }, {
                "Id" : "1b932af5-1a17-4ad6-9c2c-e3ead4aabb41",
                "PropertyMaps" : [ {
                  "SourceProperty" : "Text",
                  "SourcePropertyBaseType" : "STRING",
                  "TargetProperty" : "Shifts.EndTime",
                  "TargetPropertyBaseType" : "STRING",
                  "TargetPropertyType" : "Parameter"
                } ],
                "SourceArea" : "UI",
                "SourceId" : "ptcstextfield-57",
                "SourceSection" : "",
                "TargetArea" : "Data",
                "TargetId" : "UpdateShifts",
                "TargetSection" : "Things_PTC.SCA.SCO.ShiftManagementUtils"
              } ],
              "DesignTimePermissions" : {
                "Create" : [ ],
                "Delete" : [ ],
                "Metadata" : [ ],
                "Read" : [ ],
                "Update" : [ ]
              },
              "Events" : [ {
                "EventHandlerArea" : "Mashup",
                "EventHandlerId" : "mashup-root",
                "EventHandlerService" : "CloseIfPopup",
                "EventTriggerArea" : "UI",
                "EventTriggerEvent" : "Clicked",
                "EventTriggerId" : "ptcsbutton-126",
                "EventTriggerSection" : "",
                "Id" : "7470234e-5719-4fd3-b7a0-02320f5fac66"
              }, {
                "EventHandlerArea" : "UI",
                "EventHandlerId" : "validator-122",
                "EventHandlerService" : "Evaluate",
                "EventTriggerArea" : "Data",
                "EventTriggerEvent" : "ServiceInvokeCompleted",
                "EventTriggerId" : "ValidateShifts",
                "EventTriggerSection" : "Things_PTC.SCA.SCO.ShiftManagementUtils",
                "Id" : "61fefae7-1827-4201-ad85-0269949057c7"
              }, {
                "EventHandlerArea" : "UI",
                "EventHandlerId" : "statusmessage-119",
                "EventHandlerService" : "ShowMessage",
                "EventTriggerArea" : "UI",
                "EventTriggerEvent" : "False",
                "EventTriggerId" : "validator-122",
                "EventTriggerSection" : " ",
                "Id" : "75a7f38c-4b1e-4a42-b971-38e31308af8a"
              }, {
                "EventHandlerArea" : "Data",
                "EventHandlerId" : "Things_PTC.SCA.SCO.ShiftManagementUtils",
                "EventHandlerService" : "IsTimeValid",
                "EventTriggerArea" : "UI",
                "EventTriggerEvent" : "Changed",
                "EventTriggerId" : "ptcstextfield-56",
                "EventTriggerSection" : "",
                "Id" : "a2cfd262-c1ce-430b-9bbd-c214c3e086a8"
              }, {
                "EventHandlerArea" : "Data",
                "EventHandlerId" : "Things_PTC.SCA.SCO.ShiftManagementUtils",
                "EventHandlerService" : "IsTimeValid1",
                "EventTriggerArea" : "UI",
                "EventTriggerEvent" : "Changed",
                "EventTriggerId" : "ptcstextfield-57",
                "EventTriggerSection" : "",
                "Id" : "b28ea573-ec7b-4f02-ad1f-a531c1ca3de1"
              }, {
                "EventHandlerArea" : "Data",
                "EventHandlerId" : "Things_PTC.SCA.SCO.ShiftManagementUtils",
                "EventHandlerService" : "IsFieldEmpty",
                "EventTriggerArea" : "UI",
                "EventTriggerEvent" : "Changed",
                "EventTriggerId" : "ptcstextfield-54",
                "EventTriggerSection" : "",
                "Id" : "89431751-5a8b-4b41-af55-6d1ae6ae82e3"
              }, {
                "EventHandlerArea" : "Data",
                "EventHandlerId" : "Things_PTC.SCA.SCO.ShiftManagementUtils",
                "EventHandlerService" : "ValidateShifts",
                "EventTriggerArea" : "UI",
                "EventTriggerEvent" : "Clicked",
                "EventTriggerId" : "ptcsbutton-125",
                "EventTriggerSection" : "",
                "Id" : "6a8dea96-fa2d-41c1-80fa-bfb1a9414705"
              }, {
                "EventHandlerArea" : "Mashup",
                "EventHandlerId" : "mashup-root",
                "EventHandlerService" : "CloseIfPopup",
                "EventTriggerArea" : "Data",
                "EventTriggerEvent" : "ServiceInvokeCompleted",
                "EventTriggerId" : "UpdateShifts",
                "EventTriggerSection" : "Things_PTC.SCA.SCO.ShiftManagementUtils",
                "Id" : "6ccf15f3-f08e-4c6c-b15e-a2bd17e78718"
              }, {
                "EventHandlerArea" : "Data",
                "EventHandlerId" : "Things_PTC.SCA.SCO.ShiftManagementUtils",
                "EventHandlerService" : "UpdateShifts",
                "EventTriggerArea" : "UI",
                "EventTriggerEvent" : "True",
                "EventTriggerId" : "validator-122",
                "EventTriggerSection" : " ",
                "Id" : "b0e0af64-0679-46c9-ae49-52234455b8db"
              }, {
                "EventHandlerArea" : "Mashup",
                "EventHandlerId" : "mashup-root",
                "EventHandlerService" : "Refresh",
                "EventTriggerArea" : "Data",
                "EventTriggerEvent" : "ServiceInvokeCompleted",
                "EventTriggerId" : "UpdateShifts",
                "EventTriggerSection" : "Things_PTC.SCA.SCO.ShiftManagementUtils",
                "Id" : "993aa6c3-98ca-4954-9f89-a6dcde0f6ad8"
              }, {
                "EventHandlerArea" : "UI",
                "EventHandlerId" : "expression-123",
                "EventHandlerService" : "Evaluate",
                "EventTriggerArea" : "Data",
                "EventTriggerEvent" : "ServiceInvokeCompleted",
                "EventTriggerId" : "IsTimeValid",
                "EventTriggerSection" : "Things_PTC.SCA.SCO.ShiftManagementUtils",
                "Id" : "42184d1b-dc0f-4982-a877-a453fbc10f6a"
              }, {
                "EventHandlerArea" : "UI",
                "EventHandlerId" : "expression-124",
                "EventHandlerService" : "Evaluate",
                "EventTriggerArea" : "Data",
                "EventTriggerEvent" : "ServiceInvokeCompleted",
                "EventTriggerId" : "IsTimeValid1",
                "EventTriggerSection" : "Things_PTC.SCA.SCO.ShiftManagementUtils",
                "Id" : "4c621bbf-0040-45eb-a56e-2a200c1cecb9"
              }, {
                "EventHandlerArea" : "Data",
                "EventHandlerId" : "Things_PTC.SCA.SCO.ShiftManagementUtils",
                "EventHandlerService" : "IsTimeValid",
                "EventTriggerArea" : "Mashup",
                "EventTriggerEvent" : "Loaded",
                "EventTriggerId" : "mashup-root",
                "EventTriggerSection" : "",
                "Id" : "4a2b174e-cb5a-4de9-bff7-7dd4a13cbad5"
              }, {
                "EventHandlerArea" : "Data",
                "EventHandlerId" : "Things_PTC.SCA.SCO.ShiftManagementUtils",
                "EventHandlerService" : "IsTimeValid1",
                "EventTriggerArea" : "Mashup",
                "EventTriggerEvent" : "Loaded",
                "EventTriggerId" : "mashup-root",
                "EventTriggerSection" : "",
                "Id" : "48c3f6ff-aca2-4d2e-a6b8-5ff68bbf19f5"
              }, {
                "EventHandlerArea" : "Data",
                "EventHandlerId" : "Things_PTC.SCA.SCO.ShiftManagementUtils",
                "EventHandlerService" : "IsFieldEmpty",
                "EventTriggerArea" : "Mashup",
                "EventTriggerEvent" : "Loaded",
                "EventTriggerId" : "mashup-root",
                "EventTriggerSection" : "",
                "Id" : "14471483-f87c-49df-b597-7f92ce11d1d8"
              } ],
              "RunTimePermissions" : {
                "permissions" : [ ]
              },
              "UI" : {
                "Properties" : {
                  "AddToDashboardButton" : "SimplePlus",
                  "AddToDashboardButtonStyle" : "DefaultAddToDashboardButtonStyle",
                  "Area" : "Mashup",
                  "BGImage" : "",
                  "BGImageRepeat" : "no-repeat",
                  "BGImageSize" : "auto",
                  "Columns" : 0,
                  "ConfigureGadgetButton" : "SimpleGear",
                  "ConfigureGadgetButtonStyle" : "DefaultConfigureGadgetButtonStyle",
                  "DisplayName" : "Mashup",
                  "EnableParameterEditing" : false,
                  "Height" : 618,
                  "Id" : "mashup-root",
                  "IgnoreWarningsInViewMashup" : false,
                  "IsPrintLayout" : false,
                  "Left" : 0,
                  "MashupToEditGadget" : "DefaultMashupToEditGadget",
                  "MigratedOn" : "2019-05-22T15:39:06.000Z",
                  "MinHeight" : 0,
                  "MinWidth" : 0,
                  "ResponsiveLayout" : true,
                  "Rows" : 0,
                  "ShowDataLoading" : true,
                  "Style" : "DefaultMashupStyle",
                  "StyleProperties" : {
                    "data" : {
                      "button-12" : {
                        "parts" : {
                          "$" : {
                            "$" : {
                              "background" : "#0094c8"
                            }
                          },
                          "label" : {
                            "$" : {
                              "color" : "#ffffff",
                              "font-family" : "Open Sans"
                            }
                          }
                        },
                        "widget" : "ptcs-button"
                      },
                      "button-21" : {
                        "parts" : {
                          "label" : {
                            "$" : {
                              "color" : "#ffffff",
                              "font-family" : "Open Sans"
                            }
                          }
                        },
                        "widget" : "ptcs-button"
                      },
                      "button-23" : {
                        "parts" : {
                          "$" : {
                            "$" : {
                              "background" : "#6e717c"
                            }
                          },
                          "label" : {
                            "$" : {
                              "color" : "#ffffff",
                              "font-family" : "Open Sans"
                            }
                          }
                        },
                        "widget" : "ptcs-button"
                      },
                      "label-100" : {
                        "parts" : {
                          "$" : {
                            "$" : {
                              "color" : "#bf3030"
                            }
                          }
                        },
                        "widget" : "ptcs-label"
                      },
                      "label-101" : {
                        "parts" : {
                          "$" : {
                            "$" : {
                              "color" : "#bf3030",
                              "font-family" : "Open Sans",
                              "font-size" : "11px",
                              "font-style" : "italic"
                            }
                          }
                        },
                        "widget" : "ptcs-label"
                      },
                      "label-102" : {
                        "parts" : {
                          "$" : {
                            "$" : {
                              "color" : "#bf3030",
                              "font-family" : "Open Sans",
                              "font-size" : "11px",
                              "font-style" : "italic"
                            }
                          }
                        },
                        "widget" : "ptcs-label"
                      },
                      "label-15" : {
                        "parts" : {
                          "$" : {
                            "$" : {
                              "font-family" : "Open Sans",
                              "font-size" : "24px",
                              "font-weight" : "400"
                            }
                          }
                        },
                        "widget" : "ptcs-label"
                      },
                      "ptcsbutton-13" : {
                        "parts" : {
                          "$" : {
                            "$" : {
                              "background" : "#6e717c"
                            }
                          },
                          "label" : {
                            "$" : {
                              "color" : "#ffffff",
                              "font-family" : "Open Sans"
                            }
                          }
                        },
                        "widget" : "ptcs-button"
                      },
                      "ptcsbutton-58" : {
                        "parts" : {
                          "$" : {
                            "$" : {
                              "background" : "#3399ff"
                            }
                          }
                        },
                        "widget" : "ptcs-button"
                      },
                      "ptcsbutton-78" : {
                        "parts" : {
                          "$" : {
                            "$" : {
                              "background" : "#bf3030"
                            }
                          }
                        },
                        "widget" : "ptcs-button"
                      },
                      "ptcslabel-108" : {
                        "parts" : {
                          "$" : {
                            "$" : {
                              "color" : "#bf3030",
                              "font-family" : "Open Sans",
                              "font-size" : "11px",
                              "font-style" : "italic"
                            }
                          }
                        },
                        "widget" : "ptcs-label"
                      },
                      "ptcstextfield-54" : {
                        "parts" : {
                          "label" : {
                            "$" : {
                              "color" : "#6e717c",
                              "font-family" : "Open Sans",
                              "font-size" : "12px",
                              "font-weight" : "400"
                            }
                          }
                        },
                        "widget" : "ptcs-textfield"
                      },
                      "ptcstextfield-56" : {
                        "parts" : {
                          "label" : {
                            "$" : {
                              "color" : "#6e717c",
                              "font-family" : "Open Sans",
                              "font-size" : "12px",
                              "font-weight" : "400"
                            }
                          }
                        },
                        "widget" : "ptcs-textfield"
                      },
                      "ptcstextfield-57" : {
                        "parts" : {
                          "label" : {
                            "$" : {
                              "color" : "#6e717c",
                              "font-family" : "Open Sans",
                              "font-size" : "12px",
                              "font-weight" : "400"
                            }
                          }
                        },
                        "widget" : "ptcs-textfield"
                      }
                    },
                    "meta" : {
                      "type" : "WidgetStyler",
                      "version" : "1.0"
                    }
                  },
                  "StyleTheme" : "PTC Convergence Theme",
                  "Title" : "",
                  "TitleBar" : false,
                  "TitleBarStyle" : "DefaultTitleBarStyle",
                  "TitleBarText" : "Gadget Title Here",
                  "Top" : 0,
                  "Type" : "mashup",
                  "UseMasterTheme" : false,
                  "UseTheme" : false,
                  "UseThemeForHybrids" : false,
                  "Visible" : true,
                  "Width" : 1024,
                  "Z-index" : 10,
                  "__TypeDisplayName" : "Mashup",
                  "_currentParameterDefs" : [ {
                    "Aspects" : {
                      "bindingDirection" : "BOTH",
                      "dataShape" : "PTC.SCA.SCO.Shift",
                      "isMandatory" : false
                    },
                    "BaseType" : "INFOTABLE",
                    "Description" : "",
                    "ParameterName" : "ShiftInfoTable"
                  } ],
                  "id_index" : 126,
                  "supportsAutoResize" : true
                },
                "Widgets" : [ {
                  "Properties" : {
                    "Area" : "UI",
                    "ContainerClass" : "",
                    "Description" : "",
                    "DisplayName" : "WrapperPanel",
                    "Height" : 200,
                    "HideScrollbars" : false,
                    "HorizontalAnchor" : "left",
                    "Id" : "panel-2",
                    "LastContainer" : false,
                    "Left" : 390,
                    "ResponsiveLayout" : true,
                    "ShowDataLoading" : true,
                    "Style" : "DefaultPanelStyle",
                    "Top" : 135,
                    "Type" : "panel",
                    "VerticalAnchor" : "top",
                    "Visible" : true,
                    "Width" : 300,
                    "Z-index" : 10,
                    "__TypeDisplayName" : "Panel",
                    "flex-grow" : "",
                    "flex-shrink" : ""
                  },
                  "Widgets" : [ {
                    "Properties" : {
                      "Area" : "UI",
                      "DisclosureControl" : "show-more",
                      "DisplayName" : "HeaderLabel",
                      "Height" : 30,
                      "HorizontalAlignment" : "left",
                      "Id" : "label-15",
                      "LabelText" : "[[PTC.SCA.SCO.EditShiftTitle]]",
                      "LabelType" : "label",
                      "LastContainer" : false,
                      "Left" : 42,
                      "MultiLine" : false,
                      "ResponsiveLayout" : false,
                      "ShowDataLoading" : true,
                      "Top" : 42,
                      "Type" : "ptcslabel",
                      "UseTheme" : true,
                      "VerticalAlignment" : "flex-start",
                      "Visible" : true,
                      "Width" : 516,
                      "Z-index" : 10,
                      "__TypeDisplayName" : "Label",
                      "__supportsTooltip" : true,
                      "overflowShowLessTxt" : "[[showLess]]",
                      "overflowShowMoreTxt" : "[[showMore]]"
                    },
                    "Widgets" : [ ]
                  }, {
                    "Properties" : {
                      "Area" : "UI",
                      "ButtonType" : "primary",
                      "ContextID" : "",
                      "ContextId" : "",
                      "Description" : "",
                      "Disabled" : false,
                      "DisplayName" : "UpdateButton",
                      "Height" : 34,
                      "Id" : "ptcsbutton-125",
                      "Label" : "[[update]]",
                      "LabelAlignment" : "center",
                      "LastContainer" : false,
                      "Left" : 297,
                      "ResponsiveLayout" : false,
                      "ShowDataLoading" : true,
                      "TabSequence" : 0,
                      "TooltipField" : "",
                      "Top" : 363,
                      "Type" : "ptcsbutton",
                      "UseTheme" : true,
                      "Visible" : true,
                      "Width" : 123,
                      "Z-index" : 10,
                      "__TypeDisplayName" : "Button",
                      "__supportsTooltip" : true
                    },
                    "Widgets" : [ ]
                  }, {
                    "Properties" : {
                      "Area" : "UI",
                      "ButtonType" : "secondary",
                      "ContextID" : "",
                      "ContextId" : "",
                      "Disabled" : false,
                      "DisplayName" : "CancelButton",
                      "Height" : 34,
                      "Id" : "ptcsbutton-126",
                      "Label" : "[[cancel]]",
                      "LabelAlignment" : "center",
                      "LastContainer" : false,
                      "Left" : 436,
                      "ResponsiveLayout" : false,
                      "ShowDataLoading" : true,
                      "TabSequence" : 0,
                      "TooltipField" : "",
                      "Top" : 363,
                      "Type" : "ptcsbutton",
                      "UseTheme" : true,
                      "Visible" : true,
                      "Width" : 123,
                      "Z-index" : 10,
                      "__TypeDisplayName" : "Button",
                      "__supportsTooltip" : true
                    },
                    "Widgets" : [ ]
                  }, {
                    "Properties" : {
                      "Area" : "UI",
                      "Counter" : false,
                      "Disabled" : false,
                      "DisplayName" : "NameTextBox",
                      "HasText" : false,
                      "Height" : 58,
                      "Id" : "ptcstextfield-54",
                      "Label" : "[[name]]",
                      "LabelAlignment" : "left",
                      "LastContainer" : false,
                      "Left" : 41,
                      "MaxNumberOfCharacters" : 100,
                      "Password" : false,
                      "ReadOnly" : false,
                      "ResponsiveLayout" : false,
                      "ShowClearText" : true,
                      "ShowDataLoading" : true,
                      "TabSequence" : 0,
                      "TextAlignment" : "left",
                      "Top" : 86,
                      "Type" : "ptcstextfield",
                      "UseTheme" : true,
                      "Visible" : true,
                      "Width" : 516,
                      "Z-index" : 10,
                      "__TypeDisplayName" : "Text Field"
                    },
                    "Widgets" : [ ]
                  }, {
                    "Properties" : {
                      "Area" : "UI",
                      "Counter" : false,
                      "Disabled" : false,
                      "DisplayName" : "StartTimeTextBox",
                      "HasText" : false,
                      "Height" : 58,
                      "Id" : "ptcstextfield-56",
                      "Label" : "[[startTime]]",
                      "LabelAlignment" : "left",
                      "LastContainer" : false,
                      "Left" : 41.9886474609375,
                      "MaxNumberOfCharacters" : 100,
                      "Password" : false,
                      "ReadOnly" : false,
                      "ResponsiveLayout" : false,
                      "ShowClearText" : true,
                      "ShowDataLoading" : true,
                      "TabSequence" : 0,
                      "TextAlignment" : "left",
                      "Top" : 156.99431610107422,
                      "Type" : "ptcstextfield",
                      "UseTheme" : true,
                      "Visible" : true,
                      "Width" : 516,
                      "Z-index" : 10,
                      "__TypeDisplayName" : "Text Field"
                    },
                    "Widgets" : [ ]
                  }, {
                    "Properties" : {
                      "Area" : "UI",
                      "Counter" : false,
                      "Description" : "",
                      "Disabled" : false,
                      "DisplayName" : "EndTimeTextBox",
                      "HasText" : false,
                      "Height" : 58,
                      "Id" : "ptcstextfield-57",
                      "Label" : "[[endTime]]",
                      "LabelAlignment" : "left",
                      "LastContainer" : false,
                      "Left" : 42,
                      "MaxNumberOfCharacters" : 100,
                      "Password" : false,
                      "ReadOnly" : false,
                      "ResponsiveLayout" : false,
                      "ShowClearText" : true,
                      "ShowDataLoading" : true,
                      "TabSequence" : 0,
                      "TextAlignment" : "left",
                      "Top" : 225,
                      "Type" : "ptcstextfield",
                      "UseTheme" : true,
                      "Visible" : true,
                      "Width" : 516,
                      "Z-index" : 10,
                      "__TypeDisplayName" : "Text Field"
                    },
                    "Widgets" : [ ]
                  }, {
                    "Properties" : {
                      "Area" : "UI",
                      "DisclosureControl" : "show-more",
                      "DisplayName" : "EndTimeErrorLabel",
                      "Height" : 22,
                      "HorizontalAlignment" : "left",
                      "Id" : "label-101",
                      "LabelText" : "[[PTC.SCA.SCO.TimeStringPrompt]]",
                      "LabelType" : "label",
                      "LastContainer" : false,
                      "Left" : 160,
                      "MultiLine" : false,
                      "ResponsiveLayout" : false,
                      "ShowDataLoading" : true,
                      "Top" : 225,
                      "Type" : "ptcslabel",
                      "UseTheme" : true,
                      "VerticalAlignment" : "flex-start",
                      "Visible" : false,
                      "Width" : 340,
                      "Z-index" : 10,
                      "__TypeDisplayName" : "Label",
                      "__supportsTooltip" : true,
                      "overflowShowLessTxt" : "[[showLess]]",
                      "overflowShowMoreTxt" : "[[showMore]]"
                    },
                    "Widgets" : [ ]
                  }, {
                    "Properties" : {
                      "Area" : "UI",
                      "DisclosureControl" : "show-more",
                      "DisplayName" : "StartTimeErrorLabel",
                      "Height" : 22,
                      "HorizontalAlignment" : "left",
                      "Id" : "label-102",
                      "LabelText" : "[[PTC.SCA.SCO.TimeStringPrompt]]",
                      "LabelType" : "label",
                      "LastContainer" : false,
                      "Left" : 160,
                      "MultiLine" : false,
                      "ResponsiveLayout" : false,
                      "ShowDataLoading" : true,
                      "Top" : 155,
                      "Type" : "ptcslabel",
                      "UseTheme" : true,
                      "VerticalAlignment" : "flex-start",
                      "Visible" : false,
                      "Width" : 385,
                      "Z-index" : 10,
                      "__TypeDisplayName" : "Label",
                      "__supportsTooltip" : true,
                      "overflowShowLessTxt" : "[[showLess]]",
                      "overflowShowMoreTxt" : "[[showMore]]"
                    },
                    "Widgets" : [ ]
                  }, {
                    "Properties" : {
                      "Area" : "UI",
                      "DisclosureControl" : "show-more",
                      "DisplayName" : "NameErrorLabel",
                      "Height" : 22,
                      "HorizontalAlignment" : "left",
                      "Id" : "ptcslabel-108",
                      "LabelText" : "[[PTC.SCA.SCO.ShiftNamePrompt]]",
                      "LabelType" : "label",
                      "LastContainer" : false,
                      "Left" : 160,
                      "MultiLine" : false,
                      "ResponsiveLayout" : false,
                      "ShowDataLoading" : true,
                      "Top" : 86,
                      "Type" : "ptcslabel",
                      "UseTheme" : true,
                      "VerticalAlignment" : "flex-start",
                      "Visible" : false,
                      "Width" : 215,
                      "Z-index" : 10,
                      "__TypeDisplayName" : "Label",
                      "__supportsTooltip" : true,
                      "overflowShowLessTxt" : "[[showLess]]",
                      "overflowShowMoreTxt" : "[[showMore]]"
                    },
                    "Widgets" : [ ]
                  } ]
                }, {
                  "Properties" : {
                    "Area" : "UI",
                    "DisplayName" : "ErrorOnSubmit",
                    "Height" : 28,
                    "Id" : "statusmessage-119",
                    "LastContainer" : false,
                    "Left" : 0,
                    "Message" : "",
                    "MessageType" : "warning",
                    "ResponsiveLayout" : false,
                    "ShowDataLoading" : true,
                    "Top" : 0,
                    "Type" : "statusmessage",
                    "Visible" : true,
                    "Width" : 200,
                    "Z-index" : 10,
                    "__TypeDisplayName" : "Status Message",
                    "_currentParameterDefs" : [ ]
                  },
                  "Widgets" : [ ]
                }, {
                  "Properties" : {
                    "Area" : "UI",
                    "AutoEvaluate" : false,
                    "DisplayName" : "IsValid",
                    "Expression" : "Input",
                    "Height" : 28,
                    "Id" : "validator-122",
                    "LastContainer" : false,
                    "Left" : 0,
                    "Output" : true,
                    "ResponsiveLayout" : false,
                    "ShowDataLoading" : true,
                    "Top" : 0,
                    "Type" : "validator",
                    "Visible" : true,
                    "Width" : 200,
                    "Z-index" : 10,
                    "__TypeDisplayName" : "Validator",
                    "_currentParameterDefs" : [ {
                      "BaseType" : "BOOLEAN",
                      "Description" : "",
                      "ParameterName" : "Input",
                      "bindingDirection" : "",
                      "bindingStatus" : true,
                      "isBindingSource" : false,
                      "isBindingTarget" : true,
                      "name" : "Input"
                    } ]
                  },
                  "Widgets" : [ ]
                }, {
                  "Properties" : {
                    "Area" : "UI",
                    "AutoEvaluate" : true,
                    "DataChangeType" : "VALUE",
                    "DisplayName" : "InvertBool",
                    "Expression" : "!Input",
                    "FireOnFirstValue" : false,
                    "Height" : 28,
                    "Id" : "expression-123",
                    "LastContainer" : false,
                    "Left" : 0,
                    "OutputBaseType" : "BOOLEAN",
                    "ResponsiveLayout" : false,
                    "ShowDataLoading" : true,
                    "Top" : 0,
                    "Type" : "expression",
                    "Visible" : true,
                    "Width" : 200,
                    "Z-index" : 10,
                    "__TypeDisplayName" : "Expression",
                    "_currentParameterDefs" : [ {
                      "BaseType" : "BOOLEAN",
                      "Description" : "",
                      "ParameterName" : "Input",
                      "bindingDirection" : "",
                      "bindingStatus" : true,
                      "isBindingSource" : false,
                      "isBindingTarget" : true,
                      "name" : "Input"
                    } ]
                  },
                  "Widgets" : [ ]
                }, {
                  "Properties" : {
                    "Area" : "UI",
                    "AutoEvaluate" : true,
                    "DataChangeType" : "VALUE",
                    "DisplayName" : "InvertBool2",
                    "Expression" : "!Input",
                    "FireOnFirstValue" : false,
                    "Height" : 28,
                    "Id" : "expression-124",
                    "LastContainer" : false,
                    "Left" : 0,
                    "OutputBaseType" : "BOOLEAN",
                    "ResponsiveLayout" : false,
                    "ShowDataLoading" : true,
                    "Top" : 0,
                    "Type" : "expression",
                    "Visible" : true,
                    "Width" : 200,
                    "Z-index" : 10,
                    "__TypeDisplayName" : "Expression",
                    "_currentParameterDefs" : [ {
                      "BaseType" : "BOOLEAN",
                      "Description" : "",
                      "ParameterName" : "Input",
                      "bindingDirection" : "",
                      "bindingStatus" : true,
                      "isBindingSource" : false,
                      "isBindingTarget" : true,
                      "name" : "Input"
                    } ]
                  },
                  "Widgets" : [ ]
                } ]
              },
              "mashupType" : "mashup"
            }
            ]]>
            </mashupContent>
            <preview></preview>
        </Mashup>
    </Mashups>
</Entities>
