<?xml version="1.0" encoding="UTF-8"?>
<Entities
 build="b11"
 majorVersion="8"
 minorVersion="4"
 modelPersistenceProviderPackage="PostgresPersistenceProviderPackage"
 revision="4"
 schemaVersion="1040"
 universal="password">
    <Menus>
        <Menu
         aspect.isEditableExtensionObject="false"
         aspect.isExtension="true"
         description="Menu for site configuration {PTC.SCA.SCO.ManageLineMenu}"
         documentationContent=""
         homeMashup=""
         imageURL=""
         lastModifiedDate="2019-04-30T09:26:16.210-04:00"
         menuLabel="Test Display"
         name="PTC.SCA.SCO.ManageLineMenu"
         projectName="PTC.SCA.SCO.Common"
         tags="PTC:sca-sco-common;PTC:factory-mv">
            <avatar></avatar>
            <DesignTimePermissions>
                <Create></Create>
                <Read></Read>
                <Update></Update>
                <Delete></Delete>
                <Metadata></Metadata>
            </DesignTimePermissions>
            <RunTimePermissions>
                <Permissions
                 resourceName="GetEffectiveMenu">
                    <PropertyRead></PropertyRead>
                    <PropertyWrite></PropertyWrite>
                    <ServiceInvoke>
                        <Principal
                         isPermitted="true"
                         name="FactoryUsers"
                         type="Group"></Principal>
                    </ServiceInvoke>
                    <EventInvoke></EventInvoke>
                    <EventSubscribe></EventSubscribe>
                </Permissions>
            </RunTimePermissions>
            <VisibilityPermissions>
                <Visibility>
                    <Principal
                     isPermitted="true"
                     name="PTC.Factory.MachineVisibility"
                     type="Organization"></Principal>
                </Visibility>
            </VisibilityPermissions>
            <ConfigurationTableDefinitions></ConfigurationTableDefinitions>
            <ConfigurationTables></ConfigurationTables>
            <MenuItems>
                <MenuItem
                 description=""
                 imageURL=""
                 isDefault="true"
                 linkDestination="PTC.SCA.SCO.LineGeneralInfo"
                 linkTarget="Self"
                 linkType="Mashup"
                 title="[[PTC.Factory.PlantStatus.EDIT_PHYSICALASSET.TITLE]]">
                    <GroupReferences>
                        <Members></Members>
                    </GroupReferences>
                </MenuItem>
                <MenuItem
                 description=""
                 imageURL=""
                 isDefault="false"
                 linkDestination="PTC.SCA.SCO.EquipmentStructure"
                 linkTarget="Self"
                 linkType="Mashup"
                 title="[[PTC.Factory.PlantStatus.EDIT_EQUIPMENTSTRUCTURE.TITLE]]">
                    <GroupReferences>
                        <Members></Members>
                    </GroupReferences>
                </MenuItem>
                <MenuItem
                 description=""
                 imageURL=""
                 isDefault="false"
                 linkDestination="PTC.Factory.AssetStatus"
                 linkTarget="Self"
                 linkType="Mashup"
                 title="[[status]]">
                    <GroupReferences>
                        <Members></Members>
                    </GroupReferences>
                </MenuItem>
                <MenuItem
                 description=""
                 imageURL=""
                 isDefault="false"
                 linkDestination="PTC.Factory.ManufacturingElementAdditionalProperties"
                 linkTarget="Self"
                 linkType="Mashup"
                 title="[[PTC.Factory.PlantStatus.EDIT_PROPERTIES.TITLE]]">
                    <GroupReferences>
                        <Members></Members>
                    </GroupReferences>
                </MenuItem>
                <MenuItem
                 description=""
                 imageURL=""
                 isDefault="false"
                 linkDestination="PTC.Factory.ManufacturingElementAlerts"
                 linkTarget="Self"
                 linkType="Mashup"
                 title="[[PTC.Factory.Alerts]]">
                    <GroupReferences>
                        <Members></Members>
                    </GroupReferences>
                </MenuItem>
            </MenuItems>
            <GroupReferences>
                <Members>
                    <Member
                     name="FactoryUsers"
                     type="Group"></Member>
                </Members>
            </GroupReferences>
            <effectiveMenu>
                <DataShape>
                    <FieldDefinitions>
                        <FieldDefinition
                         baseType="STRING"
                         description="Description for tooltip"
                         name="description"
                         ordinal="0"></FieldDefinition>
                        <FieldDefinition
                         baseType="IMAGELINK"
                         description="Optional image URL"
                         name="imageURL"
                         ordinal="0"></FieldDefinition>
                        <FieldDefinition
                         aspect.defaultValue="false"
                         baseType="BOOLEAN"
                         description="Is a default menu item"
                         name="isDefault"
                         ordinal="0"></FieldDefinition>
                        <FieldDefinition
                         aspect.isPrimaryKey="true"
                         baseType="STRING"
                         description="Link destination"
                         name="linkDestination"
                         ordinal="0"></FieldDefinition>
                        <FieldDefinition
                         baseType="STRING"
                         description="Link target (Popup, Mashup, New)"
                         name="linkTarget"
                         ordinal="0"></FieldDefinition>
                        <FieldDefinition
                         aspect.isPrimaryKey="true"
                         baseType="STRING"
                         description="Link type (Mashup, Hyperlink, or Menu)"
                         name="linkType"
                         ordinal="0"></FieldDefinition>
                        <FieldDefinition
                         baseType="STRING"
                         description="Menu entry id"
                         name="menuId"
                         ordinal="0"></FieldDefinition>
                        <FieldDefinition
                         baseType="STRING"
                         description="Menu entry parent id"
                         name="parentMenuId"
                         ordinal="0"></FieldDefinition>
                        <FieldDefinition
                         baseType="STRING"
                         description="Menu entry title"
                         name="title"
                         ordinal="0"></FieldDefinition>
                    </FieldDefinitions>
                </DataShape>
                <Rows>
                    <Row>
                        <description>
                        <![CDATA[
                        Menu for site configuration {PTC.SCA.SCO.ManageLineMenu}
                        ]]>
                        </description>
                        <imageURL></imageURL>
                        <linkPriority>0.0</linkPriority>
                        <linkType>
                        <![CDATA[
                        Menu
                        ]]>
                        </linkType>
                        <menuId>
                        <![CDATA[
                        PTC.SCA.SCO.ManageLineMenu
                        ]]>
                        </menuId>
                        <parentMenuId></parentMenuId>
                        <title>
                        <![CDATA[
                        Test Display
                        ]]>
                        </title>
                    </Row>
                    <Row>
                        <description></description>
                        <imageURL></imageURL>
                        <isDefault>true</isDefault>
                        <linkDestination>
                        <![CDATA[
                        PTC.SCA.SCO.LineGeneralInfo
                        ]]>
                        </linkDestination>
                        <linkTarget>
                        <![CDATA[
                        Self
                        ]]>
                        </linkTarget>
                        <linkType>
                        <![CDATA[
                        Mashup
                        ]]>
                        </linkType>
                        <menuId>
                        <![CDATA[
                        PTC.SCA.SCO.ManageLineMenu_0
                        ]]>
                        </menuId>
                        <parentMenuId>
                        <![CDATA[
                        PTC.SCA.SCO.ManageLineMenu
                        ]]>
                        </parentMenuId>
                        <title>
                        <![CDATA[
                        [[PTC.Factory.PlantStatus.EDIT_PHYSICALASSET.TITLE]]
                        ]]>
                        </title>
                    </Row>
                    <Row>
                        <description></description>
                        <imageURL></imageURL>
                        <isDefault>false</isDefault>
                        <linkDestination>
                        <![CDATA[
                        PTC.SCA.SCO.EquipmentStructure
                        ]]>
                        </linkDestination>
                        <linkTarget>
                        <![CDATA[
                        Self
                        ]]>
                        </linkTarget>
                        <linkType>
                        <![CDATA[
                        Mashup
                        ]]>
                        </linkType>
                        <menuId>
                        <![CDATA[
                        PTC.SCA.SCO.ManageLineMenu_1
                        ]]>
                        </menuId>
                        <parentMenuId>
                        <![CDATA[
                        PTC.SCA.SCO.ManageLineMenu
                        ]]>
                        </parentMenuId>
                        <title>
                        <![CDATA[
                        [[PTC.Factory.PlantStatus.EDIT_EQUIPMENTSTRUCTURE.TITLE]]
                        ]]>
                        </title>
                    </Row>
                    <Row>
                        <description></description>
                        <imageURL></imageURL>
                        <isDefault>false</isDefault>
                        <linkDestination>
                        <![CDATA[
                        PTC.Factory.AssetStatus
                        ]]>
                        </linkDestination>
                        <linkTarget>
                        <![CDATA[
                        Self
                        ]]>
                        </linkTarget>
                        <linkType>
                        <![CDATA[
                        Mashup
                        ]]>
                        </linkType>
                        <menuId>
                        <![CDATA[
                        PTC.SCA.SCO.ManageLineMenu_2
                        ]]>
                        </menuId>
                        <parentMenuId>
                        <![CDATA[
                        PTC.SCA.SCO.ManageLineMenu
                        ]]>
                        </parentMenuId>
                        <title>
                        <![CDATA[
                        [[status]]
                        ]]>
                        </title>
                    </Row>
                    <Row>
                        <description></description>
                        <imageURL></imageURL>
                        <isDefault>false</isDefault>
                        <linkDestination>
                        <![CDATA[
                        PTC.Factory.ManufacturingElementAdditionalProperties
                        ]]>
                        </linkDestination>
                        <linkTarget>
                        <![CDATA[
                        Self
                        ]]>
                        </linkTarget>
                        <linkType>
                        <![CDATA[
                        Mashup
                        ]]>
                        </linkType>
                        <menuId>
                        <![CDATA[
                        PTC.SCA.SCO.ManageLineMenu_3
                        ]]>
                        </menuId>
                        <parentMenuId>
                        <![CDATA[
                        PTC.SCA.SCO.ManageLineMenu
                        ]]>
                        </parentMenuId>
                        <title>
                        <![CDATA[
                        [[PTC.Factory.PlantStatus.EDIT_PROPERTIES.TITLE]]
                        ]]>
                        </title>
                    </Row>
                    <Row>
                        <description></description>
                        <imageURL></imageURL>
                        <isDefault>false</isDefault>
                        <linkDestination>
                        <![CDATA[
                        PTC.Factory.ManufacturingElementAlerts
                        ]]>
                        </linkDestination>
                        <linkTarget>
                        <![CDATA[
                        Self
                        ]]>
                        </linkTarget>
                        <linkType>
                        <![CDATA[
                        Mashup
                        ]]>
                        </linkType>
                        <menuId>
                        <![CDATA[
                        PTC.SCA.SCO.ManageLineMenu_4
                        ]]>
                        </menuId>
                        <parentMenuId>
                        <![CDATA[
                        PTC.SCA.SCO.ManageLineMenu
                        ]]>
                        </parentMenuId>
                        <title>
                        <![CDATA[
                        [[PTC.Factory.Alerts]]
                        ]]>
                        </title>
                    </Row>
                </Rows>
            </effectiveMenu>
        </Menu>
    </Menus>
</Entities>
