<?xml version="1.0" encoding="UTF-8"?>
<Entities
 build="b31"
 majorVersion="7"
 minorVersion="2"
 modelPersistenceProviderPackage="NeoPersistenceProviderPackage"
 revision="4"
 schemaVersion="920">
    <Menus>
        <Menu
         aspect.isEditableExtensionObject="false"
         aspect.isExtension="true"
         description="Menu for the console homepage {PTC.SCA.SCO.ConsoleMenu}"
         documentationContent=""
         homeMashup=""
         imageURL="PTC.Factory.HamburgerIcon"
         lastModifiedDate="2016-11-07T20:44:05.384Z"
         menuLabel=""
         name="PTC.SCA.SCO.ConsoleMenu"
         projectName="PTC.SCA.SCO.Common"
         tags="PTC:sca-sco-common;PTC:sca-common;PTC:Menu">
            <avatar></avatar>
            <DesignTimePermissions>
                <Create></Create>
                <Read></Read>
                <Update></Update>
                <Delete></Delete>
                <Metadata></Metadata>
            </DesignTimePermissions>
            <RunTimePermissions>
                <Permissions
                 resourceName="GetEffectiveMenu">
                    <PropertyRead></PropertyRead>
                    <PropertyWrite></PropertyWrite>
                    <ServiceInvoke>
                        <Principal
                         isPermitted="true"
                         name="FactoryUsers"
                         type="Group"></Principal>
                    </ServiceInvoke>
                    <EventInvoke></EventInvoke>
                    <EventSubscribe></EventSubscribe>
                </Permissions>
            </RunTimePermissions>
            <VisibilityPermissions>
                <Visibility>
                    <Principal
                     isPermitted="true"
                     name="PTC.Factory.MachineVisibility"
                     type="Organization"></Principal>
                </Visibility>
            </VisibilityPermissions>
            <ConfigurationTables></ConfigurationTables>
            <MenuItems>
                <MenuItem
                 description=""
                 imageURL=""
                 isDefault="false"
                 linkDestination=""
                 linkTarget="PTC.SCA.SCO.ConsoleSubMenu"
                 linkType="Menu"
                 title="">
                    <GroupReferences>
                        <Members></Members>
                    </GroupReferences>
                </MenuItem>
            </MenuItems>
            <GroupReferences>
                <Members>
                    <Member
                     name="FactoryUsers"
                     type="Group"></Member>
                </Members>
            </GroupReferences>
            <effectiveMenu>
                <DataShape>
                    <FieldDefinitions>
                        <FieldDefinition
                         baseType="STRING"
                         description="Description for tooltip"
                         name="description"
                         ordinal="0"></FieldDefinition>
                        <FieldDefinition
                         baseType="IMAGELINK"
                         description="Optional image URL"
                         name="imageURL"
                         ordinal="0"></FieldDefinition>
                        <FieldDefinition
                         aspect.defaultValue="false"
                         baseType="BOOLEAN"
                         description="Is a default menu item"
                         name="isDefault"
                         ordinal="0"></FieldDefinition>
                        <FieldDefinition
                         aspect.isPrimaryKey="true"
                         baseType="STRING"
                         description="Link destination"
                         name="linkDestination"
                         ordinal="0"></FieldDefinition>
                        <FieldDefinition
                         baseType="STRING"
                         description="Link target (Popup, Mashup, New)"
                         name="linkTarget"
                         ordinal="0"></FieldDefinition>
                        <FieldDefinition
                         aspect.isPrimaryKey="true"
                         baseType="STRING"
                         description="Link type (Mashup, Hyperlink, or Menu)"
                         name="linkType"
                         ordinal="0"></FieldDefinition>
                        <FieldDefinition
                         baseType="STRING"
                         description="Menu entry id"
                         name="menuId"
                         ordinal="0"></FieldDefinition>
                        <FieldDefinition
                         baseType="STRING"
                         description="Menu entry parent id"
                         name="parentMenuId"
                         ordinal="0"></FieldDefinition>
                        <FieldDefinition
                         baseType="STRING"
                         description="Menu entry title"
                         name="title"
                         ordinal="0"></FieldDefinition>
                    </FieldDefinitions>
                </DataShape>
                <Rows>
                    <Row>
                        <linkPriority>0.0</linkPriority>
                        <parentMenuId></parentMenuId>
                        <imageURL>
                        <![CDATA[
                        PTC.Factory.HamburgerIcon
                        ]]>
                        </imageURL>
                        <description></description>
                        <menuId>
                        <![CDATA[
                        PTC.SCA.SCO.ConsoleMenu
                        ]]>
                        </menuId>
                        <linkType>
                        <![CDATA[
                        Menu
                        ]]>
                        </linkType>
                        <title></title>
                    </Row>
                    <Row>
                        <linkPriority>0.0</linkPriority>
                        <parentMenuId>
                        <![CDATA[
                        PTC.SCA.SCO.ConsoleMenu
                        ]]>
                        </parentMenuId>
                        <imageURL>
                        <![CDATA[
                        PTC.Factory.HamburgerIcon
                        ]]>
                        </imageURL>
                        <description></description>
                        <menuId>
                        <![CDATA[
                        PTC.SCA.SCO.ConsoleMenu.PTC.SCA.SCO.ConsoleSubMenu
                        ]]>
                        </menuId>
                        <linkType>
                        <![CDATA[
                        Menu
                        ]]>
                        </linkType>
                        <title></title>
                    </Row>
                    <Row>
                        <linkDestination>
                        <![CDATA[
                        PTC.Factory.RenewLicense
                        ]]>
                        </linkDestination>
                        <isDefault>false</isDefault>
                        <parentMenuId>
                        <![CDATA[
                        PTC.SCA.SCO.ConsoleMenu.PTC.SCA.SCO.ConsoleSubMenu
                        ]]>
                        </parentMenuId>
                        <linkTarget>
                        <![CDATA[
                        Self
                        ]]>
                        </linkTarget>
                        <imageURL></imageURL>
                        <description></description>
                        <menuId>
                        <![CDATA[
                        PTC.SCA.SCO.ConsoleMenu.PTC.SCA.SCO.ConsoleSubMenu_0
                        ]]>
                        </menuId>
                        <linkType>
                        <![CDATA[
                        Mashup
                        ]]>
                        </linkType>
                        <title>
                        <![CDATA[
                        [[PTC.Factory.RenewLicense]]
                        ]]>
                        </title>
                    </Row>
                    <Row>
                        <linkDestination>
                        <![CDATA[
                        PTC.Factory.LogoutRedirect
                        ]]>
                        </linkDestination>
                        <isDefault>false</isDefault>
                        <parentMenuId>
                        <![CDATA[
                        PTC.SCA.SCO.ConsoleMenu.PTC.SCA.SCO.ConsoleSubMenu
                        ]]>
                        </parentMenuId>
                        <linkTarget>
                        <![CDATA[
                        Self
                        ]]>
                        </linkTarget>
                        <imageURL></imageURL>
                        <description></description>
                        <menuId>
                        <![CDATA[
                        PTC.SCA.SCO.ConsoleMenu.PTC.SCA.SCO.ConsoleSubMenu_1
                        ]]>
                        </menuId>
                        <linkType>
                        <![CDATA[
                        Mashup
                        ]]>
                        </linkType>
                        <title>
                        <![CDATA[
                        [[PTC.SCA.SCO.Core.Sign Out]]
                        ]]>
                        </title>
                    </Row>
                </Rows>
            </effectiveMenu>
        </Menu>
    </Menus>
</Entities>
