<?xml version="1.0" encoding="UTF-8"?>
<Entities
 build="b50"
 majorVersion="7"
 minorVersion="3"
 modelPersistenceProviderPackage="NeoPersistenceProviderPackage"
 revision="0"
 schemaVersion="931">
    <MediaEntities>
        <MediaEntity
         aspect.isEditableExtensionObject="true"
         aspect.isExtension="true"
         description="Disabled 'Alert Status' indicator {PTC.Factory.AlertStatus_Disabled}"
         documentationContent=""
         homeMashup=""
         lastModifiedDate="2017-02-16T15:14:33.136-05:00"
         name="PTC.Factory.AlertStatus_Disabled"
         projectName="PTC.SCA.SCO.KEPServerEX Monitor"
         tags="PTC:sca-sco;PTC:MediaEntity;PTC:sca-sco-kepserverexmonitor">
            <avatar></avatar>
            <DesignTimePermissions>
                <Create></Create>
                <Read></Read>
                <Update></Update>
                <Delete></Delete>
                <Metadata></Metadata>
            </DesignTimePermissions>
            <RunTimePermissions></RunTimePermissions>
            <VisibilityPermissions>
                <Visibility>
                    <Principal
                     isPermitted="true"
                     name="PTC.Factory.MachineVisibility"
                     type="Organization"></Principal>
                </Visibility>
            </VisibilityPermissions>
            <ConfigurationTables></ConfigurationTables>
            <content>
            <![CDATA[
            iVBORw0KGgoAAAANSUhEUgAAABAAAAAQCAYAAAAf8/9hAAABMklEQVR42q1TSYqEQBD0KfOaeZ39
            Bvc+iCsu6AvmFR4EFU8qCm6XGqPQwmrbufQkJCS5VUZkliC8iCzL35qmPRRF+VFVtYPChg8x4U4k
            SfraksVNh03JjSImIvdSvL2g/VHIKXK5JvvLxDRNkmUZCYLgUuT7PimKgoRhePhEhvkYuyxLApnn
            mViWxYphwwfpuo7BoZyAnCMxTVOyLAtNHMcRo1KFDVnXlSRJcobyEHa2mdNxHDJNEy1o25a+CEFj
            z/M4WKgV9lVxAcMwaPEhsJ/P5ztCu7cNMHbTNKwB7JuNdBcItm0zzMMwkL7vGSdnYhmEM4lRFDH8
            wIyxdV1nG0AsjmOexPMaj7HBtuu6HLHHduq65td4PiQcSVVVdJJXvIjleU6bcYf0L6f88Wf65Dv/
            AtXWoxT3LJlTAAAAAElFTkSuQmCC
            ]]>
            </content>
        </MediaEntity>
    </MediaEntities>
</Entities>
