<?xml version="1.0" encoding="UTF-8"?>
<Entities
 build="b39"
 majorVersion="8"
 minorVersion="0"
 modelPersistenceProviderPackage="NeoPersistenceProviderPackage"
 revision="1"
 schemaVersion="1000">
    <MediaEntities>
        <MediaEntity
         aspect.isEditableExtensionObject="true"
         aspect.isExtension="true"
         description="Disable 'Create Device' icon {PTC.SCA.SCO.CreateDeviceDisableIcon}"
         documentationContent=""
         homeMashup=""
         lastModifiedDate="2017-07-24T16:47:59.648-04:00"
         name="PTC.SCA.SCO.CreateDeviceDisableIcon"
         projectName="PTC.SCA.SCO.KEPServerEX Monitor"
         tags="PTC:sca-sco;PTC:MediaEntity;PTC:sca-sco-kepserverexmonitor">
            <avatar></avatar>
            <DesignTimePermissions>
                <Create></Create>
                <Read></Read>
                <Update></Update>
                <Delete></Delete>
                <Metadata></Metadata>
            </DesignTimePermissions>
            <RunTimePermissions></RunTimePermissions>
            <VisibilityPermissions>
                <Visibility>
                    <Principal
                     isPermitted="true"
                     name="PTC.Factory.MachineVisibility"
                     type="Organization"></Principal>
                </Visibility>
            </VisibilityPermissions>
            <ConfigurationTables></ConfigurationTables>
            <content>
            <![CDATA[
            iVBORw0KGgoAAAANSUhEUgAAAB4AAAAeCAYAAAA7MK6iAAABMElEQVR42tVX0Q2DIBBlBEZwBEZw
            hI7ACIzQDRyBxAUcgRE6QkdwBHo0p7lSCKDYS0le/DjvnjyP5ylExZrneQAYgAOsAB9hxVi4ZxBn
            FxRRWNA3IuSoI4QSMCV2ZQEaMEbQGIvVCDVkC+mDJD+xsKzM15iz5T+KuQlSW/3E33VsFXmCVHfo
            EV0kj97padIM+ZTq3l1e0XlFsisacKSR5AXEkjSco+bQXeKC5INAt3mf04T840moaNfbOTdUZhsR
            +x7IvGsnyFPoDPFK3Oqe8epaYr2rS24aM8RB8htgwet4gnjPLRG76Kh5jG1Gs2CcWqRBZf6TmErt
            ekvN1lxsx8mQncmrDARrfhgIj2WyfSRYP4tsgwDr6MM27JXG2wbC9vH2wECvug30rL8wv/hpewFx
            H8thU1Xf1QAAAABJRU5ErkJggg==
            ]]>
            </content>
        </MediaEntity>
    </MediaEntities>
</Entities>
