<Entities>
	<ExtensionPackages>
		<ExtensionPackage name="AdvDataFilterWidget-extension"
						  description="Advanced Data Filter Widget"
						  vendor="ThingWorx R+D + PTC"
						  packageVersion="9.1.0"
						  buildNumber="02"
						  minimumThingWorxVersion="8.1.0"
						  haCompatible="true">
		</ExtensionPackage>
	</ExtensionPackages>
	<StyleDefinitions>
		<StyleDefinition aspect.isEditableSystemObject="false" aspect.isThemeObject="true" description="Default Advanced Data Filter style - Theme: Thingworx {DefaultAdvancedDataFilterStyle}" documentationContent="" homeMashup="" lastModifiedDate="2016-03-31T22:14:48.270-04:00" name="DefaultAdvancedDataFilterStyle" tags="PTC:sca-common;PTC:StyleDefinition">
			<Owner name="Administrator" type="User"/>
			<avatar/>
			<DesignTimePermissions>
				<Create/>
				<Read/>
				<Update/>
				<Delete/>
				<Metadata/>
			</DesignTimePermissions>
			<RunTimePermissions/>
			<VisibilityPermissions>
				<Visibility/>
			</VisibilityPermissions>
			<ConfigurationTables/>
			<content><![CDATA[{"image":"","backgroundColor":"","textSize":"large","lineStyle":"solid","fontEmphasisUnderline":false,"displayString":"","fontEmphasisItalic":false,"lineThickness":1,"lineColor":"#37849a","foregroundColor":"#000000","fontEmphasisBold":true,"secondaryBackgroundColor":""}]]></content>
			<ConfigurationChanges>
				<ConfigurationChange changeAction="CREATE" changeReason="" timestamp="2015-11-30T15:25:35.316-05:00" user="SuperUser"/>
				<ConfigurationChange changeAction="MODIFY" changeReason="header : secondaryBackgroundColor : updated, backgroundColor : updated, foregroundColor : updated, textSize : updated&#10;" timestamp="2016-03-31T22:14:21.203-04:00" user="Administrator"/>
				<ConfigurationChange changeAction="MODIFY" changeReason="" timestamp="2016-03-31T22:14:48.270-04:00" user="Administrator"/>
			</ConfigurationChanges>
		</StyleDefinition>
		<StyleDefinition aspect.isEditableSystemObject="false" aspect.isThemeObject="true" description="Default Advanced Data Filter body style - Theme: Thingworx {DefaultAdvancedDataFilterBodyStyle}" documentationContent="" homeMashup="" lastModifiedDate="2016-04-11T21:07:26.110-04:00" name="DefaultAdvancedDataFilterBodyStyle" tags="PTC:sca-common;PTC:StyleDefinition">
			<Owner name="Administrator" type="User"/>
			<avatar/>
			<DesignTimePermissions>
				<Create/>
				<Read/>
				<Update/>
				<Delete/>
				<Metadata/>
			</DesignTimePermissions>
			<RunTimePermissions/>
			<VisibilityPermissions>
				<Visibility/>
			</VisibilityPermissions>
			<ConfigurationTables/>
			<content><![CDATA[{"image":"","backgroundColor":"","textSize":"normal","lineStyle":"solid","fontEmphasisUnderline":false,"displayString":"","fontEmphasisItalic":false,"lineThickness":1,"lineColor":"","foregroundColor":"","fontEmphasisBold":false,"secondaryBackgroundColor":""}]]></content>
			<ConfigurationChanges>
			</ConfigurationChanges>
		</StyleDefinition>
	</StyleDefinitions>
	<Widgets>
		<Widget name="advDatafilter">
			<UIResources>
				<FileResource type="JS" file="advDatafilter.ide.js" description="" isDevelopment="true" isRuntime="false" />
				<FileResource type="CSS" file="advDatafilter.ide.css" description="" isDevelopment="true" isRuntime="false" />
				<FileResource type="JS" file="advDatafilter.runtime.js" description="" isDevelopment="false" isRuntime="true" />
				<FileResource type="CSS" file="advDatafilter.runtime.css" description="" isDevelopment="false" isRuntime="true" />
			</UIResources>
		</Widget>
	</Widgets>
</Entities>
