<?xml version="1.0" encoding="UTF-8"?>
<Entities
 build="b198"
 majorVersion="8"
 minorVersion="3"
 modelPersistenceProviderPackage="PostgresPersistenceProviderPackage"
 revision="0"
 schemaVersion="1030"
 universal="">
    <Mashups>
        <Mashup
         aspect.isEditableExtensionObject="true"
         aspect.isExtension="true"
         aspect.isResponsive="false"
         aspect.mashupType="mashup"
         columns="0.0"
         description="Mashup used to display basic information about a job order in a collection {JobOrder.SummaryContainerCollectionMashup}"
         documentationContent=""
         homeMashup=""
         lastModifiedDate="2018-05-03T15:08:39.848-04:00"
         name="PTC.SCA.SCO.JobOrder.C_SummaryContainerCollectionMashup_9.1.0_02"
         projectName="PTC.SCA.SCO.JobOrder.ListDisplay"
         rows="0.0"
         tags="PTC:sca-sco;PTC:Mashup;PTC:sca-sco-joborder-listdisplay">
            <avatar></avatar>
            <DesignTimePermissions>
                <Create></Create>
                <Read></Read>
                <Update></Update>
                <Delete></Delete>
                <Metadata></Metadata>
            </DesignTimePermissions>
            <RunTimePermissions></RunTimePermissions>
            <VisibilityPermissions></VisibilityPermissions>
            <ConfigurationTables></ConfigurationTables>
            <ParameterDefinitions>
                <FieldDefinition
                 aspect.ordinal="5"
                 baseType="INTEGER"
                 description=""
                 name="dispatchStatus"
                 ordinal="0"></FieldDefinition>
                <FieldDefinition
                 aspect.ordinal="6"
                 baseType="STRING"
                 description=""
                 name="dispatchStatusDisplayString"
                 ordinal="0"></FieldDefinition>
                <FieldDefinition
                 aspect.ordinal="0"
                 baseType="STRING"
                 description=""
                 name="jobOrderID"
                 ordinal="0"></FieldDefinition>
                <FieldDefinition
                 aspect.ordinal="3"
                 baseType="STRING"
                 description=""
                 name="location"
                 ordinal="0"></FieldDefinition>
                <FieldDefinition
                 aspect.ordinal="1"
                 baseType="STRING"
                 description=""
                 name="priorityDisplayString"
                 ordinal="0"></FieldDefinition>
                <FieldDefinition
                 aspect.ordinal="7"
                 baseType="STRING"
                 description=""
                 name="productionOrderNumber"
                 ordinal="0"></FieldDefinition>
                <FieldDefinition
                 aspect.ordinal="2"
                 baseType="STRING"
                 description=""
                 name="typeDisplayString"
                 ordinal="0"></FieldDefinition>
                <FieldDefinition
                 aspect.ordinal="8"
                 baseType="STRING"
                 description=""
                 name="UID"
                 ordinal="0"></FieldDefinition>
                <FieldDefinition
                 aspect.ordinal="4"
                 baseType="STRING"
                 description=""
                 name="workTypeDisplayString"
                 ordinal="0"></FieldDefinition>
            </ParameterDefinitions>
            <Things>
                <Thing>PTC.SCA.SCO.ProductionOrderUtils</Thing>
            </Things>
            <ThingShapes></ThingShapes>
            <ThingTemplates></ThingTemplates>
            <mashupContent>
            <![CDATA[
            {
              "CustomMashupCss" : ".widget-panel {\n\tborder-radius: 6px;\n    border-left-style: none !important;\n}\n",
              "Data" : {
                "Session" : {
                  "DataName" : "Session",
                  "EntityName" : "",
                  "EntityType" : "Session",
                  "Id" : "session",
                  "Services" : [ {
                    "APIMethod" : "post",
                    "Characteristic" : "Services",
                    "Id" : "SessionInterface",
                    "Name" : "GetGlobalSessionValues",
                    "Parameters" : { },
                    "RefreshInterval" : 0,
                    "Target" : "GetGlobalSessionValues"
                  } ]
                },
                "Things_PTC.SCA.SCO.ProductionOrderUtils" : {
                  "DataName" : "Things_PTC.SCA.SCO.ProductionOrderUtils",
                  "EntityName" : "PTC.SCA.SCO.ProductionOrderUtils",
                  "EntityType" : "Things",
                  "Id" : "2a54b2ba-6a43-4145-900f-33f7083a13c4",
                  "Services" : [ {
                    "APIMethod" : "post",
                    "Characteristic" : "Services",
                    "Id" : "36b53dc3-2899-4bfa-80a9-f7c9e21fe79c",
                    "Name" : "JobOrderStart",
                    "Parameters" : { },
                    "RefreshInterval" : 0,
                    "Target" : "JobOrderStart"
                  } ]
                },
                "UserExtensions" : {
                  "DataName" : "UserExtensions",
                  "EntityName" : "",
                  "EntityType" : "UserExtensions",
                  "Id" : "UserExtensions",
                  "Services" : [ {
                    "APIMethod" : "post",
                    "Characteristic" : "Services",
                    "Id" : "UserExtensionInterface",
                    "Name" : "GetCurrentUserExtensionProperties",
                    "Parameters" : { },
                    "RefreshInterval" : 0,
                    "Target" : "GetCurrentUserExtensionProperties"
                  } ]
                }
              },
              "DataBindings" : [ {
                "Id" : "b1ae8a95-2ebb-45c6-8432-2bf5ae2f0aef",
                "PropertyMaps" : [ {
                  "SourceProperty" : "dispatchStatus",
                  "SourcePropertyBaseType" : "INTEGER",
                  "SourcePropertyType" : "Property",
                  "TargetProperty" : "Data",
                  "TargetPropertyBaseType" : "ANYSCALAR",
                  "TargetPropertyType" : "property"
                } ],
                "SourceArea" : "Mashup",
                "SourceId" : "mashup-root",
                "SourceSection" : "",
                "TargetArea" : "UI",
                "TargetId" : "valuedisplay-10",
                "TargetSection" : ""
              }, {
                "Id" : "70ebea50-06e4-43ad-a4a4-12dabca8b32b",
                "PropertyMaps" : [ {
                  "SourceProperty" : "jobOrderID",
                  "SourcePropertyBaseType" : "STRING",
                  "TargetProperty" : "Text",
                  "TargetPropertyBaseType" : "STRING"
                } ],
                "SourceArea" : "Mashup",
                "SourceId" : "mashup-root",
                "SourceSection" : "",
                "TargetArea" : "UI",
                "TargetId" : "navigation-22",
                "TargetSection" : ""
              }, {
                "Id" : "012458d8-b627-4d98-90f8-9f0145a76b5f",
                "PropertyMaps" : [ {
                  "SourceProperty" : "productionOrderNumber",
                  "SourcePropertyBaseType" : "STRING",
                  "TargetProperty" : "MashupName",
                  "TargetPropertyBaseType" : "MASHUPNAME"
                } ],
                "SourceArea" : "Mashup",
                "SourceId" : "mashup-root",
                "SourceSection" : "",
                "TargetArea" : "UI",
                "TargetId" : "navigation-22",
                "TargetSection" : ""
              }, {
                "Id" : "0603fd4f-d70f-4877-95e5-badf76ac904d",
                "PropertyMaps" : [ {
                  "SourceProperty" : "priorityDisplayString",
                  "SourcePropertyBaseType" : "STRING",
                  "TargetProperty" : "Data",
                  "TargetPropertyBaseType" : "ANYSCALAR"
                } ],
                "SourceArea" : "Mashup",
                "SourceId" : "mashup-root",
                "SourceSection" : "",
                "TargetArea" : "UI",
                "TargetId" : "valuedisplay-45",
                "TargetSection" : ""
              }, {
                "Id" : "f3445130-4bcc-49dd-9126-5cd936c5a2ed",
                "PropertyMaps" : [ {
                  "SourceProperty" : "priorityDisplayString",
                  "SourcePropertyBaseType" : "STRING",
                  "TargetProperty" : "ToolTipField",
                  "TargetPropertyBaseType" : "STRING"
                } ],
                "SourceArea" : "Mashup",
                "SourceId" : "mashup-root",
                "SourceSection" : "",
                "TargetArea" : "UI",
                "TargetId" : "valuedisplay-45",
                "TargetSection" : ""
              }, {
                "Id" : "941900da-2900-431e-9370-1d8f9ea416cc",
                "PropertyMaps" : [ {
                  "SourceProperty" : "location",
                  "SourcePropertyBaseType" : "STRING",
                  "TargetProperty" : "Data",
                  "TargetPropertyBaseType" : "ANYSCALAR"
                } ],
                "SourceArea" : "Mashup",
                "SourceId" : "mashup-root",
                "SourceSection" : "",
                "TargetArea" : "UI",
                "TargetId" : "valuedisplay-46",
                "TargetSection" : ""
              }, {
                "Id" : "03dc2ab4-6052-4a69-a431-f4d85edf5175",
                "PropertyMaps" : [ {
                  "SourceProperty" : "location",
                  "SourcePropertyBaseType" : "STRING",
                  "TargetProperty" : "ToolTipField",
                  "TargetPropertyBaseType" : "STRING"
                } ],
                "SourceArea" : "Mashup",
                "SourceId" : "mashup-root",
                "SourceSection" : "",
                "TargetArea" : "UI",
                "TargetId" : "valuedisplay-46",
                "TargetSection" : ""
              }, {
                "Id" : "6c70f630-7784-4fab-8192-00e20ec6d2de",
                "PropertyMaps" : [ {
                  "SourceProperty" : "workTypeDisplayString",
                  "SourcePropertyBaseType" : "STRING",
                  "TargetProperty" : "Data",
                  "TargetPropertyBaseType" : "ANYSCALAR"
                } ],
                "SourceArea" : "Mashup",
                "SourceId" : "mashup-root",
                "SourceSection" : "",
                "TargetArea" : "UI",
                "TargetId" : "valuedisplay-47",
                "TargetSection" : ""
              }, {
                "Id" : "761888e5-c8af-41b9-a7ec-ad72f4611168",
                "PropertyMaps" : [ {
                  "SourceProperty" : "workTypeDisplayString",
                  "SourcePropertyBaseType" : "STRING",
                  "TargetProperty" : "ToolTipField",
                  "TargetPropertyBaseType" : "STRING"
                } ],
                "SourceArea" : "Mashup",
                "SourceId" : "mashup-root",
                "SourceSection" : "",
                "TargetArea" : "UI",
                "TargetId" : "valuedisplay-47",
                "TargetSection" : ""
              }, {
                "Id" : "6707f49f-c4cc-419b-9641-8f018469876b",
                "PropertyMaps" : [ {
                  "SourceProperty" : "typeDisplayString",
                  "SourcePropertyBaseType" : "STRING",
                  "TargetProperty" : "Data",
                  "TargetPropertyBaseType" : "ANYSCALAR"
                } ],
                "SourceArea" : "Mashup",
                "SourceId" : "mashup-root",
                "SourceSection" : "",
                "TargetArea" : "UI",
                "TargetId" : "valuedisplay-48",
                "TargetSection" : ""
              }, {
                "Id" : "7023f943-348c-431e-9de4-fbee793ef2d2",
                "PropertyMaps" : [ {
                  "SourceProperty" : "typeDisplayString",
                  "SourcePropertyBaseType" : "STRING",
                  "TargetProperty" : "ToolTipField",
                  "TargetPropertyBaseType" : "STRING"
                } ],
                "SourceArea" : "Mashup",
                "SourceId" : "mashup-root",
                "SourceSection" : "",
                "TargetArea" : "UI",
                "TargetId" : "valuedisplay-48",
                "TargetSection" : ""
              }, {
                "Id" : "53f87b5a-a946-4405-b65e-d80db957624b",
                "PropertyMaps" : [ {
                  "SourceProperty" : "dispatchStatusDisplayString",
                  "SourcePropertyBaseType" : "STRING",
                  "TargetProperty" : "Data",
                  "TargetPropertyBaseType" : "ANYSCALAR"
                } ],
                "SourceArea" : "Mashup",
                "SourceId" : "mashup-root",
                "SourceSection" : "",
                "TargetArea" : "UI",
                "TargetId" : "valuedisplay-49",
                "TargetSection" : ""
              }, {
                "Id" : "64c2f5e7-43fc-450f-933c-2bdcbbad2082",
                "PropertyMaps" : [ {
                  "SourceProperty" : "dispatchStatusDisplayString",
                  "SourcePropertyBaseType" : "STRING",
                  "TargetProperty" : "ToolTipField",
                  "TargetPropertyBaseType" : "STRING"
                } ],
                "SourceArea" : "Mashup",
                "SourceId" : "mashup-root",
                "SourceSection" : "",
                "TargetArea" : "UI",
                "TargetId" : "valuedisplay-49",
                "TargetSection" : ""
              }, {
                "Id" : "d3491a24-143f-4774-9008-7848532df645",
                "PropertyMaps" : [ {
                  "SourceProperty" : "UID",
                  "SourcePropertyBaseType" : "STRING",
                  "TargetProperty" : "UID",
                  "TargetPropertyBaseType" : "STRING",
                  "TargetPropertyType" : "Parameter"
                } ],
                "SourceArea" : "Mashup",
                "SourceId" : "mashup-root",
                "SourceSection" : "",
                "TargetArea" : "Data",
                "TargetId" : "JobOrderStart",
                "TargetSection" : "Things_PTC.SCA.SCO.ProductionOrderUtils"
              }, {
                "Id" : "b4f9ec79-70b5-4e14-b672-0734e0ba7824",
                "PropertyMaps" : [ {
                  "SourceProperty" : "UID",
                  "SourcePropertyBaseType" : "STRING",
                  "SourcePropertyType" : "Property",
                  "TargetProperty" : "UID",
                  "TargetPropertyBaseType" : "STRING",
                  "TargetPropertyType" : "property"
                } ],
                "SourceArea" : "Mashup",
                "SourceId" : "mashup-root",
                "SourceSection" : "",
                "TargetArea" : "UI",
                "TargetId" : "navigation-22",
                "TargetSection" : ""
              } , {
                "Id" : "40287f58-f57e-4dda-8d65-3bffecccdf93",
                "PropertyMaps" : [ {
                  "SourceProperty" : "jobOrderID",
                  "SourcePropertyBaseType" : "STRING",
                  "TargetProperty" : "ToolTipField",
                  "TargetPropertyBaseType" : "STRING"
                } ],
                "SourceArea" : "Mashup",
                "SourceId" : "mashup-root",
                "SourceSection" : "",
                "TargetArea" : "UI",
                "TargetId" : "navigation-22",
                "TargetSection" : ""
              } ],
              "DesignTimePermissions" : {
                "Create" : [ ],
                "Delete" : [ ],
                "Metadata" : [ ],
                "Read" : [ ],
                "Update" : [ ]
              },
              "Events" : [ {
                "EventHandlerArea" : "Data",
                "EventHandlerId" : "Things_PTC.SCA.SCO.ProductionOrderUtils",
                "EventHandlerService" : "JobOrderStart",
                "EventTriggerArea" : "UI",
                "EventTriggerEvent" : "Clicked",
                "EventTriggerId" : "button-12",
                "EventTriggerSection" : "",
                "Id" : "ce82e842-8d37-4448-a08a-08d6473f1ee4"
              } ],
              "RunTimePermissions" : {
                "permissions" : [ ]
              },
              "UI" : {
                "Properties" : {
                  "AddToDashboardButtonStyle" : "DefaultAddToDashboardButtonStyle",
                  "Area" : "Mashup",
                  "BGImageRepeat" : "no-repeat",
                  "BGImageSize" : "auto",
                  "Columns" : 0,
                  "ConfigureGadgetButtonStyle" : "DefaultConfigureGadgetButtonStyle",
                  "DisplayName" : "Mashup",
                  "EnableParameterEditing" : false,
                  "Height" : 199,
                  "Id" : "mashup-root",
                  "IgnoreWarningsInViewMashup" : false,
                  "IsPrintLayout" : false,
                  "Left" : 0,
                  "MashupToEditGadget" : "DefaultMashupToEditGadget",
                  "MinHeight" : 0,
                  "MinWidth" : 0,
                  "ResponsiveLayout" : false,
                  "Rows" : 0,
                  "ShowDataLoading" : true,
                  "Style" : {
                    "backgroundColor" : "",
                    "displayString" : "",
                    "fontEmphasisBold" : false,
                    "fontEmphasisItalic" : false,
                    "fontEmphasisUnderline" : false,
                    "foregroundColor" : "",
                    "image" : "",
                    "lineColor" : "",
                    "lineStyle" : "solid",
                    "lineThickness" : 1,
                    "secondaryBackgroundColor" : "",
                    "textSize" : "normal"
                  },
                  "Title" : "",
                  "TitleBar" : false,
                  "TitleBarStyle" : "DefaultTitleBarStyle",
                  "TitleBarText" : "Gadget Title Here",
                  "Top" : 0,
                  "Type" : "mashup",
                  "Visible" : true,
                  "Width" : 577,
                  "Z-index" : 10,
                  "__TypeDisplayName" : "Mashup",
                  "_currentParameterDefs" : [ {
                    "BaseType" : "STRING",
                    "Description" : "",
                    "ParameterName" : "jobOrderID"
                  }, {
                    "BaseType" : "STRING",
                    "Description" : "",
                    "ParameterName" : "priorityDisplayString"
                  }, {
                    "BaseType" : "STRING",
                    "Description" : "",
                    "ParameterName" : "typeDisplayString"
                  }, {
                    "BaseType" : "STRING",
                    "Description" : "",
                    "ParameterName" : "location"
                  }, {
                    "BaseType" : "STRING",
                    "Description" : "",
                    "ParameterName" : "workTypeDisplayString"
                  }, {
                    "BaseType" : "INTEGER",
                    "DefaultValue" : 6,
                    "Description" : "",
                    "ParameterName" : "dispatchStatus"
                  }, {
                    "BaseType" : "STRING",
                    "DefaultValue" : "",
                    "Description" : "",
                    "ParameterName" : "dispatchStatusDisplayString"
                  }, {
                    "BaseType" : "STRING",
                    "Description" : "",
                    "ParameterName" : "productionOrderNumber"
                  }, {
                    "BaseType" : "STRING",
                    "Description" : "",
                    "ParameterName" : "UID"
                  } ],
                  "dispatchStatus" : 6,
                  "dispatchStatusDisplayString" : "",
                  "id_index" : 54,
                  "supportsAutoResize" : true
                },
                "Widgets" : [ {
                  "Properties" : {
                    "Area" : "UI",
                    "DisplayName" : "panel-root",
                    "Height" : 199,
                    "HideScrollbars" : false,
                    "HorizontalAnchor" : "left",
                    "Id" : "panel-1",
                    "Left" : 0,
                    "ResponsiveLayout" : false,
                    "ShowDataLoading" : true,
                    "Style" : {
                      "backgroundColor" : "",
                      "displayString" : "",
                      "fontEmphasisBold" : false,
                      "fontEmphasisItalic" : false,
                      "fontEmphasisUnderline" : false,
                      "foregroundColor" : "",
                      "image" : "",
                      "lineColor" : "",
                      "lineStyle" : "solid",
                      "lineThickness" : 1,
                      "secondaryBackgroundColor" : "",
                      "textSize" : "normal"
                    },
                    "Top" : 0,
                    "Type" : "panel",
                    "VerticalAnchor" : "top",
                    "Visible" : true,
                    "Width" : 577,
                    "Z-index" : 10,
                    "__TypeDisplayName" : "Panel"
                  },
                  "Widgets" : [ {
                    "Properties" : {
                      "Area" : "UI",
                      "DisplayName" : "panel-summary",
                      "Height" : 199,
                      "HideScrollbars" : false,
                      "HorizontalAnchor" : "left",
                      "Id" : "panel-38",
                      "Left" : 0,
                      "ResponsiveLayout" : false,
                      "ShowDataLoading" : true,
                      "Style" : "PTC.SCA.SCO.JobOrder.PanelStyleDefinition",
                      "Top" : 0,
                      "Type" : "panel",
                      "VerticalAnchor" : "top",
                      "Visible" : true,
                      "Width" : 577,
                      "Z-index" : 10,
                      "__TypeDisplayName" : "Panel"
                    },
                    "Widgets" : [ {
                      "Properties" : {
                        "Alignment" : "left",
                        "Area" : "UI",
                        "ClickOutsideToClose" : false,
                        "CustomClass" : "",
                        "DisplayName" : "navigation-OrderNumber",
                        "FixedPopupHeight" : 0,
                        "FixedPopupWidth" : 0,
                        "Height" : 20,
                        "IconAlignment" : "left",
                        "Id" : "navigation-22",
                        "Left" : 26.9886474609375,
                        "MashupName" : "PTC.SCA.SCO.JobOrder.DetailContainerMashup",
                        "MashupParameters" : [ {
                          "BaseType" : "STRING",
                          "Description" : "",
                          "ParameterName" : "UID",
                          "ParmDef" : {
                            "aspects" : {
                              "ordinal" : "0"
                            },
                            "baseType" : "STRING",
                            "description" : "",
                            "name" : "UID",
                            "ordinal" : 0
                          }
                        } ],
                        "MessageToShow" : "Mashup must be selected",
                        "ModalPopupOpacity" : 0.5,
                        "NavigationActiveStyle" : "PTC.SCA.SCO.JobOrder.LinkActiveStyleDefinition",
                        "NavigationFocusStyle" : "PTC.SCA.SCO.JobOrder.LinkHoverStyleDefinition",
                        "NavigationHoverStyle" : "PTC.SCA.SCO.JobOrder.LinkHoverStyleDefinition",
                        "PopupScrolling" : "auto",
                        "PopupTitle" : "",
                        "PopupTitleStyle" : "PTC.SCA.SCO.JobOrder.LinkActiveStyleDefinition",
                        "ReloadOnReplace" : false,
                        "ResponsiveLayout" : false,
                        "RoundedCorners" : false,
                        "ShowCloseButton" : true,
                        "ShowDataLoading" : true,
                        "ShowMessageIfNoMashup" : false,
                        "Style" : "PTC.SCA.SCO.JobOrder.LinkActiveStyleDefinition",
                        "TabSequence" : 0,
                        "TargetWindow" : "replace",
                        "Text" : "Production Order Number",
                        "ToolTipField" : "",
                        "ToolTipStyle" : "DefaultTooltipStyle",
                        "Top" : 16.988632202148438,
                        "Transparent" : false,
                        "Type" : "navigation",
                        "Visible" : true,
                        "Width" : 500,
                        "Z-index" : 10,
                        "__TypeDisplayName" : "Navigation",
                        "__supportsTooltip" : true
                      },
                      "Widgets" : [ ]
                    }, {
                      "Properties" : {
                        "Area" : "UI",
                        "DisplayName" : "panel-31",
                        "Height" : 1,
                        "HideScrollbars" : false,
                        "HorizontalAnchor" : "left",
                        "Id" : "panel-31",
                        "Left" : 36,
                        "ResponsiveLayout" : false,
                        "ShowDataLoading" : true,
                        "Style" : "PTC.SCA.SCO.JobOrder.LineStyleDefinition",
                        "Top" : 41,
                        "Type" : "panel",
                        "VerticalAnchor" : "top",
                        "Visible" : true,
                        "Width" : 235,
                        "Z-index" : 10,
                        "__TypeDisplayName" : "Panel"
                      },
                      "Widgets" : [ ]
                    }, {
                      "Properties" : {
                        "Area" : "UI",
                        "DisplayName" : "panel-34",
                        "Height" : 1,
                        "HideScrollbars" : false,
                        "HorizontalAnchor" : "left",
                        "Id" : "panel-34",
                        "Left" : 321,
                        "ResponsiveLayout" : false,
                        "ShowDataLoading" : true,
                        "Style" : "PTC.SCA.SCO.JobOrder.LineStyleDefinition",
                        "Top" : 41,
                        "Type" : "panel",
                        "VerticalAnchor" : "top",
                        "Visible" : true,
                        "Width" : 235,
                        "Z-index" : 10,
                        "__TypeDisplayName" : "Panel"
                      },
                      "Widgets" : [ ]
                    }, {
                      "Properties" : {
                        "Area" : "UI",
                        "DisplayName" : "panel-32",
                        "Height" : 1,
                        "HideScrollbars" : false,
                        "HorizontalAnchor" : "left",
                        "Id" : "panel-32",
                        "Left" : 36,
                        "ResponsiveLayout" : false,
                        "ShowDataLoading" : true,
                        "Style" : "PTC.SCA.SCO.JobOrder.LineStyleDefinition",
                        "Top" : 72,
                        "Type" : "panel",
                        "VerticalAnchor" : "top",
                        "Visible" : true,
                        "Width" : 235,
                        "Z-index" : 10,
                        "__TypeDisplayName" : "Panel"
                      },
                      "Widgets" : [ ]
                    }, {
                      "Properties" : {
                        "Area" : "UI",
                        "DisplayName" : "panel-35",
                        "Height" : 1,
                        "HideScrollbars" : false,
                        "HorizontalAnchor" : "left",
                        "Id" : "panel-35",
                        "Left" : 321,
                        "ResponsiveLayout" : false,
                        "ShowDataLoading" : true,
                        "Style" : "PTC.SCA.SCO.JobOrder.LineStyleDefinition",
                        "Top" : 72,
                        "Type" : "panel",
                        "VerticalAnchor" : "top",
                        "Visible" : true,
                        "Width" : 235,
                        "Z-index" : 10,
                        "__TypeDisplayName" : "Panel"
                      },
                      "Widgets" : [ ]
                    }, {
                      "Properties" : {
                        "Area" : "UI",
                        "DisplayName" : "panel-36",
                        "Height" : 1,
                        "HideScrollbars" : false,
                        "HorizontalAnchor" : "left",
                        "Id" : "panel-36",
                        "Left" : 321,
                        "ResponsiveLayout" : false,
                        "ShowDataLoading" : true,
                        "Style" : "PTC.SCA.SCO.JobOrder.LineStyleDefinition",
                        "Top" : 103,
                        "Type" : "panel",
                        "VerticalAnchor" : "top",
                        "Visible" : true,
                        "Width" : 235,
                        "Z-index" : 10,
                        "__TypeDisplayName" : "Panel"
                      },
                      "Widgets" : [ ]
                    }, {
                      "Properties" : {
                        "Area" : "UI",
                        "DisplayName" : "panel-33",
                        "Height" : 1,
                        "HideScrollbars" : false,
                        "HorizontalAnchor" : "left",
                        "Id" : "panel-33",
                        "Left" : 36,
                        "ResponsiveLayout" : false,
                        "ShowDataLoading" : true,
                        "Style" : "PTC.SCA.SCO.JobOrder.LineStyleDefinition",
                        "Top" : 103,
                        "Type" : "panel",
                        "VerticalAnchor" : "top",
                        "Visible" : true,
                        "Width" : 235,
                        "Z-index" : 10,
                        "__TypeDisplayName" : "Panel"
                      },
                      "Widgets" : [ ]
                    }, {
                      "Properties" : {
                        "ActiveStyle" : "PTC.SCA.SCO.JobOrder.ButtonActiveStyleDefinition",
                        "Area" : "UI",
                        "CancelConfirmationButton" : "button2",
                        "ConfirmationButton1Label" : "Yes",
                        "ConfirmationButton2Label" : "No",
                        "ConfirmationPrompt" : "Do Action?",
                        "ConfirmationRequired" : false,
                        "ConfirmationTitle" : "Confirm Action",
                        "ContextId" : "",
                        "DefaultConfirmationButton" : "button1",
                        "Description" : "",
                        "Disabled" : false,
                        "DisabledStyle" : "PTC.SCA.SCO.JobOrder.ButtonDisabledStyleDefinition",
                        "DisplayName" : "button-Start",
                        "FocusStyle" : "PTC.SCA.SCO.JobOrder.ButtonHoverStyleDefinition",
                        "Height" : 44,
                        "HoverStyle" : "PTC.SCA.SCO.JobOrder.ButtonHoverStyleDefinition",
                        "IconAlignment" : "left",
                        "Id" : "button-12",
                        "Label" : "[[PTC.SCA.SCO.StartLabel]]",
                        "Left" : 456,
                        "ResponsiveLayout" : false,
                        "RoundedCorners" : false,
                        "ShowDataLoading" : true,
                        "Style" : "PTC.SCA.SCO.JobOrder.ButtonActiveStyleDefinition",
                        "TabSequence" : 0,
                        "ToolTipField" : "",
                        "ToolTipStyle" : "DefaultTooltipStyle",
                        "Top" : 134,
                        "Type" : "button",
                        "Visible" : true,
                        "Width" : 100,
                        "Z-index" : 10,
                        "__TypeDisplayName" : "Button",
                        "__supportsTooltip" : true
                      },
                      "Widgets" : [ ]
                    }, {
                      "Properties" : {
                        "Alignment" : "left",
                        "Area" : "UI",
                        "BackgroundFill" : "content",
                        "Description" : "",
                        "DisplayName" : "valuedisplay-Priority",
                        "Height" : 19,
                        "Id" : "valuedisplay-45",
                        "ImageScaling" : "Width",
                        "Label" : "",
                        "LabelAlignment" : "left",
                        "Left" : 133,
                        "Overflow" : "hidden",
                        "ResponsiveLayout" : false,
                        "ShowDataLoading" : true,
                        "TextIfNoValue" : "",
                        "TextIfNoValueOffset" : 0,
                        "TextIfNoValueStyle" : "PTC.SCA.SCO.JobOrder.14pxLabelTextStyleDefinition",
                        "TextWrap" : false,
                        "ToolTipField" : "",
                        "ToolTipStyle" : "DefaultTooltipStyle",
                        "Top" : 47,
                        "Type" : "valuedisplay",
                        "ValueDisplayLabelStyle" : "PTC.SCA.SCO.JobOrder.14pxLabelTextStyleDefinition",
                        "ValueDisplayStyle" : "PTC.SCA.SCO.JobOrder.14pxLabelTextStyleDefinition",
                        "ValueFormat" : {
                          "renderer" : "DEFAULT"
                        },
                        "ValueFormat_StateParameters" : [ ],
                        "VerticalAlignment" : "middle",
                        "Visible" : true,
                        "Width" : 140,
                        "Z-index" : 10,
                        "__TypeDisplayName" : "Value Display",
                        "__supportsLabel" : true,
                        "__supportsTooltip" : true
                      },
                      "Widgets" : [ ]
                    }, {
                      "Properties" : {
                        "Alignment" : "left",
                        "Area" : "UI",
                        "BackgroundFill" : "content",
                        "Description" : "",
                        "DisplayName" : "valuedisplay-Location",
                        "Height" : 19,
                        "Id" : "valuedisplay-46",
                        "ImageScaling" : "Width",
                        "Label" : "",
                        "LabelAlignment" : "left",
                        "Left" : 133,
                        "Overflow" : "hidden",
                        "ResponsiveLayout" : false,
                        "ShowDataLoading" : true,
                        "TextIfNoValue" : "",
                        "TextIfNoValueOffset" : 0,
                        "TextIfNoValueStyle" : "PTC.SCA.SCO.JobOrder.14pxLabelTextStyleDefinition",
                        "TextWrap" : false,
                        "ToolTipField" : "",
                        "ToolTipStyle" : "DefaultTooltipStyle",
                        "Top" : 78,
                        "Type" : "valuedisplay",
                        "ValueDisplayLabelStyle" : "PTC.SCA.SCO.JobOrder.14pxLabelTextStyleDefinition",
                        "ValueDisplayStyle" : "PTC.SCA.SCO.JobOrder.14pxLabelTextStyleDefinition",
                        "ValueFormat" : {
                          "renderer" : "DEFAULT"
                        },
                        "ValueFormat_StateParameters" : [ ],
                        "VerticalAlignment" : "middle",
                        "Visible" : true,
                        "Width" : 140,
                        "Z-index" : 10,
                        "__TypeDisplayName" : "Value Display",
                        "__supportsLabel" : true,
                        "__supportsTooltip" : true
                      },
                      "Widgets" : [ ]
                    }, {
                      "Properties" : {
                        "Alignment" : "left",
                        "Area" : "UI",
                        "BackgroundFill" : "content",
                        "Description" : "",
                        "DisplayName" : "valuedisplay-Category",
                        "Height" : 19,
                        "Id" : "valuedisplay-47",
                        "ImageScaling" : "Width",
                        "Label" : "",
                        "LabelAlignment" : "left",
                        "Left" : 133,
                        "Overflow" : "hidden",
                        "ResponsiveLayout" : false,
                        "ShowDataLoading" : true,
                        "TextIfNoValue" : "",
                        "TextIfNoValueOffset" : 0,
                        "TextIfNoValueStyle" : "PTC.SCA.SCO.JobOrder.14pxLabelTextStyleDefinition",
                        "TextWrap" : false,
                        "ToolTipField" : "",
                        "ToolTipStyle" : "DefaultTooltipStyle",
                        "Top" : 109,
                        "Type" : "valuedisplay",
                        "ValueDisplayLabelStyle" : "PTC.SCA.SCO.JobOrder.14pxLabelTextStyleDefinition",
                        "ValueDisplayStyle" : "PTC.SCA.SCO.JobOrder.14pxLabelTextStyleDefinition",
                        "ValueFormat" : {
                          "renderer" : "DEFAULT"
                        },
                        "ValueFormat_StateParameters" : [ ],
                        "VerticalAlignment" : "middle",
                        "Visible" : true,
                        "Width" : 140,
                        "Z-index" : 10,
                        "__TypeDisplayName" : "Value Display",
                        "__supportsLabel" : true,
                        "__supportsTooltip" : true
                      },
                      "Widgets" : [ ]
                    }, {
                      "Properties" : {
                        "Alignment" : "left",
                        "Area" : "UI",
                        "BackgroundFill" : "content",
                        "Description" : "",
                        "DisplayName" : "valuedisplay-Type",
                        "Height" : 19,
                        "Id" : "valuedisplay-48",
                        "ImageScaling" : "Width",
                        "Label" : "",
                        "LabelAlignment" : "left",
                        "Left" : 400,
                        "Overflow" : "hidden",
                        "ResponsiveLayout" : false,
                        "ShowDataLoading" : true,
                        "TextIfNoValue" : "",
                        "TextIfNoValueOffset" : 0,
                        "TextIfNoValueStyle" : "PTC.SCA.SCO.JobOrder.14pxLabelTextStyleDefinition",
                        "TextWrap" : false,
                        "ToolTipField" : "",
                        "ToolTipStyle" : "DefaultTooltipStyle",
                        "Top" : 47,
                        "Type" : "valuedisplay",
                        "ValueDisplayLabelStyle" : "PTC.SCA.SCO.JobOrder.14pxLabelTextStyleDefinition",
                        "ValueDisplayStyle" : "PTC.SCA.SCO.JobOrder.14pxLabelTextStyleDefinition",
                        "ValueFormat" : {
                          "renderer" : "DEFAULT"
                        },
                        "ValueFormat_StateParameters" : [ ],
                        "VerticalAlignment" : "middle",
                        "Visible" : true,
                        "Width" : 140,
                        "Z-index" : 10,
                        "__TypeDisplayName" : "Value Display",
                        "__supportsLabel" : true,
                        "__supportsTooltip" : true
                      },
                      "Widgets" : [ ]
                    }, {
                      "Properties" : {
                        "Alignment" : "left",
                        "Area" : "UI",
                        "BackgroundFill" : "content",
                        "Description" : "",
                        "DisplayName" : "valuedisplay-Status",
                        "Height" : 19,
                        "Id" : "valuedisplay-49",
                        "ImageScaling" : "Width",
                        "Label" : "",
                        "LabelAlignment" : "left",
                        "Left" : 400,
                        "Overflow" : "hidden",
                        "ResponsiveLayout" : false,
                        "ShowDataLoading" : true,
                        "TextIfNoValue" : "",
                        "TextIfNoValueOffset" : 0,
                        "TextIfNoValueStyle" : "PTC.SCA.SCO.JobOrder.14pxLabelTextStyleDefinition",
                        "TextWrap" : false,
                        "ToolTipField" : "",
                        "ToolTipStyle" : "DefaultTooltipStyle",
                        "Top" : 78,
                        "Type" : "valuedisplay",
                        "ValueDisplayLabelStyle" : "PTC.SCA.SCO.JobOrder.14pxLabelTextStyleDefinition",
                        "ValueDisplayStyle" : "PTC.SCA.SCO.JobOrder.14pxLabelTextStyleDefinition",
                        "ValueFormat" : {
                          "renderer" : "DEFAULT"
                        },
                        "ValueFormat_StateParameters" : [ ],
                        "VerticalAlignment" : "middle",
                        "Visible" : true,
                        "Width" : 140,
                        "Z-index" : 10,
                        "__TypeDisplayName" : "Value Display",
                        "__supportsLabel" : true,
                        "__supportsTooltip" : true
                      },
                      "Widgets" : [ ]
                    }, {
                      "Properties" : {
                        "Alignment" : "left",
                        "Area" : "UI",
                        "BackgroundFill" : "content",
                        "Description" : "",
                        "DisplayName" : "valuedisplay-PriorityLabel",
                        "Height" : 19,
                        "Id" : "valuedisplay-50",
                        "ImageScaling" : "Width",
                        "Label" : "",
                        "LabelAlignment" : "left",
                        "Left" : 36,
                        "Overflow" : "hidden",
                        "ResponsiveLayout" : false,
                        "ShowDataLoading" : true,
                        "TextIfNoValue" : "[[PTC.SCA.SCO.PriorityLabel]]",
                        "TextIfNoValueOffset" : 0,
                        "TextIfNoValueStyle" : "PTC.SCA.SCO.JobOrder.14pxLabelTextStyleDefinition",
                        "TextWrap" : false,
                        "ToolTipField" : "",
                        "ToolTipStyle" : "DefaultTooltipStyle",
                        "Top" : 47,
                        "Type" : "valuedisplay",
                        "ValueDisplayLabelStyle" : "PTC.SCA.SCO.JobOrder.14pxLabelTextStyleDefinition",
                        "ValueDisplayStyle" : "PTC.SCA.SCO.JobOrder.14pxLabelTextStyleDefinition",
                        "ValueFormat" : {
                          "renderer" : "DEFAULT"
                        },
                        "ValueFormat_StateParameters" : [ ],
                        "VerticalAlignment" : "middle",
                        "Visible" : true,
                        "Width" : 97,
                        "Z-index" : 10,
                        "__TypeDisplayName" : "Value Display",
                        "__supportsLabel" : true,
                        "__supportsTooltip" : true
                      },
                      "Widgets" : [ ]
                    }, {
                      "Properties" : {
                        "Alignment" : "left",
                        "Area" : "UI",
                        "BackgroundFill" : "content",
                        "Description" : "",
                        "DisplayName" : "valuedisplay-LocationLabel",
                        "Height" : 19,
                        "Id" : "valuedisplay-51",
                        "ImageScaling" : "Width",
                        "Label" : "",
                        "LabelAlignment" : "left",
                        "Left" : 36,
                        "Overflow" : "hidden",
                        "ResponsiveLayout" : false,
                        "ShowDataLoading" : true,
                        "TextIfNoValue" : "[[PTC.SCA.SCO.LocationLabel]]",
                        "TextIfNoValueOffset" : 0,
                        "TextIfNoValueStyle" : "PTC.SCA.SCO.JobOrder.14pxLabelTextStyleDefinition",
                        "TextWrap" : false,
                        "ToolTipField" : "",
                        "ToolTipStyle" : "DefaultTooltipStyle",
                        "Top" : 78,
                        "Type" : "valuedisplay",
                        "ValueDisplayLabelStyle" : "PTC.SCA.SCO.JobOrder.14pxLabelTextStyleDefinition",
                        "ValueDisplayStyle" : "PTC.SCA.SCO.JobOrder.14pxLabelTextStyleDefinition",
                        "ValueFormat" : {
                          "renderer" : "DEFAULT"
                        },
                        "ValueFormat_StateParameters" : [ ],
                        "VerticalAlignment" : "middle",
                        "Visible" : true,
                        "Width" : 97,
                        "Z-index" : 10,
                        "__TypeDisplayName" : "Value Display",
                        "__supportsLabel" : true,
                        "__supportsTooltip" : true
                      },
                      "Widgets" : [ ]
                    }, {
                      "Properties" : {
                        "Alignment" : "left",
                        "Area" : "UI",
                        "BackgroundFill" : "content",
                        "Description" : "",
                        "DisplayName" : "valuedisplay-CategoryLabel",
                        "Height" : 19,
                        "Id" : "valuedisplay-52",
                        "ImageScaling" : "Width",
                        "Label" : "",
                        "LabelAlignment" : "left",
                        "Left" : 36,
                        "Overflow" : "hidden",
                        "ResponsiveLayout" : false,
                        "ShowDataLoading" : true,
                        "TextIfNoValue" : "[[PTC.SCA.SCO.CategoryLabel]]",
                        "TextIfNoValueOffset" : 0,
                        "TextIfNoValueStyle" : "PTC.SCA.SCO.JobOrder.14pxLabelTextStyleDefinition",
                        "TextWrap" : false,
                        "ToolTipField" : "",
                        "ToolTipStyle" : "DefaultTooltipStyle",
                        "Top" : 109,
                        "Type" : "valuedisplay",
                        "ValueDisplayLabelStyle" : "PTC.SCA.SCO.JobOrder.14pxLabelTextStyleDefinition",
                        "ValueDisplayStyle" : "PTC.SCA.SCO.JobOrder.14pxLabelTextStyleDefinition",
                        "ValueFormat" : {
                          "renderer" : "DEFAULT"
                        },
                        "ValueFormat_StateParameters" : [ ],
                        "VerticalAlignment" : "middle",
                        "Visible" : true,
                        "Width" : 97,
                        "Z-index" : 10,
                        "__TypeDisplayName" : "Value Display",
                        "__supportsLabel" : true,
                        "__supportsTooltip" : true
                      },
                      "Widgets" : [ ]
                    }, {
                      "Properties" : {
                        "Alignment" : "left",
                        "Area" : "UI",
                        "BackgroundFill" : "content",
                        "Description" : "",
                        "DisplayName" : "valuedisplay-TypeLabel",
                        "Height" : 19,
                        "Id" : "valuedisplay-53",
                        "ImageScaling" : "Width",
                        "Label" : "",
                        "LabelAlignment" : "left",
                        "Left" : 321,
                        "Overflow" : "hidden",
                        "ResponsiveLayout" : false,
                        "ShowDataLoading" : true,
                        "TextIfNoValue" : "[[PTC.SCA.SCO.TypeLabel]]",
                        "TextIfNoValueOffset" : 0,
                        "TextIfNoValueStyle" : "PTC.SCA.SCO.JobOrder.14pxLabelTextStyleDefinition",
                        "TextWrap" : false,
                        "ToolTipField" : "",
                        "ToolTipStyle" : "DefaultTooltipStyle",
                        "Top" : 47,
                        "Type" : "valuedisplay",
                        "ValueDisplayLabelStyle" : "PTC.SCA.SCO.JobOrder.14pxLabelTextStyleDefinition",
                        "ValueDisplayStyle" : "PTC.SCA.SCO.JobOrder.14pxLabelTextStyleDefinition",
                        "ValueFormat" : {
                          "renderer" : "DEFAULT"
                        },
                        "ValueFormat_StateParameters" : [ ],
                        "VerticalAlignment" : "middle",
                        "Visible" : true,
                        "Width" : 79,
                        "Z-index" : 10,
                        "__TypeDisplayName" : "Value Display",
                        "__supportsLabel" : true,
                        "__supportsTooltip" : true
                      },
                      "Widgets" : [ ]
                    }, {
                      "Properties" : {
                        "Alignment" : "left",
                        "Area" : "UI",
                        "BackgroundFill" : "content",
                        "Description" : "",
                        "DisplayName" : "valuedisplay-StatusLabel",
                        "Height" : 19,
                        "Id" : "valuedisplay-54",
                        "ImageScaling" : "Width",
                        "Label" : "",
                        "LabelAlignment" : "left",
                        "Left" : 321,
                        "Overflow" : "hidden",
                        "ResponsiveLayout" : false,
                        "ShowDataLoading" : true,
                        "TextIfNoValue" : "[[PTC.SCA.SCO.StatusLabel]]",
                        "TextIfNoValueOffset" : 0,
                        "TextIfNoValueStyle" : "PTC.SCA.SCO.JobOrder.14pxLabelTextStyleDefinition",
                        "TextWrap" : false,
                        "ToolTipField" : "",
                        "ToolTipStyle" : "DefaultTooltipStyle",
                        "Top" : 78,
                        "Type" : "valuedisplay",
                        "ValueDisplayLabelStyle" : "PTC.SCA.SCO.JobOrder.14pxLabelTextStyleDefinition",
                        "ValueDisplayStyle" : "PTC.SCA.SCO.JobOrder.14pxLabelTextStyleDefinition",
                        "ValueFormat" : {
                          "renderer" : "DEFAULT"
                        },
                        "ValueFormat_StateParameters" : [ ],
                        "VerticalAlignment" : "middle",
                        "Visible" : true,
                        "Width" : 79,
                        "Z-index" : 10,
                        "__TypeDisplayName" : "Value Display",
                        "__supportsLabel" : true,
                        "__supportsTooltip" : true
                      },
                      "Widgets" : [ ]
                    } ]
                  }, {
                    "Properties" : {
                      "Alignment" : "left",
                      "Area" : "UI",
                      "BackgroundFill" : "widget",
                      "Description" : "",
                      "DisplayName" : "valuedisplay-statusColor",
                      "Height" : 199,
                      "Id" : "valuedisplay-10",
                      "ImageScaling" : "Width",
                      "Label" : "",
                      "LabelAlignment" : "left",
                      "Left" : 0,
                      "Overflow" : "hidden",
                      "ResponsiveLayout" : false,
                      "ShowDataLoading" : true,
                      "TextIfNoValue" : "",
                      "TextIfNoValueOffset" : 0,
                      "TextIfNoValueStyle" : {
                        "backgroundColor" : "",
                        "displayString" : "",
                        "fontEmphasisBold" : false,
                        "fontEmphasisItalic" : false,
                        "fontEmphasisUnderline" : false,
                        "foregroundColor" : "",
                        "image" : "",
                        "lineColor" : "",
                        "lineStyle" : "solid",
                        "lineThickness" : 1,
                        "secondaryBackgroundColor" : "",
                        "textSize" : "normal"
                      },
                      "TextWrap" : false,
                      "ToolTipField" : "",
                      "ToolTipStyle" : "DefaultTooltipStyle",
                      "Top" : 0,
                      "Type" : "valuedisplay",
                      "ValueDisplayLabelStyle" : {
                        "backgroundColor" : "",
                        "displayString" : "",
                        "fontEmphasisBold" : false,
                        "fontEmphasisItalic" : false,
                        "fontEmphasisUnderline" : false,
                        "foregroundColor" : "",
                        "image" : "",
                        "lineColor" : "",
                        "lineStyle" : "solid",
                        "lineThickness" : 1,
                        "secondaryBackgroundColor" : "",
                        "textSize" : "normal"
                      },
                      "ValueDisplayStyle" : {
                        "backgroundColor" : "",
                        "displayString" : "",
                        "fontEmphasisBold" : false,
                        "fontEmphasisItalic" : false,
                        "fontEmphasisUnderline" : false,
                        "foregroundColor" : "",
                        "image" : "",
                        "lineColor" : "",
                        "lineStyle" : "solid",
                        "lineThickness" : 1,
                        "secondaryBackgroundColor" : "",
                        "textSize" : "normal"
                      },
                      "ValueFormat" : {
                        "FormatString" : "",
                        "formatInfo" : {
                          "FieldName" : "dispatchStatus",
                          "StateDefinition" : "PTC.SCA.SCO.JobOrder.StatusColorStateDefinition",
                          "StateDefinitionType" : "string",
                          "StateFormats" : [ {
                            "comparator" : "==",
                            "state" : "PTC.SCA.SCO.JobOrder.Status.DispatchedStyleDefinition",
                            "stateName" : "Dispatched",
                            "value" : "1"
                          }, {
                            "comparator" : "==",
                            "state" : "PTC.SCA.SCO.JobOrder.Status.PendingStyleDefinition",
                            "stateName" : "Pending",
                            "value" : "2"
                          }, {
                            "comparator" : "==",
                            "state" : "PTC.SCA.SCO.JobOrder.Status.HeldStyleDefinition",
                            "stateName" : "Held",
                            "value" : "3"
                          }, {
                            "comparator" : "==",
                            "state" : "PTC.SCA.SCO.JobOrder.Status.CancelledStyleDefinition",
                            "stateName" : "Cancelled",
                            "value" : "4"
                          }, {
                            "comparator" : "==",
                            "state" : "PTC.SCA.SCO.JobOrder.Status.DelayedStyleDefinition",
                            "stateName" : "Delayed",
                            "value" : "5"
                          }, {
                            "comparator" : "==",
                            "state" : "PTC.SCA.SCO.JobOrder.Status.CompletedStyleDefinition",
                            "stateName" : "Completed",
                            "value" : "6"
                          }, {
                            "state" : "PTC.SCA.SCO.JobOrder.Status.DispatchedStyleDefinition",
                            "stateName" : ""
                          } ]
                        },
                        "renderer" : "DEFAULT",
                        "roundingEnabled" : true
                      },
                      "ValueFormat_StateParameters" : [ {
                        "BaseType" : "STRING",
                        "DefaultValue" : "1",
                        "Description" : "Dispatched",
                        "ParameterName" : "ValueFormat_Dispatched"
                      }, {
                        "BaseType" : "STRING",
                        "DefaultValue" : "2",
                        "Description" : "Pending",
                        "ParameterName" : "ValueFormat_Pending"
                      }, {
                        "BaseType" : "STRING",
                        "DefaultValue" : "3",
                        "Description" : "Held",
                        "ParameterName" : "ValueFormat_Held"
                      }, {
                        "BaseType" : "STRING",
                        "DefaultValue" : "4",
                        "Description" : "Cancelled",
                        "ParameterName" : "ValueFormat_Cancelled"
                      }, {
                        "BaseType" : "STRING",
                        "DefaultValue" : "5",
                        "Description" : "Delayed",
                        "ParameterName" : "ValueFormat_Delayed"
                      }, {
                        "BaseType" : "STRING",
                        "DefaultValue" : "6",
                        "Description" : "Completed",
                        "ParameterName" : "ValueFormat_Completed"
                      } ],
                      "VerticalAlignment" : "middle",
                      "Visible" : true,
                      "Width" : 16,
                      "Z-index" : 10,
                      "__TypeDisplayName" : "Value Display",
                      "__supportsLabel" : true,
                      "__supportsTooltip" : true
                    },
                    "Widgets" : [ ]
                  } ]
                } ]
              },
              "mashupType" : "mashup"
            }
            ]]>
            </mashupContent>
        </Mashup>
    </Mashups>
</Entities>
