<Entities>
	<ExtensionPackages>
		<ExtensionPackage name="RadioButton_ExtensionPackage"
						  description="Generic Radio Button Widget"
						  vendor="ThingWorx Customer Service"
						  packageVersion="2.0.2" 
						  minimumThingWorxVersion="4.0.0"> 
		</ExtensionPackage>
	</ExtensionPackages>
	<Widgets>
		<Widget name="radiobutton">
			<UIResources>
				<FileResource type="JS" file="radiobutton.ide.js" description="" isDevelopment="true" isRuntime="false" />
				<FileResource type="CSS" file="radiobutton.ide.css" description="" isDevelopment="true" isRuntime="false" />
				<FileResource type="JS" file="radiobutton.runtime.js" description="" isDevelopment="false" isRuntime="true" />
				<FileResource type="CSS" file="radiobutton.runtime.css" description="" isDevelopment="false" isRuntime="true" />
			</UIResources>
		</Widget>
	</Widgets>
</Entities>