<?xml version="1.0" encoding="UTF-8"?>
<Entities>
    <Projects>
        <Project
         aspect.isEditableExtensionObject="false"
         aspect.isExtension="true"
         dependsOn="PTC.SCA.SCO:8.5.0"
         description="Project for extension Common {PTC.SCA.SCO.Common}"
         documentationContent=""
         homeMashup=""
         lastModifiedDate="2017-04-17T17:46:20.775Z"
         name="PTC.SCA.SCO.Common"
         packageVersion="8.5.0"
         projectName="PTC.SCA.SCO.Common"
         tags="PTC:sca-sco;PTC:sca-sco-common">
            <avatar></avatar>
            <DesignTimePermissions>
                <Create></Create>
                <Read></Read>
                <Update></Update>
                <Delete></Delete>
                <Metadata></Metadata>
            </DesignTimePermissions>
            <RunTimePermissions></RunTimePermissions>
            <VisibilityPermissions>
                <Visibility></Visibility>
            </VisibilityPermissions>
            <ConfigurationTables></ConfigurationTables>
        </Project>
    </Projects>
</Entities>
