<?xml version="1.0" encoding="UTF-8" standalone="no"?>
<Entities build="b155" majorVersion="7" minorVersion="2" modelPersistenceProviderPackage="NeoPersistenceProviderPackage" revision="2"
          schemaVersion="809">
    <ThingTemplates>
        <ThingTemplate name="ConnectionServicesHub" thingPackage="ConnectionServicesHub"
                       description="The ConnectionServices Hub is the thing that enables interactions (events, services) with various device adapters." tags="Applications:CXS" aspect.isEditableExtensionObject="true">
            <avatar></avatar>
            <ThingShape>
                <EventDefinitions>
                    <EventDefinition dataShape="CXSEvent.WritePropertyError" description="Indicates a failure to write a property or properties on a Thing. Details are in the context object." name="WritePropertyError"/>
                    <EventDefinition dataShape="CXSEvent.AuthenticationError" description="Indicates a failure to authenticate a request." name="AuthenticationError"/>
                    <EventDefinition dataShape="CXSEvent.InternalError" description="Indicates a Connection server error. Details are in the context object." name="InternalError"/>
                    <EventDefinition dataShape="CXSEvent.ProtocolError" description="Indicates a protocol exchange problem with the edge device has occurred, such as a malformed or unexpected message. Details are in the context object." name="ProtocolError"/>
                    <EventDefinition dataShape="CXSEvent.EdgeError" description="Indicates a problem occurred on the edge device. Details are in the context object." name="EdgeError"/>
                    <EventDefinition dataShape="CXSEvent.UserError" description="Indicates a problem with the user-controlled configuration on the platform." name="UserError"/>
                    <EventDefinition dataShape="CXSEvent.FileNotFoundError" description="Indicates a requested file could not be found. Details are in the context object." name="FileNotFoundError"/>
                    <EventDefinition dataShape="CXSEvent.ThingNotFoundError" description="Indicates a requested Thing could not be found. Details are in the context object." name="ThingNotFoundError"/>
                    <EventDefinition dataShape="CXSEvent.ClearCacheEntry" description="Instructs connection server(s) to clear an entry in a cache." name="ClearCacheEntry"/>
                </EventDefinitions>
            </ThingShape>
        </ThingTemplate>
    </ThingTemplates>
</Entities>