<?xml version="1.0" encoding="UTF-8"?>
<Entities
 majorVersion="0"
 minorVersion="0"
 universal="password">
    <Menus>
        <Menu
         aspect.isEditableExtensionObject="false"
         aspect.isExtension="true"
         description="Sub menu for manufacturing planning. {PTC.Factory.Demo.ManufacturingPlanningSubMenu}"
         documentationContent=""
         homeMashup=""
         imageURL=""
         menuLabel="[[PTC.Factory.Demo.ManufacturingPlanningTileLabel]]"
         name="PTC.Factory.Demo.ManufacturingPlanningSubMenu"
         projectName="PTC.Factory.Demo.WorkDefinition.Display"
         tags="PTC:factory-demo">
            <avatar></avatar>
            <DesignTimePermissions>
                <Create></Create>
                <Read></Read>
                <Update></Update>
                <Delete></Delete>
                <Metadata></Metadata>
            </DesignTimePermissions>
            <RunTimePermissions></RunTimePermissions>
            <VisibilityPermissions>
                <Visibility></Visibility>
            </VisibilityPermissions>
            <ConfigurationTableDefinitions></ConfigurationTableDefinitions>
            <ConfigurationTables></ConfigurationTables>
            <MenuItems>
                <MenuItem
                 description=""
                 imageURL=""
                 isDefault="false"
                 linkDestination="PTC.Factory.Demo.MaterialManagementMashup"
                 linkTarget="Self"
                 linkType="Mashup"
                 title="[[PTC.Factory.Demo.MaterialsMenuName]]">
                    <GroupReferences>
                        <Members></Members>
                    </GroupReferences>
                </MenuItem>
                <MenuItem
                 description=""
                 imageURL=""
                 isDefault="false"
                 linkDestination="PTC.Factory.Demo.WorkDefinitionManagementMashup"
                 linkTarget="Self"
                 linkType="Mashup"
                 title="[[PTC.Factory.Demo.WorkDefinitionsMenuName]]">
                    <GroupReferences>
                        <Members></Members>
                    </GroupReferences>
                </MenuItem>
                <MenuItem
                 description=""
                 imageURL=""
                 isDefault="false"
                 linkDestination="PTC.Factory.Demo.JobOrderManagementMashup"
                 linkTarget="Self"
                 linkType="Mashup"
                 title="[[PTC.Factory.Demo.JobOrdersMenuName]]">
                    <GroupReferences>
                        <Members></Members>
                    </GroupReferences>
                </MenuItem>
            </MenuItems>
            <GroupReferences>
                <Members></Members>
            </GroupReferences>
            <effectiveMenu>
                <DataShape>
                    <FieldDefinitions>
                        <FieldDefinition
                         baseType="STRING"
                         description="Description for tooltip"
                         name="description"
                         ordinal="0"></FieldDefinition>
                        <FieldDefinition
                         baseType="IMAGELINK"
                         description="Optional image URL"
                         name="imageURL"
                         ordinal="0"></FieldDefinition>
                        <FieldDefinition
                         aspect.defaultValue="false"
                         baseType="BOOLEAN"
                         description="Is a default menu item"
                         name="isDefault"
                         ordinal="0"></FieldDefinition>
                        <FieldDefinition
                         aspect.isPrimaryKey="true"
                         baseType="STRING"
                         description="Link destination"
                         name="linkDestination"
                         ordinal="0"></FieldDefinition>
                        <FieldDefinition
                         baseType="STRING"
                         description="Link target (Popup, Mashup, New)"
                         name="linkTarget"
                         ordinal="0"></FieldDefinition>
                        <FieldDefinition
                         aspect.isPrimaryKey="true"
                         baseType="STRING"
                         description="Link type (Mashup, Hyperlink, or Menu)"
                         name="linkType"
                         ordinal="0"></FieldDefinition>
                        <FieldDefinition
                         baseType="STRING"
                         description="Menu entry id"
                         name="menuId"
                         ordinal="0"></FieldDefinition>
                        <FieldDefinition
                         baseType="STRING"
                         description="Menu entry parent id"
                         name="parentMenuId"
                         ordinal="0"></FieldDefinition>
                        <FieldDefinition
                         baseType="STRING"
                         description="Menu entry title"
                         name="title"
                         ordinal="0"></FieldDefinition>
                    </FieldDefinitions>
                </DataShape>
                <Rows>
                    <Row>
                        <description>
                        <![CDATA[
                        Sub menu for manufacturing planning. {PTC.Factory.Demo.ManufacturingPlanningSubMenu}
                        ]]>
                        </description>
                        <imageURL></imageURL>
                        <linkPriority>0.0</linkPriority>
                        <linkType>
                        <![CDATA[
                        Menu
                        ]]>
                        </linkType>
                        <menuId>
                        <![CDATA[
                        PTC.Factory.Demo.ManufacturingPlanningSubMenu
                        ]]>
                        </menuId>
                        <parentMenuId></parentMenuId>
                        <title>
                        <![CDATA[
                        [[PTC.Factory.Demo.ManufacturingPlanningTileLabel]]
                        ]]>
                        </title>
                    </Row>
                    <Row>
                        <description></description>
                        <imageURL></imageURL>
                        <isDefault>false</isDefault>
                        <linkDestination>
                        <![CDATA[
                        PTC.Factory.Demo.MaterialManagementMashup
                        ]]>
                        </linkDestination>
                        <linkTarget>
                        <![CDATA[
                        Self
                        ]]>
                        </linkTarget>
                        <linkType>
                        <![CDATA[
                        Mashup
                        ]]>
                        </linkType>
                        <menuId>
                        <![CDATA[
                        PTC.Factory.Demo.ManufacturingPlanningSubMenu_0
                        ]]>
                        </menuId>
                        <parentMenuId>
                        <![CDATA[
                        PTC.Factory.Demo.ManufacturingPlanningSubMenu
                        ]]>
                        </parentMenuId>
                        <title>
                        <![CDATA[
                        [[PTC.Factory.Demo.MaterialsMenuName]]
                        ]]>
                        </title>
                    </Row>
                    <Row>
                        <description></description>
                        <imageURL></imageURL>
                        <isDefault>false</isDefault>
                        <linkDestination>
                        <![CDATA[
                        PTC.Factory.Demo.WorkDefinitionManagementMashup
                        ]]>
                        </linkDestination>
                        <linkTarget>
                        <![CDATA[
                        Self
                        ]]>
                        </linkTarget>
                        <linkType>
                        <![CDATA[
                        Mashup
                        ]]>
                        </linkType>
                        <menuId>
                        <![CDATA[
                        PTC.Factory.Demo.ManufacturingPlanningSubMenu_1
                        ]]>
                        </menuId>
                        <parentMenuId>
                        <![CDATA[
                        PTC.Factory.Demo.ManufacturingPlanningSubMenu
                        ]]>
                        </parentMenuId>
                        <title>
                        <![CDATA[
                        [[PTC.Factory.Demo.WorkDefinitionsMenuName]]
                        ]]>
                        </title>
                    </Row>
                    <Row>
                        <description></description>
                        <imageURL></imageURL>
                        <isDefault>false</isDefault>
                        <linkDestination>
                        <![CDATA[
                        PTC.Factory.Demo.JobOrderManagementMashup
                        ]]>
                        </linkDestination>
                        <linkTarget>
                        <![CDATA[
                        Self
                        ]]>
                        </linkTarget>
                        <linkType>
                        <![CDATA[
                        Mashup
                        ]]>
                        </linkType>
                        <menuId>
                        <![CDATA[
                        PTC.Factory.Demo.ManufacturingPlanningSubMenu_2
                        ]]>
                        </menuId>
                        <parentMenuId>
                        <![CDATA[
                        PTC.Factory.Demo.ManufacturingPlanningSubMenu
                        ]]>
                        </parentMenuId>
                        <title>
                        <![CDATA[
                        [[PTC.Factory.Demo.JobOrdersMenuName]]
                        ]]>
                        </title>
                    </Row>
                </Rows>
            </effectiveMenu>
        </Menu>
    </Menus>
</Entities>
