<?xml version="1.0" encoding="UTF-8"?>
<Entities
 build="b9714"
 majorVersion="0"
 minorVersion="0"
 modelPersistenceProviderPackage="PostgresPersistenceProviderPackage"
 revision="0"
 schemaVersion="1100"
 universal="password">
    <Menus>
        <Menu
         aspect.isEditableExtensionObject="false"
         aspect.isExtension="true"
         description=""
         documentationContent=""
         homeMashup=""
         imageURL="PTC.Factory.Demo.UserIcon"
         lastModifiedDate="2020-07-07T20:51:52.675-04:00"
         menuLabel=""
         name="PTC.Factory.Demo.UserSubMenu"
         projectName="PTC.Factory.Demo.WorkDefinition.Display"
         tags="PTC:factory-demo">
            <avatar></avatar>
            <DesignTimePermissions>
                <Create></Create>
                <Read></Read>
                <Update></Update>
                <Delete></Delete>
                <Metadata></Metadata>
            </DesignTimePermissions>
            <RunTimePermissions></RunTimePermissions>
            <VisibilityPermissions>
                <Visibility></Visibility>
            </VisibilityPermissions>
            <ConfigurationTableDefinitions></ConfigurationTableDefinitions>
            <ConfigurationTables></ConfigurationTables>
            <MenuItems>
                <MenuItem
                 description=""
                 imageURL=""
                 isDefault="false"
                 linkDestination="PTC.Factory.LogoutRedirect"
                 linkTarget="Self"
                 linkType="Mashup"
                 title="[[PTC.SCA.SCO.Core.Sign Out]]">
                    <GroupReferences>
                        <Members></Members>
                    </GroupReferences>
                </MenuItem>
                <MenuItem
                 description=""
                 imageURL=""
                 isDefault="false"
                 linkDestination="PTC.Factory.RenewLicense"
                 linkTarget="Self"
                 linkType="Mashup"
                 title="[[PTC.Factory.RenewLicense]]">
                    <GroupReferences>
                        <Members></Members>
                    </GroupReferences>
                </MenuItem>
                <MenuItem
                 description=""
                 imageURL=""
                 isDefault="false"
                 linkDestination="PTC.Factory.ExportConfiguration"
                 linkTarget="Self"
                 linkType="Mashup"
                 title="[[PTC.Factory.Export.ExportConfigurationAndData]]">
                    <GroupReferences>
                        <Members></Members>
                    </GroupReferences>
                </MenuItem>
                <MenuItem
                 description=""
                 imageURL=""
                 isDefault="false"
                 linkDestination="PTC.Factory.ImportConfiguration"
                 linkTarget="Self"
                 linkType="Mashup"
                 title="[[PTC.Factory.Import.ImportMenu]]">
                    <GroupReferences>
                        <Members></Members>
                    </GroupReferences>
                </MenuItem>
                <MenuItem
                 description=""
                 imageURL=""
                 isDefault="false"
                 linkDestination="PTC.Factory.FactoryVersion"
                 linkTarget="Self"
                 linkType="Mashup"
                 title="[[PTC.Factory.About]]">
                    <GroupReferences>
                        <Members></Members>
                    </GroupReferences>
                </MenuItem>
                <MenuItem
                 description=""
                 imageURL=""
                 isDefault="false"
                 linkDestination="PTC.SCA.SCO.HelpCenter"
                 linkTarget="New"
                 linkType="Mashup"
                 title="[[PTC.Factory.HelpCenter]]">
                    <GroupReferences>
                        <Members></Members>
                    </GroupReferences>
                </MenuItem>
            </MenuItems>
            <GroupReferences>
                <Members></Members>
            </GroupReferences>
            <effectiveMenu>
                <DataShape>
                    <FieldDefinitions>
                        <FieldDefinition
                         baseType="STRING"
                         description="Description for tooltip"
                         name="description"
                         ordinal="0"></FieldDefinition>
                        <FieldDefinition
                         baseType="IMAGELINK"
                         description="Optional image URL"
                         name="imageURL"
                         ordinal="0"></FieldDefinition>
                        <FieldDefinition
                         aspect.defaultValue="false"
                         baseType="BOOLEAN"
                         description="Is a default menu item"
                         name="isDefault"
                         ordinal="0"></FieldDefinition>
                        <FieldDefinition
                         aspect.isPrimaryKey="true"
                         baseType="STRING"
                         description="Link destination"
                         name="linkDestination"
                         ordinal="0"></FieldDefinition>
                        <FieldDefinition
                         baseType="STRING"
                         description="Link target (Popup, Mashup, New)"
                         name="linkTarget"
                         ordinal="0"></FieldDefinition>
                        <FieldDefinition
                         aspect.isPrimaryKey="true"
                         baseType="STRING"
                         description="Link type (Mashup, Hyperlink, or Menu)"
                         name="linkType"
                         ordinal="0"></FieldDefinition>
                        <FieldDefinition
                         baseType="STRING"
                         description="Menu entry id"
                         name="menuId"
                         ordinal="0"></FieldDefinition>
                        <FieldDefinition
                         baseType="STRING"
                         description="Menu entry parent id"
                         name="parentMenuId"
                         ordinal="0"></FieldDefinition>
                        <FieldDefinition
                         baseType="STRING"
                         description="Menu entry title"
                         name="title"
                         ordinal="0"></FieldDefinition>
                    </FieldDefinitions>
                </DataShape>
                <Rows>
                    <Row>
                        <description>
                        <![CDATA[
                        User sub menu for manufacturing planning. {PTC.Factory.Demo.UserSubMenu}
                        ]]>
                        </description>
                        <imageURL>
                        <![CDATA[
                        PTC.Factory.Demo.UserIcon
                        ]]>
                        </imageURL>
                        <linkPriority>0.0</linkPriority>
                        <linkType>
                        <![CDATA[
                        Menu
                        ]]>
                        </linkType>
                        <menuId>
                        <![CDATA[
                        PTC.Factory.Demo.UserSubMenu
                        ]]>
                        </menuId>
                        <parentMenuId></parentMenuId>
                        <title></title>
                    </Row>
                    <Row>
                        <description></description>
                        <imageURL></imageURL>
                        <isDefault>false</isDefault>
                        <linkDestination>
                        <![CDATA[
                        PTC.Factory.LogoutRedirect
                        ]]>
                        </linkDestination>
                        <linkTarget>
                        <![CDATA[
                        Self
                        ]]>
                        </linkTarget>
                        <linkType>
                        <![CDATA[
                        Mashup
                        ]]>
                        </linkType>
                        <menuId>
                        <![CDATA[
                        PTC.Factory.Demo.UserSubMenu_0
                        ]]>
                        </menuId>
                        <parentMenuId>
                        <![CDATA[
                        PTC.Factory.Demo.UserSubMenu
                        ]]>
                        </parentMenuId>
                        <title>
                        <![CDATA[
                        [[PTC.SCA.SCO.Core.Sign Out]]
                        ]]>
                        </title>
                    </Row>
                    <Row>
                        <description></description>
                        <imageURL></imageURL>
                        <isDefault>false</isDefault>
                        <linkDestination>
                        <![CDATA[
                        PTC.Factory.RenewLicense
                        ]]>
                        </linkDestination>
                        <linkTarget>
                        <![CDATA[
                        Self
                        ]]>
                        </linkTarget>
                        <linkType>
                        <![CDATA[
                        Mashup
                        ]]>
                        </linkType>
                        <menuId>
                        <![CDATA[
                        PTC.Factory.Demo.UserSubMenu_1
                        ]]>
                        </menuId>
                        <parentMenuId>
                        <![CDATA[
                        PTC.Factory.Demo.UserSubMenu
                        ]]>
                        </parentMenuId>
                        <title>
                        <![CDATA[
                        [[PTC.Factory.RenewLicense]]
                        ]]>
                        </title>
                    </Row>
                    <Row>
                        <description></description>
                        <imageURL></imageURL>
                        <isDefault>false</isDefault>
                        <linkDestination>
                        <![CDATA[
                        PTC.Factory.ExportConfiguration
                        ]]>
                        </linkDestination>
                        <linkTarget>
                        <![CDATA[
                        Self
                        ]]>
                        </linkTarget>
                        <linkType>
                        <![CDATA[
                        Mashup
                        ]]>
                        </linkType>
                        <menuId>
                        <![CDATA[
                        PTC.Factory.Demo.UserSubMenu_2
                        ]]>
                        </menuId>
                        <parentMenuId>
                        <![CDATA[
                        PTC.Factory.Demo.UserSubMenu
                        ]]>
                        </parentMenuId>
                        <title>
                        <![CDATA[
                        [[PTC.Factory.Export.ExportConfigurationAndData]]
                        ]]>
                        </title>
                    </Row>
                    <Row>
                        <description></description>
                        <imageURL></imageURL>
                        <isDefault>false</isDefault>
                        <linkDestination>
                        <![CDATA[
                        PTC.Factory.ImportConfiguration
                        ]]>
                        </linkDestination>
                        <linkTarget>
                        <![CDATA[
                        Self
                        ]]>
                        </linkTarget>
                        <linkType>
                        <![CDATA[
                        Mashup
                        ]]>
                        </linkType>
                        <menuId>
                        <![CDATA[
                        PTC.Factory.Demo.UserSubMenu_3
                        ]]>
                        </menuId>
                        <parentMenuId>
                        <![CDATA[
                        PTC.Factory.Demo.UserSubMenu
                        ]]>
                        </parentMenuId>
                        <title>
                        <![CDATA[
                        [[PTC.Factory.Import.ImportMenu]]
                        ]]>
                        </title>
                    </Row>
                    <Row>
                        <description></description>
                        <imageURL></imageURL>
                        <isDefault>false</isDefault>
                        <linkDestination>
                        <![CDATA[
                        PTC.Factory.FactoryVersion
                        ]]>
                        </linkDestination>
                        <linkTarget>
                        <![CDATA[
                        Self
                        ]]>
                        </linkTarget>
                        <linkType>
                        <![CDATA[
                        Mashup
                        ]]>
                        </linkType>
                        <menuId>
                        <![CDATA[
                        PTC.Factory.Demo.UserSubMenu_4
                        ]]>
                        </menuId>
                        <parentMenuId>
                        <![CDATA[
                        PTC.Factory.Demo.UserSubMenu
                        ]]>
                        </parentMenuId>
                        <title>
                        <![CDATA[
                        [[PTC.Factory.About]]
                        ]]>
                        </title>
                    </Row>
                    <Row>
                        <description></description>
                        <imageURL></imageURL>
                        <isDefault>false</isDefault>
                        <linkDestination>
                        <![CDATA[
                        PTC.SCA.SCO.HelpCenter
                        ]]>
                        </linkDestination>
                        <linkTarget>
                        <![CDATA[
                        New
                        ]]>
                        </linkTarget>
                        <linkType>
                        <![CDATA[
                        Mashup
                        ]]>
                        </linkType>
                        <menuId>
                        <![CDATA[
                        PTC.Factory.Demo.UserSubMenu_5
                        ]]>
                        </menuId>
                        <parentMenuId>
                        <![CDATA[
                        PTC.Factory.Demo.UserSubMenu
                        ]]>
                        </parentMenuId>
                        <title>
                        <![CDATA[
                        [[PTC.Factory.HelpCenter]]
                        ]]>
                        </title>
                    </Row>
                </Rows>
            </effectiveMenu>
        </Menu>
    </Menus>
</Entities>
