<?xml version="1.0" encoding="UTF-8"?>
<Entities
 build="b6924"
 majorVersion="0"
 minorVersion="0"
 modelPersistenceProviderPackage="PostgresPersistenceProviderPackage"
 revision="0"
 schemaVersion="1050"
 universal="password">
    <DataShapes>
        <DataShape
         aspect.isEditableExtensionObject="false"
         aspect.isExtension="true"
         baseDataShape=""
         description="Data Shape used to retrieve filter info for Asset Filtering {PTC.SCA.SCO.AssetFilterInfoDataShape}"
         documentationContent=""
         homeMashup=""
         lastModifiedDate="2019-06-04T15:15:25.937-04:00"
         name="PTC.SCA.SCO.AssetFilterInfoDataShape"
         projectName="PTC.SCA.SCO.AssetFilter.Model"
         tags="PTC:sca-sco;PTC:DataShape;PTC:sca-sco-assetfilter-model">
            <avatar></avatar>
            <DesignTimePermissions>
                <Create></Create>
                <Read></Read>
                <Update></Update>
                <Delete></Delete>
                <Metadata></Metadata>
            </DesignTimePermissions>
            <RunTimePermissions></RunTimePermissions>
            <VisibilityPermissions>
                <Visibility></Visibility>
            </VisibilityPermissions>
            <ConfigurationTableDefinitions></ConfigurationTableDefinitions>
            <ConfigurationTables></ConfigurationTables>
            <FieldDefinitions>
                <FieldDefinition
                 aspect.isPrimaryKey="false"
                 baseType="INFOTABLE"
                 description=""
                 name="assetFilterSelectedInfoTableFilter"
                 ordinal="12"></FieldDefinition>
                <FieldDefinition
                 aspect.isPrimaryKey="false"
                 baseType="BOOLEAN"
                 description="***DEPRECATED-J*** This method will be deleted in a future release. Replaced by monitorStatusFilter"
                 name="includeNotConfiguredStatus"
                 ordinal="2"></FieldDefinition>
                <FieldDefinition
                 aspect.isPrimaryKey="false"
                 baseType="BOOLEAN"
                 description="***DEPRECATED-J*** This method will be deleted in a future release. Replaced by monitorStatusFilter"
                 name="includePlannedDowntimeStatus"
                 ordinal="3"></FieldDefinition>
                <FieldDefinition
                 aspect.isPrimaryKey="false"
                 baseType="BOOLEAN"
                 description="***DEPRECATED-J*** This method will be deleted in a future release. Replaced by monitorStatusFilter"
                 name="includeRunningStatus"
                 ordinal="4"></FieldDefinition>
                <FieldDefinition
                 aspect.isPrimaryKey="false"
                 baseType="BOOLEAN"
                 description="***DEPRECATED-J*** This method will be deleted in a future release. Replaced by monitorStatusFilter"
                 name="includeUnavailableStatus"
                 ordinal="5"></FieldDefinition>
                <FieldDefinition
                 aspect.isPrimaryKey="false"
                 baseType="BOOLEAN"
                 description="***DEPRECATED-J*** This method will be deleted in a future release. Replaced by monitorStatusFilter"
                 name="includeUnplannedDowntimeStatus"
                 ordinal="6"></FieldDefinition>
                <FieldDefinition
                 aspect.isPrimaryKey="false"
                 baseType="BOOLEAN"
                 description="***DEPRECATED-J*** This method will be deleted in a future release. Replaced by monitorStatusFilter"
                 name="includeWarningStatus"
                 ordinal="1"></FieldDefinition>
                <FieldDefinition
                 aspect.isPrimaryKey="false"
                 baseType="BOOLEAN"
                 description=""
                 name="isModelChecked"
                 ordinal="7"></FieldDefinition>
                <FieldDefinition
                 aspect.isPrimaryKey="false"
                 baseType="BOOLEAN"
                 description=""
                 name="isStructureFilterChecked"
                 ordinal="11"></FieldDefinition>
                <FieldDefinition
                 aspect.isPrimaryKey="false"
                 baseType="STRING"
                 description=""
                 name="modelNumber"
                 ordinal="9"></FieldDefinition>
                <FieldDefinition
                 aspect.isPrimaryKey="false"
                 baseType="STRING"
                 description=""
                 name="modelNumberSelected"
                 ordinal="8"></FieldDefinition>
                <FieldDefinition
                 aspect.dataShape="PTC.SCA.SCO.StatusFilterDataShape"
                 aspect.isPrimaryKey="false"
                 baseType="INFOTABLE"
                 description=""
                 name="monitorStatusFilter"
                 ordinal="13"></FieldDefinition>
                <FieldDefinition
                 aspect.defaultValue="false"
                 aspect.isPrimaryKey="false"
                 baseType="BOOLEAN"
                 description=""
                 name="monitorStatusSelected"
                 ordinal="14"></FieldDefinition>
            </FieldDefinitions>
        </DataShape>
    </DataShapes>
</Entities>
