<?xml version="1.0" encoding="UTF-8"?>
<Entities
 build="b158"
 majorVersion="7"
 minorVersion="4"
 modelPersistenceProviderPackage="PostgresPersistenceProviderPackage"
 revision="0"
 schemaVersion="940">
    <DataShapes>
        <DataShape
         aspect.isEditableExtensionObject="false"
         baseDataShape=""
         description="***DEPRECATED-J*** This data shape will be deleted in a future release. Return shape for SensorChartData within MonitoredPropertiesController.GetAssetSensor. The anomalousValue field is equal to propertyValue if the sensor was anomalous at the timestamp, or null otherwise. {PTC.SCA.SCO.AssetMonitor.AssetDetail.AnomalyChartDataShape}"
         documentationContent=""
         homeMashup=""
         lastModifiedDate="2017-03-29T21:02:59.101Z"
         name="PTC.SCA.SCO.AssetMonitor.AssetDetail.AnomalyChartDataShape"
         projectName="PTC.SCA.SCO.AssetDetail.Model"
         tags="PTC:sca-sco;PTC:DataShape;PTC:sca-sco-assetdetail-model">
            <avatar></avatar>
            <DesignTimePermissions>
                <Create></Create>
                <Read></Read>
                <Update></Update>
                <Delete></Delete>
                <Metadata></Metadata>
            </DesignTimePermissions>
            <RunTimePermissions></RunTimePermissions>
            <VisibilityPermissions>
                <Visibility></Visibility>
            </VisibilityPermissions>
            <ConfigurationTables></ConfigurationTables>
            <FieldDefinitions>
                <FieldDefinition
                 aspect.isPrimaryKey="true"
                 baseType="DATETIME"
                 description=""
                 name="timestamp"
                 ordinal="1"></FieldDefinition>
                <FieldDefinition
                 baseType="NUMBER"
                 description=""
                 name="propertyValue"
                 ordinal="2"></FieldDefinition>
                <FieldDefinition
                 baseType="NUMBER"
                 description=""
                 name="anomalousValue"
                 ordinal="3"></FieldDefinition>
            </FieldDefinitions>
        </DataShape>
    </DataShapes>
</Entities>
