<?xml version="1.0" encoding="UTF-8"?>
<Entities
 build="b13"
 majorVersion="7"
 minorVersion="2"
 modelPersistenceProviderPackage="NeoPersistenceProviderPackage"
 revision="5"
 schemaVersion="920">
    <DataShapes>
        <DataShape
         aspect.isEditableExtensionObject="false"
         baseDataShape=""
         description="Return shape for MonitoredPropertiesController.GetAssetSensor {PTC.SCA.SCO.AssetMonitor.AssetDetail.SensorDataShape}"
         documentationContent="&lt;p&gt;&lt;br&gt;&lt;/p&gt;&#xA;"
         homeMashup=""
         lastModifiedDate="2016-10-18T11:39:32.047Z"
         name="PTC.SCA.SCO.AssetMonitor.AssetDetail.SensorDataShape"
         projectName="PTC.SCA.SCO.AssetDetail.Model"
         tags="PTC:sca-sco;PTC:DataShape;PTC:sca-sco-assetdetail-model">
            <avatar></avatar>
            <DesignTimePermissions>
                <Create></Create>
                <Read></Read>
                <Update></Update>
                <Delete></Delete>
                <Metadata></Metadata>
            </DesignTimePermissions>
            <RunTimePermissions></RunTimePermissions>
            <VisibilityPermissions>
                <Visibility></Visibility>
            </VisibilityPermissions>
            <ConfigurationTables></ConfigurationTables>
            <FieldDefinitions>
                <FieldDefinition
                 aspect.dataShape="PTC.SCA.SCO.AssetMonitor.AssetDetail.AnomalyChartDataShape"
                 baseType="INFOTABLE"
                 description=""
                 name="SensorChartData"
                 ordinal="4"></FieldDefinition>
                <FieldDefinition
                 aspect.isPrimaryKey="true"
                 baseType="STRING"
                 description=""
                 name="SensorName"
                 ordinal="1"></FieldDefinition>
                <FieldDefinition
                 baseType="STRING"
                 description=""
                 name="SensorOperationalStatus"
                 ordinal="3"></FieldDefinition>
                <FieldDefinition
                 baseType="NUMBER"
                 description=""
                 name="SensorValue"
                 ordinal="4"></FieldDefinition>
                <FieldDefinition
                 baseType="DATETIME"
                 description=""
                 name="SensorLastChangedTimeStamp"
                 ordinal="5"></FieldDefinition>
                <FieldDefinition
                 baseType="STRING"
                 description="Units of value"
                 name="Units"
                 ordinal="6"></FieldDefinition>
            </FieldDefinitions>
        </DataShape>
    </DataShapes>
</Entities>
