<?xml version="1.0" encoding="UTF-8"?>
<Entities
 majorVersion="0"
 minorVersion="0"
 universal="password">
    <StyleDefinitions>
        <StyleDefinition
         aspect.isEditableExtensionObject="true"
         aspect.isExtension="true"
         aspect.isThemeObject="true"
         description="Button focus style. {PTC.Factory.Demo.ButtonFocusStyle}"
         documentationContent=""
         homeMashup=""
         name="PTC.Factory.Demo.ButtonFocusStyle"
         projectName="PTC.Factory.Demo.Display"
         tags="PTC:factory-demo">
            <avatar></avatar>
            <DesignTimePermissions>
                <Create></Create>
                <Read></Read>
                <Update></Update>
                <Delete></Delete>
                <Metadata></Metadata>
            </DesignTimePermissions>
            <RunTimePermissions></RunTimePermissions>
            <VisibilityPermissions>
                <Visibility></Visibility>
            </VisibilityPermissions>
            <ConfigurationTableDefinitions></ConfigurationTableDefinitions>
            <ConfigurationTables></ConfigurationTables>
            <content>
            <![CDATA[
            {
              "backgroundColor" : "",
              "displayString" : "",
              "fontEmphasisBold" : false,
              "fontEmphasisItalic" : false,
              "fontEmphasisUnderline" : false,
              "foregroundColor" : "",
              "image" : "",
              "lineColor" : "rgba(0,148,200,1)",
              "lineStyle" : "none",
              "lineThickness" : 2,
              "secondaryBackgroundColor" : "",
              "textSize" : "normal"
            }
            ]]>
            </content>
        </StyleDefinition>
    </StyleDefinitions>
</Entities>
