<?xml version="1.0" encoding="UTF-8"?><Entities>
    <ExtensionPackages>
        <ExtensionPackage artifactId="modelmanagementtwx" dependsOn="PTC.Base,PTC.ModelManagement,PTC.UserManagement" groupId="ptc" lastModifiedDate="2021-07-02T08:55:15.855-04:00" minimumThingWorxVersion="9.0.0" packageVersion="0.2.211831255" haCompatible="true" description="Project entity for Model Management Implementation building block. Used to encapsulate all Model Management building block entities." documentationContent="" homeMashup="" name="PTC.ModelManagementTWX" tags="" vendor="">
            <avatar/>
            <DesignTimePermissions>
                                
                <Create/>
                                
                <Read/>
                                
                <Update/>
                                
                <Delete/>
                                
                <Metadata/>
                            
            </DesignTimePermissions>
            <RunTimePermissions/>
            <VisibilityPermissions>
                                
                <Visibility>
                                        
                    <Principal isPermitted="true" name="PTC.ModelManagementTWX.Default_OR:PTC.ModelManagementTWX.ModelManagementDatabasePermission" type="OrganizationalUnit"/>
                                    
                </Visibility>
                            
            </VisibilityPermissions>
            <ConfigurationTableDefinitions/>
            <ConfigurationTables/>
        </ExtensionPackage>
    </ExtensionPackages>
</Entities>
