<?xml version="1.0" encoding="UTF-8" standalone="no"?>
<Entities>
<DataShapes>
<DataShape aspect.isExtension="true" baseDataShape="" description="Views" documentationContent="Annotations, Viewstates" name="Views" tags="">
<FieldDefinitions>
<FieldDefinition baseType="STRING" description="" name="name" ordinal="1"/>
<FieldDefinition baseType="STRING" description="" name="type" ordinal="2"/>
<FieldDefinition baseType="STRING" description="" name="value" ordinal="3"/>
<FieldDefinition baseType="STRING" description="" name="partPath" ordinal="4"/>
</FieldDefinitions>
</DataShape>
<DataShape aspect.isExtension="true" baseDataShape="" description="Shape represents idpath selection in ThingView" documentationContent="" name="Selection" tags="">
<FieldDefinitions>
<FieldDefinition baseType="STRING" description="" name="idPath" ordinal="1"/>
<FieldDefinition baseType="STRING" description="" name="propPath" ordinal="1"/>
<FieldDefinition baseType="STRING" description="" name="propValue" ordinal="1"/>
</FieldDefinitions>
</DataShape>
</DataShapes>
</Entities>