<?xml version="1.0" encoding="UTF-8" standalone="no"?>
<Entities build="b139" majorVersion="6" minorVersion="6" modelPersistenceProviderPackage="NeoPersistenceProviderPackage" revision="2"
          schemaVersion="809">
    <DataShapes>
        <DataShape baseDataShape="" 
                   description="This Data Shape defines an infotable row for Azure IoT Hub related policy keys." 
                   documentationContent="" homeMashup="" lastModifiedDate="2016-01-04T20:40:06.762Z"
                   name="AzureIotHubKeyTableDataShape" tags="">
            <Owner name="Administrator" type="User"/>
            <avatar/>
            <DesignTimePermissions>
                <Create/>
                <Read/>
                <Update/>
                <Delete/>
                <Metadata/>
            </DesignTimePermissions>
            <RunTimePermissions/>
            <VisibilityPermissions>
                <Visibility/>
            </VisibilityPermissions>
            <ConfigurationTables/>
            <FieldDefinitions>
                <FieldDefinition baseType="STRING" 
                                 description="The name given to the policy key in Azure IoT." 
                                 name="keyName" ordinal="1"/>
                <FieldDefinition baseType="STRING" 
                                 description="The primary key component of a symmetric key used for authentication." 
                                 name="primaryKey" ordinal="2"/>
                <FieldDefinition baseType="STRING" 
                                 description="The secondary key component of a symmetric key used for authentication" 
                                 name="secondaryKey" ordinal="3"/>
                <FieldDefinition baseType="STRING" 
                                 description="The access rights or permissions associated with the policy key in Azure IoT." 
                                 name="rights" ordinal="4"/>
            </FieldDefinitions>
            <ConfigurationChanges/>
        </DataShape>
    </DataShapes>
</Entities>