<?xml version="1.0" encoding="UTF-8" standalone="no"?>
<Entities build="b139" majorVersion="6" minorVersion="6" modelPersistenceProviderPackage="NeoPersistenceProviderPackage" revision="2"
          schemaVersion="809">
    <DataShapes>
        <DataShape baseDataShape="" 
                   description="This Data Shape defines the fields of a change event for an Azure IoT ModuleTwin." 
                   documentationContent="" homeMashup="" lastModifiedDate="2016-01-04T20:40:06.762Z"
                   name="AzureModuleTwinChangeEventDataShape" tags="">
            <Owner name="Administrator" type="User"/>
            <avatar/>
            <DesignTimePermissions>
                <Create/>
                <Read/>
                <Update/>
                <Delete/>
                <Metadata/>
            </DesignTimePermissions>
            <RunTimePermissions/>
            <VisibilityPermissions>
                <Visibility/>
            </VisibilityPermissions>
            <ConfigurationTables/>
            <FieldDefinitions>
                <FieldDefinition baseType="STRING" 
                                 description="If the event was fired on behalf of a module,
                                 the unique identifier of the module." 
                                 name="moduleId" ordinal="1"/>
                <FieldDefinition baseType="JSON" 
                                 description="The JSON payload of the twin update that triggered the event." 
                                 name="patch" ordinal="2"/>
            </FieldDefinitions>
            <ConfigurationChanges/>
        </DataShape>
    </DataShapes>
</Entities>