<?xml version="1.0" encoding="UTF-8" standalone="no"?>
<Entities build="b139" majorVersion="6" minorVersion="6" modelPersistenceProviderPackage="NeoPersistenceProviderPackage" revision="2"
          schemaVersion="809">
    <DataShapes>
        <DataShape baseDataShape="" 
                   description="This Data Shape defines the metadata describing an Azure IoT Hub." 
                   documentationContent="" homeMashup="" lastModifiedDate="2016-01-04T20:40:06.762Z"
                   name="AzureIotHubDataShape" tags="">
            <Owner name="Administrator" type="User"/>
            <avatar/>
            <DesignTimePermissions>
                <Create/>
                <Read/>
                <Update/>
                <Delete/>
                <Metadata/>
            </DesignTimePermissions>
            <RunTimePermissions/>
            <VisibilityPermissions>
                <Visibility/>
            </VisibilityPermissions>
            <ConfigurationTables/>
            <FieldDefinitions>
                <FieldDefinition name="hubName" baseType="STRING" 
                                 description="The name of the Azure IoT Hub" ordinal="1"/>
                <FieldDefinition name="eventHubName" baseType="STRING" 
                                 description="The name of the Event Hub endpoint" ordinal="2"/>
                <FieldDefinition name="enabledDeviceCount" baseType="LONG" 
                                 description="The number of enabled devices in the Azure IoT Hub" ordinal="3"/>
                <FieldDefinition name="disabledDeviceCount" baseType="LONG" 
                                 description="The number of disabled devices in the Azure IoT Hub" ordinal="4"/>
            </FieldDefinitions>
            <ConfigurationChanges/>
        </DataShape>
    </DataShapes>
</Entities>
