<?xml version="1.0" encoding="UTF-8" standalone="no"?>
<Entities build="b139" majorVersion="6" minorVersion="6" 
          modelPersistenceProviderPackage="NeoPersistenceProviderPackage" revision="2"
          schemaVersion="809">
    <DataShapes>
        <DataShape baseDataShape="" 
                   description="This Data Shape defines the metadata that describes devices 
                   that are connected to an Azure IoT Hub" 
                   documentationContent="" homeMashup="" lastModifiedDate="2016-01-04T20:40:06.762Z"
                   name="AzureIotHubDeviceDataShape" tags="">
            <Owner name="Administrator" type="User"/>
            <avatar/>
            <DesignTimePermissions>
                <Create/>
                <Read/>
                <Update/>
                <Delete/>
                <Metadata/>
            </DesignTimePermissions>
            <RunTimePermissions/>
            <VisibilityPermissions>
                <Visibility/>
            </VisibilityPermissions>
            <ConfigurationTables/>
            <FieldDefinitions>
                <!-- Keep these fields in sync with the com.thingworx.protocol.azure.iot.services.DeviceDataShapeFields class -->
                <FieldDefinition baseType="STRING" 
                                 description="The status of the connected device." 
                                 name="status" ordinal="1"/>
                <FieldDefinition baseType="STRING" 
                                 description="The unique identifier for the device." 
                                 name="deviceId" ordinal="2"/>
                <FieldDefinition baseType="LONG" 
                                 description="The number of Cloud-to-Device Messages sent to the device." 
                                 name="c2dMessageCount" ordinal="3"/>
                <FieldDefinition baseType="STRING" 
                                 description="Indicates whether the device is Connected or Disconnected." 
                                 name="connectionState" ordinal="4"/>
                <FieldDefinition baseType="DATETIME" 
                                 description="The date and time that the connectionState was last updated."
                                 name="connectionStateUpdatedTime" ordinal="5"/>
                <FieldDefinition baseType="STRING" 
                                 description="ETag" 
                                 name="eTag" ordinal="6"/>
                <FieldDefinition baseType="STRING" 
                                 description="Generation ID" 
                                 name="generationId" ordinal="7"/>
                <FieldDefinition baseType="DATETIME" 
                                 description="The date and time of the last activity on the connection." 
                                 name="lastActivityTime" ordinal="8"/>
                <FieldDefinition baseType="STRING" 
                                 description="The Primary Key component of the Symmetric Key used for authentication." 
                                 name="primaryKey" ordinal="9"/>
                <FieldDefinition baseType="STRING" 
                                 description="The Secondary Key component of the Symmetric Key used for authentication." 
                                 name="secondaryKey" ordinal="10"/>
                <FieldDefinition baseType="STRING" 
                                 description="Indicates why the status is connected or disconnected." 
                                 name="statusReason" ordinal="11"/>
                <FieldDefinition baseType="DATETIME" 
                                 description="The last date and time that the connection status was updated." 
                                 name="statusUpdatedTime" ordinal="12"/>
                <FieldDefinition baseType="STRING" 
                                 description="The Symmetric Key used for authentication by the device.
                                 The type of symmetric key can be Certificate Authority, none, sas, or self-signed."
                                 name="symmetricKey" ordinal="13"/>
            </FieldDefinitions>
            <ConfigurationChanges/>
        </DataShape>
    </DataShapes>
</Entities>