<?xml version="1.0" encoding="UTF-8" standalone="no"?>
<Entities build="b139" majorVersion="6" minorVersion="6" 
          modelPersistenceProviderPackage="NeoPersistenceProviderPackage" revision="2"
          schemaVersion="809">
    <DataShapes>
        <DataShape baseDataShape="" 
                   description="This Data Shape defines the status event fields of an Azure IoT Hub export." 
                   documentationContent="" homeMashup="" lastModifiedDate="2016-01-04T20:40:06.762Z"
                   name="AzureThingImportStatusEventDataShape" tags="">
            <Owner name="Administrator" type="User"/>
            <avatar/>
            <DesignTimePermissions>
                <Create/>
                <Read/>
                <Update/>
                <Delete/>
                <Metadata/>
            </DesignTimePermissions>
            <RunTimePermissions/>
            <VisibilityPermissions>
                <Visibility/>
            </VisibilityPermissions>
            <ConfigurationTables/>
            <FieldDefinitions>
                <FieldDefinition baseType="STRING" 
                                 description="The current condition of the import. For example, started." 
                                 name="status" ordinal="1"/>
                <FieldDefinition baseType="STRING" 
                                 description="The message that describes the status of the import." 
                                 name="message" ordinal="2"/>
                <FieldDefinition baseType="INTEGER" 
                                 description="The number of things imported." 
                                 name="imported" ordinal="3"/>
                <FieldDefinition baseType="INTEGER" 
                                 description="The number of things that failed import due to conflicts." 
                                 name="conflicts" ordinal="4"/>
                <FieldDefinition baseType="INTEGER" 
                                 description="The number of failed imports." 
                                 name="failures" ordinal="5"/>
                <FieldDefinition baseType="INFOTABLE" aspect.dataShape="GenericStringList" 
                                 description="The metadata about conflicting data in the import." 
                                 name="conflicting" ordinal="6"/>
                <FieldDefinition baseType="INFOTABLE" aspect.dataShape="GenericStringList" 
                                 description="The metadata about a failed import." 
                                 name="failed" ordinal="7"/>
                <FieldDefinition baseType="STRING" 
                                 description="The name of the Azure IoT Hub where the event occurred." 
                                 name="hubName" ordinal="8"/>
                <FieldDefinition baseType="STRING" 
                                 description="The Glob pattern for the event." 
                                 name="pattern" ordinal="9"/>
            </FieldDefinitions>
            <ConfigurationChanges/>
        </DataShape>
    </DataShapes>
</Entities>