<?xml version="1.0" encoding="UTF-8" standalone="no"?>
<Entities build="b139" majorVersion="6" minorVersion="6" 
          modelPersistenceProviderPackage="NeoPersistenceProviderPackage" revision="2"
          schemaVersion="809">
    <DataShapes>
        <DataShape baseDataShape="" 
                   description="This Data Shape defines the fields for an Azure IoT lifecycle event for a Thing." 
                   documentationContent="" homeMashup=""
                   lastModifiedDate="2016-01-04T20:40:06.762Z"
                   name="AzureThingLifecycleEventDataShape" tags="">
            <Owner name="Administrator" type="User"/>
            <avatar/>
            <DesignTimePermissions>
                <Create/>
                <Read/>
                <Update/>
                <Delete/>
                <Metadata/>
            </DesignTimePermissions>
            <RunTimePermissions/>
            <VisibilityPermissions>
                <Visibility/>
            </VisibilityPermissions>
            <ConfigurationTables/>
            <FieldDefinitions>
                <FieldDefinition baseType="STRING" 
                                 description="The device state associated with the lifecycle event." 
                                 name="status" ordinal="1"/>
                <FieldDefinition baseType="STRING" 
                                 description="The name of the device in Azure IoT associated with the event." 
                                 name="deviceId" ordinal="2"/>
                <FieldDefinition baseType="JSON" 
                                 description="The JSON-formatted information about the device twin." 
                                 name="twin" ordinal="3"/>
            </FieldDefinitions>
            <ConfigurationChanges/>
        </DataShape>
    </DataShapes>
</Entities>