<?xml version="1.0" encoding="UTF-8" standalone="no"?>
<Entities build="b67" majorVersion="8" minorVersion="5" modelPersistenceProviderPackage="H2PersistenceProviderPackage" revision="5" schemaVersion="1054" universal="password">
    <DataShapes>
        <DataShape baseDataShape="" description="" documentationContent="" homeMashup="" lastModifiedDate="2020-03-24T17:22:09.406Z" name=" AzureOpcUaPropertyMapDataShape" projectName="" tags="Applications:AzureConfiguration">
            <Owner name="Administrator" type="User"/>
            <avatar/>
            <DesignTimePermissions>
                <Create/>
                <Read/>
                <Update/>
                <Delete/>
                <Metadata/>
            </DesignTimePermissions>
            <RunTimePermissions/>
            <VisibilityPermissions>
                <Visibility/>
            </VisibilityPermissions>
            <ConfigurationTableDefinitions/>
            <ConfigurationTables/>
            <FieldDefinitions>
                <FieldDefinition aspect.isPrimaryKey="false" baseType="STRING" description="The ID of the OPC UA Endpoint. This is also the name of the IndustrialGateway Thing." name="endpointId" ordinal="1"/>
                <FieldDefinition aspect.isPrimaryKey="true" aspect.thingShape="IndustrialThingShape" baseType="STRING" description="The IndustrialThing mapping for a give Application URI and Node ID" name="industrialThing" ordinal="3"/>
                <FieldDefinition aspect.isPrimaryKey="false" baseType="STRING" description="The OPC UA Node ID" name="nodeId" ordinal="2"/>
                <FieldDefinition aspect.isPrimaryKey="true" baseType="STRING" description="The property name mapping for a give Application URI and Node ID" name="propertyName" ordinal="4"/>
                <FieldDefinition aspect.isPrimaryKey="false" baseType="STRING" description="The OPC UA data type" name="dataType" ordinal="5" />
                <FieldDefinition aspect.isPrimaryKey="false" baseType="STRING" description="The rate at which the property is updated" name="updateRate" ordinal="6" />
            </FieldDefinitions>
            <ConfigurationChanges>
                <ConfigurationChange changeAction="CREATE" changeReason="header : name : updated&#10;fields : azureIotHubThing : deleted, applicationNodeId : deleted, endpointId : added, nodeId : added, propertyName : updated&#10;" timestamp="2020-03-24T17:22:09.406Z" user="Administrator"/>
            </ConfigurationChanges>
        </DataShape>
    </DataShapes>
</Entities>
