<?xml version="1.0" encoding="UTF-8" standalone="no"?>
<Entities build="b11" majorVersion="8" minorVersion="0" 
          modelPersistenceProviderPackage="H2PersistenceProviderPackage" revision="0"
          schemaVersion="1000">
    <DataShapes>
        <DataShape baseDataShape="" 
                   description="This Data Shape is used by the Azure IoT Extension to 
                   pass secrets to the connector." documentationContent="" homeMashup="" 
                   lastModifiedDate="2019-04-05T17:32:33.653Z" 
                   name="AzureConfigurationSecretsDataShape" 
                   projectName="" tags="Applications:AzureConfiguration">
            <Owner name="Administrator" type="User"/>
            <avatar/>
            <DesignTimePermissions>
                <Create/>
                <Read/>
                <Update/>
                <Delete/>
                <Metadata/>
            </DesignTimePermissions>
            <RunTimePermissions/>
            <VisibilityPermissions>
                <Visibility/>
            </VisibilityPermissions>
            <ConfigurationTableDefinitions/>
            <ConfigurationTables/>
            <FieldDefinitions>
                <FieldDefinition aspect.isPrimaryKey="false" baseType="STRING" 
                                 description="This field contains the secret key." 
                                 name="key" ordinal="6"/>
                <FieldDefinition aspect.isPrimaryKey="false" baseType="STRING"
                                 description="This field contains the name of the 
                                 key used for key lookup" 
                                 name="keyName" ordinal="5"/>
            </FieldDefinitions>
            <ConfigurationChanges/>
        </DataShape>
    </DataShapes>
</Entities>