<?xml version="1.0" encoding="UTF-8" standalone="no"?>
<Entities build="b11" majorVersion="8" minorVersion="0" modelPersistenceProviderPackage="H2PersistenceProviderPackage" revision="0"
          schemaVersion="1000">
    <DataShapes>
        <DataShape baseDataShape="" description="This Data Shape defines the configuration of the Azure Blob Storage." 
                   documentationContent="" homeMashup="" lastModifiedDate="2019-04-05T17:53:37.139Z" name="AzureBlobDataShape" 
                   projectName="" tags="Applications:AzureConfiguration">
            <Owner name="Administrator" type="User"/>
            <avatar/>
            <DesignTimePermissions>
                <Create/>
                <Read/>
                <Update/>
                <Delete/>
                <Metadata/>
            </DesignTimePermissions>
            <RunTimePermissions/>
            <VisibilityPermissions>
                <Visibility/>
            </VisibilityPermissions>
            <ConfigurationTableDefinitions/>
            <ConfigurationTables/>
            <FieldDefinitions>
                <FieldDefinition name="accountName" aspect.isPrimaryKey="true" baseType="STRING" 
                                 description="The Azure IoT account associated with the Azure Blob." ordinal="1"/>
                <FieldDefinition name="connectionString" aspect.isPrimaryKey="false" aspect.cacheTime="0.0" 
                                 aspect.dataChangeType="VALUE" aspect.isPersistent="true" baseType="PASSWORD" 
                                 description="The connection string used to access the Azure Blob Storage, provided 
                                 by Azure IoT." ordinal="2"/>
            </FieldDefinitions>
            <ConfigurationChanges/>
        </DataShape>
    </DataShapes>
</Entities>