<?xml version="1.0" encoding="UTF-8" standalone="no"?>
<Entities build="b11" majorVersion="8" minorVersion="0" modelPersistenceProviderPackage="H2PersistenceProviderPackage" revision="0"
          schemaVersion="1000">
    <DataShapes>
        <DataShape baseDataShape=""
                   description="This Data Shape defines the configuration fields for an Azure IIoT Stack."
                   documentationContent="" homeMashup="" lastModifiedDate="2019-04-05T17:53:37.139Z"
                   name="AzureOpcUaDataShape" projectName="" tags="Applications:AzureConfiguration">
            <Owner name="Administrator" type="User"/>
            <avatar/>
            <DesignTimePermissions>
                <Create/>
                <Read/>
                <Update/>
                <Delete/>
                <Metadata/>
            </DesignTimePermissions>
            <RunTimePermissions/>
            <VisibilityPermissions>
                <Visibility/>
            </VisibilityPermissions>
            <ConfigurationTableDefinitions/>
            <ConfigurationTables/>
            <FieldDefinitions>
                <FieldDefinition name="authManagementURL" aspect.isPrimaryKey="false" baseType="STRING"
                                 description="The URL callback for the Azure Industrial IoT Platform auth tokens" ordinal="1"/>
                <FieldDefinition name="baseURL" aspect.isPrimaryKey="false" baseType="STRING"
                                 description="The base URL of the Azure Industrial IoT Platform" ordinal="2"/>
                <FieldDefinition name="clientID" aspect.isPrimaryKey="true" aspect.cacheTime="0.0"
                                 aspect.dataChangeType="VALUE" aspect.isPersistent="true" baseType="PASSWORD"
                                 description="The Azure Industrial IoT Platform application client ID" ordinal="3"/>
                <FieldDefinition name="clientSecret" aspect.isPrimaryKey="false" aspect.cacheTime="0.0"
                                 aspect.dataChangeType="VALUE" aspect.isPersistent="true" baseType="PASSWORD"
                                 description="The Azure Industrial IoT Platform application client secret" ordinal="4"/>
                <FieldDefinition name="publisherPath" aspect.isPrimaryKey="false" baseType="STRING"
                                 description="Path of the publisher - changes only if default deployment is changed"
                                 ordinal="5" aspect.defaultValue="publisher"/>
                <FieldDefinition name="registryPath" aspect.isPrimaryKey="false" baseType="STRING"
                                 description="Path of the registry - changes only if default deployment is changed"
                                 ordinal="6" aspect.defaultValue="registry"/>
                <FieldDefinition name="subscriptionID" aspect.isPrimaryKey="false" aspect.cacheTime="0.0"
                                 aspect.dataChangeType="VALUE" aspect.isPersistent="true" baseType="PASSWORD"
                                 description="The subscription ID of the Azure Industrial IoT Platform" ordinal="7"/>
                <FieldDefinition name="tenantID" aspect.isPrimaryKey="false" aspect.cacheTime="0.0"
                                 aspect.dataChangeType="VALUE" aspect.isPersistent="true" baseType="PASSWORD"
                                 description="The tenant ID of the Azure Industrial IoT Platform" ordinal="8"/>
                <FieldDefinition name="twinPath" aspect.isPrimaryKey="false" baseType="STRING"
                                 description="Path of the twin - changes only if default deployment is changed"
                                 ordinal="9" aspect.defaultValue="twin"/>
            </FieldDefinitions>
            <ConfigurationChanges/>
        </DataShape>
    </DataShapes>
</Entities>