<?xml version="1.0" encoding="UTF-8" standalone="no"?>
<Entities build="b11" majorVersion="8" minorVersion="0" modelPersistenceProviderPackage="H2PersistenceProviderPackage" revision="0"
          schemaVersion="1000">
    <DataShapes>
        <DataShape baseDataShape="" 
                   description="This Data Shape defines the configuration fields for an Azure IoT Hub." 
                   documentationContent="" homeMashup="" lastModifiedDate="2019-04-05T17:53:37.139Z" 
                   name="AzureHubDataShape" projectName="" tags="Applications:AzureConfiguration">
            <Owner name="Administrator" type="User"/>
            <avatar/>
            <DesignTimePermissions>
                <Create/>
                <Read/>
                <Update/>
                <Delete/>
                <Metadata/>
            </DesignTimePermissions>
            <RunTimePermissions/>
            <VisibilityPermissions>
                <Visibility/>
            </VisibilityPermissions>
            <ConfigurationTableDefinitions/>
            <ConfigurationTables/>
            <FieldDefinitions>
                <FieldDefinition name="hubName" aspect.isPrimaryKey="true" baseType="STRING" 
                                 description="The name of the Azure IoT Hub." ordinal="1"/>
                <FieldDefinition name="consumerGroup" aspect.isPrimaryKey="false" baseType="STRING" 
                                 description="The consumer group configured for the hub. By default
                                 the value is '$Default'." ordinal="2"/>
                <FieldDefinition name="consumerPolicyConnectionString" aspect.isPrimaryKey="false" 
                                 aspect.cacheTime="0.0" aspect.dataChangeType="VALUE" 
                                 aspect.isPersistent="true" baseType="PASSWORD" 
                                 description="The consumer policy connection string provided by Azure." ordinal="4"/>
                <FieldDefinition name="registryPolicyConnectionString" aspect.isPrimaryKey="false" aspect.cacheTime="0.0" 
                                 aspect.dataChangeType="VALUE" aspect.isPersistent="true" baseType="PASSWORD" 
                                 description="The registry connection string provided by Azure." ordinal="5"/>
                <FieldDefinition name="deviceExportBlobThing" aspect.isPrimaryKey="false" aspect.cacheTime="0.0" 
                                 aspect.dataChangeType="VALUE" aspect.isPersistent="true" 
                                 aspect.thingTemplate="AzureBlobStorageTemplate" baseType="THINGNAME" 
                                 description="The Azure IoT Blob storage account used for device export" ordinal="6"/>
                <FieldDefinition name="deviceExportContainerNamePrefix" aspect.isPrimaryKey="false" 
                                 aspect.defaultValue="device-export-" baseType="STRING" 
                                 description="Exports always write to a 'devices.txt' file within a provided container. 
                                 To prevent overwrites from multiple exports, a unique container is used. The 
                                 container name is composed of this prefix and a randomly generated UUID" ordinal="7"/>
                <FieldDefinition name="deviceExportReadBlockSize" aspect.isPrimaryKey="false" aspect.defaultValue="10000" 
                                 baseType="LONG" description="Data is read out of the exported blob in chunks to avoid 
                                 potential network or memory issues. This is the maximum size of a single read from 
                                 Azure Blob Storage. The default value is 10000 bytes." ordinal="8"/>
                <FieldDefinition name="eventHubName" aspect.isPrimaryKey="false" baseType="STRING" 
                                 description="The Event-Hub compatible name provided by Azure IoT." ordinal="9"/>
                <FieldDefinition name="eventHubEndpoint" aspect.isPrimaryKey="false" aspect.cacheTime="0.0" 
                                 aspect.dataChangeType="VALUE" aspect.isPersistent="true" baseType="PASSWORD" 
                                 description="The Event Hub-compatible endpoint that Azure IoT provides" ordinal="10"/>
                <FieldDefinition name="eventProcessorHostBlobThing" aspect.isPrimaryKey="false" aspect.cacheTime="0.0"
                                 aspect.dataChangeType="VALUE" aspect.isPersistent="true"
                                 aspect.thingTemplate="AzureBlobStorageTemplate" baseType="THINGNAME" 
                                 description="The Blob storage account used for device export." ordinal="11"/>
                <FieldDefinition name="eventProcessorHostContainerName" aspect.isPrimaryKey="false" baseType="STRING" 
                                 description="This field defaults to &quot;eph-storage-&quot;+eventHubName. To override
                                 the default value, populate this field." ordinal="12"/>
                <FieldDefinition name="fileRepositoryBlobThing" aspect.isPrimaryKey="false" 
                                 aspect.thingTemplate="AzureBlobStorageTemplate" baseType="THINGNAME" 
                                 description="The Blob storage thing used for the file repository" ordinal="13"/>
                <FieldDefinition name="maxBatchSize" aspect.isPrimaryKey="false" baseType="INTEGER" 
                                 description="Specifies the maximum size of a message batch for consuming hub messages" 
                                 ordinal="14"/>
            </FieldDefinitions>
            <ConfigurationChanges/>
        </DataShape>
    </DataShapes>
</Entities>