<?xml version="1.0" encoding="UTF-8" standalone="no"?>
<Entities build="b139" majorVersion="6" minorVersion="6" modelPersistenceProviderPackage="NeoPersistenceProviderPackage" revision="2"
          schemaVersion="809">
    <DataShapes>
        <DataShape baseDataShape="" 
                   description="This Data Shape defines the infotable row for Azure IoT Hub related Consumer Groups." 
                   documentationContent="" homeMashup="" lastModifiedDate="2016-01-04T20:40:06.762Z"
                   name="AzureIotConsumerGroupTableDataShape" tags="">
            <Owner name="Administrator" type="User"/>
            <avatar/>
            <DesignTimePermissions>
                <Create/>
                <Read/>
                <Update/>
                <Delete/>
                <Metadata/>
            </DesignTimePermissions>
            <RunTimePermissions/>
            <VisibilityPermissions>
                <Visibility/>
            </VisibilityPermissions>
            <ConfigurationTables/>
            <FieldDefinitions>
                <FieldDefinition baseType="STRING" 
                                 description="The name of a Consumer Group." 
                                 name="name" ordinal="1"/>
            </FieldDefinitions>
            <ConfigurationChanges/>
        </DataShape>
    </DataShapes>
</Entities>