<?xml version="1.0" encoding="UTF-8" standalone="no"?>
<Entities build="b139" majorVersion="6" minorVersion="6" 
          modelPersistenceProviderPackage="NeoPersistenceProviderPackage" revision="2"
          schemaVersion="809">
    <DataShapes>
        <DataShape baseDataShape="" description="This Data Shape defines the payload ('patch') of a 
                   change event for an Azure IoT DeviceTwin." 
                   documentationContent="" homeMashup="" lastModifiedDate="2016-01-04T20:40:06.762Z"
                   name="AzureDeviceTwinChangeEventDataShape" tags="">
            <Owner name="Administrator" type="User"/>
            <avatar/>
            <DesignTimePermissions>
                <Create/>
                <Read/>
                <Update/>
                <Delete/>
                <Metadata/>
            </DesignTimePermissions>
            <RunTimePermissions/>
            <VisibilityPermissions>
                <Visibility/>
            </VisibilityPermissions>
            <ConfigurationTables/>
            <FieldDefinitions>
                <FieldDefinition baseType="JSON" 
                                 description="JSON-formatted content of a twin update" 
                                 name="patch" ordinal="1"/>
            </FieldDefinitions>
            <ConfigurationChanges/>
        </DataShape>
    </DataShapes>
</Entities>