<?xml version="1.0" encoding="UTF-8" standalone="no"?>
<Entities build="b11" majorVersion="8" minorVersion="0" 
          modelPersistenceProviderPackage="H2PersistenceProviderPackage" revision="0"
          schemaVersion="1000">
    <DataShapes>
        <DataShape baseDataShape="" description="This Data Shape represents the 
                   status of an Azure IoT DeviceJob."
                   documentationContent="https://docs.microsoft.com/en-us/azure/iot-hub/iot-hub-devguide-jobs"
                   homeMashup="" lastModifiedDate="2017-07-20T18:42:46.248Z"
                   name="AzureDeviceJob" projectName="" tags="">
            <Owner name="Administrator" type="User"/>
            <avatar/>
            <DesignTimePermissions>
                <Create/>
                <Read/>
                <Update/>
                <Delete/>
                <Metadata/>
            </DesignTimePermissions>
            <RunTimePermissions/>
            <VisibilityPermissions>
                <Visibility/>
            </VisibilityPermissions>
            <ConfigurationTables/>
            <FieldDefinitions>
                <FieldDefinition baseType="JSON" description="This field contains the methodName, 
                                 payload, and a few options, such as timeouts." 
                                 name="cloudToDeviceMethod" ordinal="10"/>
                <FieldDefinition baseType="DATETIME" description="This field contains the system-
                                 generated date and time that the device job was created." 
                                 name="createdTime" ordinal="3"/>
                <FieldDefinition baseType="INTEGER" description="This field contains the number
                                 of devices in the job." 
                                 name="deviceCount" ordinal="18"/>
                <FieldDefinition baseType="STRING" description="This field contains the unique
                                 identifier in the IoT Hub's identity registry for the device. 
                                 The value is a case-sensitive string, up to 128 characters in 
                                 length, of ASCII 7-bit alphanumeric characters. It may also 
                                 include special characters, such as a hyphen, a colon, or a 
                                 comma. See the Microsoft documentation for the Get Job REST 
                                 service for details." 
                                 name="deviceId" ordinal="14"/>
                <FieldDefinition baseType="DATETIME" description="This field contains the system-
                                 generated date and time that the device job stopped processing." 
                                 name="endTime" ordinal="6"/>
                <FieldDefinition baseType="STRING" description="This field contains the text of 
                                 the error that caused processing to stop." 
                                 name="error" ordinal="17"/>
                <FieldDefinition baseType="INTEGER" description="This field contains the number
                                 of failed jobs." 
                                 name="failedCount" ordinal="19"/>
                <FieldDefinition baseType="STRING" description="This field contains the system-
                                 generated reason for the failure of a job." 
                                 name="failureReason" ordinal="12"/>
                <FieldDefinition baseType="STRING" description="This field contains a system-
                                 generated identifier for the job." 
                                 name="jobId" ordinal="1"/>
                <FieldDefinition baseType="STRING" description="This field contains the system-
                                 generated string that indicates the status of a job. Possible
                                 values include 'cancelled', 'completed', 'failed', 'running',
                                 and 'scheduled'. See the Microsoft documentation for the Get Job
                                 REST service for details." 
                                 name="jobStatus" ordinal="9"/>
                <FieldDefinition baseType="STRING" description="this field contains the type of
                                 device job to execute. Possible values include 'Copy firmware', 
                                 'readDeviceProperties', and 'UpdateTwin'. See the Microsoft 
                                 documentation for the Get Job REST service for details." 
                                 name="jobType" ordinal="8"/>
                <FieldDefinition baseType="DATETIME" description="This field contains the date 
                                 and time that the status of the job was updated. " 
                                 name="lastUpdatedTime" ordinal="5"/>
                <FieldDefinition baseType="LONG" description="This field contains the maximum
                                 number of seconds that the device job is allowed to run
                                 before its time-to-live expires." 
                                 name="maxExecutionTimeInSeconds" ordinal="7"/>
                <FieldDefinition baseType="JSON" description="This field contains the final
                                 results of device job, in JSON format." 
                                 name="outcome" ordinal="16"/>
                <FieldDefinition baseType="STRING" description="For a device job that is a child
                                 of another job, this field contains the system-generated, unique 
                                 identifier of the parent job." 
                                 name="parentJobId" ordinal="15"/>
                <FieldDefinition baseType="INTEGER" description="This field contains the current
                                 number of device jobs waiting in the queue." 
                                 name="pendingCount" ordinal="22"/>
                <FieldDefinition baseType="STRING" description="This field contains the condition 
                                 for a device query." 
                                 name="queryCondition" ordinal="2"/>
                <FieldDefinition baseType="INTEGER" description="This field contains the number
                                 of device jobs currently in progress." 
                                 name="runningCount" ordinal="21"/>
                <FieldDefinition baseType="DATETIME" description="This field contains the time in
                                 UTC that the scheduled job will begin processing." 
                                 name="startTime" ordinal="4"/>
                <FieldDefinition baseType="STRING" description="This field contains the message 
                                 about the current status of a device job." 
                                 name="statusMessage" ordinal="13"/>
                <FieldDefinition baseType="INTEGER" description="This field contains the number
                                 of device jobs that have completed successfully." 
                                 name="succeededCount" ordinal="20"/>
                <FieldDefinition baseType="JSON" description="This field contains the JSON-
                                 formatted representation for the twin." 
                                 name="updateTwin" ordinal="11"/>
            </FieldDefinitions>
            <ConfigurationChanges>
            </ConfigurationChanges>
        </DataShape>
    </DataShapes>
</Entities>