<?xml version="1.0" encoding="UTF-8" standalone="no"?>
<Entities build="b11" majorVersion="8" minorVersion="0" modelPersistenceProviderPackage="H2PersistenceProviderPackage" revision="0"
          schemaVersion="1000">
    <DataShapes>
        <DataShape baseDataShape="" description="This Data Shape is used to pass Azure IoT configuration details to 
            the Azure IoT Connector when the Connector starts up." documentationContent="" homeMashup="" 
            lastModifiedDate="2019-04-05T17:53:37.139Z"  
            name="AzureConfigurationDataShape" 
            projectName="" tags="Applications:AzureConfiguration">
            <Owner name="Administrator" type="User"/>
            <avatar/>
            <DesignTimePermissions>
                <Create/>
                <Read/>
                <Update/>
                <Delete/>
                <Metadata/>
            </DesignTimePermissions>
            <RunTimePermissions/>
            <VisibilityPermissions>
                <Visibility/>
            </VisibilityPermissions>
            <ConfigurationTableDefinitions/>
            <ConfigurationTables/>
            <FieldDefinitions>
                <FieldDefinition aspect.isPrimaryKey="false" baseType="STRING" 
                                 description="This field contains the consumer group defined for the 
                                 Azure IoT Hub. The default value is '$Default'."
                                 name="consumerGroup" ordinal="1"/>
                <FieldDefinition aspect.isPrimaryKey="false" aspect.cacheTime="0.0" aspect.dataChangeType="VALUE" 
                                 aspect.isPersistent="true" aspect.thingTemplate="AzureBlobStorageTemplate" baseType="THINGNAME" 
                                 description="This field contains the name of the Blob Storage Thing used for device export" 
                                 name="deviceExportBlobThing" ordinal="2"/>
                <FieldDefinition aspect.isPrimaryKey="false" aspect.defaultValue="device-export-" baseType="STRING" 
                                 description="Device exports always write to a 'devices.txt' file within a provided Azure Blob Storage 
                                 container. To prevent overwrites from multiple exports, a unique container is used. The container 
                                 name is composed of this prefix and a randomly generated UUID." 
                                 name="deviceExportContainerNamePrefix" ordinal="3"/>
                <FieldDefinition aspect.isPrimaryKey="false" aspect.defaultValue="10000" baseType="LONG" 
                                 description="Data is read out of the exported blob in chunks to avoid potential network
                                 or memory issues. The value of this field is the maximum size of a single read from 
                                 Azure Blob Storage. The default value is 10k bytes." 
                                 name="deviceExportReadBlockSize" ordinal="4"/>
                <FieldDefinition aspect.isPrimaryKey="false" baseType="STRING" 
                                 description="This field contains the name of the Event-Hub provided by Azure IoT." 
                                 name="eventHubName" ordinal="5"/>
                <FieldDefinition aspect.isPrimaryKey="false" aspect.cacheTime="0.0" aspect.dataChangeType="VALUE" 
                                 aspect.isPersistent="true" aspect.thingTemplate="AzureBlobStorageTemplate" baseType="THINGNAME" 
                                 description="This field contains the Blob storage account used for event processor host checkpointing." 
                                 name="eventProcessorHostBlobThing" ordinal="6"/>
                <FieldDefinition aspect.isPrimaryKey="false" baseType="STRING" 
                                 description="This field defaults to &quot;eph-storage-&quot;+eventHubName. 
                                 To override this value, populate this field." 
                                 name="eventProcessorHostContainerName" ordinal="7"/>
                <FieldDefinition aspect.isPrimaryKey="false" aspect.thingTemplate="AzureBlobStorageTemplate" baseType="THINGNAME" 
                                 description="This field contains the name of the Blob Storage Thing that represents the Azure
                                 Blob Storage account and is used to store files uploaded from the Azure edge devices." 
                                 name="fileRepositoryBlobThing" ordinal="8"/>
                <FieldDefinition aspect.isPrimaryKey="false" baseType="STRING" 
                                 description="This field contains the name of the Azure IoT Hub that was provided when
                                 the Azure IoT Hub was created." 
                                 name="hubName" ordinal="9"/>
                <FieldDefinition aspect.isPrimaryKey="false" baseType="INTEGER" 
                                 description="This field specifies the maximum number of messages in a batch sent by an Azure IoT Hub.
                                 The default value is 500 messages. Valid values are between 1 and 2000." 
                                 name="maxBatchSize" ordinal="10"/>
                <FieldDefinition name="authManagementURL" aspect.isPrimaryKey="false" baseType="STRING"
                                 description="This field contains the callback URL for Azure auth tokens" ordinal="11"/>
                <FieldDefinition name="baseURL" aspect.isPrimaryKey="false" baseType="STRING"
                                 description="This field contains the base URL for the azure IIoT stack" ordinal="12"/>
                <FieldDefinition name="publisherPath" aspect.isPrimaryKey="false" baseType="STRING"
                                 description="This field contains the path of the publisher - changes only if default deployment is changed"
                                 ordinal="13"/>
                <FieldDefinition name="registryPath" aspect.isPrimaryKey="false" baseType="STRING"
                                 description="This field contains the path of the registry - changes only if default deployment is changed"
                                 ordinal="14"/>
                <FieldDefinition name="twinPath" aspect.isPrimaryKey="false" baseType="STRING"
                                 description="This field contains the path of the twin - changes only if default deployment is changed"
                                 ordinal="15"/>
                <FieldDefinition aspect.dataShape="AzureConfigurationSecretsDataShape" aspect.isPrimaryKey="false" baseType="INFOTABLE"
                                 description="This field contains a Key/Value pair infotable that contains all the secrets needed by
                                 the Connector"
                                 name="configurationSecrets" ordinal="16"/>
                <FieldDefinition aspect.dataShape="AzureConfigurationEndpointCredentialsSecrets" aspect.isPrimaryKey="false" baseType="INFOTABLE"
                                 description="This field contains a list of username and password for a given endpoint"
                                 name="endpointCredentials" ordinal="17"/>
            </FieldDefinitions>
            <ConfigurationChanges/>
        </DataShape>
    </DataShapes>
</Entities>
