<?xml version="1.0" encoding="UTF-8" standalone="no"?>
<Entities build="b6" majorVersion="7" minorVersion="2" modelPersistenceProviderPackage="NeoPersistenceProviderPackage" 
         revision="0" schemaVersion="910">
  <DataShapes>
    <DataShape baseDataShape="" description="This Data Shape defines a list of Thing Shapes" 
               documentationContent="" homeMashup="" lastModifiedDate="2016-06-13T17:59:46.217Z" 
               name="ThingShapeList" tags="">
      <Owner name="Administrator" type="User"/>
      <avatar/>
      <DesignTimePermissions>
        <Create/>
        <Read/>
        <Update/>
        <Delete/>
        <Metadata/>
      </DesignTimePermissions>
      <RunTimePermissions/>
      <VisibilityPermissions>
        <Visibility/>
      </VisibilityPermissions>
      <ConfigurationTables/>
      <FieldDefinitions>
        <FieldDefinition baseType="THINGSHAPENAME" 
                         description="This field contains the name of a Thing Shape." 
                         name="item" ordinal="1"/>
      </FieldDefinitions>
      <ConfigurationChanges />
    </DataShape>
  </DataShapes>
</Entities>
