<?xml version="1.0" encoding="UTF-8"?>
<Entities>
    <LocalizationTables>
        <LocalizationTable
         description="ru localization table"
         homeMashup=""
         name="ru"
         tags="PTC:factory-mv">
            <avatar></avatar>
            <DesignTimePermissions>
                <Create></Create>
                <Read></Read>
                <Update></Update>
                <Delete></Delete>
                <Metadata></Metadata>
            </DesignTimePermissions>
            <RunTimePermissions></RunTimePermissions>
            <VisibilityPermissions>
                <Visibility>
                    <Principal
                     isPermitted="true"
                     name="PTC.Factory.MachineVisibility"
                     type="Organization"></Principal>
                </Visibility>
            </VisibilityPermissions>
            <ConfigurationTables>
                <ConfigurationTable
                 description="Localization Tokens"
                 isMultiRow="true"
                 name="LocalizationTokens"
                 ordinal="0">
                    <DataShape>
                        <FieldDefinitions>
                            <FieldDefinition
                             aspect.friendlyName="Translation context"
                             baseType="STRING"
                             description="Translation context"
                             name="context"
                             ordinal="3"></FieldDefinition>
                            <FieldDefinition
                             aspect.friendlyName="Token name"
                             baseType="STRING"
                             description="Token name"
                             name="name"
                             ordinal="0"></FieldDefinition>
                            <FieldDefinition
                             aspect.friendlyName="Token usage"
                             baseType="STRING"
                             description="Token usage"
                             name="usage"
                             ordinal="2"></FieldDefinition>
                            <FieldDefinition
                             aspect.friendlyName="Localized value"
                             baseType="STRING"
                             description="Localized value"
                             name="value"
                             ordinal="1"></FieldDefinition>
                        </FieldDefinitions>
                    </DataShape>
                    <Rows>
                        <Row>
                            <name>
                            <![CDATA[
                            PTC.Factory.AdministrationTileLabel
                            ]]>
                            </name>
                            <value>
                            <![CDATA[
                            Администрирование и конфигурация
                            ]]>
                            </value>
                        </Row>
                        <Row>
                            <name>
                            <![CDATA[
                            PTC.Factory.ConfigurationAndSetupTileLabel
                            ]]>
                            </name>
                            <value>
                            <![CDATA[
                            Конфигурация и установка
                            ]]>
                            </value>
                        </Row>
                        <Row>
                            <name>
                            <![CDATA[
                            PTC.Factory.KEPServerExMonitorTileLabel
                            ]]>
                            </name>
                            <value>
                            <![CDATA[
                            Controls Advisor
                            ]]>
                            </value>
                        </Row>
                        <Row>
                            <name>
                            <![CDATA[
                            PTC.Factory.TrendTroubleshootingTileLabel
                            ]]>
                            </name>
                            <value>
                            <![CDATA[
                            Актуальные вопросы и устранение неполадок
                            ]]>
                            </value>
                        </Row>
                        <Row>
                            <name>
                            <![CDATA[
                            PTC.Factory.HelpCenter
                            ]]>
                            </name>
                            <value>
                            <![CDATA[
                            Центр справки
                            ]]>
                            </value>
                        </Row>
                        <Row>
                            <name>
                            <![CDATA[
                            PTC.Factory.ConsoleTileLabel
                            ]]>
                            </name>
                            <value>
                            <![CDATA[
                            Консоль
                            ]]>
                            </value>
                        </Row>
                        <Row>
                            <name>
                            <![CDATA[
                            PTC.Factory.Administration.ManagePhysicalAssetsLabel
                            ]]>
                            </name>
                            <value>
                            <![CDATA[
                            Управление ресурсами
                            ]]>
                            </value>
                        </Row>
                        <Row>
                            <name>
                            <![CDATA[
                            PTC.Factory.ProductionReportingTileLabel
                            ]]>
                            </name>
                            <value>
                            <![CDATA[
                            Отчет о производстве
                            ]]>
                            </value>
                        </Row>
                        <Row>
                            <name>
                            <![CDATA[
                            PTC.Factory.PlantViewerTileLabel
                            ]]>
                            </name>
                            <value>
                            <![CDATA[
                            KPI производства
                            ]]>
                            </value>
                        </Row>
                        <Row>
                            <name>
                            <![CDATA[
                            PTC.Factory.AlertsManagerTileLabel
                            ]]>
                            </name>
                            <value>
                            <![CDATA[
                            Управление оповещениями
                            ]]>
                            </value>
                        </Row>
                        <Row>
                            <name>
                            <![CDATA[
                            PTC.Factory.AlertsEditorTileLabel
                            ]]>
                            </name>
                            <value>
                            <![CDATA[
                            Редактирование оповещений
                            ]]>
                            </value>
                        </Row>
                        <Row>
                            <name>
                            <![CDATA[
                            PTC.Factory.AlertsMonitorTileLabel
                            ]]>
                            </name>
                            <value>
                            <![CDATA[
                            Отслеживание оповещений
                            ]]>
                            </value>
                        </Row>
                        <Row>
                            <name>
                            <![CDATA[
                            PTC.SCA.SCO.WorkflowBuilderTileLabel
                            ]]>
                            </name>
                            <value>
                            <![CDATA[
                            Workflow Builder
                            ]]>
                            </value>
                        </Row>
                        <Row>
                            <name>
                            <![CDATA[
                            PTC.SCA.SCO.WorkflowBuilderLabel
                            ]]>
                            </name>
                            <value>
                            <![CDATA[
                            workflow builder
                            ]]>
                            </value>
                        </Row>
                        <Row>
                            <name>
                            <![CDATA[
                            PTC.SCA.SCO.WorkflowManagementTitleLabel
                            ]]>
                            </name>
                            <value>
                            <![CDATA[
                            Workflow Management
                            ]]>
                            </value>
                        </Row>
                        <Row>
                            <name>
                            <![CDATA[
                            PTC.SCA.SCO.WorkflowManagementLabel
                            ]]>
                            </name>
                            <value>
                            <![CDATA[
                            workflow management
                            ]]>
                            </value>
                        </Row>
                        <Row>
                            <name>
                            <![CDATA[
                            PTC.SCA.SCO.SoftwareContentManagementTileLabel
                            ]]>
                            </name>
                            <value>
                            <![CDATA[
                            Software Content Management
                            ]]>
                            </value>
                        </Row>
                        <Row>
                            <name>
                            <![CDATA[
                            PTC.SCA.SCO.SoftwareContentManagementLabel
                            ]]>
                            </name>
                            <value>
                            <![CDATA[
                            software content management
                            ]]>
                            </value>
                        </Row>
                        <Row>
                            <name>
                            <![CDATA[
                            PTC.SCA.SCO.WorkflowBuilderTileDescription
                            ]]>
                            </name>
                            <value>
                            <![CDATA[
                            Создавайте и изменяйте рабочие процессы.
                            ]]>
                            </value>
                        </Row>
                        <Row>
                            <name>
                            <![CDATA[
                            PTC.SCA.SCO.WorkflowManagementTileDescription
                            ]]>
                            </name>
                            <value>
                            <![CDATA[
                            Просматривайте и управляйте рабочими процессами.
                            ]]>
                            </value>
                        </Row>
                        <Row>
                            <name>
                            <![CDATA[
                            PTC.SCA.SCO.SoftwareContentManagementTileDescription
                            ]]>
                            </name>
                            <value>
                            <![CDATA[
                            Создавайте, управляйте, проверяйте и развертывайте пакеты в подключенных активах.
                            ]]>
                            </value>
                        </Row>
                        <Row>
                            <name>
                            <![CDATA[
                            PTC.Factory.Administration.UserAccessControlLabel
                            ]]>
                            </name>
                            <value>
                            <![CDATA[
                            Управление пользователями и доступом
                            ]]>
                            </value>
                        </Row>
                        <Row>
                            <name>
                            <![CDATA[
                            PTC.Factory.RenewLicense
                            ]]>
                            </name>
                            <value>
                            <![CDATA[
                            Обновление лицензии
                            ]]>
                            </value>
                        </Row>
                        <Row>
                            <name>
                            <![CDATA[
                            PTC.Factory.RenewLicense_UPCASE
                            ]]>
                            </name>
                            <value>
                            <![CDATA[
                            ОБНОВЛЕНИЕ ЛИЦЕНЗИИ
                            ]]>
                            </value>
                        </Row>
                        <Row>
                            <name>
                            <![CDATA[
                            PTC.Factory.GenerateUsageReport
                            ]]>
                            </name>
                            <value>
                            <![CDATA[
                            Отчет об использовании
                            ]]>
                            </value>
                        </Row>
                        <Row>
                            <name>
                            <![CDATA[
                            PTC.Factory.AssetPerformanceTileLabel
                            ]]>
                            </name>
                            <value>
                            <![CDATA[
                            Asset Advisor
                            ]]>
                            </value>
                        </Row>
                        <Row>
                            <name>
                            <![CDATA[
                            PTC.SCA.Common.AlertNotification.EmailAndTextConfigurationTileLabel
                            ]]>
                            </name>
                            <value>
                            <![CDATA[
                            Настройка доставки электронной почты и текстовых сообщений
                            ]]>
                            </value>
                        </Row>
                        <Row>
                            <name>
                            <![CDATA[
                            PTC.SCA.Common.WindowTitle
                            ]]>
                            </name>
                            <value>
                            <![CDATA[
                            ThingWorx Apps
                            ]]>
                            </value>
                        </Row>
                        <Row>
                            <name>
                            <![CDATA[
                            PTC.Factory.AdministrationPageTitleLabel
                            ]]>
                            </name>
                            <value>
                            <![CDATA[
                            администрирование и конфигурация
                            ]]>
                            </value>
                        </Row>
                        <Row>
                            <name>
                            <![CDATA[
                            PTC.Factory.PlantViewerPageTitleLabel
                            ]]>
                            </name>
                            <value>
                            <![CDATA[
                            KPI производства
                            ]]>
                            </value>
                        </Row>
                        <Row>
                            <name>
                            <![CDATA[
                            PTC.Factory.KEPServerExMonitorPageTitleLabel
                            ]]>
                            </name>
                            <value>
                            <![CDATA[
                            controls advisor
                            ]]>
                            </value>
                        </Row>
                        <Row>
                            <name>
                            <![CDATA[
                            PTC.Factory.TrendTroubleshootingPageTitleLabel
                            ]]>
                            </name>
                            <value>
                            <![CDATA[
                            актуальные вопросы и устранение неполадок
                            ]]>
                            </value>
                        </Row>
                        <Row>
                            <name>
                            <![CDATA[
                            PTC.Factory.AlertsMonitorPageTitleLabel
                            ]]>
                            </name>
                            <value>
                            <![CDATA[
                            отслеживание оповещений
                            ]]>
                            </value>
                        </Row>
                        <Row>
                            <name>
                            <![CDATA[
                            PTC.Factory.ConfigurationAndSetupPageTitleLabel
                            ]]>
                            </name>
                            <value>
                            <![CDATA[
                            конфигурация и настройка
                            ]]>
                            </value>
                        </Row>
                        <Row>
                            <name>
                            <![CDATA[
                            PTC.Factory.ConfigurationAndSetup.EquipmentTabName
                            ]]>
                            </name>
                            <value>
                            <![CDATA[
                            Оборудование
                            ]]>
                            </value>
                        </Row>
                        <Row>
                            <name>
                            <![CDATA[
                            PTC.Factory.ConfigurationAndSetup.AlertsTabName
                            ]]>
                            </name>
                            <value>
                            <![CDATA[
                            Оповещения
                            ]]>
                            </value>
                        </Row>
                        <Row>
                            <name>
                            <![CDATA[
                            PTC.Factory.ConfigurationAndSetup.NotificationsTabName
                            ]]>
                            </name>
                            <value>
                            <![CDATA[
                            Доставка уведомлений
                            ]]>
                            </value>
                        </Row>
                        <Row>
                            <name>
                            <![CDATA[
                            PTC.Factory.ConfigurationAndSetup.UsersTabName
                            ]]>
                            </name>
                            <value>
                            <![CDATA[
                            Пользователи
                            ]]>
                            </value>
                        </Row>
                        <Row>
                            <name>
                            <![CDATA[
                            PTC.SCA.SCO.AssetPerformanceTileDescription
                            ]]>
                            </name>
                            <value>
                            <![CDATA[
                            Отслеживайте работоспособность и состояние активов.
                            ]]>
                            </value>
                        </Row>
                        <Row>
                            <name>
                            <![CDATA[
                            PTC.SCA.SCO.KEPServerExMonitorTileDescription
                            ]]>
                            </name>
                            <value>
                            <![CDATA[
                            Создавайте и отслеживайте подключения серверов и устройств.
                            ]]>
                            </value>
                        </Row>
                        <Row>
                            <name>
                            <![CDATA[
                            PTC.SCA.SCO.PlantViewerTileDescription
                            ]]>
                            </name>
                            <value>
                            <![CDATA[
                            Отслеживайте производительность и использование линии производства.
                            ]]>
                            </value>
                        </Row>
                        <Row>
                            <name>
                            <![CDATA[
                            PTC.SCA.SCO.AlertsMonitorTileDescription
                            ]]>
                            </name>
                            <value>
                            <![CDATA[
                            Отслеживайте активные оповещения и историю оповещений в системе.
                            ]]>
                            </value>
                        </Row>
                        <Row>
                            <name>
                            <![CDATA[
                            PTC.SCA.SCO.TrendTroubleshootingTileDescription
                            ]]>
                            </name>
                            <value>
                            <![CDATA[
                            Создавайте тенденции для представления сведений для быстрого устранения неполадок.
                            ]]>
                            </value>
                        </Row>
                        <Row>
                            <name>
                            <![CDATA[
                            PTC.SCA.SCO.ConfigurationAndSetupTileDescription
                            ]]>
                            </name>
                            <value>
                            <![CDATA[
                            Настраивайте оборудование, оповещения, уведомления и пользователей.
                            ]]>
                            </value>
                        </Row>
                        <Row>
                            <name>
                            <![CDATA[
                            PTC.SCA.SCO.TwxComposerTileLabel
                            ]]>
                            </name>
                            <value>
                            <![CDATA[
                            ThingWorx Composer
                            ]]>
                            </value>
                        </Row>
                        <Row>
                            <name>
                            <![CDATA[
                            PTC.SCA.SCO.TwxComposerTileDescription
                            ]]>
                            </name>
                            <value>
                            <![CDATA[
                            Моделируйте, разрабатывайте, сконфигурируйте и настраивайте приложения.
                            ]]>
                            </value>
                        </Row>
                    </Rows>
                </ConfigurationTable>
            </ConfigurationTables>
        </LocalizationTable>
    </LocalizationTables>
</Entities>
