<?xml version="1.0" encoding="UTF-8"?>
<Entities>
    <LocalizationTables>
        <LocalizationTable
         description="zh-TW localization table"
         homeMashup=""
         name="zh-TW"
         tags="PTC:factory-mv">
            <avatar></avatar>
            <DesignTimePermissions>
                <Create></Create>
                <Read></Read>
                <Update></Update>
                <Delete></Delete>
                <Metadata></Metadata>
            </DesignTimePermissions>
            <RunTimePermissions></RunTimePermissions>
            <VisibilityPermissions>
                <Visibility>
                    <Principal
                     isPermitted="true"
                     name="PTC.Factory.MachineVisibility"
                     type="Organization"></Principal>
                </Visibility>
            </VisibilityPermissions>
            <ConfigurationTables>
                <ConfigurationTable
                 description="Localization Tokens"
                 isMultiRow="true"
                 name="LocalizationTokens"
                 ordinal="0">
                    <DataShape>
                        <FieldDefinitions>
                            <FieldDefinition
                             aspect.friendlyName="Translation context"
                             baseType="STRING"
                             description="Translation context"
                             name="context"
                             ordinal="3"></FieldDefinition>
                            <FieldDefinition
                             aspect.friendlyName="Token name"
                             baseType="STRING"
                             description="Token name"
                             name="name"
                             ordinal="0"></FieldDefinition>
                            <FieldDefinition
                             aspect.friendlyName="Token usage"
                             baseType="STRING"
                             description="Token usage"
                             name="usage"
                             ordinal="2"></FieldDefinition>
                            <FieldDefinition
                             aspect.friendlyName="Localized value"
                             baseType="STRING"
                             description="Localized value"
                             name="value"
                             ordinal="1"></FieldDefinition>
                        </FieldDefinitions>
                    </DataShape>
                    <Rows>
                        <Row>
                            <name>
                            <![CDATA[
                            PTC.Factory.AdministrationTileLabel
                            ]]>
                            </name>
                            <value>
                            <![CDATA[
                            管理與組態
                            ]]>
                            </value>
                        </Row>
                        <Row>
                            <name>
                            <![CDATA[
                            PTC.Factory.ConfigurationAndSetupTileLabel
                            ]]>
                            </name>
                            <value>
                            <![CDATA[
                            組態與設定
                            ]]>
                            </value>
                        </Row>
                        <Row>
                            <name>
                            <![CDATA[
                            PTC.Factory.KEPServerExMonitorTileLabel
                            ]]>
                            </name>
                            <value>
                            <![CDATA[
                            Controls Advisor
                            ]]>
                            </value>
                        </Row>
                        <Row>
                            <name>
                            <![CDATA[
                            PTC.Factory.TrendTroubleshootingTileLabel
                            ]]>
                            </name>
                            <value>
                            <![CDATA[
                            趨勢與疑難排解
                            ]]>
                            </value>
                        </Row>
                        <Row>
                            <name>
                            <![CDATA[
                            PTC.Factory.HelpCenter
                            ]]>
                            </name>
                            <value>
                            <![CDATA[
                            輔助說明中心
                            ]]>
                            </value>
                        </Row>
                        <Row>
                            <name>
                            <![CDATA[
                            PTC.Factory.ConsoleTileLabel
                            ]]>
                            </name>
                            <value>
                            <![CDATA[
                            主控台
                            ]]>
                            </value>
                        </Row>
                        <Row>
                            <name>
                            <![CDATA[
                            PTC.Factory.Administration.ManagePhysicalAssetsLabel
                            ]]>
                            </name>
                            <value>
                            <![CDATA[
                            管理資源
                            ]]>
                            </value>
                        </Row>
                        <Row>
                            <name>
                            <![CDATA[
                            PTC.Factory.ProductionReportingTileLabel
                            ]]>
                            </name>
                            <value>
                            <![CDATA[
                            生產報表
                            ]]>
                            </value>
                        </Row>
                        <Row>
                            <name>
                            <![CDATA[
                            PTC.Factory.PlantViewerTileLabel
                            ]]>
                            </name>
                            <value>
                            <![CDATA[
                            生產 KPI
                            ]]>
                            </value>
                        </Row>
                        <Row>
                            <name>
                            <![CDATA[
                            PTC.Factory.AlertsManagerTileLabel
                            ]]>
                            </name>
                            <value>
                            <![CDATA[
                            警示管理
                            ]]>
                            </value>
                        </Row>
                        <Row>
                            <name>
                            <![CDATA[
                            PTC.Factory.AlertsEditorTileLabel
                            ]]>
                            </name>
                            <value>
                            <![CDATA[
                            警示編輯
                            ]]>
                            </value>
                        </Row>
                        <Row>
                            <name>
                            <![CDATA[
                            PTC.Factory.AlertsMonitorTileLabel
                            ]]>
                            </name>
                            <value>
                            <![CDATA[
                            警示監控
                            ]]>
                            </value>
                        </Row>
                        <Row>
                            <name>
                            <![CDATA[
                            PTC.SCA.SCO.WorkflowBuilderTileLabel
                            ]]>
                            </name>
                            <value>
                            <![CDATA[
                            Workflow Builder
                            ]]>
                            </value>
                        </Row>
                        <Row>
                            <name>
                            <![CDATA[
                            PTC.SCA.SCO.WorkflowBuilderLabel
                            ]]>
                            </name>
                            <value>
                            <![CDATA[
                            workflow builder
                            ]]>
                            </value>
                        </Row>
                        <Row>
                            <name>
                            <![CDATA[
                            PTC.SCA.SCO.WorkflowManagementTitleLabel
                            ]]>
                            </name>
                            <value>
                            <![CDATA[
                            Workflow Management
                            ]]>
                            </value>
                        </Row>
                        <Row>
                            <name>
                            <![CDATA[
                            PTC.SCA.SCO.WorkflowManagementLabel
                            ]]>
                            </name>
                            <value>
                            <![CDATA[
                            workflow management
                            ]]>
                            </value>
                        </Row>
                        <Row>
                            <name>
                            <![CDATA[
                            PTC.SCA.SCO.SoftwareContentManagementTileLabel
                            ]]>
                            </name>
                            <value>
                            <![CDATA[
                            Software Content Management
                            ]]>
                            </value>
                        </Row>
                        <Row>
                            <name>
                            <![CDATA[
                            PTC.SCA.SCO.SoftwareContentManagementLabel
                            ]]>
                            </name>
                            <value>
                            <![CDATA[
                            software content management
                            ]]>
                            </value>
                        </Row>
                        <Row>
                            <name>
                            <![CDATA[
                            PTC.SCA.SCO.WorkflowBuilderTileDescription
                            ]]>
                            </name>
                            <value>
                            <![CDATA[
                            建立並編輯工作流程。
                            ]]>
                            </value>
                        </Row>
                        <Row>
                            <name>
                            <![CDATA[
                            PTC.SCA.SCO.WorkflowManagementTileDescription
                            ]]>
                            </name>
                            <value>
                            <![CDATA[
                            檢視並管理工作流程。
                            ]]>
                            </value>
                        </Row>
                        <Row>
                            <name>
                            <![CDATA[
                            PTC.SCA.SCO.SoftwareContentManagementTileDescription
                            ]]>
                            </name>
                            <value>
                            <![CDATA[
                            建立、管理、測試，並部署封包至已連線的資產。
                            ]]>
                            </value>
                        </Row>
                        <Row>
                            <name>
                            <![CDATA[
                            PTC.Factory.Administration.UserAccessControlLabel
                            ]]>
                            </name>
                            <value>
                            <![CDATA[
                            使用者與存取控制
                            ]]>
                            </value>
                        </Row>
                        <Row>
                            <name>
                            <![CDATA[
                            PTC.Factory.RenewLicense
                            ]]>
                            </name>
                            <value>
                            <![CDATA[
                            更新授權
                            ]]>
                            </value>
                        </Row>
                        <Row>
                            <name>
                            <![CDATA[
                            PTC.Factory.RenewLicense_UPCASE
                            ]]>
                            </name>
                            <value>
                            <![CDATA[
                            更新授權
                            ]]>
                            </value>
                        </Row>
                        <Row>
                            <name>
                            <![CDATA[
                            PTC.Factory.GenerateUsageReport
                            ]]>
                            </name>
                            <value>
                            <![CDATA[
                            使用報告
                            ]]>
                            </value>
                        </Row>
                        <Row>
                            <name>
                            <![CDATA[
                            PTC.Factory.AssetPerformanceTileLabel
                            ]]>
                            </name>
                            <value>
                            <![CDATA[
                            Asset Advisor
                            ]]>
                            </value>
                        </Row>
                        <Row>
                            <name>
                            <![CDATA[
                            PTC.SCA.Common.AlertNotification.EmailAndTextConfigurationTileLabel
                            ]]>
                            </name>
                            <value>
                            <![CDATA[
                            設定電子郵件與文字傳遞
                            ]]>
                            </value>
                        </Row>
                        <Row>
                            <name>
                            <![CDATA[
                            PTC.SCA.Common.WindowTitle
                            ]]>
                            </name>
                            <value>
                            <![CDATA[
                            ThingWorx Apps
                            ]]>
                            </value>
                        </Row>
                        <Row>
                            <name>
                            <![CDATA[
                            PTC.Factory.AdministrationPageTitleLabel
                            ]]>
                            </name>
                            <value>
                            <![CDATA[
                            管理與組態
                            ]]>
                            </value>
                        </Row>
                        <Row>
                            <name>
                            <![CDATA[
                            PTC.Factory.PlantViewerPageTitleLabel
                            ]]>
                            </name>
                            <value>
                            <![CDATA[
                            生產 KPI
                            ]]>
                            </value>
                        </Row>
                        <Row>
                            <name>
                            <![CDATA[
                            PTC.Factory.KEPServerExMonitorPageTitleLabel
                            ]]>
                            </name>
                            <value>
                            <![CDATA[
                            controls advisor
                            ]]>
                            </value>
                        </Row>
                        <Row>
                            <name>
                            <![CDATA[
                            PTC.Factory.TrendTroubleshootingPageTitleLabel
                            ]]>
                            </name>
                            <value>
                            <![CDATA[
                            趨勢與疑難排解
                            ]]>
                            </value>
                        </Row>
                        <Row>
                            <name>
                            <![CDATA[
                            PTC.Factory.AlertsMonitorPageTitleLabel
                            ]]>
                            </name>
                            <value>
                            <![CDATA[
                            警示監控
                            ]]>
                            </value>
                        </Row>
                        <Row>
                            <name>
                            <![CDATA[
                            PTC.Factory.ConfigurationAndSetupPageTitleLabel
                            ]]>
                            </name>
                            <value>
                            <![CDATA[
                            組態與設定
                            ]]>
                            </value>
                        </Row>
                        <Row>
                            <name>
                            <![CDATA[
                            PTC.Factory.ConfigurationAndSetup.EquipmentTabName
                            ]]>
                            </name>
                            <value>
                            <![CDATA[
                            設備
                            ]]>
                            </value>
                        </Row>
                        <Row>
                            <name>
                            <![CDATA[
                            PTC.Factory.ConfigurationAndSetup.AlertsTabName
                            ]]>
                            </name>
                            <value>
                            <![CDATA[
                            警示
                            ]]>
                            </value>
                        </Row>
                        <Row>
                            <name>
                            <![CDATA[
                            PTC.Factory.ConfigurationAndSetup.NotificationsTabName
                            ]]>
                            </name>
                            <value>
                            <![CDATA[
                            通知傳遞
                            ]]>
                            </value>
                        </Row>
                        <Row>
                            <name>
                            <![CDATA[
                            PTC.Factory.ConfigurationAndSetup.UsersTabName
                            ]]>
                            </name>
                            <value>
                            <![CDATA[
                            使用者
                            ]]>
                            </value>
                        </Row>
                        <Row>
                            <name>
                            <![CDATA[
                            PTC.SCA.SCO.AssetPerformanceTileDescription
                            ]]>
                            </name>
                            <value>
                            <![CDATA[
                            監控資產的狀態與健全度
                            ]]>
                            </value>
                        </Row>
                        <Row>
                            <name>
                            <![CDATA[
                            PTC.SCA.SCO.KEPServerExMonitorTileDescription
                            ]]>
                            </name>
                            <value>
                            <![CDATA[
                            建立並監控伺服器與裝置的連線狀態。
                            ]]>
                            </value>
                        </Row>
                        <Row>
                            <name>
                            <![CDATA[
                            PTC.SCA.SCO.PlantViewerTileDescription
                            ]]>
                            </name>
                            <value>
                            <![CDATA[
                            監控產線的效能與使用率。
                            ]]>
                            </value>
                        </Row>
                        <Row>
                            <name>
                            <![CDATA[
                            PTC.SCA.SCO.AlertsMonitorTileDescription
                            ]]>
                            </name>
                            <value>
                            <![CDATA[
                            跨系統監控作用中的警示和警示記錄。
                            ]]>
                            </value>
                        </Row>
                        <Row>
                            <name>
                            <![CDATA[
                            PTC.SCA.SCO.TrendTroubleshootingTileDescription
                            ]]>
                            </name>
                            <value>
                            <![CDATA[
                            建立趨勢以呈現資料，進而加快疑難排解。
                            ]]>
                            </value>
                        </Row>
                        <Row>
                            <name>
                            <![CDATA[
                            PTC.SCA.SCO.ConfigurationAndSetupTileDescription
                            ]]>
                            </name>
                            <value>
                            <![CDATA[
                            設定設備、警示、通知及使用者。
                            ]]>
                            </value>
                        </Row>
                        <Row>
                            <name>
                            <![CDATA[
                            PTC.SCA.SCO.TwxComposerTileLabel
                            ]]>
                            </name>
                            <value>
                            <![CDATA[
                            ThingWorx Composer
                            ]]>
                            </value>
                        </Row>
                        <Row>
                            <name>
                            <![CDATA[
                            PTC.SCA.SCO.TwxComposerTileDescription
                            ]]>
                            </name>
                            <value>
                            <![CDATA[
                            建模、開發、配置、自訂應用程式。
                            ]]>
                            </value>
                        </Row>
                    </Rows>
                </ConfigurationTable>
            </ConfigurationTables>
        </LocalizationTable>
    </LocalizationTables>
</Entities>
