<?xml version="1.0" encoding="utf-8"?><Entities><ExtensionPackages><ExtensionPackage name="AlertMonitor-extension" haCompatible="true" description="Alert Monitor Extension" vendor="PTC" packageVersion="9.1.0" buildNumber="02" minimumThingWorxVersion="8.1.0" dependsOn="AppHomePage-extension:9.1.0,UserManagement-extension:9.1.0" licensed="true" licenseName="twx_mfg_common" namedLicensedGroup="twx_mfg_common_named"><Licensed><Entity name="PTC.Factory.AlertManager.AlertMonitor"></Entity><Entity name="PTC.SCA.SCO.ConfigurationAndSetup.AlertsConfigurationMashup"></Entity></Licensed><JarResources><FileResource file="sco-AlertMonitor-extension.jar" type="JAR"></FileResource></JarResources></ExtensionPackage></ExtensionPackages></Entities>