<?xml version="1.0" encoding="UTF-8"?>
<Entities
 build="b14"
 majorVersion="7"
 minorVersion="1"
 modelPersistenceProviderPackage="NeoPersistenceProviderPackage"
 revision="3"
 schemaVersion="911">
    <MediaEntities>
        <MediaEntity
         description="New connected server logo {PTC.Factory.KepServerEXConnection.NewServerCconnectedLogo}"
         documentationContent=""
         homeMashup=""
         lastModifiedDate="2016-07-12T18:58:05.300Z"
         name="PTC.Factory.KepServerEXConnection.NewServerCconnectedLogo"
         projectName="PTC.SCA.SCO.KEPServerEX Monitor"
         tags="PTC:sca-sco;PTC:MediaEntity;PTC:sca-sco-kepserverexmonitor">
            <avatar></avatar>
            <DesignTimePermissions>
                <Create></Create>
                <Read></Read>
                <Update></Update>
                <Delete></Delete>
                <Metadata></Metadata>
            </DesignTimePermissions>
            <RunTimePermissions></RunTimePermissions>
            <VisibilityPermissions>
                <Visibility>
                    <Principal
                     isPermitted="true"
                     name="PTC.Factory.MachineVisibility"
                     type="Organization"></Principal>
                </Visibility>
            </VisibilityPermissions>
            &gt;
            <ConfigurationTables></ConfigurationTables>
            <content>
            <![CDATA[
            iVBORw0KGgoAAAANSUhEUgAAABAAAAAQCAYAAAAf8/9hAAABRklEQVR42mNgoCXw2Bt+xH1v+EGS
            NLnsDpWDsYGa/4MwNjmswG1PWLzb3vBvuAwAyXnsjUjAqtl9b0QsVMM/XAaA5EB8kEUomr32RskD
            Jb6CFCDbgOECoEaoIV8990fLIGzfF94LVrwnYi6qq1ANgIrNhor3IwteBQl67o4wJGSA1+5QXaj4
            TWSF34H4d+iqUGaUQN0bvhUovhnFv/8ZGIFiP4H4B7IBX4D4j8N+BxZC0dzQ0MAEVPsLZCmyARfB
            obsvwpyQAW77Qo2hXriKFP8RbWDBfeErCBkAVLcUpBaYStvhgs57IsWBgh+hJhfg1LwnPB+q5qPn
            oVBR1HS/L8IPKPEXqmCV294IK89tnuwgDGIDE9pKqNxfYHoIwJ55IIa8h0UfFvwe6E1/vH703R8p
            4r4votZjT/hpaOx8AbOBYiA5dPUAnE7hDaU6B74AAAAASUVORK5CYII=
            ]]>
            </content>
        </MediaEntity>
    </MediaEntities>
</Entities>
