<?xml version="1.0" encoding="UTF-8"?>
<Entities
 build="b937"
 majorVersion="8"
 minorVersion="3"
 modelPersistenceProviderPackage="PostgresPersistenceProviderPackage"
 revision="3"
 schemaVersion="1030"
 universal="">
    <ThingTemplates>
        <ThingTemplate
         aspect.isEditableExtensionObject="false"
         aspect.isExtension="true"
         description="ThingTemplate for validation of a transaction in Operator Advisor {PTC.SCA.SCO.PreActionValidatorThingTemplate}"
         documentationContent=""
         effectiveThingPackage="ConfiguredThing"
         homeMashup=""
         lastModifiedDate="2018-11-21T10:11:15.485-05:00"
         name="PTC.SCA.SCO.PreActionValidatorThingTemplate"
         projectName="PTC.SCA.SCO.OperatorAdvisor.Model"
         tags="PTC:sca-sco;PTC:ThingTemplate;PTC:sca-sco-operatoradvisor-model"
         thingPackage="PTC.SCA.SCO.ActionConfigurationPackage"
         valueStream="">
            <avatar></avatar>
            <DesignTimePermissions>
                <Create></Create>
                <Read></Read>
                <Update></Update>
                <Delete></Delete>
                <Metadata></Metadata>
            </DesignTimePermissions>
            <RunTimePermissions></RunTimePermissions>
            <VisibilityPermissions></VisibilityPermissions>
            <ConfigurationTables>
                <ConfigurationTable
                 description="Action configuration settings"
                 isMultiRow="true"
                 name="ActionConfigurationSettings"
                 ordinal="0">
                    <DataShape>
                        <FieldDefinitions>
                            <FieldDefinition
                             aspect.isPrimaryKey="true"
                             baseType="STRING"
                             description="The action to be executed: Create, Update, or Delete."
                             name="Action"
                             ordinal="2"></FieldDefinition>
                            <FieldDefinition
                             aspect.isPrimaryKey="true"
                             baseType="DATASHAPENAME"
                             description="The data shape name on which the action is performed."
                             name="DataShapeName"
                             ordinal="1"></FieldDefinition>
                            <FieldDefinition
                             aspect.isPrimaryKey="false"
                             baseType="STRING"
                             description="The name of the service to be executed."
                             name="ServiceName"
                             ordinal="4"></FieldDefinition>
                            <FieldDefinition
                             aspect.isPrimaryKey="false"
                             baseType="THINGNAME"
                             description="The thing where the service to be executed resides."
                             name="ThingName"
                             ordinal="3"></FieldDefinition>
                        </FieldDefinitions>
                    </DataShape>
                    <Rows>
                        <Row>
                            <Action>
                            <![CDATA[
                            Create
                            ]]>
                            </Action>
                            <DataShapeName>
                            <![CDATA[
                            PTC.SCA.SCO.WorkDefinition
                            ]]>
                            </DataShapeName>
                            <ServiceName>
                            <![CDATA[
                            WorkDefinitionPreCreate
                            ]]>
                            </ServiceName>
                            <ThingName>
                            <![CDATA[
                            PTC.SCA.SCO.PreActionValidator
                            ]]>
                            </ThingName>
                        </Row>
                        <Row>
                            <Action>
                            <![CDATA[
                            Update
                            ]]>
                            </Action>
                            <DataShapeName>
                            <![CDATA[
                            PTC.SCA.SCO.WorkDefinition
                            ]]>
                            </DataShapeName>
                            <ServiceName>
                            <![CDATA[
                            WorkDefinitionPreUpdate
                            ]]>
                            </ServiceName>
                            <ThingName>
                            <![CDATA[
                            PTC.SCA.SCO.PreActionValidator
                            ]]>
                            </ThingName>
                        </Row>
                        <Row>
                            <Action>
                            <![CDATA[
                            Create
                            ]]>
                            </Action>
                            <DataShapeName>
                            <![CDATA[
                            PTC.SCA.SCO.Shift
                            ]]>
                            </DataShapeName>
                            <ServiceName>
                            <![CDATA[
                            ShiftPreCreate
                            ]]>
                            </ServiceName>
                            <ThingName>
                            <![CDATA[
                            PTC.SCA.SCO.PreActionValidator
                            ]]>
                            </ThingName>
                        </Row>
                        <Row>
                            <Action>
                            <![CDATA[
                            Update
                            ]]>
                            </Action>
                            <DataShapeName>
                            <![CDATA[
                            PTC.SCA.SCO.Shift
                            ]]>
                            </DataShapeName>
                            <ServiceName>
                            <![CDATA[
                            ShiftPreUpdate
                            ]]>
                            </ServiceName>
                            <ThingName>
                            <![CDATA[
                            PTC.SCA.SCO.PreActionValidator
                            ]]>
                            </ThingName>
                        </Row>
                        <Row>
                            <Action>
                            <![CDATA[
                            Create
                            ]]>
                            </Action>
                            <DataShapeName>
                            <![CDATA[
                            PTC.SCA.SCO.WorkActivity
                            ]]>
                            </DataShapeName>
                            <ServiceName>
                            <![CDATA[
                            WorkActivityPreCreate
                            ]]>
                            </ServiceName>
                            <ThingName>
                            <![CDATA[
                            PTC.SCA.SCO.PreActionValidator
                            ]]>
                            </ThingName>
                        </Row>
                        <Row>
                            <Action>
                            <![CDATA[
                            Update
                            ]]>
                            </Action>
                            <DataShapeName>
                            <![CDATA[
                            PTC.SCA.SCO.WorkActivity
                            ]]>
                            </DataShapeName>
                            <ServiceName>
                            <![CDATA[
                            WorkActivityPreUpdate
                            ]]>
                            </ServiceName>
                            <ThingName>
                            <![CDATA[
                            PTC.SCA.SCO.PreActionValidator
                            ]]>
                            </ThingName>
                        </Row>
                        <Row>
                            <Action>
                            <![CDATA[
                            Create
                            ]]>
                            </Action>
                            <DataShapeName>
                            <![CDATA[
                            PTC.SCA.SCO.Site
                            ]]>
                            </DataShapeName>
                            <ServiceName>
                            <![CDATA[
                            SitePreCreate
                            ]]>
                            </ServiceName>
                            <ThingName>
                            <![CDATA[
                            PTC.SCA.SCO.PreActionValidator
                            ]]>
                            </ThingName>
                        </Row>
                        <Row>
                            <Action>
                            <![CDATA[
                            Update
                            ]]>
                            </Action>
                            <DataShapeName>
                            <![CDATA[
                            PTC.SCA.SCO.Site
                            ]]>
                            </DataShapeName>
                            <ServiceName>
                            <![CDATA[
                            SitePreUpdate
                            ]]>
                            </ServiceName>
                            <ThingName>
                            <![CDATA[
                            PTC.SCA.SCO.PreActionValidator
                            ]]>
                            </ThingName>
                        </Row>
                    </Rows>
                </ConfigurationTable>
            </ConfigurationTables>
            <PropertyBindings></PropertyBindings>
            <RemotePropertyBindings></RemotePropertyBindings>
            <RemoteServiceBindings></RemoteServiceBindings>
            <RemoteEventBindings></RemoteEventBindings>
            <AlertConfigurations></AlertConfigurations>
            <ThingShape>
                <PropertyDefinitions></PropertyDefinitions>
                <ServiceDefinitions></ServiceDefinitions>
                <EventDefinitions></EventDefinitions>
                <ServiceMappings></ServiceMappings>
                <ServiceImplementations></ServiceImplementations>
                <Subscriptions></Subscriptions>
            </ThingShape>
            <ImplementedShapes>
                <ImplementedShape
                 name="PTC.SCA.SCO.PreActionValidatorThingShape"
                 type="ThingShape"></ImplementedShape>
                <ImplementedShape
                 name="PTC.SCA.SCO.ActionServiceCallerThingShape"
                 type="ThingShape"></ImplementedShape>
            </ImplementedShapes>
            <SharedConfigurationTables></SharedConfigurationTables>
            <InstanceDesignTimePermissions>
                <Create></Create>
                <Read></Read>
                <Update></Update>
                <Delete></Delete>
                <Metadata></Metadata>
            </InstanceDesignTimePermissions>
            <InstanceRunTimePermissions></InstanceRunTimePermissions>
            <InstanceVisibilityPermissions>
                <Visibility></Visibility>
            </InstanceVisibilityPermissions>
        </ThingTemplate>
    </ThingTemplates>
</Entities>
