<?xml version="1.0" encoding="UTF-8"?>
<Entities
 build="b9707"
 majorVersion="0"
 minorVersion="0"
 modelPersistenceProviderPackage="PostgresPersistenceProviderPackage"
 revision="0"
 schemaVersion="1100"
 universal="password">
    <ThingTemplates>
        <ThingTemplate
         aspect.isEditableExtensionObject="false"
         aspect.isExtension="true"
         baseThingTemplate="GenericThing"
         description="The thing template for Job Order Manager ThingTemplate {PTC.SCA.SCO.JobOrderManagerThingTemplate}"
         documentationContent=""
         effectiveThingPackage="ConfiguredThing"
         homeMashup=""
         lastModifiedDate="2020-07-06T16:17:58.257-04:00"
         name="PTC.SCA.SCO.JobOrderManagerThingTemplate"
         projectName="PTC.SCA.SCO.JobOrder.Manager"
         tags="PTC:sca-sco;PTC:ThingTemplate;PTC:sca-sco-joborder-manager"
         thingPackage=""
         valueStream="">
            <avatar></avatar>
            <DesignTimePermissions>
                <Create></Create>
                <Read></Read>
                <Update></Update>
                <Delete></Delete>
                <Metadata></Metadata>
            </DesignTimePermissions>
            <RunTimePermissions></RunTimePermissions>
            <VisibilityPermissions>
                <Visibility></Visibility>
            </VisibilityPermissions>
            <ConfigurationTableDefinitions></ConfigurationTableDefinitions>
            <ConfigurationTables>
                <ConfigurationTable
                 dataShapeName=""
                 description=""
                 isMultiRow="true"
                 name="ServiceConfigurationSettings"
                 ordinal="0">
                    <DataShape>
                        <FieldDefinitions>
                            <FieldDefinition
                             aspect.isPrimaryKey="false"
                             baseType="STRING"
                             description=""
                             name="createServiceName"
                             ordinal="2"></FieldDefinition>
                            <FieldDefinition
                             aspect.isPrimaryKey="true"
                             baseType="DATASHAPENAME"
                             description=""
                             name="dataShapeName"
                             ordinal="1"></FieldDefinition>
                        </FieldDefinitions>
                    </DataShape>
                    <Rows>
                        <Row>
                            <createServiceName>
                            <![CDATA[
                            CreateJobOrders
                            ]]>
                            </createServiceName>
                            <dataShapeName>
                            <![CDATA[
                            PTC.SCA.SCO.JobOrder
                            ]]>
                            </dataShapeName>
                        </Row>
                        <Row>
                            <createServiceName>
                            <![CDATA[
                            CreateAssemblyRelationships
                            ]]>
                            </createServiceName>
                            <dataShapeName>
                            <![CDATA[
                            PTC.SCA.SCO.AssemblyRelationship
                            ]]>
                            </dataShapeName>
                        </Row>
                        <Row>
                            <createServiceName>
                            <![CDATA[
                            CreateAssemblyTypes
                            ]]>
                            </createServiceName>
                            <dataShapeName>
                            <![CDATA[
                            PTC.SCA.SCO.AssemblyType
                            ]]>
                            </dataShapeName>
                        </Row>
                        <Row>
                            <createServiceName>
                            <![CDATA[
                            CreateCommands
                            ]]>
                            </createServiceName>
                            <dataShapeName>
                            <![CDATA[
                            PTC.SCA.SCO.Command
                            ]]>
                            </dataShapeName>
                        </Row>
                        <Row>
                            <createServiceName>
                            <![CDATA[
                            CreateDispatchStatuses
                            ]]>
                            </createServiceName>
                            <dataShapeName>
                            <![CDATA[
                            PTC.SCA.SCO.DispatchStatus
                            ]]>
                            </dataShapeName>
                        </Row>
                        <Row>
                            <createServiceName>
                            <![CDATA[
                            CreateJobOrderMaterialRequirements
                            ]]>
                            </createServiceName>
                            <dataShapeName>
                            <![CDATA[
                            PTC.SCA.SCO.JobOrderMaterialRequirement
                            ]]>
                            </dataShapeName>
                        </Row>
                        <Row>
                            <createServiceName>
                            <![CDATA[
                            CreateJobOrderMaterialRequirementLinks
                            ]]>
                            </createServiceName>
                            <dataShapeName>
                            <![CDATA[
                            PTC.SCA.SCO.JobOrderMaterialRequirementLink
                            ]]>
                            </dataShapeName>
                        </Row>
                        <Row>
                            <createServiceName>
                            <![CDATA[
                            CreateJobOrderPersonnelRequirements
                            ]]>
                            </createServiceName>
                            <dataShapeName>
                            <![CDATA[
                            PTC.SCA.SCO.JobOrderPersonnelRequirement
                            ]]>
                            </dataShapeName>
                        </Row>
                        <Row>
                            <createServiceName>
                            <![CDATA[
                            CreateJobOrderProcessingResourceRequirements
                            ]]>
                            </createServiceName>
                            <dataShapeName>
                            <![CDATA[
                            PTC.SCA.SCO.JobOrderProcessingResourceRequirement
                            ]]>
                            </dataShapeName>
                        </Row>
                        <Row>
                            <createServiceName>
                            <![CDATA[
                            CreateMaterialClasses
                            ]]>
                            </createServiceName>
                            <dataShapeName>
                            <![CDATA[
                            PTC.SCA.SCO.MaterialClass
                            ]]>
                            </dataShapeName>
                        </Row>
                        <Row>
                            <createServiceName>
                            <![CDATA[
                            CreateMaterialClassLinks
                            ]]>
                            </createServiceName>
                            <dataShapeName>
                            <![CDATA[
                            PTC.SCA.SCO.MaterialClassLink
                            ]]>
                            </dataShapeName>
                        </Row>
                        <Row>
                            <createServiceName>
                            <![CDATA[
                            CreateMaterialDefinitionLinks
                            ]]>
                            </createServiceName>
                            <dataShapeName>
                            <![CDATA[
                            PTC.SCA.SCO.MaterialDefinitionLink
                            ]]>
                            </dataShapeName>
                        </Row>
                        <Row>
                            <createServiceName>
                            <![CDATA[
                            CreateMaterialDefinitions
                            ]]>
                            </createServiceName>
                            <dataShapeName>
                            <![CDATA[
                            PTC.SCA.SCO.MaterialDefinition
                            ]]>
                            </dataShapeName>
                        </Row>
                        <Row>
                            <createServiceName>
                            <![CDATA[
                            CreateMaterialDefinitionToClassLinks
                            ]]>
                            </createServiceName>
                            <dataShapeName>
                            <![CDATA[
                            PTC.SCA.SCO.MaterialDefinitionToClassLink
                            ]]>
                            </dataShapeName>
                        </Row>
                        <Row>
                            <createServiceName>
                            <![CDATA[
                            CreateMaterialLotLinks
                            ]]>
                            </createServiceName>
                            <dataShapeName>
                            <![CDATA[
                            PTC.SCA.SCO.MaterialLotLink
                            ]]>
                            </dataShapeName>
                        </Row>
                        <Row>
                            <createServiceName>
                            <![CDATA[
                            CreateMaterialLots
                            ]]>
                            </createServiceName>
                            <dataShapeName>
                            <![CDATA[
                            PTC.SCA.SCO.MaterialLot
                            ]]>
                            </dataShapeName>
                        </Row>
                        <Row>
                            <createServiceName>
                            <![CDATA[
                            CreateMaterialSubLotLinks
                            ]]>
                            </createServiceName>
                            <dataShapeName>
                            <![CDATA[
                            PTC.SCA.SCO.MaterialSubLotLink
                            ]]>
                            </dataShapeName>
                        </Row>
                        <Row>
                            <createServiceName>
                            <![CDATA[
                            CreateMaterialSubLots
                            ]]>
                            </createServiceName>
                            <dataShapeName>
                            <![CDATA[
                            PTC.SCA.SCO.MaterialSubLot
                            ]]>
                            </dataShapeName>
                        </Row>
                        <Row>
                            <createServiceName>
                            <![CDATA[
                            CreateMaterialUses
                            ]]>
                            </createServiceName>
                            <dataShapeName>
                            <![CDATA[
                            PTC.SCA.SCO.MaterialUse
                            ]]>
                            </dataShapeName>
                        </Row>
                        <Row>
                            <createServiceName>
                            <![CDATA[
                            CreatePersonnelClasses
                            ]]>
                            </createServiceName>
                            <dataShapeName>
                            <![CDATA[
                            PTC.SCA.SCO.PersonnelClass
                            ]]>
                            </dataShapeName>
                        </Row>
                        <Row>
                            <createServiceName>
                            <![CDATA[
                            CreatePersonnelUses
                            ]]>
                            </createServiceName>
                            <dataShapeName>
                            <![CDATA[
                            PTC.SCA.SCO.PersonnelUse
                            ]]>
                            </dataShapeName>
                        </Row>
                        <Row>
                            <createServiceName>
                            <![CDATA[
                            CreatePersons
                            ]]>
                            </createServiceName>
                            <dataShapeName>
                            <![CDATA[
                            PTC.SCA.SCO.Person
                            ]]>
                            </dataShapeName>
                        </Row>
                        <Row>
                            <createServiceName>
                            <![CDATA[
                            CreatePersonToClassLinks
                            ]]>
                            </createServiceName>
                            <dataShapeName>
                            <![CDATA[
                            PTC.SCA.SCO.PersonToClassLink
                            ]]>
                            </dataShapeName>
                        </Row>
                        <Row>
                            <createServiceName>
                            <![CDATA[
                            CreateProcessingResourceClasses
                            ]]>
                            </createServiceName>
                            <dataShapeName>
                            <![CDATA[
                            PTC.SCA.SCO.ProcessingResourceClass
                            ]]>
                            </dataShapeName>
                        </Row>
                        <Row>
                            <createServiceName>
                            <![CDATA[
                            CreateProcessingResources
                            ]]>
                            </createServiceName>
                            <dataShapeName>
                            <![CDATA[
                            PTC.SCA.SCO.ProcessingResource
                            ]]>
                            </dataShapeName>
                        </Row>
                        <Row>
                            <createServiceName>
                            <![CDATA[
                            CreateProcessingResourceToClassLinks
                            ]]>
                            </createServiceName>
                            <dataShapeName>
                            <![CDATA[
                            PTC.SCA.SCO.ProcessingResourceToClassLink
                            ]]>
                            </dataShapeName>
                        </Row>
                        <Row>
                            <createServiceName>
                            <![CDATA[
                            CreateStatuses
                            ]]>
                            </createServiceName>
                            <dataShapeName>
                            <![CDATA[
                            PTC.SCA.SCO.Status
                            ]]>
                            </dataShapeName>
                        </Row>
                        <Row>
                            <createServiceName>
                            <![CDATA[
                            CreateWorkDefinitionControlCharacteristicResponses
                            ]]>
                            </createServiceName>
                            <dataShapeName>
                            <![CDATA[
                            PTC.SCA.SCO.WorkDefinitionControlCharacteristicResponse
                            ]]>
                            </dataShapeName>
                        </Row>
                        <Row>
                            <createServiceName>
                            <![CDATA[
                            CreateWorkDefinitionControlCharacteristics
                            ]]>
                            </createServiceName>
                            <dataShapeName>
                            <![CDATA[
                            PTC.SCA.SCO.WorkDefinitionControlCharacteristic
                            ]]>
                            </dataShapeName>
                        </Row>
                        <Row>
                            <createServiceName>
                            <![CDATA[
                            CreateWorkDefinitionExecutionStatuses
                            ]]>
                            </createServiceName>
                            <dataShapeName>
                            <![CDATA[
                            PTC.SCA.SCO.WorkDefinitionExecutionStatus
                            ]]>
                            </dataShapeName>
                        </Row>
                        <Row>
                            <createServiceName>
                            <![CDATA[
                            CreateWorkDefinitionIllustrations
                            ]]>
                            </createServiceName>
                            <dataShapeName>
                            <![CDATA[
                            PTC.SCA.SCO.WorkDefinitionIllustration
                            ]]>
                            </dataShapeName>
                        </Row>
                        <Row>
                            <createServiceName>
                            <![CDATA[
                            CreateWorkDefinitionLinks
                            ]]>
                            </createServiceName>
                            <dataShapeName>
                            <![CDATA[
                            PTC.SCA.SCO.WorkDefinitionLink
                            ]]>
                            </dataShapeName>
                        </Row>
                        <Row>
                            <createServiceName>
                            <![CDATA[
                            CreateWorkDefinitionMaterialSpecificationInstances
                            ]]>
                            </createServiceName>
                            <dataShapeName>
                            <![CDATA[
                            PTC.SCA.SCO.WorkDefinitionMaterialSpecificationInstance
                            ]]>
                            </dataShapeName>
                        </Row>
                        <Row>
                            <createServiceName>
                            <![CDATA[
                            CreateWorkDefinitionMaterialSpecificationLinks
                            ]]>
                            </createServiceName>
                            <dataShapeName>
                            <![CDATA[
                            PTC.SCA.SCO.WorkDefinitionMaterialSpecificationLink
                            ]]>
                            </dataShapeName>
                        </Row>
                        <Row>
                            <createServiceName>
                            <![CDATA[
                            CreateWorkDefinitionMaterialSpecifications
                            ]]>
                            </createServiceName>
                            <dataShapeName>
                            <![CDATA[
                            PTC.SCA.SCO.WorkDefinitionMaterialSpecification
                            ]]>
                            </dataShapeName>
                        </Row>
                        <Row>
                            <createServiceName>
                            <![CDATA[
                            CreateWorkDefinitionPersonnelSpecifications
                            ]]>
                            </createServiceName>
                            <dataShapeName>
                            <![CDATA[
                            PTC.SCA.SCO.WorkDefinitionPersonnelSpecification
                            ]]>
                            </dataShapeName>
                        </Row>
                        <Row>
                            <createServiceName>
                            <![CDATA[
                            CreateWorkDefinitionProcessingResourceSpecifications
                            ]]>
                            </createServiceName>
                            <dataShapeName>
                            <![CDATA[
                            PTC.SCA.SCO.WorkDefinitionProcessingResourceSpecification
                            ]]>
                            </dataShapeName>
                        </Row>
                        <Row>
                            <createServiceName>
                            <![CDATA[
                            CreateWorkDefinitionRelatedDocuments
                            ]]>
                            </createServiceName>
                            <dataShapeName>
                            <![CDATA[
                            PTC.SCA.SCO.WorkDefinitionRelatedDocument
                            ]]>
                            </dataShapeName>
                        </Row>
                        <Row>
                            <createServiceName>
                            <![CDATA[
                            CreateWorkDefinitions
                            ]]>
                            </createServiceName>
                            <dataShapeName>
                            <![CDATA[
                            PTC.SCA.SCO.WorkDefinition
                            ]]>
                            </dataShapeName>
                        </Row>
                        <Row>
                            <createServiceName>
                            <![CDATA[
                            CreateWorkTypes
                            ]]>
                            </createServiceName>
                            <dataShapeName>
                            <![CDATA[
                            PTC.SCA.SCO.WorkType
                            ]]>
                            </dataShapeName>
                        </Row>
                        <Row>
                            <createServiceName>
                            <![CDATA[
                            CreateJobOrderWorkDefinitionLinks
                            ]]>
                            </createServiceName>
                            <dataShapeName>
                            <![CDATA[
                            PTC.SCA.SCO.JobOrderWorkDefinitionLink
                            ]]>
                            </dataShapeName>
                        </Row>
                        <Row>
                            <createServiceName>
                            <![CDATA[
                            CreateWorkDefinitionMetadatas
                            ]]>
                            </createServiceName>
                            <dataShapeName>
                            <![CDATA[
                            PTC.SCA.SCO.WorkDefinitionMetadata
                            ]]>
                            </dataShapeName>
                        </Row>
                        <Row>
                            <createServiceName>
                            <![CDATA[
                            CreateExternalSystems
                            ]]>
                            </createServiceName>
                            <dataShapeName>
                            <![CDATA[
                            PTC.SCA.SCO.ExternalSystem
                            ]]>
                            </dataShapeName>
                        </Row>
                    </Rows>
                </ConfigurationTable>
            </ConfigurationTables>
            <PropertyBindings></PropertyBindings>
            <RemotePropertyBindings></RemotePropertyBindings>
            <RemoteServiceBindings></RemoteServiceBindings>
            <RemoteEventBindings></RemoteEventBindings>
            <AlertConfigurations></AlertConfigurations>
            <ThingShape>
                <PropertyDefinitions></PropertyDefinitions>
                <ServiceDefinitions>
                    <ServiceDefinition
                     aspect.isAsync="false"
                     category=""
                     description="Returns the file path and the file repository thing name of a URL."
                     isAllowOverride="true"
                     isLocalOnly="false"
                     isOpen="false"
                     isPrivate="false"
                     name="GetFileToDeleteInfo">
                        <ResultType
                         baseType="JSON"
                         description="file path and file repository thing name of the URL."
                         name="result"
                         ordinal="0"></ResultType>
                        <ParameterDefinitions>
                            <FieldDefinition
                             baseType="STRING"
                             description="It is documentURL in the workDefinitionRelatedDocument and WorkDefinitionIllustration."
                             name="url"
                             ordinal="1"></FieldDefinition>
                        </ParameterDefinitions>
                    </ServiceDefinition>
                    <ServiceDefinition
                     aspect.isAsync="false"
                     category=""
                     description="Gets the Operator Advisor File Repository"
                     isAllowOverride="true"
                     isLocalOnly="false"
                     isOpen="false"
                     isPrivate="false"
                     name="GetOperatorAdvisorFileRepository">
                        <ResultType
                         baseType="THINGNAME"
                         description="Operator advisor file repository thing name"
                         name="result"
                         ordinal="0"></ResultType>
                        <ParameterDefinitions></ParameterDefinitions>
                    </ServiceDefinition>
                </ServiceDefinitions>
                <EventDefinitions></EventDefinitions>
                <ServiceMappings></ServiceMappings>
                <ServiceImplementations>
                    <ServiceImplementation
                     description=""
                     handlerName="Script"
                     name="BatchCascadeDelete">
                        <ConfigurationTables>
                            <ConfigurationTable
                             dataShapeName=""
                             description=""
                             isMultiRow="false"
                             name="Script"
                             ordinal="0">
                                <DataShape>
                                    <FieldDefinitions>
                                        <FieldDefinition
                                         baseType="STRING"
                                         description="code"
                                         name="code"
                                         ordinal="0"></FieldDefinition>
                                    </FieldDefinitions>
                                </DataShape>
                                <Rows>
                                    <Row>
                                        <code>
                                        <![CDATA[
                                        var batchCascadeDelete = me.CollectActionForCascadeDelete({
                                        	infoTable: infoTable,
                                        	deleteReference: deleteReference
                                        });
                                        
                                        var urls = [];
                                        var tableLength = batchCascadeDelete.rows.length;
                                        for (i = 0; i < tableLength; i++) {
                                        	var row = batchCascadeDelete.rows[i];
                                        	var dataShapeName = row.dataShapeName;
                                        	if (dataShapeName) {
                                        		if ((dataShapeName === "PTC.SCA.SCO.WorkDefinitionRelatedDocument" || dataShapeName === "PTC.SCA.SCO.WorkDefinitionIllustration") && row.values) {
                                        			var valuesTable = row.values;
                                        			var valuesLength = valuesTable.rows.length;
                                        			for (valueIdx = 0; valueIdx < valuesLength; valueIdx++) {
                                        				var valuesRow = valuesTable.rows[valueIdx];
                                        				if (dataShapeName === "PTC.SCA.SCO.WorkDefinitionRelatedDocument" && valuesRow.DocumentURL) {
                                        					let documentUrl = {};
                                        					documentUrl.dataShapeName = dataShapeName;
                                        					documentUrl.uid = valuesRow.UID;
                                        					documentUrl.url = valuesRow.DocumentURL;
                                        					urls.push(documentUrl);
                                        				}
                                        				if (dataShapeName === "PTC.SCA.SCO.WorkDefinitionIllustration" && valuesRow.IllustrationURL) {
                                        					let illustrationURL = {};
                                        					illustrationURL.dataShapeName = dataShapeName;
                                        					illustrationURL.uid = valuesRow.UID;
                                        					illustrationURL.url = valuesRow.IllustrationURL;
                                        					urls.push(illustrationURL);
                                        				}
                                        			}
                                        		}
                                        	}
                                        }
                                        
                                        var deletedObjects = Things[me.GetDatabaseThingName()].BatchAction({
                                        	infoTable: batchCascadeDelete
                                        });
                                        
                                        for (idx = 0; idx < urls.length; idx++) {
                                        	var urlInfo = urls[idx];
                                        	if (urlInfo.url) {
                                        		var fileToDeleteInfo = me.GetFileToDeleteInfo({
                                        			url: urlInfo.url
                                        		});
                                        		if (fileToDeleteInfo) {
                                        			var fileRepository = Things[fileToDeleteInfo.fileRepositoryThingName];
                                        			if (fileRepository) {
                                        				try {
                                        					var decodedPath = decodeURI(fileToDeleteInfo.path);
                                        					fileRepository.DeleteFile({
                                        						path: decodedPath
                                        					});
                                        				} catch (err) {
                                        					logger.error("File is not deleted for DataShape " + urlInfo.dataShapeName + " with UID " + urlInfo.uid + " and URL " + urlInfo.url);
                                        				}
                                        			} else {
                                        				logger.debug("Not found " + fileToDeleteInfo.fileRepositoryThingName + ". File is not deleted for DataShape " + urlInfo.dataShapeName + " with UID " + urlInfo.uid + " and URL " + urlInfo.url);
                                        			}
                                        		}
                                        	}
                                        }
                                        
                                        var result = deletedObjects;
                                        ]]>
                                        </code>
                                    </Row>
                                </Rows>
                            </ConfigurationTable>
                        </ConfigurationTables>
                    </ServiceImplementation>
                    <ServiceImplementation
                     description=""
                     handlerName="Script"
                     name="GetDBInfo">
                        <ConfigurationTables>
                            <ConfigurationTable
                             dataShapeName=""
                             description=""
                             isMultiRow="false"
                             name="Script"
                             ordinal="0">
                                <DataShape>
                                    <FieldDefinitions>
                                        <FieldDefinition
                                         baseType="STRING"
                                         description="code"
                                         name="code"
                                         ordinal="0"></FieldDefinition>
                                    </FieldDefinitions>
                                </DataShape>
                                <Rows>
                                    <Row>
                                        <code>
                                        <![CDATA[
                                        var dbInfo = {
                                        	dbInfo: []
                                        };
                                        
                                        Array.prototype.push.apply(dbInfo.dbInfo, me.GetEnumerationDBInfo().dbInfo);
                                        Array.prototype.push.apply(dbInfo.dbInfo, me.GetWorkDefinitionDBInfo().dbInfo);
                                        Array.prototype.push.apply(dbInfo.dbInfo, me.GetMaterialDBInfo().dbInfo);
                                        Array.prototype.push.apply(dbInfo.dbInfo, me.GetJobOrderDBInfo().dbInfo);
                                        Array.prototype.push.apply(dbInfo.dbInfo, me.GetPersonnelDBInfo().dbInfo);
                                        Array.prototype.push.apply(dbInfo.dbInfo, me.GetProcessingResourceDBInfo().dbInfo);
                                        
                                        var result = dbInfo;
                                        ]]>
                                        </code>
                                    </Row>
                                </Rows>
                            </ConfigurationTable>
                        </ConfigurationTables>
                    </ServiceImplementation>
                    <ServiceImplementation
                     description=""
                     handlerName="Script"
                     name="GetFileToDeleteInfo">
                        <ConfigurationTables>
                            <ConfigurationTable
                             dataShapeName=""
                             description=""
                             isMultiRow="false"
                             name="Script"
                             ordinal="0">
                                <DataShape>
                                    <FieldDefinitions>
                                        <FieldDefinition
                                         baseType="STRING"
                                         description="code"
                                         name="code"
                                         ordinal="0"></FieldDefinition>
                                    </FieldDefinitions>
                                </DataShape>
                                <Rows>
                                    <Row>
                                        <code>
                                        <![CDATA[
                                        const thingworxFileRepo = "/Thingworx/FileRepositories/";
                                        var urlInfo = {};
                                        if (url.startsWith(thingworxFileRepo)) {
                                        	var urlElements = url.split('/');
                                        	if (urlElements.length > 3) {
                                        		var urlFileRepository = urlElements[3];
                                        		var replacePath = thingworxFileRepo + urlFileRepository;
                                        		var path = url.replace(replacePath, "");
                                        		urlInfo = {
                                        			path: path,
                                        			fileRepositoryThingName: urlFileRepository
                                        		};
                                        	}
                                        }
                                        var result = urlInfo;
                                        ]]>
                                        </code>
                                    </Row>
                                </Rows>
                            </ConfigurationTable>
                        </ConfigurationTables>
                    </ServiceImplementation>
                    <ServiceImplementation
                     description=""
                     handlerName="Script"
                     name="GetOperatorAdvisorFileRepository">
                        <ConfigurationTables>
                            <ConfigurationTable
                             dataShapeName=""
                             description=""
                             isMultiRow="false"
                             name="Script"
                             ordinal="0">
                                <DataShape>
                                    <FieldDefinitions>
                                        <FieldDefinition
                                         baseType="STRING"
                                         description="code"
                                         name="code"
                                         ordinal="0"></FieldDefinition>
                                    </FieldDefinitions>
                                </DataShape>
                                <Rows>
                                    <Row>
                                        <code>
                                        <![CDATA[
                                        var result = "PTC.SCA.SCO.DefaultOperatorAdvisorFileRepository";
                                        ]]>
                                        </code>
                                    </Row>
                                </Rows>
                            </ConfigurationTable>
                        </ConfigurationTables>
                    </ServiceImplementation>
                    <ServiceImplementation
                     description=""
                     handlerName="Script"
                     name="InitData">
                        <ConfigurationTables>
                            <ConfigurationTable
                             dataShapeName=""
                             description=""
                             isMultiRow="false"
                             name="Script"
                             ordinal="0">
                                <DataShape>
                                    <FieldDefinitions>
                                        <FieldDefinition
                                         baseType="STRING"
                                         description="code"
                                         name="code"
                                         ordinal="0"></FieldDefinition>
                                    </FieldDefinitions>
                                </DataShape>
                                <Rows>
                                    <Row>
                                        <code>
                                        <![CDATA[
                                        me.CreateEnumerations();
                                        ]]>
                                        </code>
                                    </Row>
                                </Rows>
                            </ConfigurationTable>
                        </ConfigurationTables>
                    </ServiceImplementation>
                </ServiceImplementations>
                <Subscriptions></Subscriptions>
            </ThingShape>
            <ImplementedShapes>
                <ImplementedShape
                 name="PTC.SCA.SCO.DBManagementThingShape"
                 type="ThingShape"></ImplementedShape>
                <ImplementedShape
                 name="PTC.SCA.SCO.ServiceConfigurationThingShape"
                 type="ThingShape"></ImplementedShape>
                <ImplementedShape
                 name="PTC.SCA.SCO.ProcessingResourceManagementThingShape"
                 type="ThingShape"></ImplementedShape>
                <ImplementedShape
                 name="PTC.SCA.SCO.EnumerationManagementThingShape"
                 type="ThingShape"></ImplementedShape>
                <ImplementedShape
                 name="PTC.SCA.SCO.JobOrderManagementThingShape"
                 type="ThingShape"></ImplementedShape>
                <ImplementedShape
                 name="PTC.SCA.SCO.PersonnelManagementThingShape"
                 type="ThingShape"></ImplementedShape>
                <ImplementedShape
                 name="PTC.SCA.SCO.ManagerThingShape"
                 type="ThingShape"></ImplementedShape>
                <ImplementedShape
                 name="PTC.SCA.SCO.WorkDefinitionManagementThingShape"
                 type="ThingShape"></ImplementedShape>
                <ImplementedShape
                 name="PTC.SCA.SCO.MaterialManagementThingShape"
                 type="ThingShape"></ImplementedShape>
            </ImplementedShapes>
            <SharedConfigurationTables></SharedConfigurationTables>
            <InstanceDesignTimePermissions>
                <Create></Create>
                <Read></Read>
                <Update></Update>
                <Delete></Delete>
                <Metadata></Metadata>
            </InstanceDesignTimePermissions>
            <InstanceRunTimePermissions></InstanceRunTimePermissions>
            <InstanceVisibilityPermissions>
                <Visibility></Visibility>
            </InstanceVisibilityPermissions>
        </ThingTemplate>
    </ThingTemplates>
</Entities>
