<?xml version="1.0" encoding="UTF-8"?>
<Entities
 build="b36"
 majorVersion="8"
 minorVersion="2"
 modelPersistenceProviderPackage="PostgresPersistenceProviderPackage"
 revision="3"
 schemaVersion="1020"
 universal="">
    <ThingTemplates>
        <ThingTemplate
         aspect.isEditableExtensionObject="false"
         aspect.isExtension="true"
         aspect.isSystemObject="false"
         description="***DEPRECATED-J*** | The thing template for operator advisor configuration thing {PTC.SCA.SCO.OperatorAdvisorConfigurationThingTemplate}"
         documentationContent=""
         homeMashup=""
         lastModifiedDate="2018-04-18T16:30:01.734-04:00"
         name="PTC.SCA.SCO.OperatorAdvisorConfigurationThingTemplate"
         projectName="PTC.SCA.SCO.OperatorAdvisor.Model"
         tags="PTC:sca-sco;PTC:ThingTemplate;PTC:sca-sco-operatoradvisor-model"
         thingPackage="PTC.SCA.SCO.OperatorAdvisorConfigurationPackage"
         valueStream="">
            <avatar></avatar>
            <DesignTimePermissions>
                <Create></Create>
                <Read></Read>
                <Update></Update>
                <Delete></Delete>
                <Metadata></Metadata>
            </DesignTimePermissions>
            <RunTimePermissions></RunTimePermissions>
            <VisibilityPermissions>
                <Visibility></Visibility>
            </VisibilityPermissions>
            <ConfigurationTables></ConfigurationTables>
            <PropertyBindings></PropertyBindings>
            <RemotePropertyBindings></RemotePropertyBindings>
            <RemoteServiceBindings></RemoteServiceBindings>
            <RemoteEventBindings></RemoteEventBindings>
            <AlertConfigurations></AlertConfigurations>
            <ThingShape>
                <PropertyDefinitions></PropertyDefinitions>
                <ServiceDefinitions>
                    <ServiceDefinition
                     aspect.isAsync="false"
                     category=""
                     description=""
                     isAllowOverride="true"
                     isLocalOnly="false"
                     isOpen="false"
                     isPrivate="false"
                     name="GetInUseConfigurationThingName">
                        <ResultType
                         baseType="STRING"
                         description=""
                         name="result"
                         ordinal="0"></ResultType>
                        <ParameterDefinitions></ParameterDefinitions>
                    </ServiceDefinition>
                    <ServiceDefinition
                     aspect.isAsync="false"
                     category=""
                     description="DEPRECATED-J*** Use PTC.Factory.C_LaunchPointConfigurationThing_[PackageVersion].GetLaunchPointEntityName"
                     isAllowOverride="true"
                     isLocalOnly="false"
                     isOpen="false"
                     isPrivate="false"
                     name="GetLaunchPointEntityName">
                        <ResultType
                         baseType="STRING"
                         description=""
                         name="result"
                         ordinal="0"></ResultType>
                        <ParameterDefinitions>
                            <FieldDefinition
                             aspect.isRequired="true"
                             baseType="STRING"
                             description=""
                             name="launchPointName"
                             ordinal="1"></FieldDefinition>
                        </ParameterDefinitions>
                    </ServiceDefinition>
                </ServiceDefinitions>
                <EventDefinitions></EventDefinitions>
                <ServiceMappings></ServiceMappings>
                <ServiceImplementations>
                    <ServiceImplementation
                     description=""
                     handlerName="Script"
                     name="GetInUseConfigurationThingName">
                        <ConfigurationTables>
                            <ConfigurationTable
                             description="Script"
                             isMultiRow="false"
                             name="Script"
                             ordinal="0">
                                <DataShape>
                                    <FieldDefinitions>
                                        <FieldDefinition
                                         baseType="STRING"
                                         description="code"
                                         name="code"
                                         ordinal="0"></FieldDefinition>
                                    </FieldDefinitions>
                                </DataShape>
                                <Rows>
                                    <Row>
                                        <code>
                                        <![CDATA[
                                        var configThingName = "PTC.SCA.SCO.OperatorAdvisorConfigurationThing";
                                        result = configThingName;
                                        //get customization configuration thing name
                                        var customizationConfigThingName = null;
                                        var packageList = Subsystems["PlatformSubsystem"].GetExtensionPackageList();
                                        if (packageList != null && packageList.getRowCount()>0) {
                                            var packageListFilter = new Object();
                                            packageListFilter.name = "OA_OperatorAdvisor-extension";
                                            var packageRow = packageList.Find(packageListFilter);
                                            var packageVersion = packageRow.packageVersion;
                                            var buildNumber = packageRow.buildNumber;
                                            var insertIndex = configThingName.lastIndexOf(".") + 1;
                                            customizationConfigThingName = configThingName.substr(0, insertIndex) + "C_" + configThingName.substr(insertIndex, configThingName.length) + "_" + packageVersion + "_" + buildNumber;
                                            logger.info("customizationConfigThingName = " + customizationConfigThingName) ;
                                        }
                                        
                                        if (customizationConfigThingName == null) {
                                           logger.error("No package version is found.") ;
                                        }
                                        else {
                                           //get configuration thing
                                           var customConfigThing = Things[customizationConfigThingName];
                                           if (customConfigThing != null) {
                                               var params = {
                                                  propertyName: "Enabled" /* STRING */
                                               };
                                               var enabled = customConfigThing.GetBooleanPropertyValue(params);
                                               if (enabled === true) {
                                                   result = customizationConfigThingName;
                                               }
                                           }
                                        }
                                        ]]>
                                        </code>
                                    </Row>
                                </Rows>
                            </ConfigurationTable>
                        </ConfigurationTables>
                    </ServiceImplementation>
                    <ServiceImplementation
                     description=""
                     handlerName="Script"
                     name="GetLaunchPointEntityName">
                        <ConfigurationTables>
                            <ConfigurationTable
                             description="Script"
                             isMultiRow="false"
                             name="Script"
                             ordinal="0">
                                <DataShape>
                                    <FieldDefinitions>
                                        <FieldDefinition
                                         baseType="STRING"
                                         description="code"
                                         name="code"
                                         ordinal="0"></FieldDefinition>
                                    </FieldDefinitions>
                                </DataShape>
                                <Rows>
                                    <Row>
                                        <code>
                                        <![CDATA[
                                        result = null;
                                        //get configuration thing Name in use
                                        var configThingNameInUse = me.GetInUseConfigurationThingName();
                                        var configThingInUse = Things[configThingNameInUse];
                                        
                                        // get entity name
                                        if (configThingInUse != null) {
                                            var params = {
                                                 tableName: "LaunchPointEntitySettings" /* STRING */
                                            };
                                            var launchPointEntitySettings = configThingInUse.GetConfigurationTable(params);
                                            if (launchPointEntitySettings != null && launchPointEntitySettings.getRowCount()>0) {
                                                 var launchPointEntityRow = launchPointEntitySettings.getRow(0);
                                                 result = launchPointEntityRow[launchPointName];
                                            }
                                        }
                                        if (result == null) {
                                           logger.error("No launch point configuration set or invalid input launch point description.") ;
                                        }
                                        ]]>
                                        </code>
                                    </Row>
                                </Rows>
                            </ConfigurationTable>
                        </ConfigurationTables>
                    </ServiceImplementation>
                </ServiceImplementations>
                <Subscriptions></Subscriptions>
            </ThingShape>
            <ImplementedShapes></ImplementedShapes>
            <SharedConfigurationTables></SharedConfigurationTables>
            <InstanceDesignTimePermissions>
                <Create></Create>
                <Read></Read>
                <Update></Update>
                <Delete></Delete>
                <Metadata></Metadata>
            </InstanceDesignTimePermissions>
            <InstanceRunTimePermissions></InstanceRunTimePermissions>
            <InstanceVisibilityPermissions>
                <Visibility></Visibility>
            </InstanceVisibilityPermissions>
        </ThingTemplate>
    </ThingTemplates>
</Entities>
