<?xml version="1.0" encoding="UTF-8"?>
<Entities>
    <LocalizationTables>
        <LocalizationTable
         description="ru localization table"
         homeMashup=""
         name="ru"
         tags="PTC:sca-sco">
            <avatar></avatar>
            <DesignTimePermissions>
                <Create></Create>
                <Read></Read>
                <Update></Update>
                <Delete></Delete>
                <Metadata></Metadata>
            </DesignTimePermissions>
            <RunTimePermissions></RunTimePermissions>
            <VisibilityPermissions>
                <Visibility>
                    <Principal
                     isPermitted="true"
                     name="PTC.Factory.MachineVisibility"
                     type="Organization"></Principal>
                </Visibility>
            </VisibilityPermissions>
            <ConfigurationTables>
                <ConfigurationTable
                 description="Localization Tokens"
                 isMultiRow="true"
                 name="LocalizationTokens"
                 ordinal="0">
                    <DataShape>
                        <FieldDefinitions>
                            <FieldDefinition
                             aspect.friendlyName="Translation context"
                             baseType="STRING"
                             description="Translation context"
                             name="context"
                             ordinal="3"></FieldDefinition>
                            <FieldDefinition
                             aspect.friendlyName="Token name"
                             baseType="STRING"
                             description="Token name"
                             name="name"
                             ordinal="0"></FieldDefinition>
                            <FieldDefinition
                             aspect.friendlyName="Token usage"
                             baseType="STRING"
                             description="Token usage"
                             name="usage"
                             ordinal="2"></FieldDefinition>
                            <FieldDefinition
                             aspect.friendlyName="Localized value"
                             baseType="STRING"
                             description="Localized value"
                             name="value"
                             ordinal="1"></FieldDefinition>
                        </FieldDefinitions>
                    </DataShape>
                    <Rows>
                        <Row>
                            <name>
                            <![CDATA[
                            PTC.SCA.SCO.AssetMonitor.MasterTitleLabel
                            ]]>
                            </name>
                            <value>
                            <![CDATA[
                            asset advisor
                            ]]>
                            </value>
                        </Row>
                        <Row>
                            <name>
                            <![CDATA[
                            PTC.SCA.SCO.AssetMonitor.KpiTimeFrame.CurrentShift
                            ]]>
                            </name>
                            <value>
                            <![CDATA[
                            Текущая смена
                            ]]>
                            </value>
                        </Row>
                        <Row>
                            <name>
                            <![CDATA[
                            PTC.SCA.SCO.AssetMonitor.KpiTimeFrameLabel
                            ]]>
                            </name>
                            <value>
                            <![CDATA[
                            Статистика на
                            ]]>
                            </value>
                        </Row>
                        <Row>
                            <name>
                            <![CDATA[
                            PTC.SCA.SCO.AssetMonitor.KpiTimeFrame.1Minute
                            ]]>
                            </name>
                            <value>
                            <![CDATA[
                            1 мин.
                            ]]>
                            </value>
                        </Row>
                        <Row>
                            <name>
                            <![CDATA[
                            PTC.SCA.SCO.AssetMonitor.KpiTimeFrame.15Minutes
                            ]]>
                            </name>
                            <value>
                            <![CDATA[
                            15 мин.
                            ]]>
                            </value>
                        </Row>
                        <Row>
                            <name>
                            <![CDATA[
                            PTC.SCA.SCO.AssetMonitor.KpiTimeFrame.1Hour
                            ]]>
                            </name>
                            <value>
                            <![CDATA[
                            1 ч.
                            ]]>
                            </value>
                        </Row>
                        <Row>
                            <name>
                            <![CDATA[
                            PTC.SCA.SCO.AssetMonitor.KpiTimeFrame.1Day
                            ]]>
                            </name>
                            <value>
                            <![CDATA[
                            1 д.
                            ]]>
                            </value>
                        </Row>
                        <Row>
                            <name>
                            <![CDATA[
                            PTC.SCA.SCO.AssetMonitor.KpiTimeFrame.1Week
                            ]]>
                            </name>
                            <value>
                            <![CDATA[
                            1 нед.
                            ]]>
                            </value>
                        </Row>
                        <Row>
                            <name>
                            <![CDATA[
                            PTC.SCA.SCO.AssetMonitor.AssetDetail.StatusFeedbackFormHeader
                            ]]>
                            </name>
                            <value>
                            <![CDATA[
                            Сообщить о неправильном состоянии
                            ]]>
                            </value>
                        </Row>
                        <Row>
                            <name>
                            <![CDATA[
                            PTC.SCA.SCO.AssetMonitor.AssetDetail.StatusFeedbackFormDescription
                            ]]>
                            </name>
                            <value>
                            <![CDATA[
                            Используйте данную форму, чтобы сообщить о проблеме с обнаружением аномалии. В текстовом поле укажите имена датчиков, поясните, является ли данная аномалия ложной или нераспознанной, а также введите другие дополнительные сведения. Задайте временной промежуток для проблемы в полях интервала времени.
                            ]]>
                            </value>
                        </Row>
                        <Row>
                            <name>
                            <![CDATA[
                            PTC.SCA.SCO.AssetMonitor.AssetDetail.TimeRangeLabel
                            ]]>
                            </name>
                            <value>
                            <![CDATA[
                            Интервал времени
                            ]]>
                            </value>
                        </Row>
                        <Row>
                            <name>
                            <![CDATA[
                            PTC.SCA.SCO.AssetMonitor.AssetDetail.ToLabel
                            ]]>
                            </name>
                            <value>
                            <![CDATA[
                            До
                            ]]>
                            </value>
                        </Row>
                        <Row>
                            <name>
                            <![CDATA[
                            PTC.SCA.SCO.AssetMonitor.AssetDetail.SubmitLabel
                            ]]>
                            </name>
                            <value>
                            <![CDATA[
                            Отправить
                            ]]>
                            </value>
                        </Row>
                        <Row>
                            <name>
                            <![CDATA[
                            PTC.SCA.SCO.AssetMonitor.AssetDetail.CancelLabel
                            ]]>
                            </name>
                            <value>
                            <![CDATA[
                            Отменить
                            ]]>
                            </value>
                        </Row>
                        <Row>
                            <name>
                            <![CDATA[
                            PTC.SCA.SCO.AssetMonitor.AssetDetail.InvalidFeedbackFormWarning
                            ]]>
                            </name>
                            <value>
                            <![CDATA[
                            Убедитесь, что диапазон дат выбран правильно и введена необходимая информация.
                            ]]>
                            </value>
                        </Row>
                        <Row>
                            <name>
                            <![CDATA[
                            PTC.SCA.SCO.AssetMonitor.AssetDetail.SuccessfulFeedbackMessage
                            ]]>
                            </name>
                            <value>
                            <![CDATA[
                            Ваш отчет отправлен.
                            ]]>
                            </value>
                        </Row>
                        <Row>
                            <name>
                            <![CDATA[
                            PTC.SCA.SCO.AssetMonitor.AssetDetail.CurrentValue
                            ]]>
                            </name>
                            <value>
                            <![CDATA[
                            Текущее значение
                            ]]>
                            </value>
                        </Row>
                        <Row>
                            <name>
                            <![CDATA[
                            PTC.SCA.SCO.AssetMonitor.AssetDetail.PropertyName
                            ]]>
                            </name>
                            <value>
                            <![CDATA[
                            Имя свойства
                            ]]>
                            </value>
                        </Row>
                        <Row>
                            <name>
                            <![CDATA[
                            PTC.SCA.SCO.AssetMonitor.AssetDetail.Quality
                            ]]>
                            </name>
                            <value>
                            <![CDATA[
                            Качество
                            ]]>
                            </value>
                        </Row>
                        <Row>
                            <name>
                            <![CDATA[
                            PTC.SCA.SCO.AssetMonitor.DurationFormat.DAYS
                            ]]>
                            </name>
                            <value>
                            <![CDATA[
                            дн.
                            ]]>
                            </value>
                        </Row>
                        <Row>
                            <name>
                            <![CDATA[
                            PTC.SCA.SCO.AssetMonitor.DurationFormat.HOURS
                            ]]>
                            </name>
                            <value>
                            <![CDATA[
                            ч.
                            ]]>
                            </value>
                        </Row>
                        <Row>
                            <name>
                            <![CDATA[
                            PTC.SCA.SCO.AssetMonitor.DurationFormat.MINUTES
                            ]]>
                            </name>
                            <value>
                            <![CDATA[
                            мин.
                            ]]>
                            </value>
                        </Row>
                        <Row>
                            <name>
                            <![CDATA[
                            PTC.SCA.SCO.AssetMonitor.DurationFormat.SECONDS
                            ]]>
                            </name>
                            <value>
                            <![CDATA[
                            сек.
                            ]]>
                            </value>
                        </Row>
                        <Row>
                            <name>
                            <![CDATA[
                            PTC.SCA.SCO.AssetMonitor.DurationFormat.DAY
                            ]]>
                            </name>
                            <value>
                            <![CDATA[
                            дн.
                            ]]>
                            </value>
                        </Row>
                        <Row>
                            <name>
                            <![CDATA[
                            PTC.SCA.SCO.AssetMonitor.DurationFormat.HOUR
                            ]]>
                            </name>
                            <value>
                            <![CDATA[
                            ч.
                            ]]>
                            </value>
                        </Row>
                        <Row>
                            <name>
                            <![CDATA[
                            PTC.SCA.SCO.AssetMonitor.DurationFormat.MINUTE
                            ]]>
                            </name>
                            <value>
                            <![CDATA[
                            мин.
                            ]]>
                            </value>
                        </Row>
                        <Row>
                            <name>
                            <![CDATA[
                            PTC.SCA.SCO.AssetMonitor.DurationFormat.SECOND
                            ]]>
                            </name>
                            <value>
                            <![CDATA[
                            сек.
                            ]]>
                            </value>
                        </Row>
                        <Row>
                            <name>
                            <![CDATA[
                            PTC.SCA.SCO.AssetMonitor.AssetDetail.MonitoredProperties.SectionTitle
                            ]]>
                            </name>
                            <value>
                            <![CDATA[
                            Отслеживаемые свойства
                            ]]>
                            </value>
                        </Row>
                        <Row>
                            <name>
                            <![CDATA[
                            PTC.SCA.SCO.AssetMonitor.AssetDetail.MonitoredProperties.AnomalyCount
                            ]]>
                            </name>
                            <value>
                            <![CDATA[
                            Аномальные датчики
                            ]]>
                            </value>
                        </Row>
                        <Row>
                            <name>
                            <![CDATA[
                            PTC.SCA.SCO.AssetMonitor.AssetDetail.MonitoredProperties.AlertCount
                            ]]>
                            </name>
                            <value>
                            <![CDATA[
                            Активные оповещения о пороговых значениях
                            ]]>
                            </value>
                        </Row>
                        <Row>
                            <name>
                            <![CDATA[
                            PTC.SCA.SCO.AssetMonitor.AssetDetail.Calibrate
                            ]]>
                            </name>
                            <value>
                            <![CDATA[
                            Калибровка
                            ]]>
                            </value>
                        </Row>
                        <Row>
                            <name>
                            <![CDATA[
                            PTC.SCA.SCO.AssetMonitor.AssetDetail.LastCalibrated
                            ]]>
                            </name>
                            <value>
                            <![CDATA[
                            Последняя калибровка:
                            ]]>
                            </value>
                        </Row>
                        <Row>
                            <name>
                            <![CDATA[
                            PTC.SCA.SCO.AssetMonitor.AssetDetail.CalibrationStillInProgress
                            ]]>
                            </name>
                            <value>
                            <![CDATA[
                            Выполняется калибровка, процесс может занять некоторое время.
                            ]]>
                            </value>
                        </Row>
                        <Row>
                            <name>
                            <![CDATA[
                            PTC.SCA.SCO.AssetMonitor.AssetDetail.MonitoredProperties.Sensors
                            ]]>
                            </name>
                            <value>
                            <![CDATA[
                            Датчики
                            ]]>
                            </value>
                        </Row>
                        <Row>
                            <name>
                            <![CDATA[
                            PTC.SCA.SCO.AssetMonitor.AssetDetail.Performance
                            ]]>
                            </name>
                            <value>
                            <![CDATA[
                            Производительность
                            ]]>
                            </value>
                        </Row>
                        <Row>
                            <name>
                            <![CDATA[
                            PTC.SCA.SCO.AssetMonitor.AssetDetail.MonitoringProperties
                            ]]>
                            </name>
                            <value>
                            <![CDATA[
                            Отслеживаемые свойства
                            ]]>
                            </value>
                        </Row>
                        <Row>
                            <name>
                            <![CDATA[
                            PTC.SCA.SCO.AssetMonitor.AssetDetail.AdditionalProperties
                            ]]>
                            </name>
                            <value>
                            <![CDATA[
                            Дополнительные свойства
                            ]]>
                            </value>
                        </Row>
                        <Row>
                            <name>
                            <![CDATA[
                            PTC.SCA.SCO.AssetMonitor.AssetDetail.RemoteAccess
                            ]]>
                            </name>
                            <value>
                            <![CDATA[
                            Удаленный доступ
                            ]]>
                            </value>
                        </Row>
                        <Row>
                            <name>
                            <![CDATA[
                            PTC.SCA.SCO.AssetMonitor.AssetDetail.FileTransfer
                            ]]>
                            </name>
                            <value>
                            <![CDATA[
                            Передача файлов
                            ]]>
                            </value>
                        </Row>
                        <Row>
                            <name>
                            <![CDATA[
                            PTC.SCA.SCO.AssetMonitor.AssetDetail.FileTransferHistory
                            ]]>
                            </name>
                            <value>
                            <![CDATA[
                            История передачи файлов
                            ]]>
                            </value>
                        </Row>
                        <Row>
                            <name>
                            <![CDATA[
                            PTC.SCA.SCO.AssetMonitor.DateTimeFormat.DD_MM_YYYY_HH_MM_SS_A
                            ]]>
                            </name>
                            <value>
                            <![CDATA[
                            MM.DD.YYYY hh:mm:ss A
                            ]]>
                            </value>
                        </Row>
                        <Row>
                            <name>
                            <![CDATA[
                            PTC.SCA.SCO.AssetMonitor.AssetDetail.AdditionalProperties.NameLabel
                            ]]>
                            </name>
                            <value>
                            <![CDATA[
                            Имя
                            ]]>
                            </value>
                        </Row>
                        <Row>
                            <name>
                            <![CDATA[
                            PTC.SCA.SCO.AssetMonitor.AssetDetail.AdditionalProperties.ValueLabel
                            ]]>
                            </name>
                            <value>
                            <![CDATA[
                            Значение
                            ]]>
                            </value>
                        </Row>
                        <Row>
                            <name>
                            <![CDATA[
                            PTC.SCA.SCO.AssetMonitor.AssetDetail.AdditionalProperties.LastChanged
                            ]]>
                            </name>
                            <value>
                            <![CDATA[
                            Последнее обновление
                            ]]>
                            </value>
                        </Row>
                        <Row>
                            <name>
                            <![CDATA[
                            PTC.SCA.SCO.AssetMonitor.AssetDetail.StatusThisWeek
                            ]]>
                            </name>
                            <value>
                            <![CDATA[
                            Состояние на этой неделе
                            ]]>
                            </value>
                        </Row>
                        <Row>
                            <name>
                            <![CDATA[
                            PTC.SCA.SCO.AssetMonitor.AssetList.MonitorStatusFilterHeader
                            ]]>
                            </name>
                            <value>
                            <![CDATA[
                            Отслеживать состояния
                            ]]>
                            </value>
                        </Row>
                        <Row>
                            <name>
                            <![CDATA[
                            PTC.SCA.SCO.AssetMonitor.AssetList.HierarchyFilterHeader
                            ]]>
                            </name>
                            <value>
                            <![CDATA[
                            Иерархия
                            ]]>
                            </value>
                        </Row>
                        <Row>
                            <name>
                            <![CDATA[
                            PTC.SCA.SCO.AssetMonitor.AssetList.AnomalyStatusHeader
                            ]]>
                            </name>
                            <value>
                            <![CDATA[
                            Состояние аномалии
                            ]]>
                            </value>
                        </Row>
                        <Row>
                            <name>
                            <![CDATA[
                            PTC.SCA.SCO.AssetMonitor.AssetList.MoreFilterHeader
                            ]]>
                            </name>
                            <value>
                            <![CDATA[
                            Подробнее
                            ]]>
                            </value>
                        </Row>
                        <Row>
                            <name>
                            <![CDATA[
                            PTC.SCA.SCO.AssetMonitor.AssetList.SortHeader
                            ]]>
                            </name>
                            <value>
                            <![CDATA[
                            Порядок сортировки
                            ]]>
                            </value>
                        </Row>
                        <Row>
                            <name>
                            <![CDATA[
                            PTC.SCA.SCO.AssetMonitor.AssetList.Criticality
                            ]]>
                            </name>
                            <value>
                            <![CDATA[
                            Важность
                            ]]>
                            </value>
                        </Row>
                        <Row>
                            <name>
                            <![CDATA[
                            PTC.SCA.SCO.AssetMonitor.AssetList.FilterHeader
                            ]]>
                            </name>
                            <value>
                            <![CDATA[
                            ФИЛЬТРЫ
                            ]]>
                            </value>
                        </Row>
                        <Row>
                            <name>
                            <![CDATA[
                            PTC.SCA.SCO.AssetMonitor.AssetList.NoAssetsMessage
                            ]]>
                            </name>
                            <value>
                            <![CDATA[
                            Нет активов
                            ]]>
                            </value>
                        </Row>
                        <Row>
                            <name>
                            <![CDATA[
                            PTC.SCA.SCO.AssetMonitor.AssetList.OneAssetMessage
                            ]]>
                            </name>
                            <value>
                            <![CDATA[
                            1 актив
                            ]]>
                            </value>
                        </Row>
                        <Row>
                            <name>
                            <![CDATA[
                            PTC.SCA.SCO.AssetMonitor.AssetList.ManyAssetsMessage
                            ]]>
                            </name>
                            <value>
                            <![CDATA[
                            {0} - {1} из {2} активов
                            ]]>
                            </value>
                        </Row>
                        <Row>
                            <name>
                            <![CDATA[
                            PTC.SCA.SCO.AssetMonitor.AssetDetail.NoSensorPageMessage
                            ]]>
                            </name>
                            <value>
                            <![CDATA[
                            Нет свойств
                            ]]>
                            </value>
                        </Row>
                        <Row>
                            <name>
                            <![CDATA[
                            PTC.SCA.SCO.AssetMonitor.AssetDetail.OneSensorPageMessage
                            ]]>
                            </name>
                            <value>
                            <![CDATA[
                            1 свойство
                            ]]>
                            </value>
                        </Row>
                        <Row>
                            <name>
                            <![CDATA[
                            PTC.SCA.SCO.AssetMonitor.AssetDetail.ManySensorsPageMessage
                            ]]>
                            </name>
                            <value>
                            <![CDATA[
                            {0} - {1} из {2} свойств
                            ]]>
                            </value>
                        </Row>
                        <Row>
                            <name>
                            <![CDATA[
                            PTC.SCA.SCO.AssetMonitor.AlertButtonText
                            ]]>
                            </name>
                            <value>
                            <![CDATA[
                            Подробнее ...
                            ]]>
                            </value>
                        </Row>
                        <Row>
                            <usage>
                            <![CDATA[
                            label
                            ]]>
                            </usage>
                            <name>
                            <![CDATA[
                            PTC.SCA.SCO.AssetMonitor.AssetList.SelectAModel
                            ]]>
                            </name>
                            <context></context>
                            <value>
                            <![CDATA[
                            Выбрать модель
                            ]]>
                            </value>
                        </Row>
                        <Row>
                            <usage>
                            <![CDATA[
                            label
                            ]]>
                            </usage>
                            <name>
                            <![CDATA[
                            PTC.SCA.SCO.AssetMonitor.AssetList.SelectARelatedLine
                            ]]>
                            </name>
                            <context></context>
                            <value>
                            <![CDATA[
                            Выбрать связанную линию
                            ]]>
                            </value>
                        </Row>
                        <Row>
                            <usage>
                            <![CDATA[
                            label
                            ]]>
                            </usage>
                            <name>
                            <![CDATA[
                            PTC.SCA.SCO.AssetMonitor.AssetList.SelectASortOrder
                            ]]>
                            </name>
                            <context></context>
                            <value>
                            <![CDATA[
                            Выбрать порядок сортировки
                            ]]>
                            </value>
                        </Row>
                        <Row>
                            <usage>
                            <![CDATA[
                            label
                            ]]>
                            </usage>
                            <name>
                            <![CDATA[
                            PTC.SCA.SCO.AssetMonitor.AssetList.SelectARelatedSite
                            ]]>
                            </name>
                            <context></context>
                            <value>
                            <![CDATA[
                            Выбрать связанное предприятие
                            ]]>
                            </value>
                        </Row>
                        <Row>
                            <name>
                            <![CDATA[
                            PTC.SCA.SCO.AssetMonitor.WeeklyAssetAnomalyStatsLabel
                            ]]>
                            </name>
                            <value>
                            <![CDATA[
                            Итог за неделю
                            ]]>
                            </value>
                        </Row>
                        <Row>
                            <name>
                            <![CDATA[
                            PTC.SCA.SCO.AssetMonitor.WeeklyAssetAnomalyStats-none
                            ]]>
                            </name>
                            <value>
                            <![CDATA[
                            Нет аномалий
                            ]]>
                            </value>
                        </Row>
                        <Row>
                            <name>
                            <![CDATA[
                            PTC.SCA.SCO.AssetMonitor.WeeklyAssetAnomalyStats-duration
                            ]]>
                            </name>
                            <value>
                            <![CDATA[
                            {0}
                            ]]>
                            </value>
                        </Row>
                        <Row>
                            <name>
                            <![CDATA[
                            PTC.SCA.SCO.AssetMonitor.AlertWeeklyTotalLabel
                            ]]>
                            </name>
                            <value>
                            <![CDATA[
                            Итог за неделю:
                            ]]>
                            </value>
                        </Row>
                        <Row>
                            <name>
                            <![CDATA[
                            PTC.SCA.SCO.AssetMonitor.NumberActiveAlerts
                            ]]>
                            </name>
                            <value>
                            <![CDATA[
                            Активно: {0}
                            ]]>
                            </value>
                        </Row>
                        <Row>
                            <name>
                            <![CDATA[
                            PTC.SCA.SCO.AssetMonitor.TotalAlerts
                            ]]>
                            </name>
                            <value>
                            <![CDATA[
                            Оповещения: {0}
                            ]]>
                            </value>
                        </Row>
                        <Row>
                            <name>
                            <![CDATA[
                            PTC.SCA.SCO.AssetMonitor.OneAlert
                            ]]>
                            </name>
                            <value>
                            <![CDATA[
                            Оповещение: {0}
                            ]]>
                            </value>
                        </Row>
                        <Row>
                            <name>
                            <![CDATA[
                            PTC.SCA.SCO.AssetMonitor.NoActiveAlerts
                            ]]>
                            </name>
                            <value>
                            <![CDATA[
                            Нет активных
                            ]]>
                            </value>
                        </Row>
                        <Row>
                            <name>
                            <![CDATA[
                            PTC.SCA.SCO.AnomalyStatus.Offline
                            ]]>
                            </name>
                            <value>
                            <![CDATA[
                            Не в сети
                            ]]>
                            </value>
                        </Row>
                        <Row>
                            <name>
                            <![CDATA[
                            PTC.SCA.SCO.Anomaly.Calibration.Status.NotConfigured
                            ]]>
                            </name>
                            <value>
                            <![CDATA[
                            Не настроено
                            ]]>
                            </value>
                        </Row>
                        <Row>
                            <name>
                            <![CDATA[
                            PTC.SCA.SCO.Anomaly.Number.Sensors.Calibrated
                            ]]>
                            </name>
                            <value>
                            <![CDATA[
                            Калибровка выполнена: {0}
                            ]]>
                            </value>
                        </Row>
                        <Row>
                            <name>
                            <![CDATA[
                            PTC.SCA.SCO.Anomaly.Number.Sensors.Failed.Calibration
                            ]]>
                            </name>
                            <value>
                            <![CDATA[
                            Не выполнено: {0}
                            ]]>
                            </value>
                        </Row>
                        <Row>
                            <name>
                            <![CDATA[
                            PTC.SCA.SCO.Anomaly.Number.Sensors.All.Failed.Calibration
                            ]]>
                            </name>
                            <value>
                            <![CDATA[
                            Не выполнено калибровок: {0}
                            ]]>
                            </value>
                        </Row>
                        <Row>
                            <name>
                            <![CDATA[
                            PTC.SCA.SCO.Anomaly.Number.Sensors.NotConfigured
                            ]]>
                            </name>
                            <value>
                            <![CDATA[
                            Не настроено: {0}
                            ]]>
                            </value>
                        </Row>
                        <Row>
                            <name>
                            <![CDATA[
                            PTC.SCA.SCO.Anomaly.Status
                            ]]>
                            </name>
                            <value>
                            <![CDATA[
                            {0} ({1})
                            ]]>
                            </value>
                        </Row>
                        <Row>
                            <name>
                            <![CDATA[
                            PTC.SCA.SCO.AssetMonitor.Threshold.Alert.Nav.Tooltip
                            ]]>
                            </name>
                            <value>
                            <![CDATA[
                            Исследование оповещений о пороговом значении актива
                            ]]>
                            </value>
                        </Row>
                        <Row>
                            <name>
                            <![CDATA[
                            PTC.SCA.SCO.AssetMonitor.AssetDetail.DailyStatus
                            ]]>
                            </name>
                            <value>
                            <![CDATA[
                            Ежедневное состояние
                            ]]>
                            </value>
                        </Row>
                    </Rows>
                </ConfigurationTable>
            </ConfigurationTables>
        </LocalizationTable>
    </LocalizationTables>
</Entities>
