<?xml version="1.0" encoding="UTF-8"?>
<Entities
 build="b66"
 majorVersion="7"
 minorVersion="2"
 modelPersistenceProviderPackage="NeoPersistenceProviderPackage"
 revision="2"
 schemaVersion="920">
    <StateDefinitions>
        <StateDefinition
         aspect.isEditableExtensionObject="false"
         aspect.isExtension="true"
         description="State used to display summary or history of monitored alerts {PTC.Factory.AlertMonitor.SummaryHistory}"
         documentationContent=""
         homeMashup=""
         lastModifiedDate="2016-10-13T13:44:26.165Z"
         name="PTC.Factory.AlertMonitor.SummaryHistory"
         projectName="PTC.SCA.SCO.Alert Monitor"
         tags="PTC:sca-sco;PTC:StateDefinition;PTC:sca-sco-alertmonitor">
            <avatar></avatar>
            <DesignTimePermissions>
                <Create></Create>
                <Read></Read>
                <Update></Update>
                <Delete></Delete>
                <Metadata></Metadata>
            </DesignTimePermissions>
            <RunTimePermissions></RunTimePermissions>
            <VisibilityPermissions>
                <Visibility>
                    <Principal
                     isPermitted="true"
                     name="PTC.Factory.MachineVisibility:AlertsManager"
                     type="OrganizationalUnit"></Principal>
                </Visibility>
            </VisibilityPermissions>
            <ConfigurationTables></ConfigurationTables>
            <content>
            <![CDATA[
            {"stateDefinitions":[{"displayString":"","defaultStyleDefinition":"","defaultValue":"summary","name":"","description":""},{"displayString":"","defaultStyleDefinition":"","defaultValue":"history","name":"","description":""},{"displayString":"summary","defaultStyleDefinition":"","name":"summary","description":""}],"stateType":"string"}
            ]]>
            </content>
        </StateDefinition>
    </StateDefinitions>
</Entities>
