<?xml version="1.0" encoding="UTF-8"?>
<Entities
 build="b342"
 majorVersion="8"
 minorVersion="4"
 modelPersistenceProviderPackage="PostgresPersistenceProviderPackage"
 revision="0"
 schemaVersion="1030"
 universal="">
    <StateDefinitions>
        <StateDefinition
         description="State used for false/true booleans {PTC.SCA.SCO.ReverseBooleanType}"
         documentationContent=""
         homeMashup=""
         lastModifiedDate="2018-07-24T08:14:34.024-04:00"
         name="PTC.SCA.SCO.ReverseBooleanType"
         projectName="PTC.SCA.SCO.Common"
         tags="PTC:sca-sco;PTC:StateDefinition;PTC:sca-sco-common">
            <avatar></avatar>
            <DesignTimePermissions>
                <Create></Create>
                <Read></Read>
                <Update></Update>
                <Delete></Delete>
                <Metadata></Metadata>
            </DesignTimePermissions>
            <RunTimePermissions></RunTimePermissions>
            <VisibilityPermissions>
                <Visibility></Visibility>
            </VisibilityPermissions>
            <ConfigurationTableDefinitions></ConfigurationTableDefinitions>
            <ConfigurationTables></ConfigurationTables>
            <content>
            <![CDATA[
            {
              "stateDefinitions" : [ {
                "defaultStyleDefinition" : "",
                "defaultValue" : "false",
                "description" : "",
                "displayString" : "",
                "name" : ""
              }, {
                "defaultStyleDefinition" : "",
                "defaultValue" : "true",
                "description" : "",
                "displayString" : "",
                "name" : ""
              }, {
                "defaultStyleDefinition" : "",
                "description" : "",
                "displayString" : "true",
                "name" : "true"
              } ],
              "stateType" : "string"
            }
            ]]>
            </content>
        </StateDefinition>
    </StateDefinitions>
</Entities>
