<?xml version="1.0" encoding="UTF-8"?>
<Entities
 build="b88"
 majorVersion="8"
 minorVersion="2"
 modelPersistenceProviderPackage="PostgresPersistenceProviderPackage"
 revision="0"
 schemaVersion="1020"
 universal="">
    <StateDefinitions>
        <StateDefinition
         aspect.isEditableExtensionObject="false"
         aspect.isExtension="true"
         description="This state should be used to determine if we are creating a bound property or a static property name. {PTC.SCA.SCO.AdditionalPropertiesTypeState}"
         documentationContent=""
         homeMashup=""
         lastModifiedDate="2018-04-11T14:16:48.097-05:00"
         name="PTC.SCA.SCO.AdditionalPropertiesTypeState"
         projectName="PTC.SCA.SCO.Common"
         tags="PTC:sca-sco;PTC:StateDefinition;PTC:sca-sco-common">
            <avatar></avatar>
            <DesignTimePermissions>
                <Create></Create>
                <Read></Read>
                <Update></Update>
                <Delete></Delete>
                <Metadata></Metadata>
            </DesignTimePermissions>
            <RunTimePermissions></RunTimePermissions>
            <VisibilityPermissions>
                <Visibility></Visibility>
            </VisibilityPermissions>
            <ConfigurationTables></ConfigurationTables>
            <content>
            <![CDATA[
            {
              "stateDefinitions" : [ {
                "defaultStyleDefinition" : "PTC.SCA.SCO.AdditionalProperties.PropertyType.Font14px",
                "defaultValue" : "Bound",
                "description" : "",
                "displayString" : "Bound",
                "name" : "Bound"
              }, {
                "defaultStyleDefinition" : "PTC.SCA.SCO.AdditionalProperties.PropertyType.Font14px",
                "defaultValue" : "Static",
                "description" : "",
                "displayString" : "Static",
                "name" : "Bound"
              }, {
                "defaultStyleDefinition" : "PTC.SCA.SCO.AdditionalProperties.PropertyType.Font14px",
                "description" : "",
                "displayString" : "Bound",
                "name" : "Bound"
              } ],
              "stateType" : "string"
            }
            ]]>
            </content>
        </StateDefinition>
    </StateDefinitions>
</Entities>
