<?xml version="1.0" encoding="UTF-8"?>
<Entities
 build="b8238"
 majorVersion="0"
 minorVersion="0"
 modelPersistenceProviderPackage="PostgresPersistenceProviderPackage"
 revision="0"
 schemaVersion="1100"
 universal="password">
    <Projects>
        <Project
         artifactId=""
         aspect.isEditableExtensionObject="false"
         aspect.isExtension="true"
         dependsOn=""
         description="Project for Job Order Detail Display {PTC.SCA.SCO.JobOrder.DetailDisplay}"
         documentationContent=""
         groupId=""
         homeMashup=""
         lastModifiedDate="2020-01-02T10:54:27.110-05:00"
         minPlatformVersion=""
         name="PTC.SCA.SCO.JobOrder.DetailDisplay"
         packageVersion="1.0.0"
         projectName="PTC.SCA.SCO.JobOrder.DetailDisplay"
         publishResult=""
         state="DRAFT"
         tags="PTC:sca-sco;PTC:sca-sco-joborder-detaildisplay">
            <avatar></avatar>
            <DesignTimePermissions>
                <Create></Create>
                <Read></Read>
                <Update></Update>
                <Delete></Delete>
                <Metadata></Metadata>
            </DesignTimePermissions>
            <RunTimePermissions></RunTimePermissions>
            <VisibilityPermissions>
                <Visibility>
                    <Principal
                     isPermitted="true"
                     name="PTC.Factory.MachineVisibility"
                     type="Organization"></Principal>
                </Visibility>
            </VisibilityPermissions>
            <ConfigurationTableDefinitions></ConfigurationTableDefinitions>
            <ConfigurationTables></ConfigurationTables>
        </Project>
    </Projects>
</Entities>
