<?xml version="1.0" encoding="UTF-8"?>
<Entities
 build="b39"
 majorVersion="8"
 minorVersion="0"
 modelPersistenceProviderPackage="PostgresPersistenceProviderPackage"
 revision="1"
 schemaVersion="1000">
    <StateDefinitions>
        <StateDefinition
         aspect.isEditableExtensionObject="false"
         aspect.isExtension="true"
         description="***DEPRECATED-J*** This state definition will be deleted in a future release. Colour-coded states indicating asset status {PTC.SCA.SCO.AssetMonitor.AssetDetail.StatusColorStateDefinition}"
         documentationContent=""
         homeMashup=""
         lastModifiedDate="2017-08-29T16:17:36.749Z"
         name="PTC.SCA.SCO.AssetMonitor.AssetDetail.StatusColorStateDefinition"
         projectName="PTC.SCA.SCO.AssetDetail.Display"
         tags="PTC:sca-sco;PTC:StateDefinition;PTC:sca-sco-assetdetail-display">
            <avatar></avatar>
            <DesignTimePermissions>
                <Create></Create>
                <Read></Read>
                <Update></Update>
                <Delete></Delete>
                <Metadata></Metadata>
            </DesignTimePermissions>
            <RunTimePermissions></RunTimePermissions>
            <VisibilityPermissions>
                <Visibility></Visibility>
            </VisibilityPermissions>
            <ConfigurationTables></ConfigurationTables>
            <content>
            <![CDATA[
            {"stateDefinitions":[{"displayString":"","defaultStyleDefinition":"PTC.Factory.Status.Running","defaultValue":"Running","name":"","description":""},{"displayString":"","defaultStyleDefinition":"PTC.Factory.Status.Warning","defaultValue":"Warning","name":"","description":""},{"displayString":"","defaultStyleDefinition":"PTC.Factory.Status.PlannedDowntime","defaultValue":"PlannedDowntime","name":"","description":""},{"displayString":"","defaultStyleDefinition":"PTC.Factory.Status.UnplannedDowntime","defaultValue":"UnplannedDowntime","name":"","description":""},{"displayString":"","defaultStyleDefinition":"PTC.Factory.Status.NotConfigured","defaultValue":"NotConfigured","name":"","description":""},{"displayString":"","defaultStyleDefinition":"PTC.Factory.Status.UnavailableDark","defaultValue":"Unavailable","name":"","description":""},{"displayString":"","defaultStyleDefinition":"PTC.Factory.Status.Unavailable","name":"","description":""}],"stateType":"string"}
            ]]>
            </content>
        </StateDefinition>
    </StateDefinitions>
</Entities>
