<?xml version="1.0" encoding="UTF-8"?>
<Entities>
	<ExtensionPackages>
		<ExtensionPackage name="propertytable_ExtensionPackage"
			description="propertytable Widget" vendor="ThingWorx Customer Service"
			packageVersion="2.0.0" buildNumber="cpm01" minimumThingWorxVersion="4.0.0" />
	</ExtensionPackages>
	<Widgets>
		<Widget name="propertytable">
			<UIResources>
				<!-- Studio ONLY -->
				<FileResource type="CSS" file="propertytable.ide.css"
					description="" isDevelopment="true" isRuntime="false" />
				<FileResource type="JS" file="propertytable.ide.js"
					description="" isDevelopment="true" isRuntime="false" />
				<!-- Runtime/Squeal ONLY -->
				<FileResource type="CSS" file="propertytable.runtime.css"
					description="" isDevelopment="false" isRuntime="true" />
				<FileResource type="JS" file="propertytable.runtime.js"
					description="" isDevelopment="false" isRuntime="true" />
			</UIResources>
		</Widget>
	</Widgets>
</Entities>
