<?xml version="1.0" encoding="UTF-8" standalone="no"?>
<Entities build="latest" majorVersion="0" minorVersion="0" revision="0" schemaVersion="931">
  <ThingShapes>
    <ThingShape
      description="Used to manage various Remote Access Server capabilities for each individual server."
      name="RemoteAccessServer" tags="Applications:RemoteAccess">
      <PropertyDefinitions>
        <PropertyDefinition aspect.dataChangeType="VALUE" aspect.isPersistent="true"
                            aspect.minimumValue="0" baseType="INTEGER"
                            description="number of sessions currently hosted by this server"
                            name="currentNumberOfSessions" aspect.isReadOnly="true" ordinal="8"/>
        <PropertyDefinition aspect.dataChangeType="VALUE" aspect.defaultValue="false"
                            aspect.isPersistent="true" baseType="BOOLEAN"
                            description="whether or not the server can be used to start new remote sessions"
                            name="enabledForRemoteSessions" ordinal="9"/>
        <PropertyDefinition aspect.dataChangeType="VALUE" aspect.isPersistent="true" baseType="STRING"
                            description="name of the external host" name="externalHostName" aspect.isReadOnly="true" ordinal="3"/>
        <PropertyDefinition aspect.dataChangeType="VALUE" aspect.isPersistent="true" baseType="STRING"
                            description="name of the host" name="hostName" aspect.isReadOnly="true" ordinal="2"/>
        <PropertyDefinition aspect.dataChangeType="VALUE" aspect.isPersistent="true" aspect.minimumValue="1"
                            baseType="INTEGER"
                            description="maximum number of sessions this server can host simultaneously"
                            name="maxSessions" aspect.isReadOnly="true" ordinal="6"/>
        <PropertyDefinition aspect.dataChangeType="VALUE" aspect.isPersistent="true" aspect.maximumValue="65535"
                            aspect.minimumValue="0" baseType="INTEGER" description="connection port for the server"
                            name="port" aspect.isReadOnly="true" ordinal="4"/>
        <PropertyDefinition aspect.dataChangeType="VALUE" aspect.isPersistent="true" aspect.maximumValue="65535"
                            aspect.minimumValue="0" baseType="INTEGER"
                            description="port for ssl connection to this server" name="sslPort" aspect.isReadOnly="true" ordinal="5"/>
        <PropertyDefinition aspect.dataChangeType="VALUE" aspect.defaultValue="false"
                            aspect.isPersistent="true" baseType="BOOLEAN"
                            description="whether or not the server is enabled" name="online" ordinal="10"/>
      </PropertyDefinitions>
      <ServiceDefinitions>
        <ServiceDefinition description="end the session with the given sessionID" name="EndSession"
                           isAllowOverride="true">
          <ParameterDefinitions>
            <FieldDefinition aspect.isRequired="true" baseType="GUID"
                             description="the ID of the session to be terminated" name="sessionId"/>
          </ParameterDefinitions>
        </ServiceDefinition>
        <ServiceDefinition description="Get the current health status of the server" name="GetServerHealth"
                           isAllowOverride="true">
          <ResultType baseType="STRING" description="the health status of the server" name="result"/>
        </ServiceDefinition>
        <ServiceDefinition description="return the number of sessions currently on this server" name="GetSessionCount"
                           isAllowOverride="true">
          <ResultType baseType="INTEGER" description="the number of sessions currently on this server" name="result"/>
        </ServiceDefinition>
        <ServiceDefinition description="Get the sessions on this server" name="GetSessions" isAllowOverride="true">
          <ResultType aspect.dataShape="RemoteSession" baseType="INFOTABLE"
                      description="the sessions on this Remote Access Server" name="result" ordinal="0"/>
          <ParameterDefinitions/>
        </ServiceDefinition>
        <ServiceDefinition
          description="Initiates a Remote Session for the given Thing based on the RemoteSessionParameters passed in"
          name="StartSession" isAllowOverride="true">
          <ResultType baseType="GUID" description="Session ID of the session to be created" name="result"/>
          <ParameterDefinitions>
            <FieldDefinition aspect.dataShape="RemoteSessionParameters" aspect.isRequired="true" baseType="INFOTABLE"
                             description="Parameters for the Remote Session that is to be started" name="parameters"
                             ordinal="2"/>
            <FieldDefinition aspect.isRequired="true" aspect.thingShape="RemoteAccessible" baseType="THINGNAME"
                             description="the Thing to start a remote session for" name="thing" ordinal="1"/>
          </ParameterDefinitions>
        </ServiceDefinition>
        <ServiceDefinition
          description="Allows setting of the enabledForRemoteSessions property"
          name="SetEnabled" isAllowOverride="true">
          <ResultType baseType="NOTHING" description="" name="result" ordinal="0"/>
          <ParameterDefinitions>
            <FieldDefinition aspect.isRequired="true" baseType="BOOLEAN"
                             description="True if the Remote Access Server should be used for remote sessions, or false if the server should not be used." name="enabled"
                             ordinal="0"/>
          </ParameterDefinitions>
        </ServiceDefinition>
        <ServiceDefinition
          description="Updates the enabledForRemoteSessions property to indicate this RemoteAccessServer should not be used for new RemoteSessions"
          name="DisableRemoteSessions" isAllowOverride="false">
          <ResultType baseType="NOTHING" description="" name="result" ordinal="0"/>
          <ParameterDefinitions/>
        </ServiceDefinition>
        <ServiceDefinition
          description="Updates the enabledForRemoteSessions property to indicate this RemoteAccessServer can be used for new RemoteSessions"
          name="EnableRemoteSessions" isAllowOverride="false">
          <ResultType baseType="NOTHING" description="" name="result" ordinal="0"/>
          <ParameterDefinitions/>
        </ServiceDefinition>
        <ServiceDefinition
          description="Returns the ratio of a server's number of current sessions to its maximum number of sessions"
          name="GetCurrentSessionRatio" isAllowOverride="false">
          <ResultType baseType="NUMBER" description="The ratio of current sessions to max sessions" name="result"
                      ordinal="0"/>
          <ParameterDefinitions/>
        </ServiceDefinition>
      </ServiceDefinitions>
      <ServiceImplementations>
        <ServiceImplementation handlerName="Script" name="DisableRemoteSessions">
          <ConfigurationTables>
            <ConfigurationTable description="Script" isMultiRow="false" name="Script" ordinal="0">
              <DataShape>
                <FieldDefinitions>
                  <FieldDefinition baseType="STRING" description="code" name="code" ordinal="0"/>
                </FieldDefinitions>
              </DataShape>
              <Rows>
                <Row>
                  <code><![CDATA[me.enabledForRemoteSessions = false]]></code>
                </Row>
              </Rows>
            </ConfigurationTable>
          </ConfigurationTables>
        </ServiceImplementation>
        <ServiceImplementation handlerName="Script" name="EnableRemoteSessions">
          <ConfigurationTables>
            <ConfigurationTable description="Script" isMultiRow="false" name="Script" ordinal="0">
              <DataShape>
                <FieldDefinitions>
                  <FieldDefinition baseType="STRING" description="code" name="code" ordinal="0"/>
                </FieldDefinitions>
              </DataShape>
              <Rows>
                <Row>
                  <code><![CDATA[me.enabledForRemoteSessions = true]]></code>
                </Row>
              </Rows>
            </ConfigurationTable>
          </ConfigurationTables>
        </ServiceImplementation>
        <ServiceImplementation handlerName="Script" name="GetCurrentSessionRatio">
          <ConfigurationTables>
            <ConfigurationTable description="Script" isMultiRow="false" name="Script" ordinal="0">
              <DataShape>
                <FieldDefinitions>
                  <FieldDefinition baseType="STRING" description="code" name="code" ordinal="0"/>
                </FieldDefinitions>
              </DataShape>
              <Rows>
                <Row>
                  <code><![CDATA[var result = 0;
if (me.currentNumberOfSessions != 0 && me.maxSessions != 0) {
    result = me.currentNumberOfSessions / me.maxSessions
}]]></code>
                </Row>
              </Rows>
            </ConfigurationTable>
          </ConfigurationTables>
        </ServiceImplementation>
        <ServiceImplementation handlerName="Script" name="SetEnabled">
          <ConfigurationTables>
            <ConfigurationTable description="Script" isMultiRow="false" name="Script" ordinal="0">
              <DataShape>
                <FieldDefinitions>
                  <FieldDefinition baseType="STRING" description="code" name="code" ordinal="0"/>
                </FieldDefinitions>
              </DataShape>
              <Rows>
                <Row>
                  <code><![CDATA[me.enabledForRemoteSessions = enabled]]></code>
                </Row>
              </Rows>
            </ConfigurationTable>
          </ConfigurationTables>
        </ServiceImplementation>
      </ServiceImplementations>
    </ThingShape>
  </ThingShapes>
</Entities>
