<?xml version="1.0" encoding="UTF-8"?>
<Entities
 build="b18"
 majorVersion="7"
 minorVersion="1"
 modelPersistenceProviderPackage="NeoPersistenceProviderPackage"
 revision="0"
 schemaVersion="910">
    <ModelTags>
        <ModelTagVocabulary
         aspect.isExtension="true"
         description="Contains model tags which denote roles played within a relationship and which are applied to Converge resource providers {Role}"
         documentationContent="&lt;p&gt;&amp;nbsp;&lt;/p&gt; "
         homeMashup=""
         isDynamic="true"
         lastModifiedDate="2016-04-28T02:39:26.150Z"
         name="Role"
         projectName="PTC.SCA.SCO.Application Home Page"
         tags="PTC:sca-sco-applicationhomepage;PTC:sca-common;PTC:Menu">
            <avatar></avatar>
            <DesignTimePermissions>
                <Create></Create>
                <Read></Read>
                <Update></Update>
                <Delete></Delete>
                <Metadata></Metadata>
            </DesignTimePermissions>
            <RunTimePermissions></RunTimePermissions>
            <VisibilityPermissions>
                <Visibility>
                    <Principal
                     isPermitted="true"
                     name="PTC.Factory.MachineVisibility"
                     type="Organization"></Principal>
                </Visibility>
            </VisibilityPermissions>
            <ConfigurationTables></ConfigurationTables>
            <VocabularyTerm
             description="Factory-UserGroup"
             name="Factory-UserGroup"></VocabularyTerm>
            <VocabularyTerm
             description="OPCDAConnector"
             name="OPCDAConnector"></VocabularyTerm>
            <VocabularyTerm
             description="OPCDAConnectable"
             name="OPCDAConnectable"></VocabularyTerm>
            <VocabularyTerm
             description="KepserverConnectable"
             name="KepserverConnectable"></VocabularyTerm>
            <VocabularyTerm
             description="KepserverConnector"
             name="KepserverConnector"></VocabularyTerm>
        </ModelTagVocabulary>
    </ModelTags>
</Entities>
