<?xml version="1.0" encoding="UTF-8"?>
<Entities>
    <Things>
        <Thing
         aspect.isEditableExtensionObject="false"
         description=""
         documentationContent="&lt;p&gt;&lt;br&gt;&lt;/p&gt;&#xA;&#xA;&#xA;&#xA;&#xA;"
         effectiveThingPackage="PTC.SCA.SCO.AssetRemoting.FileRepositoryPackage"
         enabled="true"
         homeMashup=""
         identifier=""
         lastModifiedDate="2016-06-22T13:32:35.074Z"
         name="PTC.SCA.SCO.AssetRemoting.FileRepository"
         projectName="PTC.SCA.SCO.FileTransfer.Manager"
         published="false"
         tags="PTC:sca-sco;PTC:Thing;PTC:sca-sco-filetransfer-manager"
         thingTemplate="PTC.SCA.SCO.AssetRemoting.FileRepositoryTemplate"
         valueStream="">
            <avatar></avatar>
            <DesignTimePermissions>
                <Create></Create>
                <Read></Read>
                <Update></Update>
                <Delete></Delete>
                <Metadata></Metadata>
            </DesignTimePermissions>
            <RunTimePermissions>
                <Permissions
                 resourceName="*">
                    <PropertyRead></PropertyRead>
                    <PropertyWrite></PropertyWrite>
                    <ServiceInvoke>
                        <Principal
                         isPermitted="true"
                         name="Controls Engineer"
                         type="Group"></Principal>
                        <Principal
                         isPermitted="true"
                         name="Maintenance Engineer"
                         type="Group"></Principal>
                        <Principal
                         isPermitted="true"
                         name="Maintenance Manager"
                         type="Group"></Principal>
                    </ServiceInvoke>
                    <EventInvoke></EventInvoke>
                    <EventSubscribe></EventSubscribe>
                </Permissions>
            </RunTimePermissions>
            <VisibilityPermissions>
                <Visibility>
                    <Principal
                     isPermitted="true"
                     name="PTC.Factory.MachineVisibility:AssetPerformance"
                     type="OrganizationalUnit"></Principal>
                </Visibility>
            </VisibilityPermissions>
            <ConfigurationTables></ConfigurationTables>
            <ThingShape>
                <PropertyDefinitions></PropertyDefinitions>
                <ServiceDefinitions></ServiceDefinitions>
                <EventDefinitions></EventDefinitions>
                <ServiceMappings></ServiceMappings>
                <ServiceImplementations></ServiceImplementations>
                <Subscriptions></Subscriptions>
            </ThingShape>
            <PropertyBindings></PropertyBindings>
            <RemotePropertyBindings></RemotePropertyBindings>
            <RemoteServiceBindings></RemoteServiceBindings>
            <RemoteEventBindings></RemoteEventBindings>
            <AlertConfigurations></AlertConfigurations>
            <ImplementedShapes></ImplementedShapes>
            <ThingProperties></ThingProperties>
        </Thing>
    </Things>
</Entities>
