<?xml version="1.0" encoding="UTF-8" standalone="no"?>
<Entities build="b11" majorVersion="8" minorVersion="0" modelPersistenceProviderPackage="PostgresPersistenceProviderPackage" revision="0"
          schemaVersion="1000">
    <Things>
        <Thing description="" documentationContent="" effectiveThingPackage="ConfiguredThing" enabled="true" homeMashup="" identifier=""
               lastModifiedDate="2017-09-22T18:35:54.576Z" name="AzureServices" projectName="" published="false" tags=""
               thingTemplate="GenericThing" valueStream="">
            <Owner name="Administrator" type="User"/>
            <avatar/>
            <DesignTimePermissions>
                <Create/>
                <Read/>
                <Update/>
                <Delete/>
                <Metadata/>
            </DesignTimePermissions>
            <RunTimePermissions/>
            <VisibilityPermissions>
                <Visibility/>
            </VisibilityPermissions>
            <ConfigurationTables/>
            <ThingShape>
                <PropertyDefinitions/>
                <ServiceDefinitions>
                    <ServiceDefinition aspect.isAsync="false" category=""
                                       description="Adds the entity visibilities and permissions required by the Azure Connector"
                                       isAllowOverride="false" isLocalOnly="false" isOpen="false" isPrivate="false"
                                       name="GrantAzureConnectorPermissions">
                        <ResultType baseType="NOTHING" description="" name="result" ordinal="0"/>
                        <ParameterDefinitions>
                            <FieldDefinition aspect.isRequired="true" baseType="STRING"
                                             description="Name of the Organization to assign entity visibilities to" name="organization"
                                             ordinal="1"/>
                            <FieldDefinition aspect.isRequired="true" baseType="STRING"
                                             description="Name of the User Group to assign permissions to" name="userGroup" ordinal="2"/>
                        </ParameterDefinitions>
                    </ServiceDefinition>
                    <ServiceDefinition
                            aspect.isAsync="false"
                            category=""
                            description=""
                            isAllowOverride="false"
                            isLocalOnly="false"
                            isOpen="false"
                            isPrivate="false"
                            name="CreateBlobStorageThing">
                        <ResultType
                                baseType="NOTHING"
                                description=""
                                name="result"
                                ordinal="0"></ResultType>
                        <ParameterDefinitions>
                            <FieldDefinition
                                    aspect.isRequired="true"
                                    baseType="STRING"
                                    description="The Azure IoT account associated with the Azure Blob"
                                    name="accountName"
                                    ordinal="2"></FieldDefinition>
                            <FieldDefinition
                                    aspect.isRequired="true"
                                    baseType="STRING"
                                    description="Name of the Azure Blob Storage container Thing"
                                    name="blobStorageThingName"
                                    ordinal="1"></FieldDefinition>
                            <FieldDefinition
                                    aspect.isRequired="true"
                                    baseType="STRING"
                                    description="The connection string used to access the Azure Blob Storage, provided by Azure IoT"
                                    name="connectionString"
                                    ordinal="3"></FieldDefinition>
                        </ParameterDefinitions>
                    </ServiceDefinition>
                    <ServiceDefinition
                            aspect.isAsync="false"
                            category=""
                            description=""
                            isAllowOverride="false"
                            isLocalOnly="false"
                            isOpen="false"
                            isPrivate="false"
                            name="CreateIotHubThing">
                        <ResultType
                                baseType="NOTHING"
                                description=""
                                name="result"
                                ordinal="0"></ResultType>
                        <ParameterDefinitions>
                            <FieldDefinition
                                    baseType="STRING"
                                    description="The consumer group configured for the hub"
                                    name="consumerGroup"
                                    ordinal="2"></FieldDefinition>
                            <FieldDefinition
                                    aspect.isRequired="true"
                                    baseType="STRING"
                                    description="The consumer policy connection string provided by Azure."
                                    name="consumerPolicyConnectionString"
                                    ordinal="3"></FieldDefinition>
                            <FieldDefinition
                                    baseType="STRING"
                                    description="Exports always write to a 'devices.txt' file within a provided container. &#xA;To prevent overwrites from multiple exports, a unique container is used. The                                   container name is composed of this prefix and a randomly generated UUID"
                                    name="deviceExportContainerNamePrefix"
                                    ordinal="5"></FieldDefinition>
                            <FieldDefinition
                                    aspect.isRequired="true"
                                    baseType="STRING"
                                    description="The Event Hub-compatible endpoint that Azure IoT provides"
                                    name="eventHubEndpoint"
                                    ordinal="6"></FieldDefinition>
                            <FieldDefinition
                                    aspect.isRequired="true"
                                    baseType="STRING"
                                    description="The Event-Hub compatible name provided by Azure IoT"
                                    name="eventHubName"
                                    ordinal="7"></FieldDefinition>
                            <FieldDefinition
                                    aspect.isRequired="true"
                                    aspect.thingTemplate="AzureBlobStorageTemplate"
                                    baseType="THINGNAME"
                                    description=""
                                    name="iotBlobStorageThing"
                                    ordinal="4"></FieldDefinition>
                            <FieldDefinition
                                    aspect.isRequired="true"
                                    baseType="STRING"
                                    description="Name of the AzureIotHub Thing to create"
                                    name="iotHubThingName"
                                    ordinal="1"></FieldDefinition>
                            <FieldDefinition
                                    aspect.isRequired="true"
                                    baseType="STRING"
                                    description="The registry connection string provided by Azure."
                                    name="registryPolicyConnectionString"
                                    ordinal="9"></FieldDefinition>
                            <FieldDefinition
                                    aspect.isRequired="true"
                                    baseType="STRING"
                                    description="The IotHub Name"
                                    name="iotHubName"
                                    ordinal="8"></FieldDefinition>
                            <FieldDefinition
                                    aspect.isRequired="true"
                                    baseType="STRING"
                                    description=""
                                    name="authManagementURL"
                                    ordinal="10"></FieldDefinition>
                            <FieldDefinition
                                    aspect.isRequired="true"
                                    baseType="STRING"
                                    description=""
                                    name="baseURL"
                                    ordinal="11"></FieldDefinition>
                            <FieldDefinition
                                    aspect.isRequired="true"
                                    baseType="STRING"
                                    description=""
                                    name="clientID"
                                    ordinal="12"></FieldDefinition>
                            <FieldDefinition
                                    aspect.isRequired="true"
                                    baseType="STRING"
                                    description=""
                                    name="clientSecret"
                                    ordinal="13"></FieldDefinition>
                            <FieldDefinition
                                    aspect.isRequired="true"
                                    baseType="STRING"
                                    description=""
                                    name="publisherPath"
                                    ordinal="14"></FieldDefinition>
                            <FieldDefinition
                                    aspect.isRequired="true"
                                    baseType="STRING"
                                    description=""
                                    name="registryPath"
                                    ordinal="15"></FieldDefinition>
                            <FieldDefinition
                                    aspect.isRequired="true"
                                    baseType="STRING"
                                    description=""
                                    name="subscriptionID"
                                    ordinal="16"></FieldDefinition>
                            <FieldDefinition
                                    aspect.isRequired="true"
                                    baseType="STRING"
                                    description=""
                                    name="tenantID"
                                    ordinal="17"></FieldDefinition>
                            <FieldDefinition
                                    aspect.isRequired="true"
                                    baseType="STRING"
                                    description=""
                                    name="twinPath"
                                    ordinal="18"></FieldDefinition>
                        </ParameterDefinitions>
                    </ServiceDefinition>
                    <ServiceDefinition
                            aspect.isAsync="false"
                            category=""
                            description=""
                            isAllowOverride="false"
                            isLocalOnly="false"
                            isOpen="false"
                            isPrivate="false"
                            name="CreateAzureStorageContainerFileRepository">
                        <ResultType
                                baseType="NOTHING"
                                description=""
                                name="result"
                                ordinal="0"></ResultType>
                        <ParameterDefinitions>
                            <FieldDefinition
                                    aspect.isRequired="true"
                                    baseType="STRING"
                                    description="Name of the Azure Storage File Repository Thing"
                                    name="fileRepositoryThingName"
                                    ordinal="1"></FieldDefinition>
                            <FieldDefinition
                                    aspect.isRequired="true"
                                    baseType="STRING"
                                    description="Name of the Azure Storage Container"
                                    name="azureStorageContainerName"
                                    ordinal="2"></FieldDefinition>
                        </ParameterDefinitions>
                    </ServiceDefinition>
                </ServiceDefinitions>
                <EventDefinitions/>
                <ServiceMappings/>
                <ServiceImplementations>
                    <ServiceImplementation description="" handlerName="Script" name="GrantAzureConnectorPermissions">
                        <ConfigurationTables>
                            <ConfigurationTable description="Script" isMultiRow="false" name="Script" ordinal="0">
                                <DataShape>
                                    <FieldDefinitions>
                                        <FieldDefinition baseType="STRING" description="code" name="code" ordinal="0"/>
                                    </FieldDefinitions>
                                </DataShape>
                                <Rows>
                                    <Row>
                                        <code><![CDATA[if (organization === null || organization === undefined || organization.trim().length == 0) {
    throw new Error('organization parameter is required');
}
if (userGroup === null || userGroup === undefined || userGroup.trim().length == 0) {
    throw new Error('userGroup parameter is required');
}

// service params used when setting entity visibility
var visibilityPermissionParams = {
    principal: organization,
    principalType: 'Organization'
};

// service params used when setting entity permissions
// resource and type will be added to this object before invoking the service to add permissions
var permissionParams = {
	principal: userGroup,
	principalType: 'Group',
	allow: true
};

// service params used when setting collection visibility
// collectionName will be added to this object before invoking the service to add visibility
var collectionVisibilityPermissionParams = {
    principal: organization,
    principalType: 'Organization'
};

// service params used when setting collection permissions
// collectionName and type will be added to this object before invoking the service to add permissions
var collectionPermissionParams = {
	principal: userGroup,
	principalType: 'Group',
	allow: true
};

// Call the ConnectionServicesHub to set up the base connector permissions
Things["ConnectionServicesHub"].GrantConnectorPermissions({
    organization: organization,
    userGroup: userGroup
});

// Call the ConnectionServicesHub to set up leader election
Things["ProtocolAdapterServices"].SetupLeaderElection({
    organization: organization,
    userGroup: userGroup
});

// -----------------------------------------------------
// Azure Connector visibility and permission requirements
// -----------------------------------------------------

// AzureServices
Things["AzureServices"].AddVisibilityPermission(visibilityPermissionParams);

permissionParams.resource = '*';
permissionParams.type = 'ServiceInvoke';
Things["AzureServices"].AddRunTimePermission(permissionParams);
Things["AzureOpcUaPropertyMapDataTable"].AddRunTimePermission(permissionParams);

// InfoTableFunctions
Resources["InfoTableFunctions"].AddVisibilityPermission(visibilityPermissionParams);

permissionParams.resource = 'CreateInfoTableFromDataShape';
permissionParams.type = 'ServiceInvoke';
Resources["InfoTableFunctions"].AddRunTimePermission(permissionParams);


// ThingShapes collection
collectionVisibilityPermissionParams.collectionName = 'ThingShapes';
Resources["CollectionFunctions"].AddCollectionVisibilityPermission(collectionVisibilityPermissionParams);

collectionPermissionParams.collectionName = 'ThingShapes';
collectionPermissionParams.type = 'Create';
Resources["CollectionFunctions"].AddCollectionDesignTimePermission(collectionPermissionParams);

collectionPermissionParams.collectionName = 'ThingShapes';
collectionPermissionParams.type = 'Update';
Resources["CollectionFunctions"].AddCollectionDesignTimePermission(collectionPermissionParams);

collectionPermissionParams.collectionName = 'ThingShapes';
collectionPermissionParams.type = 'Read';
Resources["CollectionFunctions"].AddCollectionDesignTimePermission(collectionPermissionParams);


// ThingTemplates collection
collectionVisibilityPermissionParams.collectionName = 'ThingTemplates';
Resources["CollectionFunctions"].AddCollectionVisibilityPermission(collectionVisibilityPermissionParams);

collectionPermissionParams.collectionName = 'ThingTemplates';
collectionPermissionParams.type = 'Create';
Resources["CollectionFunctions"].AddCollectionDesignTimePermission(collectionPermissionParams);

collectionPermissionParams.collectionName = 'ThingTemplates';
collectionPermissionParams.type = 'Update';
Resources["CollectionFunctions"].AddCollectionDesignTimePermission(collectionPermissionParams);

// Things collection
collectionVisibilityPermissionParams.collectionName = 'Things';
Resources["CollectionFunctions"].AddCollectionVisibilityPermission(collectionVisibilityPermissionParams);

//Used on imports
collectionPermissionParams.collectionName = 'Things';
collectionPermissionParams.type = 'Create';
Resources["CollectionFunctions"].AddCollectionDesignTimePermission(collectionPermissionParams);

//Used on connector startup
collectionPermissionParams.collectionName = 'Things';
collectionPermissionParams.type = 'Update';
Resources["CollectionFunctions"].AddCollectionDesignTimePermission(collectionPermissionParams);

// Required for event subscription processing in response to events fired by the connector
collectionPermissionParams.collectionName = 'Things';
collectionPermissionParams.type = 'EventSubscribe';
collectionPermissionParams.resource = '*';
Resources["CollectionFunctions"].AddCollectionRunTimePermission(collectionPermissionParams);

// EntityServices
Resources["EntityServices"].AddVisibilityPermission(visibilityPermissionParams);

permissionParams.resource = 'AddShapeToThing';
permissionParams.type = 'ServiceInvoke';
Resources["EntityServices"].AddRunTimePermission(permissionParams);

permissionParams.resource = 'CreateThing';
permissionParams.type = 'ServiceInvoke';
Resources["EntityServices"].AddRunTimePermission(permissionParams);

//Needed by Smoke-Test
permissionParams.resource = 'DeleteThing';
permissionParams.type = 'ServiceInvoke';
Resources["EntityServices"].AddRunTimePermission(permissionParams);

// grant runtime permissions for all 5 permission types
var runtimeParams = {
    resource: '*',
    principal: userGroup,
    principalType: 'Group',
    allow: true
};

//For DeviceTwinChangeATs to pass
runtimeParams.type = 'PropertyRead';
ThingTemplates["GenericThing"].AddInstanceRunTimePermission(runtimeParams);
runtimeParams.type = 'PropertyWrite';
ThingTemplates["GenericThing"].AddInstanceRunTimePermission(runtimeParams);

// Required for Azure OPC UA functionality
permissionParams.resource = 'GetPropertySubscriptions';
permissionParams.type = 'ServiceInvoke';
ThingTemplates["RemoteThing"].AddInstanceRunTimePermission(permissionParams);
permissionParams.resource = 'UpdateSubscribedPropertyValues';
permissionParams.type = 'ServiceInvoke';
ThingTemplates["RemoteThing"].AddInstanceRunTimePermission(permissionParams);
permissionParams.resource = 'GetIndustrialThings';
permissionParams.type = 'ServiceInvoke';
ThingTemplates["IndustrialGateway"].AddInstanceRunTimePermission(permissionParams);
permissionParams.resource = 'UpdatePropertyValues';
permissionParams.type = 'ServiceInvoke';
ThingTemplates["AzureIotHubAdapter"].AddInstanceRunTimePermission(permissionParams);

// Needed to apply shape to ConnectionServicesHub
Things["ConnectionServicesHub"].AddVisibilityPermission(visibilityPermissionParams);

permissionParams.type = 'ServiceInvoke';
permissionParams.resource = '*';
Things["ConnectionServicesHub"].AddRunTimePermission(permissionParams);

ThingTemplates["AzureIotHubTemplate"].AddVisibilityPermission(visibilityPermissionParams);

permissionParams.resource = "GetConfiguration";
permissionParams.type = "ServiceInvoke";
ThingTemplates["AzureIotHubTemplate"].AddInstanceRunTimePermission(permissionParams);

permissionParams.resource = "GetConfigurationTable";
ThingTemplates["AzureBlobStorageTemplate"].AddInstanceRunTimePermission(permissionParams);
ThingTemplates["AzureIotHubTemplate"].AddInstanceRunTimePermission(permissionParams);

// The Azure connector uses Utilities.SoftwareManager methods for SCM Package operations
// Add the correct permissions if the SoftwareManager extension is installed
if (Things["TW.RSM.SFW.SoftwareManager"] !== null) {
    // This is needed by SendInstructionsHandler.getBlobStorageContainerName
    permissionParams.resource = "GetConfigurationTable";
    permissionParams.type = 'ServiceInvoke';
    ThingTemplates["FileRepository"].AddInstanceRunTimePermission(permissionParams);

    // This is needed by SendInstructionsHandler.getCurrentAttemptForId
    permissionParams.resource = 'GetDeliveryTargets';
    permissionParams.type = 'ServiceInvoke';
    Things["TW.RSM.SFW.SoftwareManager"].AddRunTimePermission(permissionParams);

    // These are needed by TwinChangeMessageProcessor.handle
    permissionParams.resource = 'UpdateDeliveryTargetState';
    permissionParams.type = 'ServiceInvoke';
    Things["TW.RSM.SFW.SoftwareManager"].AddRunTimePermission(permissionParams);
    permissionParams.resource = 'CompleteDeliveryTarget';
    permissionParams.type = 'ServiceInvoke';
    Things["TW.RSM.SFW.SoftwareManager"].AddRunTimePermission(permissionParams);

    // These are needed by the GetDeliveryTargets script service
    permissionParams.resource = '*';
    permissionParams.type = 'PropertyRead';
    Things["TW.RSM.SFW.SoftwareManager"].AddRunTimePermission(permissionParams);
    permissionParams.resource = 'QueryDataTableEntries';
    permissionParams.type = 'ServiceInvoke';
    Things["TW.RSM.SFW.SoftwareManager.DeliveryTarget"].AddRunTimePermission(permissionParams);

    Things["TW.RSM.SFW.SoftwareManager"].AddVisibilityPermission(visibilityPermissionParams);
}

DataShapes["AzureDeviceJob"].AddVisibilityPermission(visibilityPermissionParams);
permissionParams.resource = "GetFieldDefinitions";
DataShapes["AzureDeviceJob"].AddRunTimePermission(permissionParams);


permissionParams.resource = "GetFileInfo";
ThingTemplates["AzureStorageContainerFileRepository"].AddInstanceRunTimePermission(permissionParams);


permissionParams.type = 'EventInvoke';
permissionParams.resource = '*';

Things["ConnectionServicesHub"].AddRunTimePermission(permissionParams);
ThingTemplates["AzureIotThing"].AddInstanceRunTimePermission(permissionParams);
ThingTemplates["AzureStorageContainerFileRepository"].AddInstanceRunTimePermission(permissionParams);

// connector needs design time permission to create new instances of ConnectionServicesHub instances, and to AddShape to CSH
var params = {
    principal: userGroup,
    principalType: 'Group',
    allow: true,
    type: 'Read'
};
ThingTemplates["ConnectionServicesHub"].AddInstanceDesignTimePermission(params);

permissionParams.resource = '*';
permissionParams.type = 'ServiceInvoke';
ThingTemplates["AzureIotThing"].AddInstanceRunTimePermission(permissionParams);

]]></code>
                                    </Row>
                                </Rows>
                            </ConfigurationTable>
                        </ConfigurationTables>
                    </ServiceImplementation>
                    <ServiceImplementation
                            description=""
                            handlerName="Script"
                            name="CreateBlobStorageThing">
                        <ConfigurationTables>
                            <ConfigurationTable
                                    description=""
                                    isMultiRow="false"
                                    name="Script"
                                    ordinal="0">
                                <DataShape>
                                    <FieldDefinitions>
                                        <FieldDefinition
                                                baseType="STRING"
                                                description="code"
                                                name="code"
                                                ordinal="0"></FieldDefinition>
                                    </FieldDefinitions>
                                </DataShape>
                                <Rows>
                                    <Row>
                                        <code><![CDATA[
// First try to see if the blob storage Thing exists.
if (Things[blobStorageThingName] != null) {
    logger.info("{} exists, no changes performed.", blobStorageThingName);
} else {
    var params = {
        name: blobStorageThingName,
        description: "Azure Blob Storage container Thing",
        thingTemplateName: "AzureBlobStorageTemplate"
    };

    Resources["EntityServices"].CreateThing(params);
    var blobStorageThing = Things[blobStorageThingName];
    blobStorageThing.EnableThing();

    var configTbl = blobStorageThing.GetConfigurationTable({tableName: "AzureBlob"});
    var row1 = configTbl.getRow(0);
    row1.accountName = accountName;
    row1.connectionString = Resources["EncryptionServices"].EncryptPropertyValue({data: connectionString});
    blobStorageThing.SetConfigurationTable({
        tableName: "AzureBlob",
        configurationTable: configTbl
    });
    blobStorageThing.RestartThing();
}
]]></code>
                                    </Row>
                                </Rows>
                            </ConfigurationTable>
                        </ConfigurationTables>
                    </ServiceImplementation>
                    <ServiceImplementation
                            description=""
                            handlerName="Script"
                            name="CreateIotHubThing">
                        <ConfigurationTables>
                            <ConfigurationTable
                                    description=""
                                    isMultiRow="false"
                                    name="Script"
                                    ordinal="0">
                                <DataShape>
                                    <FieldDefinitions>
                                        <FieldDefinition
                                                baseType="STRING"
                                                description="code"
                                                name="code"
                                                ordinal="0"></FieldDefinition>
                                    </FieldDefinitions>
                                </DataShape>
                                <Rows>
                                    <Row>
                                        <code><![CDATA[
// First try to see if the AzureIotHub Thing exists.
if (Things[iotHubThingName] != null) {
    logger.info("{} exists, no changes performed.", iotHubThingName);
} else {
    var params = {
        name: iotHubThingName,
        description: "AzureIot Thing",
        thingTemplateName: "AzureIotHubTemplate"
    };

    Resources["EntityServices"].CreateThing(params);
    var iotHubThing = Things[iotHubThingName];
    iotHubThing.EnableThing();

    var configTbl = iotHubThing.GetConfigurationTable({tableName: "AzureHub"});
    var row1 = configTbl.getRow(0);
    if (consumerGroup != null) {
      row1.consumerGroup = consumerGroup;
    }
    row1.consumerPolicyConnectionString = Resources["EncryptionServices"].EncryptPropertyValue({data: consumerPolicyConnectionString});
    row1.deviceExportBlobThing = iotBlobStorageThing;
    if (deviceExportContainerNamePrefix != null) {
        row1.deviceExportContainerNamePrefix = deviceExportContainerNamePrefix;
    }
    row1.eventHubEndpoint = Resources["EncryptionServices"].EncryptPropertyValue({data: eventHubEndpoint});
    row1.eventHubName = eventHubName;
    row1.eventProcessorHostBlobThing = iotBlobStorageThing;
    row1.fileRepositoryBlobThing = iotBlobStorageThing;
    row1.hubName = iotHubName;
    row1.registryPolicyConnectionString = Resources["EncryptionServices"].EncryptPropertyValue({data: registryPolicyConnectionString});

    iotHubThing.SetConfigurationTable({
        tableName: "AzureHub",
        configurationTable: configTbl
    });

    var opcConfigTbl = iotHubThing.GetConfigurationTable({tableName: "AzureOpcUa"});
    var opcRow = opcConfigTbl.getRow(0);

    opcRow.authManagementURL = authManagementURL;
    opcRow.baseURL = baseURL;
    opcRow.clientID = Resources["EncryptionServices"].EncryptPropertyValue({data: clientID});
    opcRow.clientSecret = Resources["EncryptionServices"].EncryptPropertyValue({data: clientSecret});
    opcRow.publisherPath = publisherPath;
    opcRow.registryPath = registryPath;
    opcRow.subscriptionID = Resources["EncryptionServices"].EncryptPropertyValue({data: subscriptionID});
    opcRow.tenantID = Resources["EncryptionServices"].EncryptPropertyValue({data: tenantID});
    opcRow.twinPath = twinPath;

    iotHubThing.SetConfigurationTable({
        tableName: "AzureOpcUa",
        configurationTable: opcConfigTbl
    });

    iotHubThing.RestartThing();
}
]]></code>
                                    </Row>
                                </Rows>
                            </ConfigurationTable>
                        </ConfigurationTables>
                    </ServiceImplementation>
                    <ServiceImplementation
                            description=""
                            handlerName="Script"
                            name="CreateAzureStorageContainerFileRepository">
                        <ConfigurationTables>
                            <ConfigurationTable
                                    description=""
                                    isMultiRow="false"
                                    name="Script"
                                    ordinal="0">
                                <DataShape>
                                    <FieldDefinitions>
                                        <FieldDefinition
                                                baseType="STRING"
                                                description="code"
                                                name="code"
                                                ordinal="0"></FieldDefinition>
                                    </FieldDefinitions>
                                </DataShape>
                                <Rows>
                                    <Row>
                                        <code><![CDATA[
// First try to see if the file repository Thing exists.  Create if not.
if (Things[fileRepositoryThingName] != null) {
    logger.info("{} exists, no changes performed.", fileRepositoryThingName);
} else {
    var params = {
        name: fileRepositoryThingName,
        description: "Azure FileRepository Thing",
        thingTemplateName: "AzureStorageContainerFileRepository"
    };

    Resources["EntityServices"].CreateThing(params);
    var fileRepositoryThing = Things[fileRepositoryThingName];
    fileRepositoryThing.EnableThing();

    var configTbl = fileRepositoryThing.GetConfigurationTable({tableName: "Settings"});
    var row1 = configTbl.getRow(0);
    row1.containerName = azureStorageContainerName;
    fileRepositoryThing.SetConfigurationTable({
        tableName: "Settings",
        configurationTable: configTbl
    });
    fileRepositoryThing.RestartThing();
}
]]></code>
                                    </Row>
                                </Rows>
                            </ConfigurationTable>
                        </ConfigurationTables>
                    </ServiceImplementation>
                </ServiceImplementations>
                <Subscriptions/>
            </ThingShape>
            <PropertyBindings/>
            <RemotePropertyBindings/>
            <RemoteServiceBindings/>
            <RemoteEventBindings/>
            <AlertConfigurations/>
            <ImplementedShapes/>
            <ThingProperties/>
            <ConfigurationChanges/>
        </Thing>
    </Things>
</Entities>
