<?xml version="1.0" encoding="UTF-8"?>
<Entities
 build="b8559"
 majorVersion="0"
 minorVersion="0"
 modelPersistenceProviderPackage="PostgresPersistenceProviderPackage"
 revision="0"
 schemaVersion="1100"
 universal="password">
    <DataShapes>
        <DataShape
         aspect.isEditableExtensionObject="false"
         aspect.isExtension="true"
         baseDataShape=""
         description="Data Shape containing properties for the IllustrationName and Type of a WorkDefinitionIllustration, and for the DocumentName and Type of a WorkDefinitionRelatedDocument. {PTC.Factory.Demo.WorkDefinitionAttachment}"
         documentationContent=""
         homeMashup=""
         lastModifiedDate="2020-02-17T13:07:04.568-05:00"
         name="PTC.Factory.Demo.WorkDefinitionAttachment"
         projectName="PTC.Factory.Demo.WorkDefinition.UIHelper"
         tags="PTC:factory-demo">
            <avatar></avatar>
            <DesignTimePermissions>
                <Create></Create>
                <Read></Read>
                <Update></Update>
                <Delete></Delete>
                <Metadata></Metadata>
            </DesignTimePermissions>
            <RunTimePermissions></RunTimePermissions>
            <VisibilityPermissions>
                <Visibility></Visibility>
            </VisibilityPermissions>
            <ConfigurationTableDefinitions></ConfigurationTableDefinitions>
            <ConfigurationTables></ConfigurationTables>
            <FieldDefinitions>
                <FieldDefinition
                 aspect.isPrimaryKey="false"
                 baseType="STRING"
                 description=""
                 name="Name"
                 ordinal="1"></FieldDefinition>
                <FieldDefinition
                 aspect.isPrimaryKey="false"
                 baseType="STRING"
                 description=""
                 name="Type"
                 ordinal="2"></FieldDefinition>
            </FieldDefinitions>
        </DataShape>
    </DataShapes>
</Entities>
