<?xml version="1.0" encoding="UTF-8"?>
<Entities
 build="b90"
 majorVersion="8"
 minorVersion="5"
 modelPersistenceProviderPackage="PostgresPersistenceProviderPackage"
 revision="2"
 schemaVersion="1052"
 universal="password">
    <DataShapes>
        <DataShape
         aspect.isEditableExtensionObject="false"
         aspect.isExtension="true"
         baseDataShape=""
         description="Data Shape containing the properties for displaying a job order. {PTC.Factory.Demo.JobOrderView}"
         documentationContent=""
         homeMashup=""
         lastModifiedDate="2019-12-18T17:09:25.962-05:00"
         name="PTC.Factory.Demo.JobOrderView"
         projectName="PTC.Factory.Demo.JobOrder.UIHelper"
         tags="PTC:factory-demo">
            <avatar></avatar>
            <DesignTimePermissions>
                <Create></Create>
                <Read></Read>
                <Update></Update>
                <Delete></Delete>
                <Metadata></Metadata>
            </DesignTimePermissions>
            <RunTimePermissions></RunTimePermissions>
            <VisibilityPermissions>
                <Visibility></Visibility>
            </VisibilityPermissions>
            <ConfigurationTableDefinitions></ConfigurationTableDefinitions>
            <ConfigurationTables></ConfigurationTables>
            <FieldDefinitions>
                <FieldDefinition
                 baseType="DATETIME"
                 description=""
                 name="ActualEndTime"
                 ordinal="7"></FieldDefinition>
                <FieldDefinition
                 baseType="DATETIME"
                 description=""
                 name="ActualStartTime"
                 ordinal="6"></FieldDefinition>
                <FieldDefinition
                 baseType="INTEGER"
                 description=""
                 name="Command"
                 ordinal="11"></FieldDefinition>
                <FieldDefinition
                 baseType="STRING"
                 description=""
                 name="CommandRule"
                 ordinal="13"></FieldDefinition>
                <FieldDefinition
                 baseType="STRING"
                 description=""
                 name="Description"
                 ordinal="4"></FieldDefinition>
                <FieldDefinition
                 baseType="INTEGER"
                 description=""
                 name="DispatchStatus"
                 ordinal="10"></FieldDefinition>
                <FieldDefinition
                 baseType="STRING"
                 description=""
                 name="HierarchyScope"
                 ordinal="9"></FieldDefinition>
                <FieldDefinition
                 baseType="STRING"
                 description=""
                 name="ID"
                 ordinal="2"></FieldDefinition>
                <FieldDefinition
                 aspect.isPrimaryKey="false"
                 baseType="STRING"
                 description=""
                 name="Item"
                 ordinal="18"></FieldDefinition>
                <FieldDefinition
                 aspect.isPrimaryKey="false"
                 baseType="LONG"
                 description=""
                 name="JobOrderMaterialRequirementUID"
                 ordinal="19"></FieldDefinition>
                <FieldDefinition
                 aspect.isPrimaryKey="false"
                 baseType="LONG"
                 description=""
                 name="MaterialDefinitionUID"
                 ordinal="21"></FieldDefinition>
                <FieldDefinition
                 baseType="DATETIME"
                 description=""
                 name="PlannedEndTime"
                 ordinal="14"></FieldDefinition>
                <FieldDefinition
                 baseType="DATETIME"
                 description=""
                 name="PlannedStartTime"
                 ordinal="12"></FieldDefinition>
                <FieldDefinition
                 baseType="STRING"
                 description=""
                 name="Priority"
                 ordinal="8"></FieldDefinition>
                <FieldDefinition
                 aspect.isPrimaryKey="false"
                 baseType="NUMBER"
                 description=""
                 name="Quantity"
                 ordinal="16"></FieldDefinition>
                <FieldDefinition
                 aspect.isPrimaryKey="false"
                 baseType="STRING"
                 description=""
                 name="QuantityUnitOfMeasure"
                 ordinal="17"></FieldDefinition>
                <FieldDefinition
                 aspect.isPrimaryKey="false"
                 baseType="LONG"
                 description=""
                 name="SiteUID"
                 ordinal="15"></FieldDefinition>
                <FieldDefinition
                 aspect.isPrimaryKey="true"
                 baseType="LONG"
                 description=""
                 name="UID"
                 ordinal="1"></FieldDefinition>
                <FieldDefinition
                 baseType="LONG"
                 description=""
                 name="WorkDefinitionUID"
                 ordinal="5"></FieldDefinition>
                <FieldDefinition
                 baseType="INTEGER"
                 description=""
                 name="WorkType"
                 ordinal="3"></FieldDefinition>
            </FieldDefinitions>
        </DataShape>
    </DataShapes>
</Entities>
