<?xml version="1.0" encoding="UTF-8"?>
<Entities
 build="b90"
 majorVersion="8"
 minorVersion="5"
 modelPersistenceProviderPackage="PostgresPersistenceProviderPackage"
 revision="2"
 schemaVersion="1052"
 universal="password">
    <DataShapes>
        <DataShape
         aspect.isExtension="true"
         baseDataShape=""
         description="Data Shape containing the properties to be displayed in a dropdown list. {PTC.Factory.Demo.DropdownListDataShape}"
         documentationContent=""
         homeMashup=""
         lastModifiedDate="2019-12-18T18:19:03.589-05:00"
         name="PTC.Factory.Demo.DropdownListDataShape"
         projectName="PTC.Factory.Demo.UIHelper"
         tags="PTC:factory-demo">
            <avatar></avatar>
            <DesignTimePermissions>
                <Create></Create>
                <Read></Read>
                <Update></Update>
                <Delete></Delete>
                <Metadata></Metadata>
            </DesignTimePermissions>
            <RunTimePermissions></RunTimePermissions>
            <VisibilityPermissions>
                <Visibility></Visibility>
            </VisibilityPermissions>
            <ConfigurationTableDefinitions></ConfigurationTableDefinitions>
            <ConfigurationTables></ConfigurationTables>
            <FieldDefinitions>
                <FieldDefinition
                 aspect.isPrimaryKey="false"
                 baseType="INTEGER"
                 description=""
                 name="InternalKey"
                 ordinal="1"></FieldDefinition>
                <FieldDefinition
                 aspect.isPrimaryKey="false"
                 baseType="STRING"
                 description=""
                 name="Label"
                 ordinal="2"></FieldDefinition>
            </FieldDefinitions>
        </DataShape>
    </DataShapes>
</Entities>
