<?xml version="1.0" encoding="UTF-8"?>
<Entities
 build="b1293"
 majorVersion="8"
 minorVersion="4"
 modelPersistenceProviderPackage="PostgresPersistenceProviderPackage"
 revision="0"
 schemaVersion="1040"
 universal="">
    <DataShapes>
        <DataShape
         aspect.isEditableExtensionObject="false"
         aspect.isExtension="true"
         baseDataShape=""
         description="This data shape has a field to indicate the execution status of a service."
         documentationContent=""
         homeMashup=""
         lastModifiedDate="2018-11-02T17:02:20.537-04:00"
         name="PTC.SCA.SCO.ExecutionStatus"
         projectName="PTC.SCA.SCO.UpgradeUtility"
         tags="PTC:sca-sco;PTC:DataShape;PTC:sca-sco-upgradeutility">
            <avatar></avatar>
            <DesignTimePermissions>
                <Create></Create>
                <Read></Read>
                <Update></Update>
                <Delete></Delete>
                <Metadata></Metadata>
            </DesignTimePermissions>
            <RunTimePermissions></RunTimePermissions>
            <VisibilityPermissions>
                <Visibility></Visibility>
            </VisibilityPermissions>
            <ConfigurationTableDefinitions></ConfigurationTableDefinitions>
            <ConfigurationTables></ConfigurationTables>
            <FieldDefinitions>
                <FieldDefinition
                 aspect.isPrimaryKey="false"
                 baseType="STRING"
                 description=""
                 name="ExecutionStatus"
                 ordinal="1"></FieldDefinition>
            </FieldDefinitions>
        </DataShape>
    </DataShapes>
</Entities>
