<?xml version="1.0" encoding="UTF-8"?>
<Entities
 build="b38"
 majorVersion="7"
 minorVersion="2"
 revision="0"
 schemaVersion="920">
    <DataShapes>
        <DataShape
         aspect.isEditableExtensionObject="false"
         baseDataShape=""
         description=""
         documentationContent="&lt;p&gt;&lt;br&gt;&lt;/p&gt;&#xA;"
         homeMashup=""
         lastModifiedDate="2018-03-21T17:54:44.318Z"
         name="PTC.SCA.SCO.AssetRemoting.FileTransferConditions"
         projectName="PTC.SCA.SCO.FileTransfer.Model"
         tags="PTC:sca-sco;PTC:DataShape;PTC:sca-sco-filetransfer-model">
            <avatar></avatar>
            <DesignTimePermissions>
                <Create></Create>
                <Read></Read>
                <Update></Update>
                <Delete></Delete>
                <Metadata></Metadata>
            </DesignTimePermissions>
            <RunTimePermissions></RunTimePermissions>
            <VisibilityPermissions>
                <Visibility></Visibility>
            </VisibilityPermissions>
            <ConfigurationTables></ConfigurationTables>
            <FieldDefinitions>
                <FieldDefinition
                 baseType="BOOLEAN"
                 description=""
                 name="ConnectedRemoteThing"
                 ordinal="3"></FieldDefinition>
                <FieldDefinition
                 baseType="STRING"
                 description=""
                 name="FileRepoPath"
                 ordinal="5"></FieldDefinition>
                <FieldDefinition
                 baseType="BOOLEAN"
                 description=""
                 name="FileRepoPathSelected"
                 ordinal="4"></FieldDefinition>
                <FieldDefinition
                 aspect.dataShape="EntityList"
                 baseType="INFOTABLE"
                 description=""
                 name="FileRepoFiles"
                 ordinal="7"></FieldDefinition>
                <FieldDefinition
                 baseType="BOOLEAN"
                 description=""
                 name="FileRepoFilesSelected"
                 ordinal="6"></FieldDefinition>
                <FieldDefinition
                 baseType="BOOLEAN"
                 description=""
                 name="ReadyToTransferFrom"
                 ordinal="13"></FieldDefinition>
                <FieldDefinition
                 baseType="BOOLEAN"
                 description=""
                 name="ReadyToTransferTo"
                 ordinal="14"></FieldDefinition>
                <FieldDefinition
                 aspect.defaultValue="PTC.SCA.SCO.AssetRemoting.FileTransfer.NA"
                 baseType="MASHUPNAME"
                 description=""
                 name="RemoteMashupToDisplay"
                 ordinal="14"></FieldDefinition>
                <FieldDefinition
                 baseType="STRING"
                 description=""
                 name="RemoteThingPath"
                 ordinal="9"></FieldDefinition>
                <FieldDefinition
                 baseType="BOOLEAN"
                 description=""
                 name="RemoteThingPathSelected"
                 ordinal="8"></FieldDefinition>
                <FieldDefinition
                 aspect.dataShape="EntityList"
                 baseType="INFOTABLE"
                 description=""
                 name="RemoteThingFiles"
                 ordinal="11"></FieldDefinition>
                <FieldDefinition
                 baseType="BOOLEAN"
                 description=""
                 name="RemoteThingFilesSelected"
                 ordinal="10"></FieldDefinition>
                <FieldDefinition
                 baseType="THINGNAME"
                 description=""
                 name="RemoteThingName"
                 ordinal="1"></FieldDefinition>
                <FieldDefinition
                 baseType="BOOLEAN"
                 description=""
                 name="ValidRemoteThing"
                 ordinal="2"></FieldDefinition>
            </FieldDefinitions>
        </DataShape>
    </DataShapes>
</Entities>
