<?xml version="1.0" encoding="UTF-8"?>
<Entities>
    <DataShapes>
        <DataShape
         aspect.isEditableExtensionObject="false"
         description="File information"
         documentationContent="&#xA;"
         homeMashup=""
         lastModifiedDate="2018-03-21T17:54:44.318Z"
         name="PTC.SCA.SCO.AssetRemoting.FriendlyFileSystemFile"
         projectName="PTC.SCA.SCO.FileTransfer.Model"
         tags="PTC:sca-sco;PTC:DataShape;PTC:sca-sco-filetransfer-model">
            <avatar></avatar>
            <DesignTimePermissions>
                <Create></Create>
                <Read></Read>
                <Update></Update>
                <Delete></Delete>
                <Metadata></Metadata>
            </DesignTimePermissions>
            <RunTimePermissions></RunTimePermissions>
            <VisibilityPermissions>
                <Visibility></Visibility>
            </VisibilityPermissions>
            <ConfigurationTables></ConfigurationTables>
            <FieldDefinitions>
                <FieldDefinition
                 aspect.isPrimaryKey="true"
                 baseType="STRING"
                 description="Full path"
                 name="path"
                 ordinal="0"></FieldDefinition>
                <FieldDefinition
                 baseType="NUMBER"
                 description="File size"
                 name="size"
                 ordinal="0"></FieldDefinition>
                <FieldDefinition
                 baseType="DATETIME"
                 description="Date last modified"
                 name="lastModifiedDate"
                 ordinal="0"></FieldDefinition>
                <FieldDefinition
                 aspect.isPrimaryKey="true"
                 baseType="STRING"
                 description="File name"
                 name="name"
                 ordinal="0"></FieldDefinition>
                <FieldDefinition
                 baseType="STRING"
                 description="File type"
                 name="fileType"
                 ordinal="0"></FieldDefinition>
                <FieldDefinition
                 baseType="STRING"
                 description="name without Timestamp"
                 name="friendlyName"
                 ordinal="6"></FieldDefinition>
            </FieldDefinitions>
        </DataShape>
    </DataShapes>
</Entities>
