<?xml version="1.0" encoding="UTF-8"?>
<Entities
 build="b52"
 majorVersion="8"
 minorVersion="1"
 revision="0"
 schemaVersion="1010">
    <Organizations>
        <Organization
         description="***DEPRECATED-K***. Should no longer be used and could be removed in a later release."
         documentationContent=""
         homeMashup=""
         lastModifiedDate="2017-11-02T19:40:19.440Z"
         loginButtonStyle=""
         loginPrompt=""
         loginResetPassword="false"
         loginStyle=""
         mobileMashup=""
         name="PTC.SCA.SCO.ProductRelationshipAdministrators"
         projectName="PTC.SCA.SCO.Common"
         resetMailContent="&lt;p&gt;[[PTC.SCA.SCO.resetemail.requestmade]]&lt;/p&gt;&lt;p&gt;[[PTC.SCA.SCO.resetemail.instructions]]&lt;/p&gt;&lt;p&gt;[[PTC.SCA.SCO.resetemail.helpneeded]]&lt;/p&gt;"
         resetMailServer=""
         resetMailSubject="[[PTC.SCA.SCO.resetemail.subject]]"
         tags="PTC:sca-sco-common;PTC:sca-common;">
            <avatar></avatar>
            <DesignTimePermissions>
                <Create></Create>
                <Read></Read>
                <Update></Update>
                <Delete></Delete>
                <Metadata></Metadata>
            </DesignTimePermissions>
            <RunTimePermissions></RunTimePermissions>
            <VisibilityPermissions>
                <Visibility></Visibility>
            </VisibilityPermissions>
            <ConfigurationTables></ConfigurationTables>
            <loginImage></loginImage>
            <Connections>
                <Connection
                 from=""
                 to="PTC.SCA.SCO.ProductRelationshipAdministrators"></Connection>
            </Connections>
            <OrganizationalUnits>
                <OrganizationalUnit
                 description=""
                 name="PTC.SCA.SCO.ProductRelationshipAdministrators">
                    <Members>
                        <Members>
                            <Member
                             name="PTC.SCA.SCO.ProductRelationshipAdministrators"
                             type="Group"></Member>
                        </Members>
                    </Members>
                </OrganizationalUnit>
            </OrganizationalUnits>
        </Organization>
    </Organizations>
</Entities>
