<?xml version="1.0" encoding="UTF-8"?>
<Entities>
    <ThingPackages>
        <ThingPackage
         className="com.ptc.sca.sco.common.ISA95.EquipmentThingTemplate"
         description=""
         name="EquipmentThingTemplatePackage"></ThingPackage>
        <ThingPackage
         className="com.ptc.sca.sco.common.ISA95.EnterpriseThingTemplate"
         description=""
         name="EnterpriseThingTemplatePackage"></ThingPackage>
        <ThingPackage
         className="com.ptc.sca.sco.common.ISA95.SiteThingTemplate"
         description=""
         name="SiteThingTemplatePackage"></ThingPackage>
        <ThingPackage
         className="com.ptc.sca.sco.common.ISA95.AreaThingTemplate"
         description=""
         name="AreaThingTemplatePackage"></ThingPackage>
        <ThingPackage
         className="com.ptc.sca.sco.common.ISA95.ProcessCellThingTemplate"
         description=""
         name="ProcessCellThingTemplatePackage"></ThingPackage>
        <ThingPackage
         className="com.ptc.sca.sco.common.ISA95.UnitThingTemplate"
         description=""
         name="UnitThingTemplatePackage"></ThingPackage>
        <ThingPackage
         className="com.ptc.sca.sco.common.ISA95.WorkCellThingTemplate"
         description=""
         name="WorkCellThingTemplatePackage"></ThingPackage>
        <ThingPackage
         className="com.ptc.sca.sco.common.ISA95.ProductionUnitThingTemplate"
         description=""
         name="ProductionUnitThingTemplatePackage"></ThingPackage>
        <ThingPackage
         className="com.ptc.sca.sco.common.ISA95.ProductionLineThingTemplate"
         description=""
         name="ProductionLineThingTemplatePackage"></ThingPackage>
        <ThingPackage
         className="com.ptc.sca.sco.common.ISA95.SiteThingTemplate"
         description=""
         name="SiteThingTemplatePackage"></ThingPackage>
        <ThingPackage
         className="com.ptc.sca.sco.common.ISA95.ControlModuleThingTemplate"
         description=""
         name="ControlModuleThingTemplatePackage"></ThingPackage>
        <ThingPackage
         className="com.ptc.sca.sco.common.ISA95.EquipmentModuleThingTemplate"
         description=""
         name="EquipmentModuleThingTemplatePackage"></ThingPackage>
        <ThingPackage
         className="com.ptc.sca.sco.common.ISA95.WorkUnitThingTemplate"
         description=""
         name="WorkUnitThingTemplatePackage"></ThingPackage>
        <ThingPackage
         className="com.ptc.sca.sco.common.ISA95.WorkCenterThingTemplate"
         description=""
         name="WorkCenterThingTemplatePackage"></ThingPackage>
        <ThingPackage
         className="com.ptc.sca.sco.common.ISA95.StoreageZoneThingTemplate"
         description=""
         name="StoreageZoneThingTemplatePackage"></ThingPackage>
        <ThingPackage
         className="com.ptc.sca.sco.common.ISA95.StoreageUnitThingTemplate"
         description=""
         name="StoreageUnitThingTemplatePackage"></ThingPackage>
        <ThingPackage
         className="com.ptc.sca.sco.common.ISA95.EquipmentInformationThingTemplate"
         description=""
         name="EquipmentInformationThingTemplatePackage"></ThingPackage>
        <ThingPackage
         className="com.ptc.sca.sco.common.ISA95.EquipmentClassThingTemplate"
         description=""
         name="EquipmentClassThingTemplatePackage"></ThingPackage>
        <ThingPackage
         className="com.ptc.sca.sco.common.ISA95.EquipmentCapabilityTestSpecificationThingTemplate"
         description=""
         name="EquipmentCapabilityTestSpecificationThingTemplatePackage"></ThingPackage>
        <ThingPackage
         className="com.ptc.sca.sco.common.ISA95.PhysicalAssetThingTemplate"
         description=""
         name="PhysicalAssetThingTemplatePackage"></ThingPackage>
        <ThingPackage
         className="com.ptc.sca.sco.common.ISA95.PhysicalAssetClassThingTemplate"
         description=""
         name="PhysicalAssetClassThingTemplatePackage"></ThingPackage>
        <ThingPackage
         className="com.ptc.sca.sco.common.ISA95.PhysicalAssetCapabilityTestSpecThingTemplate"
         description=""
         name="PhysicalAssetCapabilityTestSpecThingTemplatePackage"></ThingPackage>
        <ThingPackage
         className="com.ptc.sca.sco.common.ISA95.PhysicalAssetCapabilityTestResultThingTemplate"
         description=""
         name="PhysicalAssetClassThingTemplatePackage"></ThingPackage>
        <ThingPackage
         className="com.ptc.sca.sco.common.ISA95.EquipmentCapabilityTestResultThingTemplate"
         description=""
         name="PhysicalAssetCapabilityTestSpecThingTemplatePackage"></ThingPackage>
        <ThingPackage
         className="com.ptc.sca.sco.common.ISA95.PhysicalAssetCapabilityTestSpecificationThingTemplate"
         description=""
         name="PhysicalAssetCapabilityTestSpecificationThingTemplatePackage"></ThingPackage>
    </ThingPackages>
</Entities>
