<?xml version="1.0" encoding="UTF-8"?>
<Entities
 build="b13"
 majorVersion="7"
 minorVersion="2"
 modelPersistenceProviderPackage="NeoPersistenceProviderPackage"
 revision="5"
 schemaVersion="920">
    <Networks>
        <Network
         description="Enterprise network {EnterpriseNetwork}"
         documentationContent=""
         homeMashup=""
         lastModifiedDate="2016-12-14T23:22:13.976Z"
         name="EnterpriseNetwork"
         projectName="PTC.SCA.SCO.Common"
         tags="PTC:sca-sco-common;PTC:sca-common;PTC:Menu">
            <avatar></avatar>
            <DesignTimePermissions>
                <Create></Create>
                <Read></Read>
                <Update></Update>
                <Delete></Delete>
                <Metadata></Metadata>
            </DesignTimePermissions>
            <RunTimePermissions></RunTimePermissions>
            <VisibilityPermissions>
                <Visibility></Visibility>
            </VisibilityPermissions>
            <ConfigurationTables></ConfigurationTables>
            <Connections></Connections>
        </Network>
    </Networks>
</Entities>
