<?xml version="1.0" encoding="UTF-8"?>
<Entities
 build="b158"
 majorVersion="7"
 minorVersion="4"
 modelPersistenceProviderPackage="PostgresPersistenceProviderPackage"
 revision="4"
 schemaVersion="920">
    <Things>
        <!-- The resource provider name must use SCO instead of Mfg so the
             generated data shape will have a the name PTC.SCA.SCO.AssetDataShape -->
        <Thing
         aspect.isEditableExtensionObject="false"
         aspect.isExtension="true"
         description="Mfg AssetResourceProvider {PTC.SCA.SCO.AssetResourceProvider}"
         documentationContent=""
         effectiveThingPackage=""
         enabled="true"
         homeMashup=""
         identifier=""
         lastModifiedDate="2016-12-13T17:11:03.394-06:00"
         name="PTC.SCA.SCO.AssetResourceProvider"
         projectName="PTC.SCA.SCO.Asset.Manager"
         published="false"
         tags="PTC:sca-sco;PTC:Thing;PTC:sca-sco-asset-manager"
         thingTemplate="PTC.SCA.SCO.AssetResourceProviderTemplate"
         valueStream="">
            <avatar></avatar>
            <DesignTimePermissions>
                <Create></Create>
                <Read></Read>
                <Update></Update>
                <Delete></Delete>
                <Metadata></Metadata>
            </DesignTimePermissions>
            <RunTimePermissions>
                <Permissions
                 resourceName="*">
                    <PropertyRead>
                        <Principal
                         isPermitted="true"
                         name="Administrators"
                         type="Group"></Principal>
                        <Principal
                         isPermitted="true"
                         name="Controls Engineer"
                         type="Group"></Principal>
                        <Principal
                         isPermitted="true"
                         name="Maintenance Engineer"
                         type="Group"></Principal>
                        <Principal
                         isPermitted="true"
                         name="Maintenance Manager"
                         type="Group"></Principal>
                        <Principal
                         isPermitted="true"
                         name="Production Manager"
                         type="Group"></Principal>
                    </PropertyRead>
                    <PropertyWrite>
                        <Principal
                         isPermitted="true"
                         name="Administrators"
                         type="Group"></Principal>
                        <Principal
                         isPermitted="true"
                         name="Controls Engineer"
                         type="Group"></Principal>
                        <Principal
                         isPermitted="true"
                         name="Maintenance Engineer"
                         type="Group"></Principal>
                        <Principal
                         isPermitted="true"
                         name="Maintenance Manager"
                         type="Group"></Principal>
                        <Principal
                         isPermitted="true"
                         name="Production Manager"
                         type="Group"></Principal>
                    </PropertyWrite>
                    <ServiceInvoke>
                        <Principal
                         isPermitted="true"
                         name="Administrators"
                         type="Group"></Principal>
                        <Principal
                         isPermitted="true"
                         name="Controls Engineer"
                         type="Group"></Principal>
                        <Principal
                         isPermitted="true"
                         name="Maintenance Engineer"
                         type="Group"></Principal>
                        <Principal
                         isPermitted="true"
                         name="Maintenance Manager"
                         type="Group"></Principal>
                        <Principal
                         isPermitted="true"
                         name="Production Manager"
                         type="Group"></Principal>
                    </ServiceInvoke>
                    <EventInvoke>
                        <Principal
                         isPermitted="true"
                         name="Administrators"
                         type="Group"></Principal>
                        <Principal
                         isPermitted="true"
                         name="Controls Engineer"
                         type="Group"></Principal>
                        <Principal
                         isPermitted="true"
                         name="Maintenance Engineer"
                         type="Group"></Principal>
                        <Principal
                         isPermitted="true"
                         name="Maintenance Manager"
                         type="Group"></Principal>
                        <Principal
                         isPermitted="true"
                         name="Production Manager"
                         type="Group"></Principal>
                    </EventInvoke>
                    <EventSubscribe>
                        <Principal
                         isPermitted="true"
                         name="Administrators"
                         type="Group"></Principal>
                        <Principal
                         isPermitted="true"
                         name="Controls Engineer"
                         type="Group"></Principal>
                        <Principal
                         isPermitted="true"
                         name="Maintenance Engineer"
                         type="Group"></Principal>
                        <Principal
                         isPermitted="true"
                         name="Maintenance Manager"
                         type="Group"></Principal>
                        <Principal
                         isPermitted="true"
                         name="Production Manager"
                         type="Group"></Principal>
                    </EventSubscribe>
                </Permissions>
            </RunTimePermissions>
            <VisibilityPermissions>
                <Visibility>
                    <Principal
                     isPermitted="true"
                     name="PTC.Factory.MachineVisibility:ManageElements"
                     type="OrganizationalUnit"></Principal>
                    <Principal
                     isPermitted="true"
                     name="PTC.Factory.MachineVisibility:PlantStatus"
                     type="OrganizationalUnit"></Principal>
                </Visibility>
            </VisibilityPermissions>
            <ConfigurationTables>
                <ConfigurationTable
                 description="Resource Attribute Mapping Configuration"
                 isMultiRow="true"
                 name="Attribute Mapping Configuration"
                 ordinal="0">
                    <DataShape>
                        <FieldDefinitions>
                            <FieldDefinition
                             aspect.defaultValue="STRING"
                             baseType="BASETYPENAME"
                             description="The base type of the attribute (must be the same for normalized and original attributes)"
                             name="BaseType"
                             ordinal="3"></FieldDefinition>
                            <FieldDefinition
                             aspect.isPrimaryKey="true"
                             baseType="STRING"
                             description="The normalized attribute name of the resource"
                             name="Normalized"
                             ordinal="1"></FieldDefinition>
                            <FieldDefinition
                             baseType="STRING"
                             description="The original name of the attribute used in the business service for the resource"
                             name="Original"
                             ordinal="2"></FieldDefinition>
                        </FieldDefinitions>
                    </DataShape>
                    <Rows>
                        <Row>
                            <Normalized>
                            <![CDATA[
                            description
                            ]]>
                            </Normalized>
                            <BaseType>
                            <![CDATA[
                            STRING
                            ]]>
                            </BaseType>
                            <Original>
                            <![CDATA[
                            description
                            ]]>
                            </Original>
                        </Row>
                        <Row>
                            <Normalized>
                            <![CDATA[
                            displayName
                            ]]>
                            </Normalized>
                            <BaseType>
                            <![CDATA[
                            STRING
                            ]]>
                            </BaseType>
                            <Original>
                            <![CDATA[
                            displayName
                            ]]>
                            </Original>
                        </Row>
                        <Row>
                            <Normalized>
                            <![CDATA[
                            modelNumber
                            ]]>
                            </Normalized>
                            <BaseType>
                            <![CDATA[
                            STRING
                            ]]>
                            </BaseType>
                            <Original>
                            <![CDATA[
                            modelNumber
                            ]]>
                            </Original>
                        </Row>
                        <Row>
                            <Normalized>
                            <![CDATA[
                            serialNumber
                            ]]>
                            </Normalized>
                            <BaseType>
                            <![CDATA[
                            STRING
                            ]]>
                            </BaseType>
                            <Original>
                            <![CDATA[
                            serialNumber
                            ]]>
                            </Original>
                        </Row>
                        <Row>
                            <Normalized>
                            <![CDATA[
                            physicalLocation
                            ]]>
                            </Normalized>
                            <BaseType>
                            <![CDATA[
                            STRING
                            ]]>
                            </BaseType>
                            <Original>
                            <![CDATA[
                            physicalLocation
                            ]]>
                            </Original>
                        </Row>
                        <Row>
                            <Normalized>
                            <![CDATA[
                            assetImage
                            ]]>
                            </Normalized>
                            <BaseType>
                            <![CDATA[
                            IMAGE
                            ]]>
                            </BaseType>
                            <Original>
                            <![CDATA[
                            assetImage
                            ]]>
                            </Original>
                        </Row>
                        <Row>
                            <Normalized>
                            <![CDATA[
                            status
                            ]]>
                            </Normalized>
                            <BaseType>
                            <![CDATA[
                            INTEGER
                            ]]>
                            </BaseType>
                            <Original>
                            <![CDATA[
                            status
                            ]]>
                            </Original>
                        </Row>
                        <Row>
                            <Normalized>
                            <![CDATA[
                            actualStatusDisplayName
                            ]]>
                            </Normalized>
                            <BaseType>
                            <![CDATA[
                            STRING
                            ]]>
                            </BaseType>
                            <Original>
                            <![CDATA[
                            actualStatusDisplayName
                            ]]>
                            </Original>
                        </Row>
                        <Row>
                            <Normalized>
                            <![CDATA[
                            statusCriticality
                            ]]>
                            </Normalized>
                            <BaseType>
                            <![CDATA[
                            INTEGER
                            ]]>
                            </BaseType>
                            <Original>
                            <![CDATA[
                            statusCriticality
                            ]]>
                            </Original>
                        </Row>
                        <Row>
                            <Normalized>
                            <![CDATA[
                            statusTimestamp
                            ]]>
                            </Normalized>
                            <BaseType>
                            <![CDATA[
                            DATETIME
                            ]]>
                            </BaseType>
                            <Original>
                            <![CDATA[
                            statusTimestamp
                            ]]>
                            </Original>
                        </Row>
                        <Row>
                            <Normalized>
                            <![CDATA[
                            statusOrder
                            ]]>
                            </Normalized>
                            <BaseType>
                            <![CDATA[
                            STRING
                            ]]>
                            </BaseType>
                            <Original>
                            <![CDATA[
                            statusOrder
                            ]]>
                            </Original>
                        </Row>
                        <Row>
                            <Normalized>
                            <![CDATA[
                            anomalyStatus
                            ]]>
                            </Normalized>
                            <BaseType>
                            <![CDATA[
                            INTEGER
                            ]]>
                            </BaseType>
                            <Original>
                            <![CDATA[
                            anomalyStatus
                            ]]>
                            </Original>
                        </Row>
                        <Row>
                            <Normalized>
                            <![CDATA[
                            anomalyStatusTimestamp
                            ]]>
                            </Normalized>
                            <BaseType>
                            <![CDATA[
                            DATETIME
                            ]]>
                            </BaseType>
                            <Original>
                            <![CDATA[
                            anomalyStatusTimestamp
                            ]]>
                            </Original>
                        </Row>
                        <Row>
                            <Normalized>
                            <![CDATA[
                            anomalyFeedback
                            ]]>
                            </Normalized>
                            <BaseType>
                            <![CDATA[
                            INFOTABLE
                            ]]>
                            </BaseType>
                            <Original>
                            <![CDATA[
                            anomalyFeedback
                            ]]>
                            </Original>
                        </Row>
                        <Row>
                            <Normalized>
                            <![CDATA[
                            isCalibrationRequested
                            ]]>
                            </Normalized>
                            <BaseType>
                            <![CDATA[
                            BOOLEAN
                            ]]>
                            </BaseType>
                            <Original>
                            <![CDATA[
                            isCalibrationRequested
                            ]]>
                            </Original>
                        </Row>
                        <Row>
                            <Normalized>
                            <![CDATA[
                            anomalyAlertProperties
                            ]]>
                            </Normalized>
                            <BaseType>
                            <![CDATA[
                            INFOTABLE
                            ]]>
                            </BaseType>
                            <Original>
                            <![CDATA[
                            anomalyAlertProperties
                            ]]>
                            </Original>
                        </Row>
                        <Row>
                            <Normalized>
                            <![CDATA[
                            monitoredPropertyNames
                            ]]>
                            </Normalized>
                            <BaseType>
                            <![CDATA[
                            INFOTABLE
                            ]]>
                            </BaseType>
                            <Original>
                            <![CDATA[
                            monitoredPropertyNames
                            ]]>
                            </Original>
                        </Row>
                        <Row>
                            <Normalized>
                            <![CDATA[
                            UpdateTimestamp
                            ]]>
                            </Normalized>
                            <BaseType>
                            <![CDATA[
                            DATETIME
                            ]]>
                            </BaseType>
                            <Original>
                            <![CDATA[
                            UpdateTimestamp
                            ]]>
                            </Original>
                        </Row>
                        <Row>
                            <Normalized>
                            <![CDATA[
                            CreatedBy
                            ]]>
                            </Normalized>
                            <BaseType>
                            <![CDATA[
                            USERNAME
                            ]]>
                            </BaseType>
                            <Original>
                            <![CDATA[
                            CreatedBy
                            ]]>
                            </Original>
                        </Row>
                        <Row>
                            <Normalized>
                            <![CDATA[
                            UpdatedBy
                            ]]>
                            </Normalized>
                            <BaseType>
                            <![CDATA[
                            USERNAME
                            ]]>
                            </BaseType>
                            <Original>
                            <![CDATA[
                            UpdatedBy
                            ]]>
                            </Original>
                        </Row>
                        <Row>
                            <Normalized>
                            <![CDATA[
                            DetailsPageLink
                            ]]>
                            </Normalized>
                            <BaseType>
                            <![CDATA[
                            STRING
                            ]]>
                            </BaseType>
                            <Original>
                            <![CDATA[
                            DetailsPageLink
                            ]]>
                            </Original>
                        </Row>
                        <Row>
                            <Normalized>
                            <![CDATA[
                            relatedSite
                            ]]>
                            </Normalized>
                            <BaseType>
                            <![CDATA[
                            STRING
                            ]]>
                            </BaseType>
                            <Original>
                            <![CDATA[
                            relatedSite
                            ]]>
                            </Original>
                        </Row>
                        <Row>
                            <Normalized>
                            <![CDATA[
                            relatedLines
                            ]]>
                            </Normalized>
                            <BaseType>
                            <![CDATA[
                            STRING
                            ]]>
                            </BaseType>
                            <Original>
                            <![CDATA[
                            relatedLines
                            ]]>
                            </Original>
                        </Row>
                    </Rows>
                </ConfigurationTable>
                <ConfigurationTable
                 description="Resource Provider Configuration"
                 isMultiRow="false"
                 name="Resource Provider Configuration"
                 ordinal="0">
                    <DataShape>
                        <FieldDefinitions>
                            <FieldDefinition
                             baseType="THINGNAME"
                             description="The Thing name of the connector to a business service for the resource"
                             name="Connector"
                             ordinal="0"></FieldDefinition>
                            <FieldDefinition
                             baseType="MASHUPNAME"
                             description="The name of the mashup to create a new asset"
                             name="CreateMashup"
                             ordinal="0"></FieldDefinition>
                            <FieldDefinition
                             baseType="MASHUPNAME"
                             description="The name of the mashup to show the details of the resource"
                             name="DetailMashup"
                             ordinal="0"></FieldDefinition>
                        </FieldDefinitions>
                    </DataShape>
                    <Rows>
                        <Row>
                            <Connector></Connector>
                            <DetailMashup></DetailMashup>
                            <CreateMashup></CreateMashup>
                        </Row>
                    </Rows>
                </ConfigurationTable>
                <ConfigurationTable
                 description="Thing Resource Provider Configuration"
                 isMultiRow="false"
                 name="Thing Resource Provider Configuration"
                 ordinal="0">
                    <DataShape>
                        <FieldDefinitions>
                            <FieldDefinition
                             baseType="THINGTEMPLATENAME"
                             description="ThingTemplate used by this provider when creating new Things when the resource data does not specify the ThingTemplate to use"
                             name="DefaultResourceTemplate"
                             ordinal="0"></FieldDefinition>
                            <FieldDefinition
                             baseType="THINGSHAPENAME"
                             description="ThingShape that denotes Things to be treated as resources by this provider"
                             name="ResourceThingShape"
                             ordinal="0"></FieldDefinition>
                        </FieldDefinitions>
                    </DataShape>
                    <Rows>
                        <Row>
                            <ResourceThingShape>
                            <![CDATA[
                            PTC.Factory.PhysicalAssetThingShape
                            ]]>
                            </ResourceThingShape>
                            <!--<DefaultResourceTemplate><![CDATA[GenericThing]]></DefaultResourceTemplate>-->
                            <DefaultResourceTemplate>
                            <![CDATA[
                            PTC.ISA95.PhysicalAssetThingTemplate
                            ]]>
                            </DefaultResourceTemplate>
                        </Row>
                    </Rows>
                </ConfigurationTable>
            </ConfigurationTables>
            <ThingShape>
                <PropertyDefinitions></PropertyDefinitions>
                <ServiceDefinitions></ServiceDefinitions>
                <EventDefinitions></EventDefinitions>
                <ServiceMappings></ServiceMappings>
                <ServiceImplementations></ServiceImplementations>
                <Subscriptions></Subscriptions>
            </ThingShape>
            <PropertyBindings></PropertyBindings>
            <RemotePropertyBindings></RemotePropertyBindings>
            <RemoteServiceBindings></RemoteServiceBindings>
            <RemoteEventBindings></RemoteEventBindings>
            <AlertConfigurations></AlertConfigurations>
            <ImplementedShapes></ImplementedShapes>
            <ThingProperties>
                <ProviderIcon>
                <![CDATA[
                PTC.SCA.SCO.TWXCustomerProviderIcon
                ]]>
                </ProviderIcon>
            </ThingProperties>
        </Thing>
    </Things>
</Entities>
