<?xml version="1.0" encoding="UTF-8"?>
<Entities
 build="b52"
 majorVersion="8"
 minorVersion="1"
 modelPersistenceProviderPackage="PostgresPersistenceProviderPackage"
 revision="0"
 schemaVersion="1010">
    <Things>
        <Thing
         aspect.isEditableExtensionObject="true"
         aspect.isExtension="true"
         description="Feature controller providing common services across  Asset Detail feature. {PTC.SCA.SCO.AssetMonitor.AssetDetail.AssetDetailServiceController}"
         documentationContent=""
         effectiveThingPackage="PTC.SCA.SCO.AssetMonitor.AssetDetail.AssetDetailControllerPackage"
         enabled="true"
         homeMashup=""
         identifier=""
         lastModifiedDate="2017-10-23T18:29:47.941-04:00"
         name="PTC.SCA.SCO.AssetMonitor.AssetDetail.AssetDetailServiceController"
         projectName="PTC.SCA.SCO.AssetDetail.Manager"
         published="false"
         tags="PTC:sca-sco;PTC:Thing;PTC:sca-sco-assetdetail-manager"
         thingTemplate="PTC.SCA.SCO.AssetMonitor.AssetDetail.AssetDetailServiceControllerTemplate"
         valueStream="">
            <avatar></avatar>
            <DesignTimePermissions>
                <Create></Create>
                <Read></Read>
                <Update></Update>
                <Delete></Delete>
                <Metadata></Metadata>
            </DesignTimePermissions>
            <RunTimePermissions></RunTimePermissions>
            <VisibilityPermissions></VisibilityPermissions>
            <ConfigurationTables></ConfigurationTables>
            <ThingShape>
                <PropertyDefinitions></PropertyDefinitions>
                <ServiceDefinitions></ServiceDefinitions>
                <EventDefinitions></EventDefinitions>
                <ServiceMappings></ServiceMappings>
                <ServiceImplementations></ServiceImplementations>
                <Subscriptions></Subscriptions>
            </ThingShape>
            <PropertyBindings></PropertyBindings>
            <RemotePropertyBindings></RemotePropertyBindings>
            <RemoteServiceBindings></RemoteServiceBindings>
            <RemoteEventBindings></RemoteEventBindings>
            <AlertConfigurations></AlertConfigurations>
            <ImplementedShapes></ImplementedShapes>
            <ThingProperties></ThingProperties>
        </Thing>
    </Things>
</Entities>
