<?xml version="1.0" encoding="UTF-8"?>
<Entities
 build="b9137"
 majorVersion="0"
 minorVersion="0"
 modelPersistenceProviderPackage="PostgresPersistenceProviderPackage"
 revision="0"
 schemaVersion="1100"
 universal="password">
    <Things>
        <Thing
         aspect.isEditableExtensionObject="false"
         aspect.isExtension="true"
         description="Provides post-upgrade services for each upgrade path. Before executing a service, view the service description for any warnings."
         documentationContent=""
         effectiveThingPackage="ConfiguredThing"
         enabled="true"
         homeMashup=""
         identifier=""
         inheritedValueStream=""
         lastModifiedDate="2020-04-23T13:58:17.122-04:00"
         name="PTC.SCA.SCO.MigrationUtility"
         projectName="PTC.SCA.SCO.Common"
         published="false"
         tags="PTC:sca-sco;PTC:Thing;PTC:sca-sco-common"
         thingTemplate="GenericThing"
         valueStream="">
            <avatar></avatar>
            <DesignTimePermissions>
                <Create></Create>
                <Read></Read>
                <Update></Update>
                <Delete></Delete>
                <Metadata></Metadata>
            </DesignTimePermissions>
            <RunTimePermissions></RunTimePermissions>
            <VisibilityPermissions>
                <Visibility></Visibility>
            </VisibilityPermissions>
            <ConfigurationTableDefinitions></ConfigurationTableDefinitions>
            <ConfigurationTables></ConfigurationTables>
            <ThingShape>
                <PropertyDefinitions>
                    <PropertyDefinition
                     aspect.dataChangeType="VALUE"
                     baseType="DATETIME"
                     category=""
                     description=""
                     isLocalOnly="false"
                     name="lastExecutionTime_PostUpgradeUtil8_3_XX_To_8_5_XX"
                     ordinal="3"></PropertyDefinition>
                </PropertyDefinitions>
                <ServiceDefinitions>
                    <ServiceDefinition
                     aspect.isAsync="false"
                     category=""
                     description="Used internally by other services, not intended for standalone use. Migrates the locally bound KEPServerEX properties on the specified equipment Thing to remotely bound properties."
                     isAllowOverride="false"
                     isLocalOnly="false"
                     isOpen="false"
                     isPrivate="false"
                     name="MigrateEquipmentLocalKepServerBindingsToRemoteBindings">
                        <ResultType
                         baseType="NOTHING"
                         description=""
                         name="result"
                         ordinal="0"></ResultType>
                        <ParameterDefinitions>
                            <FieldDefinition
                             aspect.isRequired="true"
                             aspect.thingShape="PTC.SCA.SCO.MonitoredPropertiesThingShape"
                             baseType="THINGNAME"
                             description="Equipment Thing name"
                             name="equipmentName"
                             ordinal="1"></FieldDefinition>
                            <FieldDefinition
                             aspect.thingShape="IndustrialThingShape"
                             baseType="THINGNAME"
                             description="Thing name for a KEPServerEX connection. If specified, replaces the KEPServerEX Thing that was used for the locally bound properties"
                             name="overrideKepServerThingName"
                             ordinal="2"></FieldDefinition>
                        </ParameterDefinitions>
                    </ServiceDefinition>
                    <ServiceDefinition
                     aspect.isAsync="false"
                     category=""
                     description="Migrates the locally bound KEPServerEX properties for all equipment of the specified equipment types to remotely bound properties."
                     isAllowOverride="false"
                     isLocalOnly="false"
                     isOpen="false"
                     isPrivate="false"
                     name="MigrateLocalKepServerBindingsToRemoteBindings">
                        <ResultType
                         baseType="NOTHING"
                         description=""
                         name="result"
                         ordinal="0"></ResultType>
                        <ParameterDefinitions>
                            <FieldDefinition
                             aspect.dataShape="PTC.SCA.SCO.EquipmentKepServerBindingMigrationDataShape"
                             aspect.isRequired="true"
                             baseType="INFOTABLE"
                             description="Infotable listing equipment types. For each equipment type, optionally specify a KEPServerEX Thing name to replace the KEPServerEX Thing that was used for the locally bound properties"
                             name="equipmentType"
                             ordinal="1"></FieldDefinition>
                        </ParameterDefinitions>
                    </ServiceDefinition>
                    <ServiceDefinition
                     aspect.isAsync="false"
                     category=""
                     description="Runs all post-upgrade steps required to migrate data and entities from 8.3 to 8.5. WARNING: This service re-initializes the TagsToExport configuration table on PTC.Factory.Administration.ImportExportUtils. Any custom tags you have added to the table will be lost when the service is run."
                     isAllowOverride="false"
                     isLocalOnly="false"
                     isOpen="false"
                     isPrivate="false"
                     name="PostUpgradeUtil8_3_XX_To_8_5_XX">
                        <ResultType
                         aspect.dataShape="PTC.SCA.SCO.ExecutionStatus"
                         baseType="INFOTABLE"
                         description=""
                         name="result"
                         ordinal="0"></ResultType>
                        <ParameterDefinitions></ParameterDefinitions>
                    </ServiceDefinition>
                </ServiceDefinitions>
                <EventDefinitions></EventDefinitions>
                <ServiceMappings></ServiceMappings>
                <ServiceImplementations>
                    <ServiceImplementation
                     description=""
                     handlerName="Script"
                     name="MigrateEquipmentLocalKepServerBindingsToRemoteBindings">
                        <ConfigurationTables>
                            <ConfigurationTable
                             dataShapeName=""
                             description=""
                             isMultiRow="false"
                             name="Script"
                             ordinal="0">
                                <DataShape>
                                    <FieldDefinitions>
                                        <FieldDefinition
                                         baseType="STRING"
                                         description="code"
                                         name="code"
                                         ordinal="0"></FieldDefinition>
                                    </FieldDefinitions>
                                </DataShape>
                                <Rows>
                                    <Row>
                                        <code>
                                        <![CDATA[
                                        var equipment = Things[equipmentName];
                                        var manageResourceUtils = Things["PTC.SCA.SCO.ManageResourceUtils"];
                                        var kepserverBoundProps = getKEPServerBoundProperties(equipment);
                                        var length = kepserverBoundProps.rows.length;
                                        var pathTags = {};
                                        
                                        if (length == 0) {
                                            logger.warn(equipmentName + ' has no local-local KEPServerEX bound properties to migrate');
                                        } else {
                                            kepServerThingName = validateAndGetKepServerThingName(overrideKepServerThingName, kepserverBoundProps);
                                            if (kepServerThingName) {
                                                equipment.IndustrialThing = Things[kepServerThingName].IndustrialThing;
                                                
                                                var kepServerGW = Things[equipment.IndustrialThing];
                                                migrateProperties(kepServerGW, kepserverBoundProps);
                                            }
                                        }
                                        
                                        function validateAndGetKepServerThingName(kepServerThingName, kepserverBoundProps) {
                                            if (!kepServerThingName) {
                                                if (allPropertiesHaveSameKepServer(kepserverBoundProps)) {
                                                    kepServerThingName = kepserverBoundProps.rows[0].boundThingName;
                                                } else {
                                                    logger.error(equipmentName + ' has properties that are locally bound to multiple KEPServerEX servers.');
                                                    return undefined;
                                                }
                                            }
                                            
                                            return kepServerThingName;
                                        }
                                        
                                        function migrateProperties(kepServerGW, kepserverBoundProps) {
                                            var length = kepserverBoundProps.rows.length;
                                            for (var x = 0; x < length; x++) {
                                                var row = kepserverBoundProps.rows[x];
                                                var propertyName = row.name;
                                                var prop = equipment.GetLocalPropertyBinding({propertyName: row.name});
                                                var kepServer = Things[row.boundThingName];
                                                try {
                                                    var remoteProp = kepServer.GetRemotePropertyBinding({propertyName: prop.sourceName});
                                                    var tagAddress = remoteProp.aspects.tagAddress;
                                                    
                                                    if (!checkTag(kepServerGW, tagAddress)) {
                                                        logger.warn('Tag address ' + tagAddress + ' cannot be found on the industrial gateway ' + kepServerGW.name);
                                                    }
                                        
                                                    equipment.RemoveLocalPropertyBinding({propertyName: propertyName});
                                                    
                                                    var remoteBindingParam = createRemoteBindingParam(propertyName, remoteProp);
                                                    equipment.SetRemotePropertyBinding(remoteBindingParam);
                                        
                                                    safelyRemoveServerProperty(kepServer, prop.sourceName);
                                                } catch(err) {
                                                    logger.error('Error in creating remote property ' + equipmentName + '.' + propertyName + ': ' + err);
                                                }
                                            }    
                                        }
                                        
                                        function safelyRemoveServerProperty(kepServer, propertyName) {
                                            var safeToRemove = !hasIncomingLocalBindings(kepServer, propertyName) && !hasAlertDefinitions(kepServer, propertyName);
                                        
                                            if (safeToRemove) {
                                                kepServer.RemovePropertyDefinition({name: propertyName});
                                            } else {
                                                logger.warn('Remote property ' + propertyName + ' in ' + kepServer.name + ' was not removed as it is still used (e.g. by an equipment, an alert or a trend)');
                                            }
                                        }
                                        
                                        function hasIncomingLocalBindings(kepServer, propertyName) {
                                            var localBindings = kepServer.GetIncomingLocalPropertyBinding({propertyName: propertyName});
                                            return localBindings.rows.length > 0;
                                        }
                                        
                                        function hasAlertDefinitions(kepServer, property) {
                                            var alertDefinitions = kepServer.GetAlertDefinitions({property: property});
                                            return alertDefinitions.rows.length > 0;
                                        }
                                        
                                        function checkTag(kepServerGW, tagName) {
                                            var path = getTagPath(tagName);
                                            var tags = pathTags[path];
                                            
                                            if (!tags) {
                                                tags = getGWTags(kepServerGW, path);
                                                pathTags[path] = tags;
                                            }
                                            
                                            return tags.indexOf(tagName) > -1;
                                        }
                                        
                                        function getGWTags(kepServerGW, path) {
                                            var tags = [];
                                            
                                            try {
                                                var items = kepServerGW.BrowseItems({
                                                    path: path /* STRING */
                                                });
                                                var length = items.rows.length;
                                                for (var x = 0; x < length; x++) {
                                                    var row = items.rows[x];
                                                    tags.push(row.Source);
                                                }        
                                            } catch(err) {
                                                logger.error('Cannot connect to industrial gateway ' + kepServerGW.name);
                                            }
                                            
                                            return tags;
                                        }
                                        
                                        function getTagPath(tagName) {
                                            var index = tagName.lastIndexOf('.');
                                            var path = tagName.substring(0, index);    
                                            
                                            return path;
                                        }
                                        
                                        function allPropertiesHaveSameKepServer(kepserverBoundProps) {
                                            var length = kepserverBoundProps.rows.length;    
                                            if (length > 1) {
                                                var serverName = kepserverBoundProps.rows[0].boundThingName;        
                                                for (var x = 1; x < length; x++) {
                                                    if (kepserverBoundProps.rows[x].boundThingName !== serverName) {
                                                        return false;
                                                    }
                                                }
                                            }
                                                
                                            return true;
                                        }                                       
                                        
                                        function getKEPServerBoundProperties(equipment) {
                                            var query = {
                                                    filters: {
                                                        type: "AND", filters: [
                                                             {fieldName: "bound", type: "EQ", value: true}, 
                                                             {fieldName: "connectionType", type: "EQ", value: "KEPServerEX"}
                                                         ]
                                                    }
                                                };
                                                
                                            return equipment.GetAdditionalProperties({
                                                query: query
                                            });
                                        }
                                        
                                        function createRemoteBindingParam(propertyName, remoteProp) {
                                            var param = {
                                                propertyName: propertyName /* STRING */,
                                                aspects: remoteProp.aspects /* JSON */,
                                                pushThreshold: 0.0 /* NUMBER */,
                                                timeout: 0 /* INTEGER */,
                                                pushType: "VALUE" /* STRING */,
                                                foldType: "NONE" /* STRING */
                                            };
                                            
                                            return param;
                                        }
                                        ]]>
                                        </code>
                                    </Row>
                                </Rows>
                            </ConfigurationTable>
                        </ConfigurationTables>
                    </ServiceImplementation>
                    <ServiceImplementation
                     description=""
                     handlerName="Script"
                     name="MigrateLocalKepServerBindingsToRemoteBindings">
                        <ConfigurationTables>
                            <ConfigurationTable
                             dataShapeName=""
                             description=""
                             isMultiRow="false"
                             name="Script"
                             ordinal="0">
                                <DataShape>
                                    <FieldDefinitions>
                                        <FieldDefinition
                                         baseType="STRING"
                                         description="code"
                                         name="code"
                                         ordinal="0"></FieldDefinition>
                                    </FieldDefinitions>
                                </DataShape>
                                <Rows>
                                    <Row>
                                        <code>
                                        <![CDATA[
                                        var tableLength = equipmentType.rows.length;
                                        for (var x=0; x < tableLength; x++) {
                                            var row = equipmentType.rows[x];
                                            
                                            migratePropertiesForEquipment(row.equipmentType, row.overrideKepServerThingName);
                                        }
                                        
                                        function migratePropertiesForEquipment(type, overrideKepServerThingName) {
                                            var equipmentList = getEquipmentForType(type);
                                            var length = equipmentList.rows.length;
                                        
                                            for (var x = 0; x < length; x++) {
                                                var row = equipmentList.rows[x];
                                                
                                                if (validateEquipment(row.name)) {
                                                    migrateKepServerBindings(row.name, overrideKepServerThingName);
                                                }
                                            }    
                                        }
                                        
                                        function validateEquipment(name) {
                                            var equipment = Things[name];
                                            if (!isRemoteThing(equipment)) {
                                                logger.warn(name + ' does not implement one of the following Thing Templates, either directly or by inheritance: ' +
                                                            'RemoteThing, RemoteThingWithFileTransfer, RemoteThingWithTunnels, or RemoteThingWithTunnelsAndFileTransfer.');
                                                return false;
                                            }
                                            
                                            if (!isIndustrialThing(equipment)) {
                                                logger.warn(name + ' does not implement IndustrialThingShape.');
                                                return false;
                                            }
                                        
                                            return true;
                                        }
                                        
                                        function migrateKepServerBindings(equipmentName, overrideKepServerThingName) {
                                            try {
                                                logger.info('Migrating local-local KEPServerEX bound properties to remote bound properties for equipment ' + equipmentName);
                                                me.MigrateEquipmentLocalKepServerBindingsToRemoteBindings({
                                                    equipmentName: equipmentName /* THINGNAME */,
                                                    overrideKepServerThingName: overrideKepServerThingName /* THINGNAME */
                                                });
                                                logger.info('Finished migrating local-local KEPServerEX bound properties to remote bound properties for equipment ' + equipmentName);
                                            } catch(err) {
                                                logger.error('Failed to migrate local-local KEPServerEX bound properties to remote bound properties for equipment ' + equipmentName + ': ' + err);
                                            }
                                        }
                                        
                                        function isIndustrialThing(equipment) {
                                            return equipment.ImplementsShape({
                                        		thingShapeName: "IndustrialThingShape"
                                        	});
                                        }
                                        
                                        function isRemoteThing(equipment) {
                                            var remoteTemplates = ['RemoteThing', 'RemoteThingWithFileTransfer', 
                                                 'RemoteThingWithTunnels', 'RemoteThingWithTunnelsAndFileTransfer'];
                                            
                                            for (var x = 0; x < remoteTemplates.length; x++) {
                                                var derivedFromTemplate = equipment.IsDerivedFromTemplate({
                                        			thingTemplateName: remoteTemplates[x] /* THINGTEMPLATENAME */
                                        		});
                                                
                                                if (derivedFromTemplate) {
                                                    return true;
                                                }
                                            }
                                            
                                            return false;
                                        }
                                        
                                        function getEquipmentForType(type) {
                                            // result: INFOTABLE dataShape: "PTC.SCA.SCO.EquipmentTypeSettingsDataShape"
                                            var setting = Things["PTC.Factory.LaunchPointConfigurationThing"].GetEquipmentTypeSettingRowByType({
                                                equipmentType: type /* STRING */
                                            });
                                        
                                            var template = setting.ThingTemplate;
                                            var basicPropertyNames = getProperyNamesInfoTable(['name']);
                                            var propertyNames = getProperyNamesInfoTable([]);
                                            var query = {
                                                filters: {
                                                    fieldName: "thingTemplate", type: "EQ", value: template
                                                }
                                            };
                                        
                                            // result: INFOTABLE dataShape: "RootEntityList"
                                            var equipmentList = ThingTemplates[template].QueryImplementingThingsWithNamedData({
                                                maxItems: 9007199254740991 /* NUMBER */,
                                                basicPropertyNames: basicPropertyNames /* INFOTABLE */,
                                                propertyNames: propertyNames /* INFOTABLE */,
                                                query: query
                                            });
                                        
                                            return equipmentList;
                                        }
                                        
                                        function getProperyNamesInfoTable(names) {
                                            var infoTable = Resources["InfoTableFunctions"].CreateInfoTableFromDataShape({infoTableName: "InfoTable", dataShapeName: "EntityList"});
                                        
                                            for (var i = 0; i < names.length; i++) {
                                                infoTable.AddRow({"name": names[i]});
                                            }
                                        
                                            return infoTable;
                                        }
                                        ]]>
                                        </code>
                                    </Row>
                                </Rows>
                            </ConfigurationTable>
                        </ConfigurationTables>
                    </ServiceImplementation>
                    <ServiceImplementation
                     description=""
                     handlerName="Script"
                     name="PostUpgradeUtil8_3_XX_To_8_5_XX">
                        <ConfigurationTables>
                            <ConfigurationTable
                             dataShapeName=""
                             description=""
                             isMultiRow="false"
                             name="Script"
                             ordinal="0">
                                <DataShape>
                                    <FieldDefinitions>
                                        <FieldDefinition
                                         baseType="STRING"
                                         description="code"
                                         name="code"
                                         ordinal="0"></FieldDefinition>
                                    </FieldDefinitions>
                                </DataShape>
                                <Rows>
                                    <Row>
                                        <code>
                                        <![CDATA[
                                        //Runs all post-upgrade steps required to migrate data and entities from 8.3.0 to 8.4.0.
                                        //WARNING: This service re-initializes the TagsToExport configuration table on PTC.Factory.Administration.ImportExportUtils.
                                        //Any custom tags you have added to the table will be lost when the service is run.
                                        
                                        //Services or Steps which are supposed to be executed post upgrade.
                                        //This Utility returns an infotable indicating the status of service execution.
                                        
                                        function executePostUpgradeStep(entityName, serviceName){
                                        try{
                                            logger.info("Executing post upgrade step/service named" + serviceName +"under entity" + entityName);
                                            Things[entityName][serviceName] ();
                                            logger.info("Succesfully executed  step/service named" + serviceName +"under entity" + entityName);
                                        }catch(err){
                                            var newEntry = new Object();
                                            newEntry.ExecutionStatus = "Service execution failure: " + serviceName + " on " + entityName + ". Resolve the issue and re-run the service. See the script log for more information."; // STRING
                                            result.AddRow(newEntry);
                                            logger.error("Error in execution " + entityName + ": " +  serviceName + "Resolve the issue and re-execute this service." + err);
                                        }
                                        }
                                        var params = {
                                        infoTableName : "InfoTable",
                                        dataShapeName : "PTC.SCA.SCO.ExecutionStatus"
                                        };
                                        // CreateInfoTableFromDataShape(infoTableName:STRING("InfoTable"), dataShapeName:STRING):INFOTABLE(DemoCommentDataShape)
                                        var result = Resources["InfoTableFunctions"].CreateInfoTableFromDataShape(params);
                                        
                                        // 1. Reset the TagsToExport configuration table in the PTC.Factory.Administration.ImportExportUtils thing
                                        executePostUpgradeStep("PTC.Factory.Administration.ImportExportUtils", "ResetTagList");
                                        
                                        // 2. Upgrade the Status Expressions of Assets/Lines
                                        executePostUpgradeStep("PTC.SCA.SCO.AppHome.ApplicationInitialization", "UpgradeStatusExpressions");
                                        
                                        // 3. Upgrade Assets for Remote Access Capability
                                        executePostUpgradeStep("PTC.SCA.SCO.AppHome.ApplicationInitialization", "SetupRemoteAccessProviderName");
                                        
                                        // Add the services here, which are supposed to be executed post upgrade.
                                        
                                        if(result.getRowCount()  < 1){
                                            var newEntry= new Object();
                                            newEntry.ExecutionStatus = "Post-upgrade steps successfully completed. See the script logs for more information.";
                                            result.AddRow(newEntry);
                                        }
                                        
                                        // Last execution timestamp for this utility
                                        var dateValue = new Date();
                                        me.lastExecutionTime_PostUpgradeUtil8_3_XX_To_8_5_XX= dateValue;
                                        ]]>
                                        </code>
                                    </Row>
                                </Rows>
                            </ConfigurationTable>
                        </ConfigurationTables>
                    </ServiceImplementation>
                </ServiceImplementations>
                <Subscriptions></Subscriptions>
            </ThingShape>
            <PropertyBindings></PropertyBindings>
            <RemotePropertyBindings></RemotePropertyBindings>
            <RemoteServiceBindings></RemoteServiceBindings>
            <RemoteEventBindings></RemoteEventBindings>
            <AlertConfigurations>
                <AlertDefinitions
                 name="lastExecutionTime_PostUpgradeUtil8_3_XX_To_8_5_XX"></AlertDefinitions>
            </AlertConfigurations>
            <ImplementedShapes></ImplementedShapes>
            <ThingProperties></ThingProperties>
        </Thing>
    </Things>
</Entities>
