<?xml version="1.0" encoding="UTF-8"?>
<Entities
 build="b66"
 majorVersion="7"
 minorVersion="2"
 modelPersistenceProviderPackage="NeoPersistenceProviderPackage"
 revision="2"
 schemaVersion="920">
    <StyleDefinitions>
        <StyleDefinition
         description="Acknowledge alert status {PTC.Factory.AlertStatus_Ack}"
         documentationContent=""
         homeMashup=""
         lastModifiedDate="2016-10-13T14:50:16.637Z"
         name="PTC.Factory.AlertStatus_Ack"
         projectName="PTC.SCA.SCO.Alert Monitor"
         tags="PTC:sca-sco-alertmonitor;PTC:sca-common;PTC:StyleDefinition">
            <avatar></avatar>
            <DesignTimePermissions>
                <Create></Create>
                <Read></Read>
                <Update></Update>
                <Delete></Delete>
                <Metadata></Metadata>
            </DesignTimePermissions>
            <RunTimePermissions></RunTimePermissions>
            <VisibilityPermissions>
                <Visibility>
                    <Principal
                     isPermitted="true"
                     name="PTC.Factory.MachineVisibility:AlertsManager"
                     type="OrganizationalUnit"></Principal>
                </Visibility>
            </VisibilityPermissions>
            <ConfigurationTables></ConfigurationTables>
            <content>
            <![CDATA[
            {"image":"PTC.Factory.AlertStatus_Green","backgroundColor":"","textSize":"normal","lineStyle":"solid","displayString":"","fontEmphasisUnderline":false,"fontEmphasisItalic":false,"lineThickness":1,"foregroundColor":"","lineColor":"","fontEmphasisBold":false,"secondaryBackgroundColor":""}
            ]]>
            </content>
        </StyleDefinition>
    </StyleDefinitions>
</Entities>
