<?xml version="1.0" encoding="UTF-8"?>
<Entities
 build="b46"
 majorVersion="7"
 minorVersion="2"
 modelPersistenceProviderPackage="H2PersistenceProviderPackage"
 revision="4"
 schemaVersion="920">
    <StyleDefinitions>
        <StyleDefinition
         description="Hover close button {PTC.Factory.Alert.CloseButtonHoverStyle}"
         documentationContent=""
         homeMashup=""
         lastModifiedDate="2016-10-24T14:15:57.334-04:00"
         name="PTC.Factory.Alert.CloseButtonHoverStyle"
         projectName="PTC.SCA.SCO.Alert Monitor"
         tags="PTC:sca-sco-alertmonitor;PTC:sca-common;PTC:StyleDefinition">
            <avatar></avatar>
            <DesignTimePermissions>
                <Create></Create>
                <Read></Read>
                <Update></Update>
                <Delete></Delete>
                <Metadata></Metadata>
            </DesignTimePermissions>
            <RunTimePermissions></RunTimePermissions>
            <VisibilityPermissions>
                <Visibility></Visibility>
            </VisibilityPermissions>
            <ConfigurationTables></ConfigurationTables>
            <content>
            <![CDATA[
            {"image":"PTC.Factory.Alert.CloseButtonHoverIcon","backgroundColor":"","textSize":"normal","lineStyle":"solid","displayString":"","fontEmphasisUnderline":false,"fontEmphasisItalic":false,"lineThickness":1,"foregroundColor":"","lineColor":"","fontEmphasisBold":false,"secondaryBackgroundColor":""}
            ]]>
            </content>
        </StyleDefinition>
    </StyleDefinitions>
</Entities>
