<?xml version="1.0" encoding="UTF-8"?>
<Entities
 build="b441"
 majorVersion="8"
 minorVersion="4"
 modelPersistenceProviderPackage="PostgresPersistenceProviderPackage"
 revision="0"
 schemaVersion="1040"
 universal="">
    <StateDefinitions>
        <StateDefinition
         aspect.isEditableExtensionObject="false"
         description="***DEPRECATED-L*** This entity will be deleted in a future release. State definition for the Result column of the Test History component."
         documentationContent=""
         homeMashup=""
         lastModifiedDate="2018-08-08T18:20:33.061-04:00"
         name="PTC.SCA.SCO.ControlsAdvisor.NITestStandTestHistoryStateDefinition"
         projectName="PTC.SCA.SCO.NITestStand"
         tags="PTC:sca-sco;PTC:StateDefinition;PTC:sca-sco-niteststand">
            <avatar></avatar>
            <DesignTimePermissions>
                <Create></Create>
                <Read></Read>
                <Update></Update>
                <Delete></Delete>
                <Metadata></Metadata>
            </DesignTimePermissions>
            <RunTimePermissions></RunTimePermissions>
            <VisibilityPermissions>
                <Visibility></Visibility>
            </VisibilityPermissions>
            <ConfigurationTableDefinitions></ConfigurationTableDefinitions>
            <ConfigurationTables></ConfigurationTables>
            <content>
            <![CDATA[
            {
              "stateDefinitions" : [ {
                "defaultStyleDefinition" : "PTC.SCA.SCO.ControlsAdvisor.NITestStandLastSequenceTextFail",
                "defaultValue" : "Failed",
                "description" : "",
                "displayString" : "Failed",
                "name" : ""
              }, {
                "defaultStyleDefinition" : "PTC.SCA.SCO.ControlsAdvisor.NITestStandLastSequenceTextPass",
                "defaultValue" : "Passed",
                "description" : "",
                "displayString" : "Passed",
                "name" : ""
              }, {
                "defaultStyleDefinition" : "PTC.SCA.SCO.14pxLabelTextBold",
                "description" : "",
                "displayString" : "",
                "name" : ""
              } ],
              "stateType" : "string"
            }
            ]]>
            </content>
        </StateDefinition>
    </StateDefinitions>
</Entities>
