<?xml version="1.0" encoding="UTF-8"?>
<Entities
 build="b7717"
 majorVersion="0"
 minorVersion="0"
 modelPersistenceProviderPackage="PostgresPersistenceProviderPackage"
 revision="0"
 schemaVersion="1100"
 universal="password">
    <Mashups>
        <Mashup
         aspect.isEditableExtensionObject="false"
         aspect.isExtension="true"
         aspect.isResponsive="true"
         aspect.mashupType="mashup"
         columns="0.0"
         description="Used by PTC.Factory.KEPServerEX.ConnectionSummaryMaster {PTC.Factory.KEPServerEX.ConnectionSummary}"
         documentationContent=""
         homeMashup=""
         lastModifiedDate="2019-09-14T09:16:21.614-04:00"
         name="PTC.Factory.KEPServerEX.ConnectionSummary"
         projectName="PTC.SCA.SCO.KEPServerEX Monitor"
         rows="0.0"
         tags="PTC:sca-sco;PTC:Mashup;PTC:sca-sco-kepserverexmonitor">
            <avatar></avatar>
            <DesignTimePermissions>
                <Create></Create>
                <Read></Read>
                <Update></Update>
                <Delete></Delete>
                <Metadata></Metadata>
            </DesignTimePermissions>
            <RunTimePermissions></RunTimePermissions>
            <VisibilityPermissions>
                <Visibility>
                    <Principal
                     isPermitted="true"
                     name="PTC.Factory.MachineVisibility"
                     type="Organization"></Principal>
                </Visibility>
            </VisibilityPermissions>
            <ConfigurationTableDefinitions></ConfigurationTableDefinitions>
            <ConfigurationTables></ConfigurationTables>
            <ParameterDefinitions>
                <FieldDefinition
                 aspect.ordinal="1"
                 baseType="STRING"
                 description=""
                 name="appKeyName"
                 ordinal="0"></FieldDefinition>
                <FieldDefinition
                 aspect.ordinal="3"
                 baseType="STRING"
                 description=""
                 name="serverDescription"
                 ordinal="0"></FieldDefinition>
                <FieldDefinition
                 aspect.ordinal="2"
                 baseType="STRING"
                 description=""
                 name="serverName"
                 ordinal="0"></FieldDefinition>
                <FieldDefinition
                 aspect.ordinal="0"
                 baseType="STRING"
                 description=""
                 name="thingName"
                 ordinal="0"></FieldDefinition>
            </ParameterDefinitions>
            <Things>
                <Thing>PTC.SCA.SCO.ControlsAdvisorUtils</Thing>
            </Things>
            <ThingShapes></ThingShapes>
            <ThingTemplates></ThingTemplates>
            <mashupContent>
            <![CDATA[
            {
              "CustomMashupCss" : "",
              "Data" : {
                "Resources_PTC.Factory.CommonUtilities" : {
                  "DataName" : "Resources_PTC.Factory.CommonUtilities",
                  "EntityName" : "PTC.Factory.CommonUtilities",
                  "EntityType" : "Resources",
                  "Id" : "60685e6e-441f-4fe9-8860-532b386df240",
                  "Services" : [ {
                    "APIMethod" : "post",
                    "Characteristic" : "Services",
                    "Id" : "e906ad96-2b73-495a-8652-0a424332edaf",
                    "Name" : "GetAppKey",
                    "Parameters" : { },
                    "RefreshInterval" : 0,
                    "Target" : "GetAppKey"
                  }, {
                    "APIMethod" : "post",
                    "Characteristic" : "Services",
                    "Id" : "8e93a503-3fff-4cb2-b19d-480fe352638d",
                    "Name" : "GetIndustrialThingName",
                    "Parameters" : { },
                    "RefreshInterval" : 0,
                    "Target" : "GetIndustrialThingName"
                  } ]
                },
                "Resources_PTC.Resource.Factory.MessageFormatUtilities" : {
                  "DataName" : "Resources_PTC.Resource.Factory.MessageFormatUtilities",
                  "EntityName" : "PTC.Resource.Factory.MessageFormatUtilities",
                  "EntityType" : "Resources",
                  "Id" : "62be48b2-7fd3-43a8-b228-7cafbe5e7481",
                  "Services" : [ {
                    "APIMethod" : "post",
                    "Characteristic" : "Services",
                    "Id" : "d1b8590c-47cf-4b64-85a9-541ebd4ba680",
                    "Name" : "GetLocalizedMessageOneParam",
                    "Parameters" : {
                      "label" : "PTC.Factory.InstructionNote3"
                    },
                    "RefreshInterval" : 0,
                    "Target" : "GetLocalizedMessageOneParam"
                  } ]
                },
                "Session" : {
                  "DataName" : "Session",
                  "EntityName" : "",
                  "EntityType" : "Session",
                  "Id" : "session",
                  "Services" : [ {
                    "APIMethod" : "post",
                    "Characteristic" : "Services",
                    "Id" : "SessionInterface",
                    "Name" : "GetGlobalSessionValues",
                    "Parameters" : { },
                    "RefreshInterval" : 0,
                    "Target" : "GetGlobalSessionValues"
                  } ]
                },
                "Things_PTC.SCA.SCO.ControlsAdvisorUtils" : {
                  "DataName" : "Things_PTC.SCA.SCO.ControlsAdvisorUtils",
                  "EntityName" : "PTC.SCA.SCO.ControlsAdvisorUtils",
                  "EntityType" : "Things",
                  "Id" : "ed59a8d3-d396-4a4b-8cd1-df0e0c1a237d",
                  "Services" : [ {
                    "APIMethod" : "post",
                    "Characteristic" : "Services",
                    "Id" : "27562429-9527-4979-ba67-8a1de5691a0b",
                    "Name" : "CalculateStatus",
                    "Parameters" : { },
                    "RefreshInterval" : 0,
                    "Target" : "CalculateStatus"
                  }, {
                    "APIMethod" : "post",
                    "Characteristic" : "Services",
                    "Id" : "a04a7394-c2a0-4357-b718-99d54b6fd5a9",
                    "Name" : "GetConnectionInfoMashupName",
                    "Parameters" : { },
                    "RefreshInterval" : 0,
                    "Target" : "GetConnectionInfoMashupName"
                  } ]
                },
                "UserExtensions" : {
                  "DataName" : "UserExtensions",
                  "EntityName" : "",
                  "EntityType" : "UserExtensions",
                  "Id" : "UserExtensions",
                  "Services" : [ {
                    "APIMethod" : "post",
                    "Characteristic" : "Services",
                    "Id" : "UserExtensionInterface",
                    "Name" : "GetCurrentUserExtensionProperties",
                    "Parameters" : { },
                    "RefreshInterval" : 0,
                    "Target" : "GetCurrentUserExtensionProperties"
                  } ]
                }
              },
              "DataBindings" : [ {
                "Id" : "f36db58d-0d29-4e0b-9d0c-588a7b5287b7",
                "PropertyMaps" : [ {
                  "SourceProperty" : "appKeyName",
                  "SourcePropertyBaseType" : "STRING",
                  "TargetProperty" : "appKeyName",
                  "TargetPropertyBaseType" : "STRING"
                } ],
                "SourceArea" : "Mashup",
                "SourceId" : "mashup-root",
                "SourceSection" : "",
                "TargetArea" : "Data",
                "TargetId" : "GetAppKey",
                "TargetSection" : "Resources_PTC.Factory.CommonUtilities"
              }, {
                "Id" : "3bd6f112-639f-4833-b615-02b90a10ba31",
                "PropertyMaps" : [ {
                  "SourceProperty" : "thingName",
                  "SourcePropertyBaseType" : "STRING",
                  "TargetProperty" : "serverThingName",
                  "TargetPropertyBaseType" : "STRING"
                } ],
                "SourceArea" : "Mashup",
                "SourceId" : "mashup-root",
                "SourceSection" : "",
                "TargetArea" : "Data",
                "TargetId" : "GetIndustrialThingName",
                "TargetSection" : "Resources_PTC.Factory.CommonUtilities"
              }, {
                "Id" : "2e6d58ee-f3bf-4650-80b1-de254b90d4db",
                "PropertyMaps" : [ {
                  "SourceProperty" : "thingName",
                  "SourcePropertyBaseType" : "STRING",
                  "TargetProperty" : "thingName",
                  "TargetPropertyBaseType" : "STRING"
                } ],
                "SourceArea" : "Mashup",
                "SourceId" : "mashup-root",
                "SourceSection" : "",
                "TargetArea" : "UI",
                "TargetId" : "navigation-45",
                "TargetSection" : ""
              }, {
                "Id" : "cf53feac-0ccb-4f36-a78a-2abcd168b093",
                "PropertyMaps" : [ {
                  "SourceProperty" : "appKeyName",
                  "SourcePropertyBaseType" : "STRING",
                  "TargetProperty" : "appKeyName",
                  "TargetPropertyBaseType" : "STRING"
                } ],
                "SourceArea" : "Mashup",
                "SourceId" : "mashup-root",
                "SourceSection" : "",
                "TargetArea" : "UI",
                "TargetId" : "navigation-45",
                "TargetSection" : ""
              }, {
                "Id" : "f8eb5d7b-a6b2-4380-a3b1-87c08674e86e",
                "PropertyMaps" : [ {
                  "SourceProperty" : "serverName",
                  "SourcePropertyBaseType" : "STRING",
                  "TargetProperty" : "Data",
                  "TargetPropertyBaseType" : "ANYSCALAR"
                } ],
                "SourceArea" : "Mashup",
                "SourceId" : "mashup-root",
                "SourceSection" : "",
                "TargetArea" : "UI",
                "TargetId" : "valuedisplay-51",
                "TargetSection" : ""
              }, {
                "Id" : "cf6d5be9-244a-4583-9495-1ce8dfba97a7",
                "PropertyMaps" : [ {
                  "SourceProperty" : "serverDescription",
                  "SourcePropertyBaseType" : "STRING",
                  "TargetProperty" : "Data",
                  "TargetPropertyBaseType" : "ANYSCALAR"
                } ],
                "SourceArea" : "Mashup",
                "SourceId" : "mashup-root",
                "SourceSection" : "",
                "TargetArea" : "UI",
                "TargetId" : "valuedisplay-52",
                "TargetSection" : ""
              }, {
                "Id" : "5e637224-46be-445b-9354-c6de3d384c49",
                "PropertyMaps" : [ {
                  "SourceProperty" : "serverDescription",
                  "SourcePropertyBaseType" : "STRING",
                  "TargetProperty" : "ToolTipField",
                  "TargetPropertyBaseType" : "STRING"
                } ],
                "SourceArea" : "Mashup",
                "SourceId" : "mashup-root",
                "SourceSection" : "",
                "TargetArea" : "UI",
                "TargetId" : "valuedisplay-52",
                "TargetSection" : ""
              }, {
                "Id" : "0c91d62d-681e-4e49-bf97-202dd87731e0",
                "PropertyMaps" : [ {
                  "SourceProperty" : "thingName",
                  "SourcePropertyBaseType" : "STRING",
                  "TargetProperty" : "thingName",
                  "TargetPropertyBaseType" : "THINGNAME"
                } ],
                "SourceArea" : "Mashup",
                "SourceId" : "mashup-root",
                "SourceSection" : "",
                "TargetArea" : "Data",
                "TargetId" : "CalculateStatus",
                "TargetSection" : "Things_PTC.SCA.SCO.ControlsAdvisorUtils"
              }, {
                "Id" : "47c18e3f-345c-4661-9a85-7a80f72933b1",
                "PropertyMaps" : [ {
                  "SourceProperty" : "result",
                  "SourcePropertyBaseType" : "MASHUPNAME",
                  "SourcePropertyType" : "Field",
                  "TargetProperty" : "Name",
                  "TargetPropertyBaseType" : "MASHUPNAME",
                  "TargetPropertyType" : "property"
                } ],
                "SourceArea" : "Data",
                "SourceDetails" : "AllData",
                "SourceId" : "GetConnectionInfoMashupName",
                "SourceSection" : "Things_PTC.SCA.SCO.ControlsAdvisorUtils",
                "TargetArea" : "UI",
                "TargetId" : "mashupcontainer-44",
                "TargetSection" : ""
              }, {
                "Id" : "1be4be76-7799-4bc3-8f0c-a0842cbeef65",
                "PropertyMaps" : [ {
                  "SourceProperty" : "thingName",
                  "SourcePropertyBaseType" : "STRING",
                  "TargetProperty" : "serverName",
                  "TargetPropertyBaseType" : "STRING"
                } ],
                "SourceArea" : "Mashup",
                "SourceId" : "mashup-root",
                "SourceSection" : "",
                "TargetArea" : "Data",
                "TargetId" : "GetConnectionInfoMashupName",
                "TargetSection" : "Things_PTC.SCA.SCO.ControlsAdvisorUtils"
              }, {
                "Id" : "3a8cb77f-da11-4442-bdb2-e778e6a2ee6b",
                "PropertyMaps" : [ {
                  "SourceProperty" : "result",
                  "SourcePropertyBaseType" : "MASHUPNAME",
                  "SourcePropertyType" : "Field",
                  "TargetProperty" : "MashupName",
                  "TargetPropertyBaseType" : "MASHUPNAME",
                  "TargetPropertyType" : "property"
                } ],
                "SourceArea" : "Data",
                "SourceDetails" : "AllData",
                "SourceId" : "GetConnectionInfoMashupName",
                "SourceSection" : "Things_PTC.SCA.SCO.ControlsAdvisorUtils",
                "TargetArea" : "UI",
                "TargetId" : "navigation-45",
                "TargetSection" : ""
              }, {
                "Id" : "21e710a0-e16c-4496-a175-1e4a23312e32",
                "PropertyMaps" : [ {
                  "SourceProperty" : "thingName",
                  "SourcePropertyBaseType" : "STRING",
                  "SourcePropertyType" : "property",
                  "TargetProperty" : "thingName",
                  "TargetPropertyBaseType" : "STRING",
                  "TargetPropertyType" : "property"
                } ],
                "SourceArea" : "Mashup",
                "SourceId" : "mashup-root",
                "SourceSection" : "",
                "TargetArea" : "UI",
                "TargetId" : "mashupcontainer-44",
                "TargetSection" : ""
              }, {
                "Id" : "d667f718-78e0-484f-87eb-ecd0dd891df3",
                "PropertyMaps" : [ {
                  "SourceProperty" : "appKeyName",
                  "SourcePropertyBaseType" : "STRING",
                  "SourcePropertyType" : "property",
                  "TargetProperty" : "appKeyName",
                  "TargetPropertyBaseType" : "STRING",
                  "TargetPropertyType" : "property"
                } ],
                "SourceArea" : "Mashup",
                "SourceId" : "mashup-root",
                "SourceSection" : "",
                "TargetArea" : "UI",
                "TargetId" : "mashupcontainer-44",
                "TargetSection" : ""
              } ],
              "DesignTimePermissions" : {
                "Create" : [ ],
                "Delete" : [ ],
                "Metadata" : [ ],
                "Read" : [ ],
                "Update" : [ ]
              },
              "Events" : [ {
                "EventHandlerArea" : "Mashup",
                "EventHandlerId" : "mashup-root",
                "EventHandlerService" : "Refresh",
                "EventTriggerArea" : "UI",
                "EventTriggerEvent" : "Clicked",
                "EventTriggerId" : "button-22",
                "EventTriggerSection" : "",
                "Id" : "2a9b1d6b-bf47-48c4-bce3-77a7e5346773"
              }, {
                "EventHandlerArea" : "Mashup",
                "EventHandlerId" : "mashup-root",
                "EventHandlerService" : "Refresh",
                "EventTriggerArea" : "Data",
                "EventTriggerEvent" : "ServiceInvokeCompleted",
                "EventTriggerId" : "GetAppKey",
                "EventTriggerSection" : "Resources_PTC.Factory.CommonUtilities",
                "Id" : "f5f56749-66c7-4e54-b998-a15d5f720f33"
              }, {
                "EventHandlerArea" : "Data",
                "EventHandlerId" : "Resources_PTC.Factory.CommonUtilities",
                "EventHandlerService" : "GetAppKey",
                "EventTriggerArea" : "Mashup",
                "EventTriggerEvent" : "appKeyNameChanged",
                "EventTriggerId" : "mashup-root",
                "EventTriggerSection" : "",
                "Id" : "39f848c7-41b1-4df9-a3dc-586b85a2eb86"
              }, {
                "EventHandlerArea" : "Data",
                "EventHandlerId" : "Resources_PTC.Factory.CommonUtilities",
                "EventHandlerService" : "GetIndustrialThingName",
                "EventTriggerArea" : "Mashup",
                "EventTriggerEvent" : "Loaded",
                "EventTriggerId" : "mashup-root",
                "EventTriggerSection" : "",
                "Id" : "aa7ce30a-f8be-4cc6-baf3-0db4cfcc044d"
              }, {
                "EventHandlerArea" : "Data",
                "EventHandlerId" : "Resources_PTC.Resource.Factory.MessageFormatUtilities",
                "EventHandlerService" : "GetLocalizedMessageOneParam",
                "EventTriggerArea" : "Mashup",
                "EventTriggerEvent" : "Loaded",
                "EventTriggerId" : "mashup-root",
                "EventTriggerSection" : "",
                "Id" : "f7f0dac4-044b-4c78-9b51-35be6b16f74f"
              }, {
                "EventHandlerArea" : "UI",
                "EventHandlerId" : "navigation-45",
                "EventHandlerService" : "Navigate",
                "EventTriggerArea" : "UI",
                "EventTriggerEvent" : "Clicked",
                "EventTriggerId" : "button-21",
                "EventTriggerSection" : "",
                "Id" : "70164355-61be-49c0-b25c-c56198868260"
              }, {
                "EventHandlerArea" : "Data",
                "EventHandlerId" : "Things_PTC.SCA.SCO.ControlsAdvisorUtils",
                "EventHandlerService" : "CalculateStatus",
                "EventTriggerArea" : "UI",
                "EventTriggerEvent" : "Clicked",
                "EventTriggerId" : "button-22",
                "EventTriggerSection" : "",
                "Id" : "da3ecd62-e5af-43e4-9a97-b0b028c65c40"
              }, {
                "EventHandlerArea" : "Mashup",
                "EventHandlerId" : "mashup-root",
                "EventHandlerService" : "CloseIfPopup",
                "EventTriggerArea" : "Data",
                "EventTriggerEvent" : "ServiceInvokeCompleted",
                "EventTriggerId" : "CalculateStatus",
                "EventTriggerSection" : "Things_PTC.SCA.SCO.ControlsAdvisorUtils",
                "Id" : "1c0812f6-1c2b-437b-abb1-3d59b4383217"
              }, {
                "EventHandlerArea" : "Data",
                "EventHandlerId" : "Things_PTC.SCA.SCO.ControlsAdvisorUtils",
                "EventHandlerService" : "GetConnectionInfoMashupName",
                "EventTriggerArea" : "Mashup",
                "EventTriggerEvent" : "Loaded",
                "EventTriggerId" : "mashup-root",
                "EventTriggerSection" : "",
                "Id" : "e154942e-8e81-4bd1-82c6-1171f875ee75"
              } ],
              "RunTimePermissions" : {
                "permissions" : [ ]
              },
              "UI" : {
                "Properties" : {
                  "AddToDashboardButton" : "SimplePlus",
                  "AddToDashboardButtonStyle" : "DefaultAddToDashboardButtonStyle",
                  "Area" : "Mashup",
                  "BGImage" : "",
                  "BGImageRepeat" : "no-repeat",
                  "BGImageSize" : "auto",
                  "Columns" : 0,
                  "ConfigureGadgetButton" : "SimpleGear",
                  "ConfigureGadgetButtonStyle" : "DefaultConfigureGadgetButtonStyle",
                  "DisplayName" : "Mashup",
                  "EnableParameterEditing" : false,
                  "Height" : 618,
                  "Id" : "mashup-root",
                  "IgnoreWarningsInViewMashup" : false,
                  "IsPrintLayout" : false,
                  "Left" : 0,
                  "MashupToEditGadget" : "DefaultMashupToEditGadget",
                  "MinHeight" : 0,
                  "MinWidth" : 0,
                  "ResponsiveLayout" : true,
                  "Rows" : 0,
                  "ShowDataLoading" : true,
                  "Style" : "DefaultMashupStyle",
                  "StyleProperties" : {
                    "data" : { },
                    "meta" : {
                      "type" : "WidgetStyler",
                      "version" : "1.0"
                    }
                  },
                  "StyleTheme" : "PTC Convergence Theme",
                  "Title" : "",
                  "TitleBar" : false,
                  "TitleBarStyle" : "DefaultTitleBarStyle",
                  "TitleBarText" : "Gadget Title Here",
                  "Top" : 0,
                  "Type" : "mashup",
                  "UseMasterTheme" : false,
                  "UseTheme" : false,
                  "Visible" : true,
                  "Width" : 1024,
                  "Z-index" : 10,
                  "__TypeDisplayName" : "Mashup",
                  "_currentParameterDefs" : [ {
                    "BaseType" : "STRING",
                    "Description" : "",
                    "ParameterName" : "thingName"
                  }, {
                    "BaseType" : "STRING",
                    "Description" : "",
                    "ParameterName" : "appKeyName"
                  }, {
                    "BaseType" : "STRING",
                    "Description" : "",
                    "ParameterName" : "serverName"
                  }, {
                    "BaseType" : "STRING",
                    "Description" : "",
                    "ParameterName" : "serverDescription"
                  } ],
                  "id_index" : 53,
                  "supportsAutoResize" : true
                },
                "Widgets" : [ {
                  "Properties" : {
                    "Area" : "UI",
                    "Columns" : 0,
                    "DisplayName" : "MainLayout",
                    "Footer" : true,
                    "FooterHeight" : 50,
                    "Header" : true,
                    "HeaderHeight" : 40,
                    "Id" : "layout-1",
                    "IncludeSpacingInFixedAreas" : false,
                    "IsPrintLayout" : false,
                    "LastContainer" : false,
                    "Left" : 230,
                    "LeftSidebar" : false,
                    "LeftSidebarWidth" : 0,
                    "Orientation" : "vertical",
                    "PctColumn1" : 50,
                    "PctColumn2" : 50,
                    "PctColumn3" : 1,
                    "PctColumn4" : 1,
                    "PctColumn5" : 1,
                    "PctColumn6" : 1,
                    "PctColumn7" : 1,
                    "PctColumn8" : 1,
                    "PctRow1" : 100,
                    "PctRow2" : 50,
                    "PctRow3" : 0,
                    "PctRow4" : 0,
                    "PctRow5" : 0,
                    "PctRow6" : 0,
                    "PctRow7" : 0,
                    "PctRow8" : 0,
                    "PrintMarginLeftRight" : 0.5,
                    "PrintMarginTopBottom" : 0.5,
                    "PrintWidth" : 650,
                    "ResponsiveLayout" : true,
                    "RightSidebar" : false,
                    "RightSidebarWidth" : 0,
                    "Rows" : 1,
                    "ShowDataLoading" : true,
                    "Spacing" : 1,
                    "Top" : 95,
                    "Type" : "layout",
                    "Visible" : true,
                    "Z-index" : 10,
                    "__TypeDisplayName" : "Layout"
                  },
                  "Widgets" : [ {
                    "Properties" : {
                      "AnimateExpandCollapse" : true,
                      "Area" : "UI",
                      "BGImageRepeat" : "no-repeat",
                      "BGImageSize" : "auto",
                      "CustomClass" : "",
                      "Description" : "",
                      "DisplayName" : "HeaderContainer",
                      "ExpandCollapseTabLocation" : "outside",
                      "Expanded" : true,
                      "Id" : "container-2",
                      "LastContainer" : false,
                      "MinHeight" : 0,
                      "MinWidth" : 0,
                      "Overlay" : false,
                      "OverlayIsTransparent" : false,
                      "ResponsiveLayout" : true,
                      "ShowDataLoading" : true,
                      "ShowExpandCollapseTab" : false,
                      "Style" : "PTC.SCA.SCO.NoStyle",
                      "TabCollapseStyle" : "DefaultTabCollapseStyle",
                      "TabExpandStyle" : "DefaultTabExpandStyle",
                      "TabHeight" : 36,
                      "TabLocation" : "center",
                      "TabOffset" : 0,
                      "TabWidth" : 36,
                      "Type" : "container",
                      "Visible" : true,
                      "Z-index" : 10,
                      "__TypeDisplayName" : "Container",
                      "userCannotRemove" : true
                    },
                    "Widgets" : [ {
                      "Properties" : {
                        "Area" : "UI",
                        "DisplayName" : "HeaderPanel",
                        "Height" : 200,
                        "HideScrollbars" : false,
                        "HorizontalAnchor" : "left",
                        "Id" : "panel-5",
                        "LastContainer" : false,
                        "Left" : 155,
                        "ResponsiveLayout" : true,
                        "ShowDataLoading" : true,
                        "Style" : "PTC.Factory.Generic.ConfirmationPopupHeader",
                        "Top" : 5,
                        "Type" : "panel",
                        "VerticalAnchor" : "top",
                        "Visible" : true,
                        "Width" : 300,
                        "Z-index" : 10,
                        "__TypeDisplayName" : "Panel"
                      },
                      "Widgets" : [ {
                        "Properties" : {
                          "Alignment" : "left",
                          "Area" : "UI",
                          "BackgroundFill" : "content",
                          "DisplayName" : "Title",
                          "Height" : 22,
                          "Id" : "valuedisplay-6",
                          "ImageScaling" : "Width",
                          "Label" : "",
                          "LabelAlignment" : "left",
                          "LastContainer" : false,
                          "Left" : 15,
                          "Overflow" : "hidden",
                          "ResponsiveLayout" : false,
                          "ShowDataLoading" : true,
                          "TextIfNoValue" : "[[PTC.Factory.ConnectionInformation]]",
                          "TextIfNoValueOffset" : 0,
                          "TextIfNoValueStyle" : "PTC.Factory.Generic.ConfirmationPopupHeader",
                          "TextWrap" : false,
                          "ToolTipField" : "",
                          "ToolTipStyle" : "DefaultTooltipStyle",
                          "Top" : 10,
                          "Type" : "valuedisplay",
                          "ValueDisplayLabelStyle" : "PTC.Factory.Generic.ConfirmationPopupHeader",
                          "ValueDisplayStyle" : "PTC.Factory.Generic.ConfirmationPopupHeader",
                          "VerticalAlignment" : "middle",
                          "Visible" : true,
                          "Width" : 200,
                          "Z-index" : 10,
                          "__TypeDisplayName" : "Value Display",
                          "__supportsLabel" : true,
                          "__supportsTooltip" : true
                        },
                        "Widgets" : [ ]
                      } ]
                    } ]
                  }, {
                    "Properties" : {
                      "AnimateExpandCollapse" : true,
                      "Area" : "UI",
                      "BGImageRepeat" : "no-repeat",
                      "BGImageSize" : "auto",
                      "DisplayName" : "MainContainer",
                      "ExpandCollapseTabLocation" : "outside",
                      "Expanded" : true,
                      "Id" : "container-39",
                      "LastContainer" : false,
                      "MinHeight" : 0,
                      "MinWidth" : 0,
                      "Overlay" : false,
                      "OverlayIsTransparent" : false,
                      "ResponsiveLayout" : true,
                      "ShowDataLoading" : true,
                      "ShowExpandCollapseTab" : false,
                      "Style" : "DefaultContainerStyle",
                      "TabCollapseStyle" : "DefaultTabCollapseStyle",
                      "TabExpandStyle" : "DefaultTabExpandStyle",
                      "TabHeight" : 36,
                      "TabLocation" : "center",
                      "TabOffset" : 0,
                      "TabWidth" : 36,
                      "Type" : "container",
                      "Visible" : true,
                      "Z-index" : 10,
                      "__TypeDisplayName" : "Container",
                      "userCannotRemove" : true
                    },
                    "Widgets" : [ {
                      "Properties" : {
                        "Area" : "UI",
                        "DisplayName" : "MainPanel",
                        "Height" : 200,
                        "HideScrollbars" : false,
                        "HorizontalAnchor" : "left",
                        "Id" : "panel-40",
                        "LastContainer" : false,
                        "Left" : 45,
                        "ResponsiveLayout" : true,
                        "ShowDataLoading" : true,
                        "Style" : "PTC.SCA.SCO.NoStyle",
                        "Top" : 15,
                        "Type" : "panel",
                        "VerticalAnchor" : "top",
                        "Visible" : true,
                        "Width" : 300,
                        "Z-index" : 10,
                        "__TypeDisplayName" : "Panel"
                      },
                      "Widgets" : [ {
                        "Properties" : {
                          "Alignment" : "left",
                          "AllowEllipsis" : false,
                          "Area" : "UI",
                          "DisplayName" : "lblConnectionInfo",
                          "Height" : 19,
                          "Id" : "label-41",
                          "LastContainer" : false,
                          "Left" : 10,
                          "ResponsiveLayout" : false,
                          "ShowDataLoading" : true,
                          "Style" : "PTC.SCA.SCO.FieldsetLabelStyle",
                          "Text" : "[[PTC.Factory.Instruction]]",
                          "ToolTipField" : "",
                          "ToolTipStyle" : "DefaultTooltipStyle",
                          "Top" : 86,
                          "Type" : "label",
                          "Visible" : true,
                          "Width" : 300,
                          "Z-index" : 10,
                          "__TypeDisplayName" : "Label",
                          "__supportsTooltip" : true
                        },
                        "Widgets" : [ ]
                      }, {
                        "Properties" : {
                          "Alignment" : "left",
                          "AllowEllipsis" : false,
                          "Area" : "UI",
                          "CustomClass" : "",
                          "Description" : "",
                          "DisplayName" : "lblName",
                          "Height" : 22,
                          "Id" : "label-47",
                          "LastContainer" : false,
                          "Left" : 10,
                          "ResponsiveLayout" : false,
                          "ShowDataLoading" : true,
                          "Style" : "DefaultLabelStyle",
                          "Text" : "[[PTC.Factory.ConnectionInformation.Name]]",
                          "ToolTipField" : "",
                          "ToolTipStyle" : "DefaultTooltipStyle",
                          "Top" : 5,
                          "Type" : "label",
                          "Visible" : true,
                          "Width" : 75,
                          "Z-index" : 10,
                          "__TypeDisplayName" : "Label",
                          "__supportsTooltip" : true
                        },
                        "Widgets" : [ ]
                      }, {
                        "Properties" : {
                          "Alignment" : "left",
                          "AllowEllipsis" : false,
                          "Area" : "UI",
                          "DisplayName" : "lblDescription",
                          "Height" : 22,
                          "Id" : "label-48",
                          "LastContainer" : false,
                          "Left" : 10,
                          "ResponsiveLayout" : false,
                          "ShowDataLoading" : true,
                          "Style" : "DefaultLabelStyle",
                          "Text" : "[[PTC.Factory.ConnectionInformation.Description]]",
                          "ToolTipField" : "",
                          "ToolTipStyle" : "DefaultTooltipStyle",
                          "Top" : 35,
                          "Type" : "label",
                          "Visible" : true,
                          "Width" : 75,
                          "Z-index" : 10,
                          "__TypeDisplayName" : "Label",
                          "__supportsTooltip" : true
                        },
                        "Widgets" : [ ]
                      }, {
                        "Properties" : {
                          "Area" : "UI",
                          "DisplayName" : "ConnectionInfoMashupContainer",
                          "Height" : 353,
                          "Id" : "mashupcontainer-44",
                          "LastContainer" : false,
                          "Left" : 10,
                          "MashupParameters" : [ {
                            "BaseType" : "STRING",
                            "Description" : "",
                            "ParameterName" : "thingName",
                            "ParmDef" : {
                              "aspects" : {
                                "ordinal" : "0"
                              },
                              "baseType" : "STRING",
                              "description" : "",
                              "name" : "thingName",
                              "ordinal" : 0
                            }
                          }, {
                            "BaseType" : "STRING",
                            "Description" : "",
                            "ParameterName" : "appKeyName",
                            "ParmDef" : {
                              "aspects" : {
                                "ordinal" : "1"
                              },
                              "baseType" : "STRING",
                              "description" : "",
                              "name" : "appKeyName",
                              "ordinal" : 0
                            }
                          }, {
                            "BaseType" : "BOOLEAN",
                            "Description" : "",
                            "ParameterName" : "printOnLoad",
                            "ParmDef" : {
                              "aspects" : {
                                "ordinal" : "2"
                              },
                              "baseType" : "BOOLEAN",
                              "description" : "",
                              "name" : "printOnLoad",
                              "ordinal" : 0
                            }
                          } ],
                          "Name" : "PTC.SCA.SCO.ControlsAdvisor.GenericInstructionMashup",
                          "ResponsiveLayout" : false,
                          "ShowDataLoading" : true,
                          "TabSequenceGroup" : 0,
                          "Top" : 107,
                          "Type" : "mashupcontainer",
                          "Visible" : true,
                          "Width" : 503,
                          "Z-index" : 10,
                          "__TypeDisplayName" : "Contained Mashup"
                        },
                        "Widgets" : [ ]
                      }, {
                        "Properties" : {
                          "Alignment" : "left",
                          "Area" : "UI",
                          "BackgroundFill" : "content",
                          "DisplayName" : "txtName",
                          "Height" : 22,
                          "Id" : "valuedisplay-51",
                          "ImageScaling" : "Width",
                          "Label" : "",
                          "LabelAlignment" : "left",
                          "LastContainer" : false,
                          "Left" : 105,
                          "Overflow" : "hidden",
                          "ResponsiveLayout" : false,
                          "ShowDataLoading" : true,
                          "TextIfNoValue" : "",
                          "TextIfNoValueOffset" : 0,
                          "TextIfNoValueStyle" : "DefaultValueDisplayNoTextStyle",
                          "TextWrap" : true,
                          "ToolTipField" : "",
                          "ToolTipStyle" : "DefaultTooltipStyle",
                          "Top" : 5,
                          "Type" : "valuedisplay",
                          "ValueDisplayLabelStyle" : "DefaultWidgetLabelStyle",
                          "ValueDisplayStyle" : "DefaultValueDisplayStyle",
                          "ValueFormat" : {
                            "FormatString" : "raw",
                            "formatInfo" : {
                              "FieldName" : "",
                              "StateDefinition" : "",
                              "StateDefinitionType" : "fixed",
                              "StateFormats" : [ {
                                "state" : "",
                                "stateName" : "fixed"
                              } ]
                            },
                            "renderer" : "HTML",
                            "roundingEnabled" : true
                          },
                          "ValueFormat_StateParameters" : [ ],
                          "VerticalAlignment" : "middle",
                          "Visible" : true,
                          "Width" : 415,
                          "Z-index" : 10,
                          "__TypeDisplayName" : "Value Display",
                          "__supportsLabel" : true,
                          "__supportsTooltip" : true
                        },
                        "Widgets" : [ ]
                      }, {
                        "Properties" : {
                          "Alignment" : "left",
                          "Area" : "UI",
                          "BackgroundFill" : "content",
                          "DisplayName" : "txtDescription",
                          "Height" : 22,
                          "Id" : "valuedisplay-52",
                          "ImageScaling" : "Width",
                          "Label" : "",
                          "LabelAlignment" : "left",
                          "LastContainer" : false,
                          "Left" : 105,
                          "Overflow" : "visible",
                          "ResponsiveLayout" : false,
                          "ShowDataLoading" : true,
                          "TextIfNoValue" : "",
                          "TextIfNoValueOffset" : 0,
                          "TextIfNoValueStyle" : "DefaultValueDisplayNoTextStyle",
                          "TextWrap" : true,
                          "ToolTipField" : "",
                          "ToolTipStyle" : "DefaultTooltipStyle",
                          "Top" : 35,
                          "Type" : "valuedisplay",
                          "ValueDisplayLabelStyle" : "DefaultWidgetLabelStyle",
                          "ValueDisplayStyle" : "DefaultValueDisplayStyle",
                          "ValueFormat" : {
                            "FormatString" : "raw",
                            "formatInfo" : {
                              "FieldName" : "",
                              "StateDefinition" : "",
                              "StateDefinitionType" : "fixed",
                              "StateFormats" : [ {
                                "state" : "",
                                "stateName" : "fixed"
                              } ]
                            },
                            "renderer" : "HTML",
                            "roundingEnabled" : true
                          },
                          "ValueFormat_StateParameters" : [ ],
                          "VerticalAlignment" : "middle",
                          "Visible" : true,
                          "Width" : 415,
                          "Z-index" : 10,
                          "__TypeDisplayName" : "Value Display",
                          "__supportsLabel" : true,
                          "__supportsTooltip" : true
                        },
                        "Widgets" : [ ]
                      } ]
                    } ]
                  }, {
                    "Properties" : {
                      "AnimateExpandCollapse" : true,
                      "Area" : "UI",
                      "BGImageRepeat" : "no-repeat",
                      "BGImageSize" : "auto",
                      "DisplayName" : "FooterContainer",
                      "ExpandCollapseTabLocation" : "outside",
                      "Expanded" : true,
                      "Id" : "container-4",
                      "LastContainer" : false,
                      "MinHeight" : 0,
                      "MinWidth" : 0,
                      "Overlay" : false,
                      "OverlayIsTransparent" : false,
                      "ResponsiveLayout" : true,
                      "ShowDataLoading" : true,
                      "ShowExpandCollapseTab" : false,
                      "Style" : "PTC.SCA.SCO.NoStyle",
                      "TabCollapseStyle" : "DefaultTabCollapseStyle",
                      "TabExpandStyle" : "DefaultTabExpandStyle",
                      "TabHeight" : 36,
                      "TabLocation" : "center",
                      "TabOffset" : 0,
                      "TabWidth" : 36,
                      "Type" : "container",
                      "Visible" : true,
                      "Z-index" : 10,
                      "__TypeDisplayName" : "Container",
                      "userCannotRemove" : true
                    },
                    "Widgets" : [ {
                      "Properties" : {
                        "Area" : "UI",
                        "DisplayName" : "FooterPanel",
                        "Height" : 200,
                        "HideScrollbars" : false,
                        "HorizontalAnchor" : "left",
                        "Id" : "panel-20",
                        "LastContainer" : false,
                        "Left" : 190,
                        "ResponsiveLayout" : true,
                        "ShowDataLoading" : true,
                        "Style" : "PTC.SCA.SCO.NoStyle",
                        "Top" : 10,
                        "Type" : "panel",
                        "VerticalAnchor" : "top",
                        "Visible" : true,
                        "Width" : 300,
                        "Z-index" : 10,
                        "__TypeDisplayName" : "Panel"
                      },
                      "Widgets" : [ {
                        "Properties" : {
                          "ActiveStyle" : "PTC.Factory.Generic.ConfirmationPopupOkOrYesHover",
                          "Area" : "UI",
                          "CancelConfirmationButton" : "button2",
                          "ConfirmationButton1Label" : "Yes",
                          "ConfirmationButton2Label" : "No",
                          "ConfirmationPrompt" : "Do Action?",
                          "ConfirmationRequired" : false,
                          "ConfirmationTitle" : "Confirm Action",
                          "ContextId" : "",
                          "DefaultConfirmationButton" : "button1",
                          "Disabled" : false,
                          "DisabledStyle" : "PTC.Factory.Generic.DisableButton",
                          "DisplayName" : "btnPrint",
                          "FocusStyle" : "PTC.Factory.Generic.ConfirmationPopupOkOrYesHover",
                          "Height" : 32,
                          "HoverStyle" : "PTC.Factory.Generic.ConfirmationPopupOkOrYesHover",
                          "IconAlignment" : "left",
                          "Id" : "button-21",
                          "Label" : "[[PTC.Factory.PrintInstructions]]",
                          "LastContainer" : false,
                          "Left" : 224,
                          "ResponsiveLayout" : false,
                          "RoundedCorners" : false,
                          "ShowDataLoading" : true,
                          "SingleClickSelectOnTablets" : true,
                          "Style" : "PTC.Factory.Generic.ConfirmationPopupOkOrYes",
                          "TabSequence" : 0,
                          "ToolTipField" : "",
                          "ToolTipStyle" : "DefaultTooltipStyle",
                          "Top" : 0,
                          "Type" : "button",
                          "Visible" : true,
                          "Width" : 168,
                          "Z-index" : 10,
                          "__TypeDisplayName" : "Button",
                          "__supportsTooltip" : true
                        },
                        "Widgets" : [ ]
                      }, {
                        "Properties" : {
                          "ActiveStyle" : "PTC.Factory.Generic.ConfirmationPopupCancelOrNoHover",
                          "Area" : "UI",
                          "CancelConfirmationButton" : "button2",
                          "ConfirmationButton1Label" : "Yes",
                          "ConfirmationButton2Label" : "No",
                          "ConfirmationPrompt" : "Do Action?",
                          "ConfirmationRequired" : false,
                          "ConfirmationTitle" : "Confirm Action",
                          "ContextId" : "",
                          "DefaultConfirmationButton" : "button1",
                          "Disabled" : false,
                          "DisabledStyle" : "PTC.Factory.Generic.DisableButton",
                          "DisplayName" : "btnClose",
                          "FocusStyle" : "PTC.Factory.Generic.ConfirmationPopupCancelOrNoHover",
                          "Height" : 32,
                          "HoverStyle" : "PTC.Factory.Generic.ConfirmationPopupCancelOrNoHover",
                          "IconAlignment" : "left",
                          "Id" : "button-22",
                          "Label" : "[[PTC.Factory.Close]]",
                          "LastContainer" : false,
                          "Left" : 412,
                          "ResponsiveLayout" : false,
                          "RoundedCorners" : false,
                          "ShowDataLoading" : true,
                          "SingleClickSelectOnTablets" : true,
                          "Style" : "PTC.Factory.Generic.ConfirmationPopupCancelOrNo",
                          "TabSequence" : 0,
                          "ToolTipField" : "",
                          "ToolTipStyle" : "DefaultTooltipStyle",
                          "Top" : 0,
                          "Type" : "button",
                          "Visible" : true,
                          "Width" : 100,
                          "Z-index" : 10,
                          "__TypeDisplayName" : "Button",
                          "__supportsTooltip" : true
                        },
                        "Widgets" : [ ]
                      }, {
                        "Properties" : {
                          "Alignment" : "left",
                          "Area" : "UI",
                          "ClickOutsideToClose" : false,
                          "DisplayName" : "navigation-UIToPrint",
                          "FixedPopupHeight" : 0,
                          "FixedPopupWidth" : 0,
                          "Height" : 30,
                          "Icon" : "",
                          "IconAlignment" : "left",
                          "Id" : "navigation-45",
                          "LastContainer" : false,
                          "Left" : 100,
                          "MashupName" : "PTC.SCA.SCO.ControlsAdvisor.GenericInstructionMashup",
                          "MashupParameters" : [ {
                            "BaseType" : "STRING",
                            "Description" : "",
                            "ParameterName" : "thingName",
                            "ParmDef" : {
                              "aspects" : {
                                "ordinal" : "0"
                              },
                              "baseType" : "STRING",
                              "description" : "",
                              "name" : "thingName",
                              "ordinal" : 0
                            }
                          }, {
                            "BaseType" : "STRING",
                            "Description" : "",
                            "ParameterName" : "appKeyName",
                            "ParmDef" : {
                              "aspects" : {
                                "ordinal" : "1"
                              },
                              "baseType" : "STRING",
                              "description" : "",
                              "name" : "appKeyName",
                              "ordinal" : 0
                            }
                          }, {
                            "BaseType" : "BOOLEAN",
                            "Description" : "",
                            "ParameterName" : "printOnLoad",
                            "ParmDef" : {
                              "aspects" : {
                                "ordinal" : "2"
                              },
                              "baseType" : "BOOLEAN",
                              "description" : "",
                              "name" : "printOnLoad",
                              "ordinal" : 0
                            }
                          } ],
                          "MessageToShow" : "Mashup must be selected",
                          "ModalPopupOpacity" : 0.5,
                          "NavigationActiveStyle" : "DefaultNavigationActiveStyle",
                          "NavigationFocusStyle" : "DefaultNavigationFocusStyle",
                          "NavigationHoverStyle" : "DefaultNavigationHoverStyle",
                          "PopupScrolling" : "auto",
                          "PopupTitle" : "",
                          "PopupTitleStyle" : "DefaultPopupTitleStyle",
                          "ReloadOnReplace" : false,
                          "ResponsiveLayout" : false,
                          "RoundedCorners" : true,
                          "ShowCloseButton" : true,
                          "ShowDataLoading" : true,
                          "ShowMessageIfNoMashup" : false,
                          "SingleClickSelectOnTablets" : true,
                          "Style" : "DefaultNavigationStyle",
                          "TabSequence" : 0,
                          "TargetWindow" : "new",
                          "Text" : "Mashup Link",
                          "ToolTipField" : "",
                          "ToolTipStyle" : "DefaultTooltipStyle",
                          "Top" : 5,
                          "Transparent" : false,
                          "Type" : "navigation",
                          "Visible" : false,
                          "Width" : 35,
                          "Z-index" : 10,
                          "__TypeDisplayName" : "Navigation",
                          "__supportsTooltip" : true,
                          "printOnLoad" : true
                        },
                        "Widgets" : [ ]
                      } ]
                    } ]
                  } ]
                } ]
              },
              "mashupType" : "mashup"
            }
            ]]>
            </mashupContent>
            <preview></preview>
        </Mashup>
    </Mashups>
</Entities>
