<?xml version="1.0" encoding="UTF-8"?>
<Entities
 build="b1213"
 majorVersion="8"
 minorVersion="4"
 modelPersistenceProviderPackage="PostgresPersistenceProviderPackage"
 revision="0"
 schemaVersion="1040"
 universal="">
    <Mashups>
        <Mashup
         aspect.isEditableExtensionObject="false"
         aspect.isExtension="true"
         aspect.isResponsive="false"
         aspect.mashupType="mashup"
         columns="0.0"
         description="Displays a device property tag {PTC.SCA.Mfg.KepServerMonitor.DevicePropertyTagMashup}"
         documentationContent=""
         homeMashup=""
         lastModifiedDate="2018-10-17T16:34:24.377-04:00"
         name="PTC.SCA.Mfg.KepServerMonitor.DevicePropertyTagMashup"
         projectName="PTC.SCA.SCO.KEPServerEX Monitor"
         rows="0.0"
         tags="PTC:sca-sco;PTC:Mashup;PTC:sca-sco-kepserverexmonitor">
            <avatar></avatar>
            <DesignTimePermissions>
                <Create></Create>
                <Read></Read>
                <Update></Update>
                <Delete></Delete>
                <Metadata></Metadata>
            </DesignTimePermissions>
            <RunTimePermissions></RunTimePermissions>
            <VisibilityPermissions>
                <Visibility>
                    <Principal
                     isPermitted="true"
                     name="PTC.Factory.MachineVisibility:KEPServerMonitoring"
                     type="OrganizationalUnit"></Principal>
                </Visibility>
            </VisibilityPermissions>
            <ConfigurationTableDefinitions></ConfigurationTableDefinitions>
            <ConfigurationTables></ConfigurationTables>
            <ParameterDefinitions>
                <FieldDefinition
                 aspect.ordinal="7"
                 baseType="STRING"
                 description=""
                 name="deviceName"
                 ordinal="0"></FieldDefinition>
                <FieldDefinition
                 aspect.ordinal="9"
                 baseType="BOOLEAN"
                 description=""
                 name="isConn"
                 ordinal="0"></FieldDefinition>
                <FieldDefinition
                 aspect.ordinal="6"
                 baseType="BOOLEAN"
                 description=""
                 name="isEditing"
                 ordinal="0"></FieldDefinition>
                <FieldDefinition
                 aspect.ordinal="5"
                 baseType="BOOLEAN"
                 description=""
                 name="isReadOnly"
                 ordinal="0"></FieldDefinition>
                <FieldDefinition
                 aspect.ordinal="0"
                 baseType="STRING"
                 description=""
                 name="label"
                 ordinal="0"></FieldDefinition>
                <FieldDefinition
                 aspect.ordinal="8"
                 baseType="STRING"
                 description=""
                 name="nonTagPropertyInput"
                 ordinal="0"></FieldDefinition>
                <FieldDefinition
                 aspect.ordinal="3"
                 baseType="STRING"
                 description=""
                 name="propertyName"
                 ordinal="0"></FieldDefinition>
                <FieldDefinition
                 aspect.ordinal="2"
                 baseType="STRING"
                 description=""
                 name="sourceName"
                 ordinal="0"></FieldDefinition>
                <FieldDefinition
                 aspect.dataShape="PTC.SCA.SCO.ServerTagDataShape"
                 aspect.ordinal="1"
                 baseType="INFOTABLE"
                 description=""
                 name="tagInfo"
                 ordinal="0"></FieldDefinition>
                <FieldDefinition
                 aspect.ordinal="4"
                 baseType="STRING"
                 description=""
                 name="typeFilter"
                 ordinal="0"></FieldDefinition>
            </ParameterDefinitions>
            <Things>
                <Thing>PTC.Factory.DeviceUtils</Thing>
            </Things>
            <ThingShapes></ThingShapes>
            <ThingTemplates></ThingTemplates>
            <mashupContent>
            <![CDATA[
            {
              "Data" : {
                "Resources_PTC.Factory.CommonUtilities" : {
                  "DataName" : "Resources_PTC.Factory.CommonUtilities",
                  "EntityName" : "PTC.Factory.CommonUtilities",
                  "EntityType" : "Resources",
                  "Id" : "cdcb67da-79be-490b-a5a2-9931952b8701",
                  "Services" : [ {
                    "APIMethod" : "post",
                    "Characteristic" : "Services",
                    "Id" : "c8f251f7-42a3-4ee8-95f4-32be3f1a9fa5",
                    "Name" : "SafeFlipBoolean",
                    "Parameters" : { },
                    "RefreshInterval" : 0,
                    "Target" : "SafeFlipBoolean"
                  }, {
                    "APIMethod" : "post",
                    "Characteristic" : "Services",
                    "Id" : "1a72266d-5416-4954-bbee-dee3edb8e1df",
                    "Name" : "SetFalse",
                    "Parameters" : { },
                    "RefreshInterval" : 0,
                    "Target" : "SetFalse"
                  } ]
                },
                "Session" : {
                  "DataName" : "Session",
                  "EntityName" : "",
                  "EntityType" : "Session",
                  "Id" : "session",
                  "Services" : [ {
                    "APIMethod" : "post",
                    "Characteristic" : "Services",
                    "Id" : "SessionInterface",
                    "Name" : "GetGlobalSessionValues",
                    "Parameters" : { },
                    "RefreshInterval" : 0,
                    "Target" : "GetGlobalSessionValues"
                  } ]
                },
                "Things_PTC.Factory.DeviceUtils" : {
                  "DataName" : "Things_PTC.Factory.DeviceUtils",
                  "EntityName" : "PTC.Factory.DeviceUtils",
                  "EntityType" : "Things",
                  "Id" : "43cdd20f-1bbc-46cf-8856-ff03c0cd24c0",
                  "Services" : [ {
                    "APIMethod" : "post",
                    "Characteristic" : "Services",
                    "Id" : "a2b7ad1f-5c2e-44d6-a485-be6e69608234",
                    "Name" : "getCurrentPropertyReadableTagName",
                    "Parameters" : { },
                    "RefreshInterval" : 0,
                    "Target" : "getCurrentPropertyReadableTagName"
                  }, {
                    "APIMethod" : "post",
                    "Characteristic" : "Services",
                    "Id" : "932fc71e-f577-42b5-a1c5-810573acd46e",
                    "Name" : "GetTagInfoAndReadableLabel",
                    "Parameters" : { },
                    "RefreshInterval" : 0,
                    "Target" : "GetTagInfoAndReadableLabel"
                  } ]
                },
                "UserExtensions" : {
                  "DataName" : "UserExtensions",
                  "EntityName" : "",
                  "EntityType" : "UserExtensions",
                  "Id" : "UserExtensions",
                  "Services" : [ {
                    "APIMethod" : "post",
                    "Characteristic" : "Services",
                    "Id" : "UserExtensionInterface",
                    "Name" : "GetCurrentUserExtensionProperties",
                    "Parameters" : { },
                    "RefreshInterval" : 0,
                    "Target" : "GetCurrentUserExtensionProperties"
                  } ]
                }
              },
              "DataBindings" : [ {
                "Id" : "909c47b9-6f65-420e-b24b-e905c4b232a1",
                "PropertyMaps" : [ {
                  "SourceProperty" : "label",
                  "SourcePropertyBaseType" : "STRING",
                  "SourcePropertyType" : "Property",
                  "TargetProperty" : "Text",
                  "TargetPropertyBaseType" : "STRING",
                  "TargetPropertyType" : "property"
                } ],
                "SourceArea" : "Mashup",
                "SourceId" : "mashup-root",
                "SourceSection" : "",
                "TargetArea" : "UI",
                "TargetId" : "label-1",
                "TargetSection" : ""
              }, {
                "Id" : "f96ab576-f813-4d01-8cdc-c360f87602c8",
                "PropertyMaps" : [ {
                  "SourceProperty" : "State",
                  "SourcePropertyBaseType" : "BOOLEAN",
                  "TargetProperty" : "value",
                  "TargetPropertyBaseType" : "BOOLEAN",
                  "TargetPropertyType" : "Parameter"
                } ],
                "SourceArea" : "UI",
                "SourceId" : "checkbox-11",
                "SourceSection" : "",
                "TargetArea" : "Data",
                "TargetId" : "SafeFlipBoolean",
                "TargetSection" : "Resources_PTC.Factory.CommonUtilities"
              }, {
                "Id" : "3ebb1bdf-f32c-44dc-a65c-073da39deb20",
                "PropertyMaps" : [ {
                  "SourceProperty" : "State",
                  "SourcePropertyBaseType" : "BOOLEAN",
                  "SourcePropertyType" : "Property",
                  "TargetProperty" : "currentlyClearing",
                  "TargetPropertyBaseType" : "BOOLEAN",
                  "TargetPropertyType" : "property"
                } ],
                "SourceArea" : "UI",
                "SourceId" : "checkbox-11",
                "SourceSection" : "",
                "TargetArea" : "UI",
                "TargetId" : "validator-13",
                "TargetSection" : ""
              }, {
                "Id" : "1e8bdef8-ecba-499c-8c53-c96ba104ba3a",
                "PropertyMaps" : [ {
                  "SourceProperty" : "Result",
                  "SourcePropertyBaseType" : "BOOLEAN",
                  "SourcePropertyType" : "Field",
                  "TargetProperty" : "State",
                  "TargetPropertyBaseType" : "BOOLEAN",
                  "TargetPropertyType" : "property"
                } ],
                "SourceArea" : "Data",
                "SourceDetails" : "AllData",
                "SourceId" : "SafeFlipBoolean",
                "SourceSection" : "Resources_PTC.Factory.CommonUtilities",
                "TargetArea" : "UI",
                "TargetId" : "checkbox-11",
                "TargetSection" : ""
              }, {
                "Id" : "a6babc1b-6cec-4011-b234-9f2fda6a8f59",
                "PropertyMaps" : [ {
                  "SourceProperty" : "State",
                  "SourcePropertyBaseType" : "BOOLEAN",
                  "SourcePropertyType" : "Property",
                  "TargetProperty" : "isClear",
                  "TargetPropertyBaseType" : "BOOLEAN",
                  "TargetPropertyType" : "property"
                } ],
                "SourceArea" : "UI",
                "SourceId" : "checkbox-11",
                "SourceSection" : "",
                "TargetArea" : "UI",
                "TargetId" : "validator-12",
                "TargetSection" : ""
              }, {
                "Id" : "a850128d-3437-40c1-ab33-ed2073753076",
                "PropertyMaps" : [ {
                  "SourceProperty" : "typeFilter",
                  "SourcePropertyBaseType" : "STRING",
                  "SourcePropertyType" : "Property",
                  "TargetProperty" : "typeFilter",
                  "TargetPropertyBaseType" : "STRING",
                  "TargetPropertyType" : "property"
                } ],
                "SourceArea" : "Mashup",
                "SourceId" : "mashup-root",
                "SourceSection" : "",
                "TargetArea" : "UI",
                "TargetId" : "navigation-5",
                "TargetSection" : ""
              }, {
                "Id" : "fd7c407f-d96b-42c0-bbf7-2337536b16cc",
                "PropertyMaps" : [ {
                  "SourceProperty" : "Output",
                  "SourcePropertyBaseType" : "BOOLEAN",
                  "SourcePropertyType" : "Property",
                  "TargetProperty" : "Visible",
                  "TargetPropertyBaseType" : "BOOLEAN",
                  "TargetPropertyType" : "property"
                } ],
                "SourceArea" : "UI",
                "SourceId" : "validator-16",
                "SourceSection" : "",
                "TargetArea" : "UI",
                "TargetId" : "textbox-2",
                "TargetSection" : ""
              }, {
                "Id" : "359740a2-aaad-474f-87be-53e3131467b8",
                "PropertyMaps" : [ {
                  "SourceProperty" : "isReadOnly",
                  "SourcePropertyBaseType" : "BOOLEAN",
                  "SourcePropertyType" : "Property",
                  "TargetProperty" : "readOnly",
                  "TargetPropertyBaseType" : "BOOLEAN",
                  "TargetPropertyType" : "property"
                } ],
                "SourceArea" : "Mashup",
                "SourceId" : "mashup-root",
                "SourceSection" : "",
                "TargetArea" : "UI",
                "TargetId" : "validator-18",
                "TargetSection" : ""
              }, {
                "Id" : "878c2787-7884-46ac-b26f-ca3838e63e0e",
                "PropertyMaps" : [ {
                  "SourceProperty" : "Output",
                  "SourcePropertyBaseType" : "BOOLEAN",
                  "TargetProperty" : "Visible",
                  "TargetPropertyBaseType" : "BOOLEAN"
                } ],
                "SourceArea" : "UI",
                "SourceId" : "validator-18",
                "SourceSection" : "",
                "TargetArea" : "UI",
                "TargetId" : "textbox-15",
                "TargetSection" : ""
              }, {
                "Id" : "6ba4fa50-b57b-4e58-b05a-19653bd9602b",
                "PropertyMaps" : [ {
                  "SourceProperty" : "isReadOnly",
                  "SourcePropertyBaseType" : "BOOLEAN",
                  "SourcePropertyType" : "Property",
                  "TargetProperty" : "isReadOnly",
                  "TargetPropertyBaseType" : "BOOLEAN",
                  "TargetPropertyType" : "property"
                } ],
                "SourceArea" : "Mashup",
                "SourceId" : "mashup-root",
                "SourceSection" : "",
                "TargetArea" : "UI",
                "TargetId" : "validator-16",
                "TargetSection" : ""
              }, {
                "Id" : "7bcedb22-859a-48b8-91fd-e9c7b330724f",
                "PropertyMaps" : [ {
                  "SourceProperty" : "Output",
                  "SourcePropertyBaseType" : "BOOLEAN",
                  "SourcePropertyType" : "Property",
                  "TargetProperty" : "showingTag",
                  "TargetPropertyBaseType" : "BOOLEAN",
                  "TargetPropertyType" : "property"
                } ],
                "SourceArea" : "UI",
                "SourceId" : "validator-16",
                "SourceSection" : "",
                "TargetArea" : "UI",
                "TargetId" : "validator-18",
                "TargetSection" : ""
              }, {
                "Id" : "baad54c0-ca44-4777-9df6-a85012da6dd5",
                "PropertyMaps" : [ {
                  "SourceProperty" : "deviceName",
                  "SourcePropertyBaseType" : "STRING",
                  "TargetProperty" : "deviceName",
                  "TargetPropertyBaseType" : "STRING",
                  "TargetPropertyType" : "Parameter"
                } ],
                "SourceArea" : "Mashup",
                "SourceId" : "mashup-root",
                "SourceSection" : "",
                "TargetArea" : "Data",
                "TargetId" : "getCurrentPropertyReadableTagName",
                "TargetSection" : "Things_PTC.Factory.DeviceUtils"
              }, {
                "Id" : "f886df17-ce6a-4184-aae3-c68237cd1ce3",
                "PropertyMaps" : [ {
                  "SourceProperty" : "propertyName",
                  "SourcePropertyBaseType" : "STRING",
                  "TargetProperty" : "propertyName",
                  "TargetPropertyBaseType" : "STRING",
                  "TargetPropertyType" : "Parameter"
                } ],
                "SourceArea" : "Mashup",
                "SourceId" : "mashup-root",
                "SourceSection" : "",
                "TargetArea" : "Data",
                "TargetId" : "getCurrentPropertyReadableTagName",
                "TargetSection" : "Things_PTC.Factory.DeviceUtils"
              }, {
                "Id" : "b1e6c64d-7a41-47e2-9d96-d28a65dc7c3e",
                "PropertyMaps" : [ {
                  "SourceProperty" : "sourceName",
                  "SourcePropertyBaseType" : "STRING",
                  "TargetProperty" : "serverName",
                  "TargetPropertyBaseType" : "STRING",
                  "TargetPropertyType" : "Parameter"
                } ],
                "SourceArea" : "Mashup",
                "SourceId" : "mashup-root",
                "SourceSection" : "",
                "TargetArea" : "Data",
                "TargetId" : "getCurrentPropertyReadableTagName",
                "TargetSection" : "Things_PTC.Factory.DeviceUtils"
              }, {
                "Id" : "f9d166d3-ff97-43d6-b706-a8487b2ceb00",
                "PropertyMaps" : [ {
                  "SourceProperty" : "isEditing",
                  "SourcePropertyBaseType" : "BOOLEAN",
                  "SourcePropertyType" : "Property",
                  "TargetProperty" : "isEdit",
                  "TargetPropertyBaseType" : "BOOLEAN",
                  "TargetPropertyType" : "property"
                } ],
                "SourceArea" : "Mashup",
                "SourceId" : "mashup-root",
                "SourceSection" : "",
                "TargetArea" : "UI",
                "TargetId" : "validator-19",
                "TargetSection" : ""
              }, {
                "Id" : "4e06f5cf-fb75-4635-baef-942281d351e2",
                "PropertyMaps" : [ {
                  "SourceProperty" : "okClicked",
                  "SourcePropertyBaseType" : "BOOLEAN",
                  "TargetProperty" : "addOkClicked",
                  "TargetPropertyBaseType" : "BOOLEAN",
                  "TargetPropertyType" : "Parameter"
                } ],
                "SourceArea" : "UI",
                "SourceId" : "navigation-5",
                "SourceSection" : "",
                "TargetArea" : "Data",
                "TargetId" : "GetTagInfoAndReadableLabel",
                "TargetSection" : "Things_PTC.Factory.DeviceUtils"
              }, {
                "Id" : "6b190eaa-908e-486d-8e0b-9caaf789760d",
                "PropertyMaps" : [ {
                  "SourceProperty" : "sourceName",
                  "SourcePropertyBaseType" : "STRING",
                  "TargetProperty" : "sourceName",
                  "TargetPropertyBaseType" : "STRING",
                  "TargetPropertyType" : "Parameter"
                } ],
                "SourceArea" : "Mashup",
                "SourceId" : "mashup-root",
                "SourceSection" : "",
                "TargetArea" : "Data",
                "TargetId" : "GetTagInfoAndReadableLabel",
                "TargetSection" : "Things_PTC.Factory.DeviceUtils"
              }, {
                "Id" : "0c85f1d0-20ea-49ac-a2ce-b604a668f289",
                "PropertyMaps" : [ {
                  "SourceProperty" : "selectedTags",
                  "SourcePropertyBaseType" : "INFOTABLE",
                  "TargetProperty" : "selectedPropertyTags",
                  "TargetPropertyBaseType" : "INFOTABLE",
                  "TargetPropertyType" : "Parameter"
                } ],
                "SourceArea" : "UI",
                "SourceDetails" : "AllData",
                "SourceId" : "navigation-5",
                "SourceSection" : "",
                "TargetArea" : "Data",
                "TargetId" : "GetTagInfoAndReadableLabel",
                "TargetSection" : "Things_PTC.Factory.DeviceUtils"
              }, {
                "Id" : "28e3364a-3b77-482a-9919-fbd4613f8db8",
                "PropertyMaps" : [ {
                  "SourceProperty" : "State",
                  "SourcePropertyBaseType" : "BOOLEAN",
                  "TargetProperty" : "clearClicked",
                  "TargetPropertyBaseType" : "BOOLEAN",
                  "TargetPropertyType" : "Parameter"
                } ],
                "SourceArea" : "UI",
                "SourceId" : "checkbox-11",
                "SourceSection" : "",
                "TargetArea" : "Data",
                "TargetId" : "GetTagInfoAndReadableLabel",
                "TargetSection" : "Things_PTC.Factory.DeviceUtils"
              }, {
                "Id" : "cf8c2aae-7ec2-4698-a98a-4a07542507ad",
                "PropertyMaps" : [ {
                  "SourceProperty" : "propertyName",
                  "SourcePropertyBaseType" : "STRING",
                  "TargetProperty" : "propertyName",
                  "TargetPropertyBaseType" : "STRING",
                  "TargetPropertyType" : "Parameter"
                } ],
                "SourceArea" : "Mashup",
                "SourceId" : "mashup-root",
                "SourceSection" : "",
                "TargetArea" : "Data",
                "TargetId" : "GetTagInfoAndReadableLabel",
                "TargetSection" : "Things_PTC.Factory.DeviceUtils"
              }, {
                "Id" : "47f76c3d-a28d-48d9-9b71-b561e49cd67a",
                "PropertyMaps" : [ {
                  "SourceProperty" : "tagInfo",
                  "SourcePropertyBaseType" : "INFOTABLE",
                  "TargetProperty" : "readableTagProperties",
                  "TargetPropertyBaseType" : "INFOTABLE",
                  "TargetPropertyType" : "Parameter"
                } ],
                "SourceArea" : "Mashup",
                "SourceDetails" : "AllData",
                "SourceId" : "mashup-root",
                "SourceSection" : "",
                "TargetArea" : "Data",
                "TargetId" : "GetTagInfoAndReadableLabel",
                "TargetSection" : "Things_PTC.Factory.DeviceUtils"
              }, {
                "Id" : "9c3ca62d-f656-4941-9131-430c081cb7f7",
                "PropertyMaps" : [ {
                  "SourceProperty" : "Result",
                  "SourcePropertyBaseType" : "STRING",
                  "TargetProperty" : "currentValue",
                  "TargetPropertyBaseType" : "STRING",
                  "TargetPropertyType" : "Parameter"
                } ],
                "SourceArea" : "Data",
                "SourceDetails" : "AllData",
                "SourceId" : "getCurrentPropertyReadableTagName",
                "SourceSection" : "Things_PTC.Factory.DeviceUtils",
                "TargetArea" : "Data",
                "TargetId" : "GetTagInfoAndReadableLabel",
                "TargetSection" : "Things_PTC.Factory.DeviceUtils"
              }, {
                "Id" : "88cd3505-b792-4532-9e3b-36375791e509",
                "PropertyMaps" : [ {
                  "SourceProperty" : "",
                  "SourcePropertyBaseType" : "INFOTABLE",
                  "SourcePropertyType" : "InfoTable",
                  "TargetProperty" : "tagInfo",
                  "TargetPropertyBaseType" : "INFOTABLE",
                  "TargetPropertyType" : "property"
                } ],
                "SourceArea" : "Data",
                "SourceDetails" : "AllData",
                "SourceId" : "GetTagInfoAndReadableLabel",
                "SourceSection" : "Things_PTC.Factory.DeviceUtils",
                "TargetArea" : "Mashup",
                "TargetId" : "mashup-root",
                "TargetSection" : ""
              }, {
                "Id" : "0654206b-06c9-41b2-95ab-85dfbfeaf5f4",
                "PropertyMaps" : [ {
                  "SourceProperty" : "readableTagName",
                  "SourcePropertyBaseType" : "STRING",
                  "SourcePropertyType" : "Field",
                  "TargetProperty" : "Text",
                  "TargetPropertyBaseType" : "STRING",
                  "TargetPropertyType" : "property"
                } ],
                "SourceArea" : "Data",
                "SourceDetails" : "AllData",
                "SourceId" : "GetTagInfoAndReadableLabel",
                "SourceSection" : "Things_PTC.Factory.DeviceUtils",
                "TargetArea" : "UI",
                "TargetId" : "textbox-2",
                "TargetSection" : ""
              }, {
                "Id" : "3a106a1e-fc7f-45f6-afa7-b35d48c23d8b",
                "PropertyMaps" : [ {
                  "SourceProperty" : "readableTagName",
                  "SourcePropertyBaseType" : "STRING",
                  "SourcePropertyType" : "Field",
                  "TargetProperty" : "readableTag",
                  "TargetPropertyBaseType" : "STRING",
                  "TargetPropertyType" : "property"
                } ],
                "SourceArea" : "Data",
                "SourceDetails" : "AllData",
                "SourceId" : "GetTagInfoAndReadableLabel",
                "SourceSection" : "Things_PTC.Factory.DeviceUtils",
                "TargetArea" : "UI",
                "TargetId" : "validator-16",
                "TargetSection" : ""
              }, {
                "Id" : "0302814e-6b00-44f6-bb86-0a8f42bceb37",
                "PropertyMaps" : [ {
                  "SourceProperty" : "Result",
                  "SourcePropertyBaseType" : "STRING",
                  "SourcePropertyType" : "Field",
                  "TargetProperty" : "Text",
                  "TargetPropertyBaseType" : "STRING",
                  "TargetPropertyType" : "property"
                } ],
                "SourceArea" : "Data",
                "SourceDetails" : "AllData",
                "SourceId" : "getCurrentPropertyReadableTagName",
                "SourceSection" : "Things_PTC.Factory.DeviceUtils",
                "TargetArea" : "UI",
                "TargetId" : "textbox-15",
                "TargetSection" : ""
              }, {
                "Id" : "65e08379-93a3-4215-bb31-6c7f689dc16c",
                "PropertyMaps" : [ {
                  "SourceProperty" : "Result",
                  "SourcePropertyBaseType" : "BOOLEAN",
                  "SourcePropertyType" : "Field",
                  "TargetProperty" : "State",
                  "TargetPropertyBaseType" : "BOOLEAN",
                  "TargetPropertyType" : "property"
                } ],
                "SourceArea" : "Data",
                "SourceDetails" : "AllData",
                "SourceId" : "SetFalse",
                "SourceSection" : "Resources_PTC.Factory.CommonUtilities",
                "TargetArea" : "UI",
                "TargetId" : "checkbox-20",
                "TargetSection" : ""
              }, {
                "Id" : "5234a37a-e057-4d15-9fcb-11854fef73bf",
                "PropertyMaps" : [ {
                  "SourceProperty" : "State",
                  "SourcePropertyBaseType" : "BOOLEAN",
                  "TargetProperty" : "isFirstTime",
                  "TargetPropertyBaseType" : "BOOLEAN",
                  "TargetPropertyType" : "Parameter"
                } ],
                "SourceArea" : "UI",
                "SourceId" : "checkbox-20",
                "SourceSection" : "",
                "TargetArea" : "Data",
                "TargetId" : "GetTagInfoAndReadableLabel",
                "TargetSection" : "Things_PTC.Factory.DeviceUtils"
              }, {
                "Id" : "7941d9ba-4ecc-43b4-b568-0e1955ce8f45",
                "PropertyMaps" : [ {
                  "SourceProperty" : "readableTagName",
                  "SourcePropertyBaseType" : "STRING",
                  "SourcePropertyType" : "Field",
                  "TargetProperty" : "ToolTipField",
                  "TargetPropertyBaseType" : "STRING",
                  "TargetPropertyType" : "property"
                } ],
                "SourceArea" : "Data",
                "SourceDetails" : "AllData",
                "SourceId" : "GetTagInfoAndReadableLabel",
                "SourceSection" : "Things_PTC.Factory.DeviceUtils",
                "TargetArea" : "UI",
                "TargetId" : "textbox-2",
                "TargetSection" : ""
              }, {
                "Id" : "14cd94f1-b680-46cb-bf6c-4cab407a4a17",
                "PropertyMaps" : [ {
                  "SourceProperty" : "isReadOnly",
                  "SourcePropertyBaseType" : "BOOLEAN",
                  "TargetProperty" : "tagOnly",
                  "TargetPropertyBaseType" : "BOOLEAN",
                  "TargetPropertyType" : "Parameter"
                } ],
                "SourceArea" : "Mashup",
                "SourceId" : "mashup-root",
                "SourceSection" : "",
                "TargetArea" : "Data",
                "TargetId" : "getCurrentPropertyReadableTagName",
                "TargetSection" : "Things_PTC.Factory.DeviceUtils"
              }, {
                "Id" : "ce58018d-d3b1-4983-a726-45d4c5844915",
                "PropertyMaps" : [ {
                  "SourceProperty" : "Text",
                  "SourcePropertyBaseType" : "STRING",
                  "SourcePropertyType" : "Property",
                  "TargetProperty" : "nonTagPropertyInput",
                  "TargetPropertyBaseType" : "STRING",
                  "TargetPropertyType" : "property"
                } ],
                "SourceArea" : "UI",
                "SourceId" : "textbox-15",
                "SourceSection" : "",
                "TargetArea" : "Mashup",
                "TargetId" : "mashup-root",
                "TargetSection" : ""
              }, {
                "Id" : "14568324-7646-4f8e-abe7-dde38ff175bb",
                "PropertyMaps" : [ {
                  "SourceProperty" : "sourceName",
                  "SourcePropertyBaseType" : "STRING",
                  "SourcePropertyType" : "Property",
                  "TargetProperty" : "filterName",
                  "TargetPropertyBaseType" : "STRING",
                  "TargetPropertyType" : "property"
                } ],
                "SourceArea" : "Mashup",
                "SourceId" : "mashup-root",
                "SourceSection" : "",
                "TargetArea" : "UI",
                "TargetId" : "navigation-5",
                "TargetSection" : ""
              }, {
                "Id" : "bde81a8f-1d13-4faf-946d-bfd9ce83d55d",
                "PropertyMaps" : [ {
                  "SourceProperty" : "isConn",
                  "SourcePropertyBaseType" : "BOOLEAN",
                  "SourcePropertyType" : "Property",
                  "TargetProperty" : "isConn",
                  "TargetPropertyBaseType" : "BOOLEAN",
                  "TargetPropertyType" : "property"
                } ],
                "SourceArea" : "Mashup",
                "SourceId" : "mashup-root",
                "SourceSection" : "",
                "TargetArea" : "UI",
                "TargetId" : "validator-21",
                "TargetSection" : ""
              }, {
                "Id" : "bc592588-f420-4d05-b133-7fa047b9dd4e",
                "PropertyMaps" : [ {
                  "SourceProperty" : "Output",
                  "SourcePropertyBaseType" : "BOOLEAN",
                  "TargetProperty" : "CustomClass",
                  "TargetPropertyBaseType" : "STRING"
                } ],
                "SourceArea" : "UI",
                "SourceId" : "validator-21",
                "SourceSection" : "",
                "TargetArea" : "UI",
                "TargetId" : "button-22",
                "TargetSection" : ""
              }, {
                "Id" : "1a6ed9c1-9d5f-4ee7-90c6-6670bebd8e17",
                "PropertyMaps" : [ {
                  "SourceProperty" : "isConn",
                  "SourcePropertyBaseType" : "BOOLEAN",
                  "TargetProperty" : "Visible",
                  "TargetPropertyBaseType" : "BOOLEAN"
                } ],
                "SourceArea" : "Mashup",
                "SourceId" : "mashup-root",
                "SourceSection" : "",
                "TargetArea" : "UI",
                "TargetId" : "button-6",
                "TargetSection" : ""
              } ],
              "DesignTimePermissions" : {
                "Create" : [ ],
                "Delete" : [ ],
                "Metadata" : [ ],
                "Read" : [ ],
                "Update" : [ ]
              },
              "Events" : [ {
                "EventHandlerArea" : "UI",
                "EventHandlerId" : "navigation-5",
                "EventHandlerService" : "Navigate",
                "EventTriggerArea" : "UI",
                "EventTriggerEvent" : "Clicked",
                "EventTriggerId" : "button-6",
                "EventTriggerSection" : "",
                "Id" : "32e9bd32-8e62-40de-bafb-0023aab993f4"
              }, {
                "EventHandlerArea" : "Data",
                "EventHandlerId" : "Resources_PTC.Factory.CommonUtilities",
                "EventHandlerService" : "SafeFlipBoolean",
                "EventTriggerArea" : "UI",
                "EventTriggerEvent" : "Clicked",
                "EventTriggerId" : "button-7",
                "EventTriggerSection" : "",
                "Id" : "3c604efc-32a1-4b6c-bad3-01711ee159dd"
              }, {
                "EventHandlerArea" : "Data",
                "EventHandlerId" : "Resources_PTC.Factory.CommonUtilities",
                "EventHandlerService" : "SafeFlipBoolean",
                "EventTriggerArea" : "UI",
                "EventTriggerEvent" : "True",
                "EventTriggerId" : "validator-13",
                "EventTriggerSection" : "",
                "Id" : "99f49b49-a651-45b1-aab0-ff145f34ef53"
              }, {
                "EventHandlerArea" : "UI",
                "EventHandlerId" : "validator-16",
                "EventHandlerService" : "Evaluate",
                "EventTriggerArea" : "Mashup",
                "EventTriggerEvent" : "Loaded",
                "EventTriggerId" : "mashup-root",
                "EventTriggerSection" : "",
                "Id" : "cdebe1ac-fcf9-4dc4-8338-6c6d65d440c9"
              }, {
                "EventHandlerArea" : "UI",
                "EventHandlerId" : "validator-18",
                "EventHandlerService" : "Evaluate",
                "EventTriggerArea" : "Mashup",
                "EventTriggerEvent" : "Loaded",
                "EventTriggerId" : "mashup-root",
                "EventTriggerSection" : "",
                "Id" : "b6aafc45-15db-43dc-ba29-44be7bb71d03"
              }, {
                "EventHandlerArea" : "UI",
                "EventHandlerId" : "validator-18",
                "EventHandlerService" : "Evaluate",
                "EventTriggerArea" : "UI",
                "EventTriggerEvent" : "True",
                "EventTriggerId" : "validator-16",
                "EventTriggerSection" : "",
                "Id" : "e043fc5e-020c-46b2-a864-20e81959a021"
              }, {
                "EventHandlerArea" : "UI",
                "EventHandlerId" : "validator-18",
                "EventHandlerService" : "Evaluate",
                "EventTriggerArea" : "UI",
                "EventTriggerEvent" : "False",
                "EventTriggerId" : "validator-16",
                "EventTriggerSection" : "",
                "Id" : "3d769423-971e-48fb-a55c-6bb679408978"
              }, {
                "EventHandlerArea" : "UI",
                "EventHandlerId" : "validator-19",
                "EventHandlerService" : "Evaluate",
                "EventTriggerArea" : "Mashup",
                "EventTriggerEvent" : "Loaded",
                "EventTriggerId" : "mashup-root",
                "EventTriggerSection" : "",
                "Id" : "9b102a99-edbb-4c79-babc-01af23d7217c"
              }, {
                "EventHandlerArea" : "Data",
                "EventHandlerId" : "Things_PTC.Factory.DeviceUtils",
                "EventHandlerService" : "getCurrentPropertyReadableTagName",
                "EventTriggerArea" : "UI",
                "EventTriggerEvent" : "True",
                "EventTriggerId" : "validator-19",
                "EventTriggerSection" : "",
                "Id" : "814f123d-a42b-4705-aa2b-6b8056eda99f"
              }, {
                "EventHandlerArea" : "Data",
                "EventHandlerId" : "Things_PTC.Factory.DeviceUtils",
                "EventHandlerService" : "GetTagInfoAndReadableLabel",
                "EventTriggerArea" : "UI",
                "EventTriggerEvent" : "PopupClosed",
                "EventTriggerId" : "navigation-5",
                "EventTriggerSection" : "",
                "Id" : "77473ecf-9786-451d-aefa-8ba30422dd84"
              }, {
                "EventHandlerArea" : "Data",
                "EventHandlerId" : "Things_PTC.Factory.DeviceUtils",
                "EventHandlerService" : "GetTagInfoAndReadableLabel",
                "EventTriggerArea" : "UI",
                "EventTriggerEvent" : "True",
                "EventTriggerId" : "validator-12",
                "EventTriggerSection" : "",
                "Id" : "d7ba830c-fd80-44cc-8dc7-5ab80fa93b62"
              }, {
                "EventHandlerArea" : "UI",
                "EventHandlerId" : "validator-13",
                "EventHandlerService" : "Evaluate",
                "EventTriggerArea" : "Data",
                "EventTriggerEvent" : "ServiceInvokeCompleted",
                "EventTriggerId" : "GetTagInfoAndReadableLabel",
                "EventTriggerSection" : "Things_PTC.Factory.DeviceUtils",
                "Id" : "8910e053-7021-45d3-bb8f-15e26a816130"
              }, {
                "EventHandlerArea" : "UI",
                "EventHandlerId" : "validator-16",
                "EventHandlerService" : "Evaluate",
                "EventTriggerArea" : "Data",
                "EventTriggerEvent" : "ServiceInvokeCompleted",
                "EventTriggerId" : "GetTagInfoAndReadableLabel",
                "EventTriggerSection" : "Things_PTC.Factory.DeviceUtils",
                "Id" : "a192a695-6557-49c4-958d-f5e40975f97c"
              }, {
                "EventHandlerArea" : "Data",
                "EventHandlerId" : "Things_PTC.Factory.DeviceUtils",
                "EventHandlerService" : "GetTagInfoAndReadableLabel",
                "EventTriggerArea" : "Data",
                "EventTriggerEvent" : "ServiceInvokeCompleted",
                "EventTriggerId" : "getCurrentPropertyReadableTagName",
                "EventTriggerSection" : "Things_PTC.Factory.DeviceUtils",
                "Id" : "77e000d5-9827-4006-b57a-c42ab29733a8"
              }, {
                "EventHandlerArea" : "Data",
                "EventHandlerId" : "Resources_PTC.Factory.CommonUtilities",
                "EventHandlerService" : "SetFalse",
                "EventTriggerArea" : "Data",
                "EventTriggerEvent" : "ServiceInvokeCompleted",
                "EventTriggerId" : "getCurrentPropertyReadableTagName",
                "EventTriggerSection" : "Things_PTC.Factory.DeviceUtils",
                "Id" : "2b2b533b-776e-4e77-94f1-4723e36ccf7f"
              }, {
                "EventHandlerArea" : "UI",
                "EventHandlerId" : "textbox-15",
                "EventHandlerService" : "ResetToDefaultValue",
                "EventTriggerArea" : "UI",
                "EventTriggerEvent" : "True",
                "EventTriggerId" : "validator-12",
                "EventTriggerSection" : "",
                "Id" : "81ec7870-86c2-4b55-9f98-064eb769c254"
              }, {
                "EventHandlerArea" : "UI",
                "EventHandlerId" : "validator-21",
                "EventHandlerService" : "Evaluate",
                "EventTriggerArea" : "Mashup",
                "EventTriggerEvent" : "Loaded",
                "EventTriggerId" : "mashup-root",
                "EventTriggerSection" : "",
                "Id" : "357efc0e-29bf-426c-86f3-cb5480d970c8"
              } ],
              "RunTimePermissions" : {
                "permissions" : [ ]
              },
              "UI" : {
                "Properties" : {
                  "AddToDashboardButtonStyle" : "DefaultAddToDashboardButtonStyle",
                  "Area" : "Mashup",
                  "BGImageRepeat" : "no-repeat",
                  "BGImageSize" : "auto",
                  "Columns" : 0,
                  "ConfigureGadgetButtonStyle" : "DefaultConfigureGadgetButtonStyle",
                  "DisplayName" : "Mashup",
                  "EnableParameterEditing" : false,
                  "Height" : 58,
                  "Id" : "mashup-root",
                  "IgnoreWarningsInViewMashup" : false,
                  "IsPrintLayout" : false,
                  "Left" : 0,
                  "MashupToEditGadget" : "DefaultMashupToEditGadget",
                  "MinHeight" : 0,
                  "MinWidth" : 0,
                  "ResponsiveLayout" : false,
                  "Rows" : 0,
                  "ShowDataLoading" : true,
                  "Style" : "PTC.Factory.Background",
                  "Title" : "",
                  "TitleBar" : false,
                  "TitleBarStyle" : "DefaultTitleBarStyle",
                  "TitleBarText" : "Gadget Title Here",
                  "Top" : 0,
                  "Type" : "mashup",
                  "Visible" : true,
                  "Width" : 270,
                  "Z-index" : 10,
                  "__TypeDisplayName" : "Mashup",
                  "_currentParameterDefs" : [ {
                    "BaseType" : "STRING",
                    "Description" : "",
                    "ParameterName" : "label"
                  }, {
                    "Aspects" : {
                      "dataShape" : "PTC.SCA.SCO.ServerTagDataShape"
                    },
                    "BaseType" : "INFOTABLE",
                    "Description" : "",
                    "ParameterName" : "tagInfo"
                  }, {
                    "BaseType" : "STRING",
                    "Description" : "",
                    "ParameterName" : "sourceName"
                  }, {
                    "BaseType" : "STRING",
                    "Description" : "",
                    "ParameterName" : "propertyName"
                  }, {
                    "BaseType" : "STRING",
                    "Description" : "",
                    "ParameterName" : "typeFilter"
                  }, {
                    "BaseType" : "BOOLEAN",
                    "DefaultValue" : true,
                    "Description" : "",
                    "ParameterName" : "isReadOnly"
                  }, {
                    "BaseType" : "BOOLEAN",
                    "Description" : "",
                    "ParameterName" : "isEditing"
                  }, {
                    "BaseType" : "STRING",
                    "Description" : "",
                    "ParameterName" : "deviceName"
                  }, {
                    "BaseType" : "STRING",
                    "Description" : "",
                    "ParameterName" : "nonTagPropertyInput"
                  }, {
                    "BaseType" : "BOOLEAN",
                    "Description" : "",
                    "ParameterName" : "isConn"
                  } ],
                  "id_index" : 22,
                  "isConn" : false,
                  "isReadOnly" : true,
                  "supportsAutoResize" : true
                },
                "Widgets" : [ {
                  "Properties" : {
                    "Alignment" : "left",
                    "AllowEllipsis" : false,
                    "Area" : "UI",
                    "DisplayName" : "propLabel",
                    "Height" : 18,
                    "Id" : "label-1",
                    "Left" : 5,
                    "ResponsiveLayout" : false,
                    "ShowDataLoading" : true,
                    "Style" : "PTC.Factory.Generic.DialogBoxLabelForTextInputField",
                    "Text" : "",
                    "ToolTipField" : "",
                    "ToolTipStyle" : "DefaultTooltipStyle",
                    "Top" : 2,
                    "Type" : "label",
                    "Visible" : true,
                    "Width" : 220,
                    "Z-index" : 15,
                    "__TypeDisplayName" : "Label",
                    "__supportsTooltip" : true
                  },
                  "Widgets" : [ ]
                }, {
                  "Properties" : {
                    "Area" : "UI",
                    "CursorPosition" : 0,
                    "DefaultTextboxFocusStyle" : "PTC.SCA.SCO.NoStyle",
                    "DisplayName" : "tagReadText",
                    "Height" : 25,
                    "Id" : "textbox-2",
                    "InnerShadow" : false,
                    "Label" : "",
                    "LabelAlignment" : "left",
                    "Left" : 5,
                    "MaskInputCharacters" : false,
                    "PlaceholderText" : "",
                    "ReadOnly" : true,
                    "ResponsiveLayout" : false,
                    "ShowDataLoading" : true,
                    "Style" : "PTC.Factory.Generic.DialogBoxTextInputFieldDisabled",
                    "TabSequence" : 0,
                    "Text" : "",
                    "TextAlign" : "left",
                    "TextboxLabelStyle" : "PTC.Factory.Generic.DialogBoxLabelForTextInputField",
                    "ToolTipField" : "",
                    "ToolTipStyle" : "DefaultTooltipStyle",
                    "Top" : 21,
                    "Type" : "textbox",
                    "Visible" : true,
                    "Width" : 260,
                    "Z-index" : 70,
                    "__TypeDisplayName" : "TextBox",
                    "__supportsLabel" : true,
                    "__supportsTooltip" : true
                  },
                  "Widgets" : [ ]
                }, {
                  "Properties" : {
                    "Alignment" : "left",
                    "Area" : "UI",
                    "ClickOutsideToClose" : false,
                    "DisplayName" : "tagPickNav",
                    "FixedPopupHeight" : 0,
                    "FixedPopupWidth" : 0,
                    "Height" : 20,
                    "IconAlignment" : "left",
                    "Id" : "navigation-5",
                    "Left" : 209,
                    "MashupName" : "PTC.Factory.CommonTagPicker",
                    "MashupParameters" : [ {
                      "BaseType" : "STRING",
                      "Description" : "",
                      "ParameterName" : "addTitle",
                      "ParmDef" : {
                        "aspects" : {
                          "ordinal" : "0"
                        },
                        "baseType" : "STRING",
                        "description" : "",
                        "name" : "addTitle",
                        "ordinal" : 0
                      }
                    }, {
                      "BaseType" : "BOOLEAN",
                      "Description" : "",
                      "ParameterName" : "bindOnOK",
                      "ParmDef" : {
                        "aspects" : {
                          "ordinal" : "13"
                        },
                        "baseType" : "BOOLEAN",
                        "description" : "",
                        "name" : "bindOnOK",
                        "ordinal" : 0
                      }
                    }, {
                      "BaseType" : "BOOLEAN",
                      "Description" : "",
                      "ParameterName" : "cancelClicked",
                      "ParmDef" : {
                        "aspects" : {
                          "ordinal" : "11"
                        },
                        "baseType" : "BOOLEAN",
                        "description" : "",
                        "name" : "cancelClicked",
                        "ordinal" : 0
                      }
                    }, {
                      "BaseType" : "BOOLEAN",
                      "Description" : "",
                      "ParameterName" : "okClicked",
                      "ParmDef" : {
                        "aspects" : {
                          "ordinal" : "9"
                        },
                        "baseType" : "BOOLEAN",
                        "description" : "",
                        "name" : "okClicked",
                        "ordinal" : 0
                      }
                    }, {
                      "BaseType" : "STRING",
                      "Description" : "",
                      "ParameterName" : "filterName",
                      "ParmDef" : {
                        "aspects" : {
                          "ordinal" : "12"
                        },
                        "baseType" : "STRING",
                        "description" : "",
                        "name" : "filterName",
                        "ordinal" : 0
                      }
                    }, {
                      "BaseType" : "STRING",
                      "Description" : "",
                      "ParameterName" : "customParam",
                      "ParmDef" : {
                        "aspects" : {
                          "ordinal" : "7"
                        },
                        "baseType" : "STRING",
                        "description" : "",
                        "name" : "customParam",
                        "ordinal" : 0
                      }
                    }, {
                      "BaseType" : "STRING",
                      "Description" : "",
                      "ParameterName" : "callerClass",
                      "ParmDef" : {
                        "aspects" : {
                          "ordinal" : "4"
                        },
                        "baseType" : "STRING",
                        "description" : "",
                        "name" : "callerClass",
                        "ordinal" : 0
                      }
                    }, {
                      "BaseType" : "BOOLEAN",
                      "Description" : "",
                      "ParameterName" : "closeWindow",
                      "ParmDef" : {
                        "aspects" : {
                          "ordinal" : "10"
                        },
                        "baseType" : "BOOLEAN",
                        "description" : "",
                        "name" : "closeWindow",
                        "ordinal" : 0
                      }
                    }, {
                      "BaseType" : "STRING",
                      "Description" : "",
                      "ParameterName" : "thingId",
                      "ParmDef" : {
                        "aspects" : {
                          "ordinal" : "5"
                        },
                        "baseType" : "STRING",
                        "description" : "",
                        "name" : "thingId",
                        "ordinal" : 0
                      }
                    }, {
                      "BaseType" : "BOOLEAN",
                      "Description" : "",
                      "ParameterName" : "isMultiSelect",
                      "ParmDef" : {
                        "aspects" : {
                          "ordinal" : "2"
                        },
                        "baseType" : "BOOLEAN",
                        "description" : "",
                        "name" : "isMultiSelect",
                        "ordinal" : 0
                      }
                    }, {
                      "BaseType" : "STRING",
                      "Description" : "",
                      "ParameterName" : "typeFilter",
                      "ParmDef" : {
                        "aspects" : {
                          "ordinal" : "1"
                        },
                        "baseType" : "STRING",
                        "description" : "",
                        "name" : "typeFilter",
                        "ordinal" : 0
                      }
                    }, {
                      "BaseType" : "BOOLEAN",
                      "Description" : "",
                      "ParameterName" : "needsTemplate",
                      "ParmDef" : {
                        "aspects" : {
                          "ordinal" : "16"
                        },
                        "baseType" : "BOOLEAN",
                        "description" : "",
                        "name" : "needsTemplate",
                        "ordinal" : 0
                      }
                    }, {
                      "BaseType" : "STRING",
                      "Description" : "",
                      "ParameterName" : "informationMessage",
                      "ParmDef" : {
                        "aspects" : {
                          "ordinal" : "6"
                        },
                        "baseType" : "STRING",
                        "description" : "",
                        "name" : "informationMessage",
                        "ordinal" : 0
                      }
                    }, {
                      "BaseType" : "INFOTABLE",
                      "Description" : "",
                      "ParameterName" : "selectedTags",
                      "ParmDef" : {
                        "aspects" : {
                          "dataShape" : "PTC.SCA.SCO.ServerTagDataShape",
                          "ordinal" : "3"
                        },
                        "baseType" : "INFOTABLE",
                        "description" : "",
                        "name" : "selectedTags",
                        "ordinal" : 0
                      }
                    }, {
                      "BaseType" : "STRING",
                      "Description" : "",
                      "ParameterName" : "resourceProvider",
                      "ParmDef" : {
                        "aspects" : {
                          "ordinal" : "15"
                        },
                        "baseType" : "STRING",
                        "description" : "",
                        "name" : "resourceProvider",
                        "ordinal" : 0
                      }
                    }, {
                      "BaseType" : "STRING",
                      "Description" : "",
                      "ParameterName" : "sourceName",
                      "ParmDef" : {
                        "aspects" : {
                          "ordinal" : "8"
                        },
                        "baseType" : "STRING",
                        "description" : "",
                        "name" : "sourceName",
                        "ordinal" : 0
                      }
                    }, {
                      "BaseType" : "STRING",
                      "Description" : "",
                      "ParameterName" : "resourceType",
                      "ParmDef" : {
                        "aspects" : {
                          "ordinal" : "14"
                        },
                        "baseType" : "STRING",
                        "description" : "",
                        "name" : "resourceType",
                        "ordinal" : 0
                      }
                    } ],
                    "MessageToShow" : "Mashup must be selected",
                    "ModalPopupOpacity" : 0.5,
                    "NavigationActiveStyle" : "DefaultNavigationActiveStyle",
                    "NavigationFocusStyle" : "DefaultNavigationFocusStyle",
                    "NavigationHoverStyle" : "DefaultNavigationHoverStyle",
                    "PopupScrolling" : "auto",
                    "PopupTitle" : "",
                    "PopupTitleStyle" : "DefaultPopupTitleStyle",
                    "ReloadOnReplace" : false,
                    "ResponsiveLayout" : false,
                    "RoundedCorners" : true,
                    "ShowCloseButton" : true,
                    "ShowDataLoading" : true,
                    "ShowMessageIfNoMashup" : false,
                    "Style" : "DefaultNavigationStyle",
                    "TabSequence" : 0,
                    "TargetWindow" : "modal-popup",
                    "Text" : "",
                    "ToolTipField" : "",
                    "ToolTipStyle" : "DefaultTooltipStyle",
                    "Top" : 4,
                    "Transparent" : false,
                    "Type" : "navigation",
                    "UseTheme" : false,
                    "Visible" : false,
                    "Width" : 35,
                    "Z-index" : 10,
                    "__TypeDisplayName" : "Navigation",
                    "__supportsTooltip" : true,
                    "addTitle" : "PTC.Factory.Common.SelecteTag",
                    "bindOnOK" : false,
                    "closeWindow" : true,
                    "isMultiSelect" : false,
                    "resourceType" : "KEPServerEX",
                    "sourceName" : ""
                  },
                  "Widgets" : [ ]
                }, {
                  "Properties" : {
                    "ActiveStyle" : "PTC.SCA.SCO.NoStyle",
                    "Area" : "UI",
                    "CancelConfirmationButton" : "button2",
                    "ConfirmationButton1Label" : "Yes",
                    "ConfirmationButton2Label" : "No",
                    "ConfirmationPrompt" : "Do Action?",
                    "ConfirmationRequired" : false,
                    "ConfirmationTitle" : "Confirm Action",
                    "ContextId" : "",
                    "DefaultConfirmationButton" : "button1",
                    "Description" : "",
                    "Disabled" : false,
                    "DisabledStyle" : "PTC.SCA.SCO.NoStyle",
                    "DisplayName" : "tagPickBtn",
                    "FocusStyle" : "PTC.SCA.SCO.NoStyle",
                    "Height" : 20,
                    "HoverStyle" : "PTC.SCA.SCO.NoStyle",
                    "IconAlignment" : "left",
                    "Id" : "button-6",
                    "Label" : "",
                    "Left" : 244,
                    "ResponsiveLayout" : false,
                    "RoundedCorners" : true,
                    "ShowDataLoading" : true,
                    "Style" : "PTC.Factory.BindTagStyle",
                    "TabSequence" : 0,
                    "ToolTipField" : "[[PTC.Factory.PlantStatus.BindTag]]",
                    "ToolTipStyle" : "DefaultTooltipStyle",
                    "Top" : 2,
                    "Type" : "button",
                    "Visible" : true,
                    "Width" : 20,
                    "Z-index" : 10,
                    "__TypeDisplayName" : "Button",
                    "__supportsTooltip" : true
                  },
                  "Widgets" : [ ]
                }, {
                  "Properties" : {
                    "ActiveStyle" : "PTC.SCA.SCO.ClearIconStyle",
                    "Area" : "UI",
                    "CancelConfirmationButton" : "button2",
                    "ConfirmationButton1Label" : "",
                    "ConfirmationButton2Label" : "",
                    "ConfirmationPrompt" : "",
                    "ConfirmationRequired" : false,
                    "ConfirmationTitle" : "",
                    "ContextId" : "",
                    "DefaultConfirmationButton" : "button1",
                    "Description" : "",
                    "Disabled" : false,
                    "DisabledStyle" : "PTC.SCA.SCO.NoStyle",
                    "DisplayName" : "clearBtn",
                    "FocusStyle" : "PTC.SCA.SCO.NoStyle",
                    "Height" : 23,
                    "HoverStyle" : "PTC.SCA.SCO.ClearIconStyle",
                    "IconAlignment" : "left",
                    "Id" : "button-7",
                    "Label" : "",
                    "Left" : 241,
                    "ResponsiveLayout" : false,
                    "RoundedCorners" : true,
                    "ShowDataLoading" : true,
                    "Style" : "PTC.SCA.SCO.ClearIconStyle",
                    "TabSequence" : 0,
                    "ToolTipField" : "[[PTC.SCA.SCO.Clear]]",
                    "ToolTipStyle" : "DefaultTooltipStyle",
                    "Top" : 22,
                    "Type" : "button",
                    "Visible" : true,
                    "Width" : 20,
                    "Z-index" : 90,
                    "__TypeDisplayName" : "Button",
                    "__supportsTooltip" : true
                  },
                  "Widgets" : [ ]
                }, {
                  "Properties" : {
                    "Area" : "UI",
                    "Disabled" : false,
                    "DisplayName" : "isClear",
                    "FocusStyle" : "DefaultFocusStyle",
                    "Height" : 20,
                    "Id" : "checkbox-11",
                    "Left" : 140,
                    "Prompt" : "",
                    "ResponsiveLayout" : false,
                    "ShowDataLoading" : true,
                    "State" : false,
                    "Style" : "DefaultCheckboxStyle",
                    "TabSequence" : 0,
                    "ToolTipField" : "",
                    "ToolTipStyle" : "DefaultTooltipStyle",
                    "Top" : 5,
                    "Type" : "checkbox",
                    "Visible" : false,
                    "Width" : 35,
                    "Z-index" : 50,
                    "__TypeDisplayName" : "Checkbox",
                    "__supportsTooltip" : true
                  },
                  "Widgets" : [ ]
                }, {
                  "Properties" : {
                    "Area" : "UI",
                    "AutoEvaluate" : true,
                    "DisplayName" : "isClearValid",
                    "Expression" : "isClear",
                    "Height" : 28,
                    "Id" : "validator-12",
                    "Left" : 75,
                    "Output" : false,
                    "ResponsiveLayout" : false,
                    "ShowDataLoading" : true,
                    "Top" : 75,
                    "Type" : "validator",
                    "Visible" : true,
                    "Width" : 40,
                    "Z-index" : 60,
                    "__TypeDisplayName" : "Validator",
                    "_currentParameterDefs" : [ {
                      "BaseType" : "BOOLEAN",
                      "Description" : "",
                      "ParameterName" : "isClear"
                    } ]
                  },
                  "Widgets" : [ ]
                }, {
                  "Properties" : {
                    "Area" : "UI",
                    "AutoEvaluate" : false,
                    "DisplayName" : "addingTag",
                    "Expression" : "currentlyClearing",
                    "Height" : 28,
                    "Id" : "validator-13",
                    "Left" : 265,
                    "Output" : false,
                    "ResponsiveLayout" : false,
                    "ShowDataLoading" : true,
                    "Top" : 55,
                    "Type" : "validator",
                    "Visible" : true,
                    "Width" : 200,
                    "Z-index" : 10,
                    "__TypeDisplayName" : "Validator",
                    "_currentParameterDefs" : [ {
                      "BaseType" : "BOOLEAN",
                      "Description" : "",
                      "ParameterName" : "currentlyClearing"
                    } ]
                  },
                  "Widgets" : [ ]
                }, {
                  "Properties" : {
                    "Area" : "UI",
                    "CursorPosition" : 0,
                    "DefaultTextboxFocusStyle" : "PTC.SCA.SCO.NoStyle",
                    "DisplayName" : "typeableBox",
                    "Height" : 25,
                    "Id" : "textbox-15",
                    "InnerShadow" : false,
                    "Label" : "",
                    "LabelAlignment" : "left",
                    "Left" : 5,
                    "MaskInputCharacters" : false,
                    "PlaceholderText" : "",
                    "ReadOnly" : false,
                    "ResponsiveLayout" : false,
                    "ShowDataLoading" : true,
                    "Style" : "PTC.Factory.Generic.DialogBoxTextInputField",
                    "TabSequence" : 0,
                    "Text" : "",
                    "TextAlign" : "left",
                    "TextboxLabelStyle" : "PTC.Factory.Generic.DialogBoxLabelForTextInputField",
                    "ToolTipField" : "",
                    "ToolTipStyle" : "DefaultTooltipStyle",
                    "Top" : 21,
                    "Type" : "textbox",
                    "Visible" : true,
                    "Width" : 260,
                    "Z-index" : 150,
                    "__TypeDisplayName" : "TextBox",
                    "__supportsLabel" : true,
                    "__supportsTooltip" : true
                  },
                  "Widgets" : [ ]
                }, {
                  "Properties" : {
                    "Area" : "UI",
                    "AutoEvaluate" : false,
                    "DisplayName" : "readOnlyValidator",
                    "Expression" : "readableTag != null && readableTag != \"\" || isReadOnly",
                    "Height" : 28,
                    "Id" : "validator-16",
                    "Left" : 265,
                    "Output" : false,
                    "ResponsiveLayout" : false,
                    "ShowDataLoading" : true,
                    "Top" : 0,
                    "Type" : "validator",
                    "Visible" : true,
                    "Width" : 200,
                    "Z-index" : 10,
                    "__TypeDisplayName" : "Validator",
                    "_currentParameterDefs" : [ {
                      "BaseType" : "STRING",
                      "Description" : "",
                      "ParameterName" : "readableTag"
                    }, {
                      "BaseType" : "BOOLEAN",
                      "Description" : "",
                      "ParameterName" : "isReadOnly"
                    } ]
                  },
                  "Widgets" : [ ]
                }, {
                  "Properties" : {
                    "Area" : "UI",
                    "AutoEvaluate" : false,
                    "DisplayName" : "showTypeText",
                    "Expression" : "!readOnly && !showingTag",
                    "Height" : 28,
                    "Id" : "validator-18",
                    "Left" : 135,
                    "Output" : false,
                    "ResponsiveLayout" : false,
                    "ShowDataLoading" : true,
                    "Top" : 80,
                    "Type" : "validator",
                    "Visible" : true,
                    "Width" : 200,
                    "Z-index" : 10,
                    "__TypeDisplayName" : "Validator",
                    "_currentParameterDefs" : [ {
                      "BaseType" : "BOOLEAN",
                      "Description" : "",
                      "ParameterName" : "readOnly"
                    }, {
                      "BaseType" : "BOOLEAN",
                      "Description" : "",
                      "ParameterName" : "showingTag"
                    } ]
                  },
                  "Widgets" : [ ]
                }, {
                  "Properties" : {
                    "Area" : "UI",
                    "AutoEvaluate" : false,
                    "DisplayName" : "ieEditValidator",
                    "Expression" : "isEdit",
                    "Height" : 133,
                    "Id" : "validator-19",
                    "Left" : 5,
                    "Output" : false,
                    "ResponsiveLayout" : false,
                    "ShowDataLoading" : true,
                    "Top" : 55,
                    "Type" : "validator",
                    "Visible" : true,
                    "Width" : 50,
                    "Z-index" : 10,
                    "__TypeDisplayName" : "Validator",
                    "_currentParameterDefs" : [ {
                      "BaseType" : "BOOLEAN",
                      "Description" : "",
                      "ParameterName" : "isEdit"
                    } ]
                  },
                  "Widgets" : [ ]
                }, {
                  "Properties" : {
                    "Area" : "UI",
                    "Disabled" : false,
                    "DisplayName" : "isFirstTime",
                    "FocusStyle" : "DefaultFocusStyle",
                    "Height" : 20,
                    "Id" : "checkbox-20",
                    "Left" : 90,
                    "Prompt" : "",
                    "ResponsiveLayout" : false,
                    "ShowDataLoading" : true,
                    "State" : true,
                    "Style" : "DefaultCheckboxStyle",
                    "TabSequence" : 0,
                    "ToolTipField" : "",
                    "ToolTipStyle" : "DefaultTooltipStyle",
                    "Top" : 0,
                    "Type" : "checkbox",
                    "Visible" : false,
                    "Width" : 35,
                    "Z-index" : 50,
                    "__TypeDisplayName" : "Checkbox",
                    "__supportsTooltip" : true
                  },
                  "Widgets" : [ ]
                }, {
                  "Properties" : {
                    "Area" : "UI",
                    "AutoEvaluate" : true,
                    "DisplayName" : "isDisVal",
                    "Expression" : "!isConn",
                    "Height" : 28,
                    "Id" : "validator-21",
                    "Left" : 170,
                    "Output" : false,
                    "ResponsiveLayout" : false,
                    "ShowDataLoading" : true,
                    "Top" : 120,
                    "Type" : "validator",
                    "Visible" : true,
                    "Width" : 200,
                    "Z-index" : 10,
                    "__TypeDisplayName" : "Validator",
                    "_currentParameterDefs" : [ {
                      "BaseType" : "BOOLEAN",
                      "Description" : "",
                      "ParameterName" : "isConn"
                    } ]
                  },
                  "Widgets" : [ ]
                }, {
                  "Properties" : {
                    "ActiveStyle" : "PTC.SCA.SCO.NoStyle",
                    "Area" : "UI",
                    "CancelConfirmationButton" : "button2",
                    "ConfirmationButton1Label" : "",
                    "ConfirmationButton2Label" : "",
                    "ConfirmationPrompt" : "",
                    "ConfirmationRequired" : false,
                    "ConfirmationTitle" : "",
                    "ContextId" : "",
                    "DefaultConfirmationButton" : "button1",
                    "Description" : "",
                    "Disabled" : false,
                    "DisabledStyle" : "PTC.SCA.SCO.NoStyle",
                    "DisplayName" : "btnBindTagDis",
                    "FocusStyle" : "PTC.SCA.SCO.NoStyle",
                    "Height" : 20,
                    "HoverStyle" : "PTC.SCA.SCO.NoStyle",
                    "IconAlignment" : "left",
                    "Id" : "button-22",
                    "Label" : "",
                    "Left" : 244,
                    "ResponsiveLayout" : false,
                    "RoundedCorners" : true,
                    "ShowDataLoading" : true,
                    "Style" : "PTC.SCA.SCO.BindTagDisIconStyle",
                    "TabSequence" : 0,
                    "ToolTipField" : "[[PTC.Factory.PlantStatus.BindTag]]",
                    "ToolTipStyle" : "DefaultTooltipStyle",
                    "Top" : 2,
                    "Type" : "button",
                    "Visible" : true,
                    "Width" : 20,
                    "Z-index" : 5,
                    "__TypeDisplayName" : "Button",
                    "__supportsTooltip" : true
                  },
                  "Widgets" : [ ]
                } ]
              },
              "mashupType" : "mashup"
            }
            ]]>
            </mashupContent>
        </Mashup>
    </Mashups>
</Entities>
