<?xml version="1.0" encoding="UTF-8"?><Entities>
    <ExtensionPackages>
        <ExtensionPackage artifactId="modelmanagement" dependsOn="PTC.Base,PTC.UserManagement" groupId="ptc" lastModifiedDate="2020-09-16T15:23:34.126Z" minimumThingWorxVersion="9.0.0" packageVersion="0.2.210741713" haCompatible="true" description="Project entity for Model Management building block. Used to collect all entities related to Model Management." documentationContent="" homeMashup="" name="PTC.ModelManagement" tags="" vendor="">
            <avatar/>
            <DesignTimePermissions>
                                
                <Create/>
                                
                <Read/>
                                
                <Update/>
                                
                <Delete/>
                                
                <Metadata/>
                            
            </DesignTimePermissions>
            <RunTimePermissions/>
            <VisibilityPermissions>
                                
                <Visibility>
                                        
                    <Principal isPermitted="true" name="PTC.ModelManagement.Default_OR:PTC.ModelManagement.ModelManagementPermission" type="OrganizationalUnit"/>
                                    
                </Visibility>
                            
            </VisibilityPermissions>
            <ConfigurationTableDefinitions/>
            <ConfigurationTables/>
        </ExtensionPackage>
    </ExtensionPackages>
</Entities>
