<?xml version="1.0" encoding="UTF-8" standalone="no"?>
<Entities build="b139" majorVersion="6" minorVersion="6" modelPersistenceProviderPackage="NeoPersistenceProviderPackage" revision="2"
    schemaVersion="809">
    <ThingShapes>
        <ThingShape name="AzureIotHubAdapterServices" 
            description="This Thing Shape defines the services that the Azure IoT Connector v.2.0 invokes and responds
            to when communicating with the ThingWorx platform on behalf of Azure IoT devices. This Thing Shape applies 
            mostly to v.2.0.0 of the Azure IoT Connector and not to v.3.0.0. In v.3.0.0, all property reads/writes and 
            service invocations are handled directly in the connector and not through the Connection Services Hub, 
            to which this shape is applied." 
            aspect.isEditableExtensionObject="true">
            <ServiceDefinitions>

                <ServiceDefinition name="RebindIndustrialGateways" aspect.isAsync="false" category="CXSHub:deliver=all"
                                   description="This service initiates a rebind for IndustrialGateways on the current leader."
                                   isAllowOverride="false" isLocalOnly="false" isOpen="false" isPrivate="false">
                    <ResultType baseType="NOTHING"
                                description="This service notifies the Connector that a property type has changed."
                                name="result" ordinal="0"/>
                </ServiceDefinition>

                <ServiceDefinition name="SetEndpointsCredentials" aspect.isAsync="false" category="CXSHub:deliver=all"
                        description="Update the Connection Server with the latest OPC Server credentials defined on the Azure
                        IoT Hub Thing. Must be called after adding new credentials."
                        isAllowOverride="false" isLocalOnly="false" isOpen="false" isPrivate="false">
                    <ResultType baseType="NOTHING" description="" name="result" ordinal="0"/>
                    <ParameterDefinitions>
                        <FieldDefinition aspect.isRequired="true" baseType="INFOTABLE" aspect.dataShape="AzureConfigurationEndpointCredentialsSecrets"
                                description="The entire endpoint credential table. The connector will use this data when
                                making calls that require authentication."
                                name="credentialsConfigurationTable" ordinal="1"/>
                    </ParameterDefinitions>
                </ServiceDefinition>

                <ServiceDefinition name="WriteAzureProperty" aspect.isAsync="false" category="CXSHub:deliver=any"
                    description="This service updates the value of the specified property on the specified Thing in the 
                    ThingWorx platform." 
                    isAllowOverride="false" isLocalOnly="false" isOpen="false" isPrivate="false">
                    <ResultType baseType="NOTHING" description="This service does not return a value." name="result" ordinal="0"/>

                    <ParameterDefinitions>
                        <FieldDefinition aspect.isRequired="true" baseType="STRING" 
                            description="The name of the Thing that represents the Azure IoT device or Azure IoT Edge device
                            in ThingWorx." 
                            name="thingName" ordinal="0"/>
                        <FieldDefinition aspect.isRequired="true" baseType="STRING" 
                            description="The name of the property to be updated. For example, 'temperature'." 
                            name="propertyName" ordinal="1"/>
                        <FieldDefinition aspect.isRequired="true" baseType="VARIANT" 
                            description="The value to write to the specified property. For example, '90'." 
                            name="propertyValue" ordinal="2"/>
                    </ParameterDefinitions>
                </ServiceDefinition>

                <ServiceDefinition name="ReadAzureProperty" aspect.isAsync="false" category="CXSHub:deliver=any" 
                    description="This service reads the current value of the specified property on the specified 
                    Azure IoT device or Azure IoT Edge device." isAllowOverride="false" isLocalOnly="false" 
                    isOpen="false" isPrivate="false">
                    <ResultType baseType="INFOTABLE" 
                        description="The service returns the property name and its current value in an infotable." 
                        name="result" ordinal="0"/>

                    <ParameterDefinitions>
                        <FieldDefinition aspect.isRequired="true" baseType="STRING" 
                            description="The name assigned to the Thing that represents the Azure IoT device in ThingWorx." 
                            name="thingName" ordinal="0"/>
                        <FieldDefinition aspect.isRequired="true" baseType="STRING" 
                            description="The name of the property whose value is returned by this service." 
                            name="propertyName" ordinal="1"/>
                    </ParameterDefinitions>
                </ServiceDefinition>

                <ServiceDefinition name="AzurePropertyTypeChange" aspect.isAsync="false" category="CXSHub:deliver=all" 
                    description="This service changes the base type of the specified property on an Azure IoT device." 
                    isAllowOverride="false" isLocalOnly="false" isOpen="false" isPrivate="false">
                    <ResultType baseType="NOTHING" 
                        description="This service notifies the Connector that a property type has changed." 
                        name="result" ordinal="0"/>

                    <ParameterDefinitions>
                        <FieldDefinition aspect.isRequired="true" baseType="STRING" 
                            description="This field specifies the name of the Thing that represents the Azure IoT 
                            device in ThingWorx. The service changes the base type of a property on this thing." 
                            name="thingName" ordinal="0"/>
                        <FieldDefinition aspect.isRequired="true" baseType="STRING" 
                            description="This field specifies the name of the property whose base type is 
                            changed by this service." 
                            name="propertyName" ordinal="1"/>
                    </ParameterDefinitions>
                </ServiceDefinition>

                <ServiceDefinition name="CreateAzureIotDevice" aspect.isAsync="false" category="CXSHub:deliver=any"
                                   description="This service registers a new device in your Azure IoT Hub"
                                   isAllowOverride="false" isLocalOnly="false" isOpen="false" isPrivate="false">
                    <ResultType baseType="NOTHING" description="This service does not return a value." name="result" ordinal="0"/>

                    <ParameterDefinitions>
                        <FieldDefinition aspect.isRequired="true" baseType="STRING" name="thingName" ordinal="0"
                                         description="This required field specifies the name of the device to create in your Azure IoT Hub" />
                    </ParameterDefinitions>
                </ServiceDefinition>

                <ServiceDefinition name="DeleteAzureIotDevice" aspect.isAsync="false" category="CXSHub:deliver=any"
                                   description="This service removes the specified device from your Azure IoT Hub"
                                   isAllowOverride="false" isLocalOnly="false" isOpen="false" isPrivate="false">
                    <ResultType baseType="NOTHING" description="This service does not return a value." name="result" ordinal="0"/>

                    <ParameterDefinitions>
                        <FieldDefinition aspect.isRequired="true" baseType="STRING" name="thingName" ordinal="0"
                                         description="This required field specifies the name of the device to remove from your Azure IoT Hub" />
                    </ParameterDefinitions>
                </ServiceDefinition>

                <ServiceDefinition name="DescribeAzureIotDevice" aspect.isAsync="false" category="CXSHub:deliver=any"
                                   description="This service returns details about the device in your Azure IoT Hub"
                                   isAllowOverride="false" isLocalOnly="false" isOpen="false" isPrivate="false">
                    <ResultType baseType="INFOTABLE" description="The result contains the details about the device, 
                        in the form of a ThingWorx infotable." name="result" ordinal="0" 
                        aspect.dataShape="AzureIotHubDeviceDataShape"/>

                    <ParameterDefinitions>
                        <FieldDefinition aspect.isRequired="true" baseType="STRING" name="thingName" ordinal="0"
                                         description="This required field specifies the name of the device in your 
                                         Azure IoT Hub whose details you want to retrieve." />
                    </ParameterDefinitions>
                </ServiceDefinition>

                <ServiceDefinition name="ImportAzureIotDevices" category="CXSHub:deliver=any"
                                   description="This service imports devices from an Azure IoT Hub into the ThingWorx 
                                   platform as Things. The AzureThingImportStatusEvent is fired from the Connection 
                                   Services Hub when the import has completed."
                                   aspect.isAsync="true" isAllowOverride="false" isLocalOnly="false" isOpen="false" isPrivate="false" >
                    <ResultType name="exportId" baseType="STRING" 
                        description="This service returns the identifier of the export job" ordinal="0"/>
                    <ParameterDefinitions>
                        <FieldDefinition name="pattern" baseType="STRING" description="This field specifies the name pattern for the 
                            devices that you want to import. The service uses a glob-style pattern rather than a regex pattern." 
                            aspect.defaultValue="*" ordinal="1"/>
                        <FieldDefinition name="template" baseType="THINGTEMPLATENAME" 
                            description="This field specifies the Thing Template that is assigned to the Things that represent the 
                            imported Azure IoT devices. The Thing Template must extend from the AzureIotThing Thing Template." 
                            aspect.defaultValue="AzureIotThing" ordinal="2"/>
                        <FieldDefinition name="thingShapes" baseType="INFOTABLE" aspect.dataShape="ThingShapeList" 
                            description="This field provides a list of Thing Shapes to add to the Things that represent 
                            the imported devices." ordinal="3"/>
                    </ParameterDefinitions>
                </ServiceDefinition>

                <ServiceDefinition name="ImportAzureIotThing" 
                                   description="This Connector helper service is used when an AzureIotThing is imported."
                                   aspect.isAsync="false" category="" isAllowOverride="false" isLocalOnly="false" isOpen="false" isPrivate="false" >
                    <ResultType name="created" baseType="BOOLEAN" 
                                description="This service returns 'true' if a new AzureIotThing was created, or 'false' if a Thing already 
                                exists with that name" ordinal="0"/>
                    <ParameterDefinitions>
                        <FieldDefinition name="thingName" baseType="STRING" 
                                         description="This field specifies the name of the Azure IoT device to import" 
                                         aspect.isRequired="true" ordinal="1"/>
                        <FieldDefinition name="template" baseType="THINGTEMPLATENAME" 
                                        description="This field specifies the Thing Template to assign to the imported Thing" 
                                        aspect.isRequired="true" ordinal="2"/>
                        <FieldDefinition name="thingShapes" baseType="INFOTABLE" 
                                         description="This field contains the list of ThingShapes to add to the imported 
                                         AzureIotThing" aspect.dataShape="ThingShapeList" ordinal="3"/>
                    </ParameterDefinitions>
                </ServiceDefinition>

                <ServiceDefinition name="GetAzureIotHubDetails" category="CXSHub:deliver=any"
                                   description="This service retrieves details about the Azure IoT Hub 
                                   with which the Azure IoT Connector communicates."
                                   isAllowOverride="false" isLocalOnly="false" isOpen="false" isPrivate="false" >
                    <ResultType name="result" baseType="INFOTABLE" aspect.dataShape="AzureIotHubDataShape" 
                                description="The result contains the details about the Azure IoT Hub in the form of 
                                a ThingWorx infotable." ordinal="0"/>
                    <ParameterDefinitions/>
                </ServiceDefinition>

                <ServiceDefinition name="AzureIotInvokeRemoteService" aspect.isAsync="false" category="CXSHub:deliver=any"
                                   description="This service invokes a remote service on a bound Azure IoT device."
                                   isAllowOverride="false" isLocalOnly="false" isOpen="false" isPrivate="false">
                    <ResultType baseType="JSON" description="This service returns the results of the specified service, in JSON 
                                format." name="result" ordinal="0"/>

                    <ParameterDefinitions>
                        <FieldDefinition aspect.isRequired="true" baseType="STRING"
                                         description="For this required field, specify the name of the service to call."
                                         name="serviceName" ordinal="0"/>
                        <FieldDefinition aspect.isRequired="true" baseType="STRING" 
                                         description="For this required field, supply the name of the thing on which to 
                                         invoke the service."
                                         name="thingName" ordinal="1"/>
                        <FieldDefinition aspect.isRequired="false" baseType="INFOTABLE"
                                         description="Optionally, supply the parameter names and values to send to the 
                                         device running the service."
                                         name="parameters" ordinal="2"/>
                        <FieldDefinition aspect.isRequired="true" baseType="INTEGER"
                                         description="For this required field, specify the number of seconds to wait 
                                         for the remote service to execute and return a result."
                                         name="timeout" ordinal="3"/>
                    </ParameterDefinitions>
                </ServiceDefinition>


                <ServiceDefinition name="AzureIotStorageBrowseFileSystem" aspect.isAsync="false" category="CXSHub:deliver=any"
                                   description="This service browses the file system of the specified Azure container 
                                   for directories and files."
                                   isAllowOverride="false" isLocalOnly="false" isOpen="false" isPrivate="false">
                    <ResultType baseType="INFOTABLE" description="This service returns the directories and files from the 
                                specified container, starting at the specified path." 
                                name="result" ordinal="0" aspect.dataShape="FileSystemFile"/>

                    <ParameterDefinitions>
                        <FieldDefinition aspect.isRequired="true" baseType="STRING"
                                         description="For this required field, supply the name of the Azure Storage Container to browse."
                                         name="container" ordinal="0"/>
                        <FieldDefinition aspect.isRequired="true" baseType="STRING"
                                         description="For this required field, supply the path from which to start browsing the container."
                                         name="path" ordinal="1"/>
                    </ParameterDefinitions>
                </ServiceDefinition>

                <ServiceDefinition name="AzureIotStorageGetFileListing" aspect.isAsync="false" category="CXSHub:deliver=any"
                                   description="This service retrieves a listing of the file system of the specified Azure container."
                                   isAllowOverride="false" isLocalOnly="false" isOpen="false" isPrivate="false">
                    <ResultType baseType="INFOTABLE" 
                                description="This service returns the listing in the form of a ThingWorx infotable." 
                                name="result" ordinal="0" aspect.dataShape="FileSystemFile"/>

                    <ParameterDefinitions>
                        <FieldDefinition aspect.isRequired="true" baseType="STRING"
                                         description="For this required field, supply the name of the Azure Storage Container 
                                         from which to retrieve the listing."
                                         name="container" ordinal="0"/>
                        <FieldDefinition aspect.isRequired="true" baseType="STRING"
                                         description="For this required field, supply the path to the directory from which 
                                         to start browsing the file system."
                                         name="path" ordinal="1"/>
                        <FieldDefinition aspect.isRequired="false" baseType="STRING"
                                         description="Optionally, supply a Glob pattern for matching directory names."
                                         name="nameMask" ordinal="2"/>
                    </ParameterDefinitions>
                </ServiceDefinition>

                <ServiceDefinition name="AzureIotStorageGetFileListingWithLinks" aspect.isAsync="false" category="CXSHub:deliver=any"
                                   description="This service retrieves a listing of the file system of the specified Azure container, 
                                   with download links."
                                   isAllowOverride="false" isLocalOnly="false" isOpen="false" isPrivate="false">
                    <ResultType baseType="INFOTABLE" description="This service returns the file system listing and links in the form
                                of a ThingWorx infotable." 
                                name="result" ordinal="0" aspect.dataShape="FileSystemFileWithLinks"/>

                    <ParameterDefinitions>
                        <FieldDefinition aspect.isRequired="true" baseType="STRING"
                                         description="For this required field, supply the name of the Azure Storage Container."
                                         name="container" ordinal="0"/>
                        <FieldDefinition aspect.isRequired="true" baseType="STRING"
                                         description="For this required field, supply the full path to browse for file system links."
                                         name="path" ordinal="1"/>
                        <FieldDefinition aspect.isRequired="false" baseType="STRING"
                                         description="Optionally, supply a Glob pattern for matching file names."
                                         name="nameMask" ordinal="2"/>
                    </ParameterDefinitions>
                </ServiceDefinition>

                <ServiceDefinition name="AzureIotStorageListDirectories" aspect.isAsync="false" category="CXSHub:deliver=any"
                                   description="This service retrieves a list of directories in the specified Azure container."
                                   isAllowOverride="false" isLocalOnly="false" isOpen="false" isPrivate="false">
                    <ResultType baseType="INFOTABLE" description="This service returns the directories in the form of a 
                                ThingWorx infotable." 
                                name="result" ordinal="0" aspect.dataShape="FileSystemDirectory"/>

                    <ParameterDefinitions>
                        <FieldDefinition aspect.isRequired="true" baseType="STRING"
                                         description="For this required field, supply the name of the Azure Storage Container."
                                         name="container" ordinal="0"/>
                        <FieldDefinition aspect.isRequired="true" baseType="STRING"
                                         description="For this required field, supply the full path to the directory."
                                         name="path" ordinal="1"/>
                        <FieldDefinition aspect.isRequired="false" baseType="STRING"
                                         description="Optionally, supply a Glob pattern for matching directory names."
                                         name="nameMask" ordinal="2"/>
                    </ParameterDefinitions>
                </ServiceDefinition>

                <ServiceDefinition name="AzureIotStorageDeleteFile" aspect.isAsync="false" category="CXSHub:deliver=any"
                                   description="This service deletes a specified file from the specified Azure Storage Container."
                                   isAllowOverride="false" isLocalOnly="false" isOpen="false" isPrivate="false">
                    <ResultType baseType="BOOLEAN" description="" name="result" ordinal="0" />

                    <ParameterDefinitions>
                        <FieldDefinition aspect.isRequired="true" baseType="STRING"
                                         description="For this required field, supply the name of the Azure Storage Container."
                                         name="container" ordinal="0"/>
                        <FieldDefinition aspect.isRequired="true" baseType="STRING"
                                         description="For this required field, supply the full path within the container in 
                                         which to locate the file."
                                         name="path" ordinal="1"/>
                    </ParameterDefinitions>
                </ServiceDefinition>

                <ServiceDefinition name="AzureIotStorageMoveFile" aspect.isAsync="false" category="CXSHub:deliver=any"
                                   description="This service moves a specified file within a specified Azure Storage Container."
                                   isAllowOverride="false" isLocalOnly="false" isOpen="false" isPrivate="false">
                    <ResultType baseType="NOTHING" description="This service does not return a value." name="result" ordinal="0" />

                    <ParameterDefinitions>
                        <FieldDefinition aspect.isRequired="true" baseType="STRING"
                                         description="For this required field, supply the name of the Azure Storage Container."
                                         name="container" ordinal="0"/>
                        <FieldDefinition aspect.isRequired="true" baseType="STRING"
                                         description="For this required field, supply the current path to the file within the container."
                                         name="sourcePath" ordinal="1"/>
                        <FieldDefinition aspect.isRequired="true" baseType="STRING"
                                         description="For this required field, supply the new path to the file within the same container."
                                         name="targetPath" ordinal="2"/>
                        <FieldDefinition aspect.isRequired="true" baseType="BOOLEAN"
                                         description="For this required field, specify whether to overwrite an existing file of the 
                                         same name in the new location."
                                         name="overwrite" ordinal="3"/>
                    </ParameterDefinitions>
                </ServiceDefinition>

                <ServiceDefinition name="AzureIotStorageCopyFile" aspect.isAsync="false" category="CXSHub:deliver=any"
                                   description="This service copies a specified file from a specified location within a specified 
                                   Azure Storage Container to another location within that container."
                                   isAllowOverride="false" isLocalOnly="false" isOpen="false" isPrivate="false">
                    <ResultType baseType="NOTHING" description="This service does not return a value." name="result" ordinal="0" />

                    <ParameterDefinitions>
                        <FieldDefinition aspect.isRequired="true" baseType="STRING"
                                         description="For this required field, supply the name of the Azure Storage Container."
                                         name="container" ordinal="0"/>
                        <FieldDefinition aspect.isRequired="true" baseType="STRING"
                                         description="For this required field, supply the full path to the file within 
                                         the specified container."
                                         name="sourcePath" ordinal="1"/>
                        <FieldDefinition aspect.isRequired="true" baseType="STRING"
                                         description="For this required field, supply the full path of the location where 
                                         you want to store the copy, within the same container."
                                         name="targetPath" ordinal="2"/>
                        <FieldDefinition aspect.isRequired="true" baseType="BOOLEAN"
                                         description="For this required field, specify whether to overwrite an existing file 
                                         of the same name in the new location."
                                         name="overwrite" ordinal="3"/>
                    </ParameterDefinitions>
                </ServiceDefinition>

                <ServiceDefinition name="AzureIotStorageGetFileInfo" aspect.isAsync="false" category="CXSHub:deliver=any"
                                   description="This service retrieves details about a specified file in a specified Azure Storage Container."
                                   isAllowOverride="false" isLocalOnly="false" isOpen="false" isPrivate="false">
                    <ResultType baseType="INFOTABLE" description="This service returns the details about the file in the form of a ThingWorx 
                                infotable." 
                                name="result" ordinal="0" aspect.dataShape="FileSystemFile" />

                    <ParameterDefinitions>
                        <FieldDefinition aspect.isRequired="true" baseType="STRING"
                                         description="For this required field, supply the name of the Azure Storage Container."
                                         name="container" ordinal="0"/>
                        <FieldDefinition aspect.isRequired="true" baseType="STRING"
                                         description="For this required field, supply the full path to the file in the specified container."
                                         name="path" ordinal="1"/>
                    </ParameterDefinitions>
                </ServiceDefinition>

                <ServiceDefinition name="AzureIotStorageCreateContainer" aspect.isAsync="false" category="CXSHub:deliver=any"
                                   description="This service creates the underlying Azure container." isAllowOverride="false" 
                                   isLocalOnly="false" isOpen="false" isPrivate="false">
                    <ResultType baseType="NOTHING" description="This service does not return a value." name="result" ordinal="0" />
                    <ParameterDefinitions>
                        <FieldDefinition aspect.isRequired="true" baseType="STRING"
                                         description="This service requires that the name of the Azure Storage Container be supplied on invocation."
                                         name="container" ordinal="0"/>
                    </ParameterDefinitions>
                </ServiceDefinition>

                <ServiceDefinition name="AzureIotStorageDeleteContainer" aspect.isAsync="false" category="CXSHub:deliver=any"
                                   description="This service removes the underlying Azure container."
                                   isAllowOverride="false" isLocalOnly="false" isOpen="false" isPrivate="false">
                    <ResultType baseType="NOTHING" description="This service does not return a value." name="result" ordinal="0"/>
                    
                    <ParameterDefinitions>
                        <FieldDefinition aspect.isRequired="true" baseType="STRING"
                                         description="For this required field, supply the name of the Azure Storage Container to be deleted."
                                         name="container" ordinal="0"/>
                    </ParameterDefinitions>
                </ServiceDefinition>

                <ServiceDefinition name="AzureIotStorageContainerExists" aspect.isAsync="false" category="CXSHub:deliver=any"
                                   description="This service determines whether the underlying Azure container exists."
                                   isAllowOverride="false" isLocalOnly="false" isOpen="false" isPrivate="false">
                    <ResultType baseType="BOOLEAN" name="result" description="If the container exists, thie service returns 'true'. 
                                If it does not exist, this service returns 'false'."/>

                    <ParameterDefinitions>
                        <FieldDefinition aspect.isRequired="true" baseType="STRING"
                                         description="For this required field, supply the name of the Azure Storage Container 
                                         whose existence is to be determined."
                                         name="container" ordinal="0"/>
                    </ParameterDefinitions>
                </ServiceDefinition>

                <ServiceDefinition name="AzureIotStorageSaveBinary" aspect.isAsync="false" category="CXSHub:deliver=any"
                                   description="This service saves binary data to a file"
                                   isAllowOverride="false" isLocalOnly="false" isOpen="false" isPrivate="false">
                    <ResultType baseType="NOTHING" description="This service does not return a value." name="result" ordinal="0" />

                    <ParameterDefinitions>
                        <FieldDefinition aspect.isRequired="true" baseType="STRING"
                                         description="For this required field, supply the full path to the file in which to store the data."
                                         name="path" ordinal="1"/>
                        <FieldDefinition aspect.isRequired="true" baseType="BLOB"
                                         description="For this required field, supply the data to be stored in the specified file."
                                         name="content" ordinal="2"/>
                    </ParameterDefinitions>
                </ServiceDefinition>

                <ServiceDefinition name="AzureIotStorageLoadBinary" aspect.isAsync="false" category="CXSHub:deliver=any"
                                   description="This service loads binary data from a file"
                                   isAllowOverride="false" isLocalOnly="false" isOpen="false" isPrivate="false">
                    <ResultType baseType="BLOB" 
                        description="This service returns the binary data from the file in the form of a ThingWorx blob." 
                        name="Content" ordinal="0" />

                    <ParameterDefinitions>
                        <FieldDefinition aspect.isRequired="true" baseType="STRING"
                                         description="For this required field, supply the name of the Azure Storage Container where the file is located."
                                         name="container" ordinal="0"/>
                        <FieldDefinition aspect.isRequired="true" baseType="STRING"
                                         description="For this required field, supply the full path to the file from which to load binary data."
                                         name="path" ordinal="1"/>
                    </ParameterDefinitions>
                </ServiceDefinition>

                <ServiceDefinition name="AzureIotStorageDeleteFolder" aspect.isAsync="false" category="CXSHub:deliver=any"
                                   description="This service recursively deletes a folder"
                                   isAllowOverride="false" isLocalOnly="false" isOpen="false" isPrivate="false">
                    <ResultType baseType="NOTHING" description="This service does not return a value." name="result" ordinal="0" />

                    <ParameterDefinitions>
                        <FieldDefinition aspect.isRequired="true" baseType="STRING"
                                         description="For this required field, supply the name of the Azure Storage Container 
                                         where the folder to be deleted is located."
                                         name="container" ordinal="0"/>
                        <FieldDefinition aspect.isRequired="true" baseType="STRING"
                                         description="For this required field, supply the path within the container to the 
                                         folder to be deleted."
                                         name="path" ordinal="1"/>
                    </ParameterDefinitions>
                </ServiceDefinition>

                <ServiceDefinition name="AzureIotStorageGetDirectoryStructure" aspect.isAsync="false" category="CXSHub:deliver=any"
                                   description="This service retrieves a full, recursive, directory listing from the specified Azure 
                                   Storage Container."
                                   isAllowOverride="false" isLocalOnly="false" isOpen="false" isPrivate="false">
                    <ResultType baseType="INFOTABLE" description="This service returns the file system listing of the specified 
                                container in the form of a ThingWorx infotable." 
                                name="result" ordinal="0" aspect.dataShape="FileSystemDirectory"/>

                    <ParameterDefinitions>
                        <FieldDefinition aspect.isRequired="true" baseType="STRING"
                                         description="For this required field, supply the name of the Azure Storage Container whose 
                                         content is to be returned.."
                                         name="container" ordinal="0"/>
                    </ParameterDefinitions>
                </ServiceDefinition>

                <ServiceDefinition name="AzureIotStorageGetFileChecksum" aspect.isAsync="false" category="CXSHub:deliver=any"
                                   description="This service retrieves the checksum of a file."
                                   isAllowOverride="false" isLocalOnly="false" isOpen="false" isPrivate="false">
                    <ResultType baseType="STRING" description="This service returns the MD5 checksum of the specified file" 
                                name="result" ordinal="0" />

                    <ParameterDefinitions>
                        <FieldDefinition aspect.isRequired="true" baseType="STRING"
                                         description="For this required field, supply the name of the Azure Storage Container 
                                         where the file is located."
                                         name="container" ordinal="0"/>
                        <FieldDefinition aspect.isRequired="true" baseType="STRING"
                                         description="For this required field, supply the path within the container to the file
                                         whose checksum is to be retrieved."
                                         name="path" ordinal="1"/>
                    </ParameterDefinitions>
                </ServiceDefinition>

                <ServiceDefinition name="AzureIotStorageReadFromBinaryFile" aspect.isAsync="false" category="CXSHub:deliver=any"
                                   description="This service reads data from a specified binary file, starting at a specified location."
                                   isAllowOverride="false" isLocalOnly="false" isOpen="false" isPrivate="false">
                    <ResultType baseType="INFOTABLE" description="The service returns the results of the read operation, in the form
                                of a ThingWorx infotable." name="result" ordinal="0" aspect.dataShape="ReadFromBinaryFileResult"/>

                    <ParameterDefinitions>
                        <FieldDefinition aspect.isRequired="true" baseType="STRING"
                                         description="For this required field, supply the name of the Azure Storage Container."
                                         name="container" ordinal="0"/>
                        <FieldDefinition aspect.isRequired="true" baseType="STRING"
                                         description="For this required field, supply the location of the file within the Container."
                                         name="path" ordinal="1"/>
                        <FieldDefinition aspect.isRequired="true" baseType="NUMBER" description="For this required field, supply a location 
                            within the file where the read operation should start." name="offset" ordinal="2"/>
                        <FieldDefinition aspect.isRequired="true" baseType="INTEGER"
                                         description="For this required field, specify the number of bytes to read."
                                         name="count" ordinal="3"/>
                    </ParameterDefinitions>
                </ServiceDefinition>

                <ServiceDefinition name="AzureIotStorageWriteToBinaryFile" aspect.isAsync="false" category="CXSHub:deliver=any"
                                   description="This service writes to a binary file."
                                   isAllowOverride="false" isLocalOnly="false" isOpen="false" isPrivate="false">
                    <ResultType baseType="NOTHING" description="This service does not return a value." name="result" ordinal="0" />

                    <ParameterDefinitions>
                        <FieldDefinition aspect.isRequired="true" baseType="STRING"
                                         description="For this required field, supply the name of the Azure Storage Container."
                                         name="container" ordinal="0"/>
                        <FieldDefinition aspect.isRequired="true" baseType="STRING"
                                         description="For this required field, supply the full path to the file within the 
                                         Container where the file will be stored."
                                         name="path" ordinal="1"/>
                        <FieldDefinition aspect.isRequired="true" baseType="NUMBER"
                                         description="For this required field, supply an offset within the file where the 
                                         new data should be written."
                                         name="offset" ordinal="2"/>
                        <FieldDefinition aspect.isRequired="true" baseType="BLOB"
                                         description="For this required field, supply the data to write to the binary file."
                                         name="data" ordinal="3"/>
                    </ParameterDefinitions>
                </ServiceDefinition>

                <ServiceDefinition name="AzureIotStorageCreateBinaryFile" aspect.isAsync="false" category="CXSHub:deliver=any"
                                   description="This service creates a binary file with initial content."
                                   isAllowOverride="false" isLocalOnly="false" isOpen="false" isPrivate="false">
                    <ResultType baseType="NOTHING" description="This service does not return a value." name="result" ordinal="0" />

                    <ParameterDefinitions>
                        <FieldDefinition aspect.isRequired="true" baseType="STRING"
                                         description="For this required field, supply the name of the Azure Storage Container."
                                         name="container" ordinal="0"/>
                        <FieldDefinition aspect.isRequired="true" baseType="STRING"
                                         description="For this required field, supply the full path to the file within the 
                                         Container where the file will be stored."
                                         name="path" ordinal="1"/>
                        <FieldDefinition aspect.isRequired="true" baseType="BLOB"
                                         description="For this required field, supply a chunk of data to be written to the binary file."
                                         name="data" ordinal="2"/>
                        <FieldDefinition aspect.isRequired="true" baseType="BOOLEAN"
                                         description="For this required field, specify whether to overwrite an existing file."
                                         name="overwrite" ordinal="3"/>
                    </ParameterDefinitions>
                </ServiceDefinition>

                <ServiceDefinition name="AzureIotStorageGenerateDirectDownloadUrl" aspect.isAsync="false" category="CXSHub:deliver=any"
                                   description="This service generates an access URL with a SAS token for the given file path"
                                   isAllowOverride="false" isLocalOnly="false" isOpen="false" isPrivate="false">
                    <ResultType baseType="HYPERLINK" 
                                description="This service returns a SAS URL for the specified file path." 
                                name="result" ordinal="0" />

                    <ParameterDefinitions>
                        <FieldDefinition aspect.isRequired="true" baseType="STRING"
                                         description="For this requried field, supply the name of the Azure Storage Container."
                                         name="container" ordinal="0"/>
                        <FieldDefinition aspect.isRequired="true" baseType="STRING"
                                         description="For this required field, supply the path within container from which to
                                         generate a SAS URL."
                                         name="path" ordinal="1"/>
                        <FieldDefinition aspect.isRequired="false" baseType="DATETIME"
                                         description="Optionally, supply the number of hours that the SAS URL will be valid. 
                                         By default, the SAS URL expires in one hour."
                                         name="expirationDate" ordinal="2"/>
                    </ParameterDefinitions>
                </ServiceDefinition>

                <ServiceDefinition name="AzureIotDeviceJobGetJob" aspect.isAsync="false" category="CXSHub:deliver=any"
                                   description="Given the identifier of a device job, this service retrieves the details
                                   of that job."
                                   isAllowOverride="false" isLocalOnly="false" isOpen="false" isPrivate="false">
                    <ResultType baseType="INFOTABLE" description="This service returns the details of the device job, 
                                in the form of a ThingWorx infotable." 
                                name="result" ordinal="0" aspect.dataShape="AzureDeviceJob"/>

                    <ParameterDefinitions>
                        <FieldDefinition aspect.isRequired="true" baseType="STRING"
                                         description="To retrieve the details of a device job, you must supply 
                                         the job identifier."
                                         name="jobId" ordinal="0"/>
                    </ParameterDefinitions>
                </ServiceDefinition>

                <ServiceDefinition name="AzureIotDeviceJobCancelJob" aspect.isAsync="false" category="CXSHub:deliver=any"
                                   description="This service cancels a device job. Note that running jobs cannot be cancelled."
                                   isAllowOverride="false" isLocalOnly="false" isOpen="false" isPrivate="false">
                    <ResultType baseType="INFOTABLE" description="This service returns the defailts of the cancelled job in the 
                                form of a ThingWorx infotable." 
                                name="result" ordinal="0" aspect.dataShape="AzureDeviceJob"/>

                    <ParameterDefinitions>
                        <FieldDefinition aspect.isRequired="true" baseType="STRING"
                                         description="To cancel a job, you must supply the job identifier."
                                         name="jobId" ordinal="0"/>
                    </ParameterDefinitions>
                </ServiceDefinition>

                <ServiceDefinition name="AzureIotDeviceJobScheduleTwinUpdateJob" aspect.isAsync="false" category="CXSHub:deliver=any"
                                   description="This service schedules a twin update job."
                                   isAllowOverride="false" isLocalOnly="false" isOpen="false" isPrivate="false">
                    <ResultType baseType="INFOTABLE" description="This service returns the defaults of the twin update job in 
                                the form of a ThingWorx infotable." 
                                name="result" ordinal="0" aspect.dataShape="AzureDeviceJob"/>

                    <ParameterDefinitions>
                        <FieldDefinition aspect.isRequired="false" baseType="STRING"
                                         description="Optionally, supply the identifier for the twin update job. By default, 
                                         an auto-generated UUID is used."
                                         name="jobId" ordinal="0"/>
                        <FieldDefinition aspect.isRequired="false" baseType="STRING"
                                         description="Optionally, supply a device query condition. By default, this field 
                                         is set to none, which means all devices are updated."
                                         name="queryCondition" ordinal="1"/>
                        <FieldDefinition aspect.isRequired="false" baseType="DATETIME"
                                         description="Start time (default: now)"
                                         name="startTime" ordinal="2"/>
                        <FieldDefinition aspect.isRequired="false" baseType="LONG"
                                         description="Optionally, set the maximum amount of time, in seconds, that the
                                         twin update job is allowed to run. The default value is 5 minutes (300 seconds)"
                                         name="maxExecutionTime" ordinal="3"/>
                        <FieldDefinition aspect.isRequired="true" baseType="JSON"
                                         description="The twin patch document must contain 'properties.desired' and/or 'tags',
                                         'properties.reported' is ignored. This field is required."
                                         name="patch" ordinal="4"/>
                    </ParameterDefinitions>
                </ServiceDefinition>

                <ServiceDefinition name="AzureIotDeviceJobScheduleDeviceMethodJob" aspect.isAsync="false" category="CXSHub:deliver=any"
                                   description="This service schedules an Azure IoT device method job"
                                   isAllowOverride="false" isLocalOnly="false" isOpen="false" isPrivate="false">
                    <ResultType baseType="INFOTABLE" description="This service returns the details of the Job in the form of a 
                                ThingWorx infotable." 
                                name="result" ordinal="0" aspect.dataShape="AzureDeviceJob"/>

                    <ParameterDefinitions>
                        <FieldDefinition aspect.isRequired="false" baseType="STRING"
                                         description="Optionally, supply the Job ID (default: auto-generated UUID)"
                                         name="jobId" ordinal="0"/>
                        <FieldDefinition aspect.isRequired="false" baseType="STRING"
                                         description="Optionally, supply the device query condition. The default is 
                                         none, which means query all devices."
                                         name="queryCondition" ordinal="1"/>
                        <FieldDefinition aspect.isRequired="false" baseType="DATETIME"
                                         description="Optionally, supply the time to start the job. If you do not 
                                         specify a time, the service starts the job immediately."
                                         name="startTime" ordinal="2"/>
                        <FieldDefinition aspect.isRequired="false" baseType="LONG"
                                         description="Optionally, specify the maximum amount of time, in seconds, 
                                         that the device method job is allowed to run. 
                                         The default is 5 minutes (300 seconds)."
                                         name="maxExecutionTime" ordinal="3"/>
                        <FieldDefinition aspect.isRequired="true" baseType="STRING"
                                         description="For this required field, supply the name of the device method."
                                         name="methodName" ordinal="4"/>
                        <FieldDefinition aspect.isRequired="false" baseType="LONG"
                                         description="Optionally, supply the number of minutes that the device method 
                                         waits to connect to the device. The default value is NONE, which means that 
                                         offline devices will cause job to terminate after the default number of 
                                         minutes for the maxExecutionTime (5 minutes)."
                                         name="connectTimeout" ordinal="5"/>
                        <FieldDefinition aspect.isRequired="false" baseType="LONG"
                                         description="Optionally, specify the number of seconds for the method to wait 
                                         for a response. The default value is 30 seconds."
                                         name="responseTimeout" ordinal="6"/>
                        <FieldDefinition aspect.isRequired="false" baseType="VARIANT"
                                         description="Optionally, supply the payload for the device method. 
                                         By default this field is empty."
                                         name="payload" ordinal="7"/>
                    </ParameterDefinitions>
                </ServiceDefinition>

                <ServiceDefinition name="AzureIotDeviceJobQueryJobResults" aspect.isAsync="false" category="CXSHub:deliver=any"
                                   description="This service runs a query against device jobs using IotHub query language"
                                   isAllowOverride="false" isLocalOnly="false" isOpen="false" isPrivate="false">
                    <ResultType baseType="INFOTABLE" 
                                description="This service returns job details in the form of a ThingWorx infotable." 
                                name="result" ordinal="0" aspect.dataShape="AzureDeviceJob"/>

                    <ParameterDefinitions>
                        <FieldDefinition aspect.isRequired="true" baseType="STRING"
                                         description="Supply the IotHub query in this required field."
                                         name="query" ordinal="0"/>
                    </ParameterDefinitions>
                </ServiceDefinition>

                <ServiceDefinition name="AzureIotDeviceJobFindJobs" aspect.isAsync="false" category="CXSHub:deliver=any"
                                   description="This service locates any existing DeviceJobs by type and status"
                                   isAllowOverride="false" isLocalOnly="false" isOpen="false" isPrivate="false">
                    <ResultType baseType="INFOTABLE" 
                                description="This service returns the details of the job in the form of a ThingWorx infotable." 
                                name="result" ordinal="0" aspect.dataShape="AzureDeviceJob"/>

                    <ParameterDefinitions>
                        <FieldDefinition aspect.isRequired="true" baseType="STRING"
                                         description="This required field specifies the type of DeviceJob to find."
                                         name="jobType" ordinal="0"/>
                        <FieldDefinition aspect.isRequired="true" baseType="STRING"
                                         description="This required field specifies the status of DeviceJob to find."
                                         name="jobStatus" ordinal="1"/>
                    </ParameterDefinitions>
                </ServiceDefinition>
                <ServiceDefinition name="AzureIotSendMessage" aspect.isAsync="false" category="CXSHub:deliver=any"
                                   description="This service sends message to the specified Azure IoT Edge device or module."
                                   isAllowOverride="false" isLocalOnly="false" isOpen="false" isPrivate="false">
                    <ResultType baseType="NOTHING" 
                                description="This service does not return a value." 
                                name="result" ordinal="0" />

                    <ParameterDefinitions>
                        <FieldDefinition aspect.isRequired="true" baseType="STRING" 
                                         description="This field specifies the name of the Azure IoT Thing 
                                         that will receive the message."
                                         name="thingName" ordinal="0"/>
                        <FieldDefinition aspect.isRequired="true" baseType="INFOTABLE"
                                         description="This required field specifies the payload of the 
                                         service (default: empty)"
                                         name="payload" ordinal="1"/>
                    </ParameterDefinitions>
                </ServiceDefinition>

            </ServiceDefinitions>


            <EventDefinitions>
                <EventDefinition name="AzureThingImportStatusEvent" dataShape="AzureThingImportStatusEventDataShape"
                                 description="This event is fired after the asynchronous ImportAzureDevices service completes."
                                 category="" />
                <EventDefinition name="AzureThingLifecycleEvent" dataShape="AzureThingLifecycleEventDataShape"
                                 description="This event is fired after a lifecycle event occurs on a device in Azure IoT Hub."
                                 category="" />

            </EventDefinitions>

            <ServiceImplementations>
                <ServiceImplementation description="This element contains the script code for the ImportAzureIotThing service." 
                                       handlerName="Script" name="ImportAzureIotThing">
                    <ConfigurationTables>
                        <ConfigurationTable description="Script" isMultiRow="false" name="Script" ordinal="0">
                            <DataShape>
                                <FieldDefinitions>
                                    <FieldDefinition baseType="STRING" description="code" name="code" ordinal="0"/>
                                </FieldDefinitions>
                            </DataShape>
                            <Rows>
                                <Row>
                                    <code><![CDATA[
logger.debug('Importing thing from Azure IoT Hub: name={}, template={}', thingName, template);

var result;

if (Things[thingName]) {
    // Return already exists
    result = false;
} else {
	// Return thing created
    result = true;

    // Create the AzureIotThing
    var createParams = {
        name: thingName,
        description: 'Imported from Azure IoT Hub',
        thingTemplateName: template,
        tags: undefined
    };

    Resources["EntityServices"].CreateThing(createParams);

    // Add the ThingShapes
    if (thingShapes) {
        var numShapes = thingShapes.rows.length;
        for (var x = 0; x < numShapes; x++) {
            var row = thingShapes.rows[x];

            var shapeParams = {
                name: thingName,
                thingShapeName: row.item
            }
            Resources["EntityServices"].AddShapeToThing(shapeParams);
        }
    }

    // Enable Thing
    Things[thingName].EnableThing();

    // Restart Thing
    Things[thingName].RestartThing();
}
]]></code>
                                </Row>
                            </Rows>
                        </ConfigurationTable>
                    </ConfigurationTables>
                </ServiceImplementation>
            </ServiceImplementations>

            <RemoteServiceBindings>

                <RemoteServiceBinding enableQueue="false" name="RebindIndustrialGateways" sourceName="" timeout="0"/>
                <RemoteServiceBinding enableQueue="false" name="SetEndpointsCredentials" sourceName="" timeout="0"/>
                <RemoteServiceBinding enableQueue="false" name="WriteAzureProperty" sourceName="" timeout="0"/>
                <RemoteServiceBinding enableQueue="false" name="ReadAzureProperty" sourceName="" timeout="0"/>
                <RemoteServiceBinding enableQueue="false" name="AzurePropertyTypeChange" sourceName="" timeout="0"/>
                <RemoteServiceBinding enableQueue="false" name="CreateAzureIotDevice" sourceName="" timeout="0"/>
                <RemoteServiceBinding enableQueue="false" name="DeleteAzureIotDevice" sourceName="" timeout="0"/>
                <RemoteServiceBinding enableQueue="false" name="DescribeAzureIotDevice" sourceName="" timeout="0"/>
                <RemoteServiceBinding enableQueue="false" name="ImportAzureIotDevices" sourceName="" timeout="0"/>
                <RemoteServiceBinding enableQueue="false" name="GetAzureIotHubDetails" sourceName="" timeout="0"/>
                <RemoteServiceBinding enableQueue="false" name="AzureIotInvokeRemoteService" sourceName="" timeout="0"/>
                <RemoteServiceBinding enableQueue="false" name="AzureIotStorageBrowseFileSystem" sourceName="" timeout="0"/>
                <RemoteServiceBinding enableQueue="false" name="AzureIotStorageGetFileListing" sourceName="" timeout="0"/>
                <RemoteServiceBinding enableQueue="false" name="AzureIotStorageGetFileListingWithLinks" sourceName="" timeout="0"/>
                <RemoteServiceBinding enableQueue="false" name="AzureIotStorageListDirectories" sourceName="" timeout="0"/>
                <RemoteServiceBinding enableQueue="false" name="AzureIotStorageDeleteFile" sourceName="" timeout="0"/>
                <RemoteServiceBinding enableQueue="false" name="AzureIotStorageMoveFile" sourceName="" timeout="0"/>
                <RemoteServiceBinding enableQueue="false" name="AzureIotStorageCopyFile" sourceName="" timeout="0"/>
                <RemoteServiceBinding enableQueue="false" name="AzureIotStorageGetFileInfo" sourceName="" timeout="0"/>
                <RemoteServiceBinding enableQueue="false" name="AzureIotStorageCreateContainer" sourceName="" timeout="0"/>
                <RemoteServiceBinding enableQueue="false" name="AzureIotStorageDeleteContainer" sourceName="" timeout="0"/>
                <RemoteServiceBinding enableQueue="false" name="AzureIotStorageContainerExists" sourceName="" timeout="0"/>
                <RemoteServiceBinding enableQueue="false" name="AzureIotStorageSaveBinary" sourceName="" timeout="0"/>
                <RemoteServiceBinding enableQueue="false" name="AzureIotStorageLoadBinary" sourceName="" timeout="0"/>
                <RemoteServiceBinding enableQueue="false" name="AzureIotStorageDeleteFolder" sourceName="" timeout="0"/>
                <RemoteServiceBinding enableQueue="false" name="AzureIotStorageGetDirectoryStructure" sourceName="" timeout="0"/>
                <RemoteServiceBinding enableQueue="false" name="AzureIotStorageGetFileChecksum" sourceName="" timeout="0"/>
                <RemoteServiceBinding enableQueue="false" name="AzureIotStorageReadFromBinaryFile" sourceName="" timeout="0"/>
                <RemoteServiceBinding enableQueue="false" name="AzureIotStorageWriteToBinaryFile" sourceName="" timeout="0"/>
                <RemoteServiceBinding enableQueue="false" name="AzureIotStorageCreateBinaryFile" sourceName="" timeout="0"/>
                <RemoteServiceBinding enableQueue="false" name="AzureIotStorageGenerateDirectDownloadUrl" sourceName="" timeout="0"/>
                <RemoteServiceBinding enableQueue="false" name="AzureIotDeviceJobGetJob" sourceName="" timeout="0"/>
                <RemoteServiceBinding enableQueue="false" name="AzureIotDeviceJobScheduleTwinUpdateJob" sourceName="" timeout="0"/>
                <RemoteServiceBinding enableQueue="false" name="AzureIotDeviceJobCancelJob" sourceName="" timeout="0"/>
                <RemoteServiceBinding enableQueue="false" name="AzureIotDeviceJobScheduleDeviceMethodJob" sourceName="" timeout="0"/>
                <RemoteServiceBinding enableQueue="false" name="AzureIotDeviceJobQueryJobResults" sourceName="" timeout="0"/>
                <RemoteServiceBinding enableQueue="false" name="AzureIotDeviceJobFindJobs" sourceName="" timeout="0"/>
                <RemoteServiceBinding enableQueue="false" name="AzureIotSendMessage" sourceName="" timeout="0"/>
            </RemoteServiceBindings>
        </ThingShape>
    </ThingShapes>
</Entities>