<?xml version="1.0" encoding="UTF-8"?>
<Entities
 build="b9478"
 majorVersion="0"
 minorVersion="0"
 modelPersistenceProviderPackage="PostgresPersistenceProviderPackage"
 revision="0"
 schemaVersion="1100"
 universal="password">
    <ThingShapes>
        <ThingShape
         aspect.isEditableExtensionObject="true"
         aspect.isExtension="true"
         className=""
         description="Azure OPC UA functionality. Provides the ability to Add/Remove applications and endpoints, browse published nodes, and manage OPC UA Server credentials."
         documentationContent=""
         homeMashup=""
         lastModifiedDate="2020-06-10T12:33:44.015-04:00"
         name="AzureOpcUaThingShape"
         projectName=""
         tags="Applications:AzureConfiguration">
            <PropertyDefinitions></PropertyDefinitions>
            <ServiceDefinitions>
                <ServiceDefinition
                 aspect.isAsync="false"
                 category=""
                 description="Activate an endpoint. This is required for each endpoint that will be publishing telemetry."
                 isAllowOverride="false"
                 isLocalOnly="false"
                 isOpen="false"
                 isPrivate="false"
                 name="ActivateUAEndpoint">
                    <ResultType
                     baseType="STRING"
                     description="A human-readable string indicating if the activation was successful or not."
                     name="result"
                     ordinal="0"></ResultType>
                    <ParameterDefinitions>
                        <FieldDefinition
                         aspect.isRequired="true"
                         baseType="STRING"
                         description="The endpoint ID of the endpoint to be activated."
                         name="endpoint"
                         ordinal="1"></FieldDefinition>
                    </ParameterDefinitions>
                </ServiceDefinition>
                <ServiceDefinition
                 aspect.isAsync="false"
                 category=""
                 description="Add an OPC UA application. This is required before endpoints can be activated."
                 isAllowOverride="false"
                 isLocalOnly="false"
                 isOpen="false"
                 isPrivate="false"
                 name="AddUAApplication">
                    <ResultType
                     baseType="NOTHING"
                     description="No return result. Get applications to check if the application was added successfully."
                     name="result"
                     ordinal="0"></ResultType>
                    <ParameterDefinitions>
                        <FieldDefinition
                         aspect.isRequired="true"
                         baseType="STRING"
                         description="The OPC UA Discovery URL of the OPC UA Server to be activated."
                         name="discoveryUrl"
                         ordinal="1"></FieldDefinition>
                    </ParameterDefinitions>
                </ServiceDefinition>
                <ServiceDefinition
                 aspect.isAsync="false"
                 category=""
                 description="Saves a full set of endpoint credentials and updates the connector with the new credentials."
                 isAllowOverride="false"
                 isLocalOnly="false"
                 isOpen="false"
                 isPrivate="false"
                 name="ApplyEndpointsCredentials">
                    <ResultType
                     baseType="NOTHING"
                     description="No return result."
                     name="result"
                     ordinal="0"></ResultType>
                    <ParameterDefinitions></ParameterDefinitions>
                </ServiceDefinition>
                <ServiceDefinition
                 aspect.isAsync="false"
                 category=""
                 description="Deactivate an endpoint. Telemetry will be stopped on any nodes publishing under this endpoint until it is activated again."
                 isAllowOverride="false"
                 isLocalOnly="false"
                 isOpen="false"
                 isPrivate="false"
                 name="DeactivateUAEndpoint">
                    <ResultType
                     baseType="STRING"
                     description="A human-readable string indicating if the deactivation was successful or not."
                     name="result"
                     ordinal="0"></ResultType>
                    <ParameterDefinitions>
                        <FieldDefinition
                         aspect.isRequired="true"
                         baseType="STRING"
                         description="The endpoint ID of the endpoint to be deactivated."
                         name="endpoint"
                         ordinal="1"></FieldDefinition>
                    </ParameterDefinitions>
                </ServiceDefinition>
                <ServiceDefinition
                 aspect.isAsync="false"
                 category=""
                 description="Return a list of all endpoints for all activated applications."
                 isAllowOverride="false"
                 isLocalOnly="false"
                 isOpen="false"
                 isPrivate="false"
                 name="FetchUAEndpoints">
                    <ResultType
                     aspect.dataShape="AzureFetchUAEndpointsDataShape"
                     baseType="INFOTABLE"
                     description="Table of endpoints."
                     name="result"
                     ordinal="0"></ResultType>
                    <ParameterDefinitions></ParameterDefinitions>
                </ServiceDefinition>
                <ServiceDefinition
                 aspect.isAsync="false"
                 category=""
                 description="Returns the endpoint credential table with sensitive information replaced with asterisks."
                 isAllowOverride="false"
                 isLocalOnly="false"
                 isOpen="false"
                 isPrivate="false"
                 name="GetEndpointsCredentials">
                    <ResultType
                     aspect.dataShape="AzureConfigurationEndpointCredentials"
                     baseType="INFOTABLE"
                     description="Table of endpoint credentials with sensitive data hidden."
                     name="result"
                     ordinal="0"></ResultType>
                    <ParameterDefinitions></ParameterDefinitions>
                </ServiceDefinition>
                <ServiceDefinition
                 aspect.isAsync="false"
                 category=""
                 description="Returns the endpoint credential table uncensored."
                 isAllowOverride="false"
                 isLocalOnly="false"
                 isOpen="false"
                 isPrivate="false"
                 name="GetEndpointsCredentialsConfiguration">
                    <ResultType
                     aspect.dataShape="AzureConfigurationEndpointCredentialsSecrets"
                     baseType="INFOTABLE"
                     description="Table of endpoint credentials."
                     name="result"
                     ordinal="0"></ResultType>
                    <ParameterDefinitions></ParameterDefinitions>
                </ServiceDefinition>
                <ServiceDefinition
                 aspect.isAsync="false"
                 category=""
                 description="Returns as list of added Azure UA applications. Applications that have not been added will not appear in this list."
                 isAllowOverride="false"
                 isLocalOnly="false"
                 isOpen="false"
                 isPrivate="false"
                 name="GetUAApplications">
                    <ResultType
                     aspect.dataShape="AzureGetUAApplicationDataShape"
                     baseType="INFOTABLE"
                     description="List of added applications."
                     name="result"
                     ordinal="0"></ResultType>
                    <ParameterDefinitions></ParameterDefinitions>
                </ServiceDefinition>
                <ServiceDefinition
                 aspect.isAsync="false"
                 category=""
                 description="Returns a list of all published nodes for a given endpoint."
                 isAllowOverride="false"
                 isLocalOnly="false"
                 isOpen="false"
                 isPrivate="false"
                 name="GetUAPublishedNodes">
                    <ResultType
                     aspect.dataShape="AzureGetUAPublishedNodesDataShape"
                     baseType="INFOTABLE"
                     description="Table of all published nodes for the provided endpoint ID."
                     name="result"
                     ordinal="0"></ResultType>
                    <ParameterDefinitions>
                        <FieldDefinition
                         aspect.isRequired="true"
                         baseType="STRING"
                         description="The endpoint ID of the published nodes."
                         name="endpoint"
                         ordinal="1"></FieldDefinition>
                    </ParameterDefinitions>
                </ServiceDefinition>
                <ServiceDefinition
                 aspect.isAsync="false"
                 category=""
                 description="Removes all credential entries for the given endpoint ID."
                 isAllowOverride="false"
                 isLocalOnly="false"
                 isOpen="false"
                 isPrivate="false"
                 name="RemoveEndpointCredentials">
                    <ResultType
                     baseType="NOTHING"
                     description="No return result. Get endpoint credentials to confirm it was removed."
                     name="result"
                     ordinal="0"></ResultType>
                    <ParameterDefinitions>
                        <FieldDefinition
                         aspect.isRequired="true"
                         baseType="STRING"
                         description="The endpoint ID of the credentials to be removed."
                         name="endpoint"
                         ordinal="1"></FieldDefinition>
                    </ParameterDefinitions>
                </ServiceDefinition>
                <ServiceDefinition
                 aspect.isAsync="false"
                 category=""
                 description="Remove an OPC UA application. Endpoints and nodes of this application will no longer publish telemetry."
                 isAllowOverride="false"
                 isLocalOnly="false"
                 isOpen="false"
                 isPrivate="false"
                 name="RemoveUAApplication">
                    <ResultType
                     baseType="NOTHING"
                     description="No return result. Get applications to confirm it has been removed."
                     name="result"
                     ordinal="0"></ResultType>
                    <ParameterDefinitions>
                        <FieldDefinition
                         aspect.isRequired="true"
                         baseType="STRING"
                         description="The application ID of the application to be removed."
                         name="applicationId"
                         ordinal="1"></FieldDefinition>
                    </ParameterDefinitions>
                </ServiceDefinition>
                <ServiceDefinition
                 aspect.isAsync="false"
                 category=""
                 description="Add or Update a new or existing endpoint credential entry in the credential table."
                 isAllowOverride="false"
                 isLocalOnly="false"
                 isOpen="false"
                 isPrivate="false"
                 name="UpdateEndpointCredentials">
                    <ResultType
                     aspect.dataShape="AzureConfigurationEndpointCredentials"
                     baseType="NOTHING"
                     description="No return result."
                     name="result"
                     ordinal="0"></ResultType>
                    <ParameterDefinitions>
                        <FieldDefinition
                         aspect.isRequired="true"
                         baseType="STRING"
                         description="The endpoint ID these credentials should be used for."
                         name="endpoint"
                         ordinal="1"></FieldDefinition>
                        <FieldDefinition
                         aspect.isRequired="false"
                         baseType="STRING"
                         description="OPC UA Server password."
                         name="password"
                         ordinal="3"></FieldDefinition>
                        <FieldDefinition
                         aspect.isRequired="false"
                         baseType="STRING"
                         description="OPC UA Server username."
                         name="username"
                         ordinal="2"></FieldDefinition>
                    </ParameterDefinitions>
                </ServiceDefinition>
            </ServiceDefinitions>
            <EventDefinitions></EventDefinitions>
            <ServiceMappings></ServiceMappings>
            <ServiceImplementations>
                <ServiceImplementation
                 description="This element contains the script code for the ApplyEndpointsCredentials service."
                 handlerName="Script"
                 name="ApplyEndpointsCredentials">
                    <ConfigurationTables>
                        <ConfigurationTable
                         dataShapeName=""
                         description="script"
                         isMultiRow="false"
                         name="Script"
                         ordinal="0">
                            <DataShape>
                                <FieldDefinitions>
                                    <FieldDefinition
                                     baseType="STRING"
                                     description="code"
                                     name="code"
                                     ordinal="0"></FieldDefinition>
                                </FieldDefinitions>
                            </DataShape>
                            <Rows>
                                <Row>
                                    <code>
                                    <![CDATA[
                                    var endpointConfig = me.GetEndpointsCredentialsConfiguration();
                                    Things["ConnectionServicesHub"].SetEndpointsCredentials({
                                        credentialsConfigurationTable: endpointConfig
                                    });
                                    ]]>
                                    </code>
                                </Row>
                            </Rows>
                        </ConfigurationTable>
                    </ConfigurationTables>
                </ServiceImplementation>
                <ServiceImplementation
                 description="This element contains the script code for the GetEndpointsCredentials service."
                 handlerName="Script"
                 name="GetEndpointsCredentials">
                    <ConfigurationTables>
                        <ConfigurationTable
                         dataShapeName=""
                         description="script"
                         isMultiRow="false"
                         name="Script"
                         ordinal="0">
                            <DataShape>
                                <FieldDefinitions>
                                    <FieldDefinition
                                     baseType="STRING"
                                     description="code"
                                     name="code"
                                     ordinal="0"></FieldDefinition>
                                </FieldDefinitions>
                            </DataShape>
                            <Rows>
                                <Row>
                                    <code>
                                    <![CDATA[
                                    var config = me.GetEndpointsCredentialsConfiguration();

                                    var tableLength = config.rows.length;
                                    for (var x=0; x < tableLength; x++) {
                                        var row = config.rows[x];
                                        if (row.password) {
                                            row.password = "******";
                                        }
                                    }
                                    var result = config;
                                    ]]>
                                    </code>
                                </Row>
                            </Rows>
                        </ConfigurationTable>
                    </ConfigurationTables>
                </ServiceImplementation>
                <ServiceImplementation
                 description="This element contains the script code for the GetEndpointsCredentialsConfiguration service."
                 handlerName="Script"
                 name="GetEndpointsCredentialsConfiguration">
                    <ConfigurationTables>
                        <ConfigurationTable
                         dataShapeName=""
                         description="script"
                         isMultiRow="false"
                         name="Script"
                         ordinal="0">
                            <DataShape>
                                <FieldDefinitions>
                                    <FieldDefinition
                                     baseType="STRING"
                                     description="code"
                                     name="code"
                                     ordinal="0"></FieldDefinition>
                                </FieldDefinitions>
                            </DataShape>
                            <Rows>
                                <Row>
                                    <code>
                                    <![CDATA[
                                    var params = {
                                            infoTableName : "InfoTable",
                                            dataShapeName : "AzureConfigurationEndpointCredentialsSecrets"
                                        };

                                    var endpointConfig = Resources["InfoTableFunctions"].CreateInfoTableFromDataShape(params);

                                    var config = me.GetConfigurationTable({
                                        tableName: "AzureOpcUaEndpointCredentials" /* STRING */
                                    });

                                    var tableLength = config.rows.length;
                                    for (var x=0; x < tableLength; x++) {
                                        var row = config.rows[x];
                                        endpointConfig.AddRow({endpoint: row.endpoint, username: row.username, password: row.password});
                                    }

                                    var result = endpointConfig;
                                    ]]>
                                    </code>
                                </Row>
                            </Rows>
                        </ConfigurationTable>
                    </ConfigurationTables>
                </ServiceImplementation>
                <ServiceImplementation
                 description="This element contains the script code for the RemoveEndpointCredentials service."
                 handlerName="Script"
                 name="RemoveEndpointCredentials">
                    <ConfigurationTables>
                        <ConfigurationTable
                         dataShapeName=""
                         description="script"
                         isMultiRow="false"
                         name="Script"
                         ordinal="0">
                            <DataShape>
                                <FieldDefinitions>
                                    <FieldDefinition
                                     baseType="STRING"
                                     description="code"
                                     name="code"
                                     ordinal="0"></FieldDefinition>
                                </FieldDefinitions>
                            </DataShape>
                            <Rows>
                                <Row>
                                    <code>
                                    <![CDATA[
                                    var params = {
                                            dataShapeName : "AzureConfigurationEndpointCredentialsSecrets"
                                        };
                                    var config = Resources["InfoTableFunctions"].CreateInfoTableFromDataShape(params);

                                    config.AddRow({endpoint: endpoint});

                                    me.DeleteConfigurationTableRows({
                                    	tableName: "AzureOpcUaEndpointCredentials" /* STRING */,
                                    	values: config /* INFOTABLE */,
                                    	persistent: true /* BOOLEAN */
                                    });
                                    ]]>
                                    </code>
                                </Row>
                            </Rows>
                        </ConfigurationTable>
                    </ConfigurationTables>
                </ServiceImplementation>
                <ServiceImplementation
                 description="This element contains the script code for the UpdateEndpointCredentials service."
                 handlerName="Script"
                 name="UpdateEndpointCredentials">
                    <ConfigurationTables>
                        <ConfigurationTable
                         dataShapeName=""
                         description="script"
                         isMultiRow="false"
                         name="Script"
                         ordinal="0">
                            <DataShape>
                                <FieldDefinitions>
                                    <FieldDefinition
                                     baseType="STRING"
                                     description="code"
                                     name="code"
                                     ordinal="0"></FieldDefinition>
                                </FieldDefinitions>
                            </DataShape>
                            <Rows>
                                <Row>
                                    <code>
                                    <![CDATA[
                                    var config = me.GetConfigurationTable({
                                        tableName: "AzureOpcUaEndpointCredentials" /* STRING */
                                    });

                                    var exist = false;

                                    //Method requires non-null input so we check for password
                                    var pass = password || "";

                                    var tableLength = config.rows.length;
                                    for (var x=0; x < tableLength; x++) {
                                        var row = config.rows[x];
                                        if (row.endpoint == endpoint) {
                                            exist = true;
                                        	config.rows[x].endpoint = endpoint;
                                            config.rows[x].username = username;
                                            config.rows[x].password = Resources["EncryptionServices"].EncryptPropertyValue({ data: pass });
                                        }
                                    }

                                    if (!exist) {
                                    	config.AddRow({endpoint: endpoint, username: username, password: Resources["EncryptionServices"].EncryptPropertyValue({ data: pass })});
                                    }

                                    me.SetMultiRowConfigurationTable({
                                    	tableName: "AzureOpcUaEndpointCredentials" /* STRING */,
                                    	configurationTable: config /* INFOTABLE */,
                                    	persistent: true /* BOOLEAN */
                                    });
                                    ]]>
                                    </code>
                                </Row>
                            </Rows>
                        </ConfigurationTable>
                    </ConfigurationTables>
                </ServiceImplementation>
            </ServiceImplementations>
            <Subscriptions></Subscriptions>
            <avatar></avatar>
            <DesignTimePermissions>
                <Create></Create>
                <Read></Read>
                <Update></Update>
                <Delete></Delete>
                <Metadata></Metadata>
            </DesignTimePermissions>
            <RunTimePermissions>
                <Permissions resourceName="*">
                    <PropertyRead>
                        <Principal isPermitted="true" name="ConnectorUserGroup" type="Group"/>
                    </PropertyRead>
                    <PropertyWrite/>
                    <ServiceInvoke>
                        <Principal isPermitted="true" name="ConnectorUserGroup" type="Group"/>
                    </ServiceInvoke>
                    <EventInvoke/>
                    <EventSubscribe/>
                </Permissions>
            </RunTimePermissions>
            <VisibilityPermissions>
                <Visibility></Visibility>
            </VisibilityPermissions>
            <ConfigurationTableDefinitions></ConfigurationTableDefinitions>
            <ConfigurationTables></ConfigurationTables>
            <PropertyBindings></PropertyBindings>
            <RemotePropertyBindings></RemotePropertyBindings>
            <RemoteServiceBindings>
                <RemoteServiceBinding
                 enableQueue="false"
                 name="ActivateUAEndpoint"
                 sourceName="ActivateUAEndpoint"
                 timeout="0"></RemoteServiceBinding>
                <RemoteServiceBinding
                 enableQueue="false"
                 name="AddUAApplication"
                 sourceName="AddUAApplication"
                 timeout="0"></RemoteServiceBinding>
                <RemoteServiceBinding
                 enableQueue="false"
                 name="DeactivateUAEndpoint"
                 sourceName="DeactivateUAEndpoint"
                 timeout="0"></RemoteServiceBinding>
                <RemoteServiceBinding
                 enableQueue="false"
                 name="FetchUAEndpoints"
                 sourceName="FetchUAEndpoints"
                 timeout="0"></RemoteServiceBinding>
                <RemoteServiceBinding
                 enableQueue="false"
                 name="GetUAApplications"
                 sourceName="GetUAApplications"
                 timeout="0"></RemoteServiceBinding>
                <RemoteServiceBinding
                 enableQueue="false"
                 name="GetUAPublishedNodes"
                 sourceName="GetUAPublishedNodes"
                 timeout="0"></RemoteServiceBinding>
                <RemoteServiceBinding
                 enableQueue="false"
                 name="RemoveUAApplication"
                 sourceName="RemoveUAApplication"
                 timeout="0"></RemoteServiceBinding>
            </RemoteServiceBindings>
            <RemoteEventBindings></RemoteEventBindings>
            <AlertConfigurations></AlertConfigurations>
            <InstanceRunTimePermissions></InstanceRunTimePermissions>
        </ThingShape>
    </ThingShapes>
</Entities>
