<?xml version="1.0" encoding="utf-8"?><Entities><ExtensionPackages><ExtensionPackage name="OA_OperatorAdvisor-extension" haCompatible="true" description="Operator Advisor Extension" vendor="PTC" packageVersion="9.1.0" buildNumber="02" minimumThingWorxVersion="8.1.0" licensed="true" licenseName="twx_mfg_common" namedLicensedGroup="twx_mfg_common_named"><Licensed><Entity name="PTC.SCA.SCO.JobOrder.DetailContainerMashup"></Entity><Entity name="PTC.SCA.SCO.JobOrder.ListContainerMashup"></Entity><Entity name="PTC.SCA.SCO.JobOrder.SummaryContainerCollectionMashup"></Entity><Entity name="PTC.SCA.SCO.JobOrder.SummaryContainerSimpleMashup"></Entity><Entity name="PTC.SCA.SCO.WorkDefinition.CADContainedMashup"></Entity><Entity name="PTC.SCA.SCO.WorkDefinition.ImageContainedMashup"></Entity><Entity name="PTC.SCA.SCO.WorkDefinition.InfoTabContainedMashup"></Entity><Entity name="PTC.SCA.SCO.WorkDefinition.InfoTabDemoContainerMashup"></Entity><Entity name="PTC.SCA.SCO.WorkDefinition.MultipleMediaDotMashup"></Entity><Entity name="PTC.SCA.SCO.WorkDefinition.VideoContainedMashup"></Entity><Entity name="PTC.SCA.SCO.WorkDefinitionHorizontalSequentialNavigation"></Entity><Entity name="PTC.SCA.SCO.WorkDefinitionStep"></Entity><Entity name="PTC.SCA.SCO.WorkDefinitionVerticalSequentialNavigation"></Entity></Licensed><JarResources><FileResource file="oa-OperatorAdvisor-extension.jar" type="JAR"></FileResource></JarResources></ExtensionPackage></ExtensionPackages></Entities>