<?xml version="1.0" encoding="UTF-8" standalone="no"?>
<Entities xmlns:xsi="http://www.w3.org/2001/XMLSchema-instance" xsi:noNamespaceSchemaLocation="../../../../../configfiles/schema.xsd">
    <Widgets>
        <Widget name="raClientLinker">
            <UIResources>
                <!-- Studio ONLY -->
                <FileResource type="JS" file="raClientLinker.ide.js"
                              description="" isDevelopment="true" isRuntime="false" />
                <!-- Runtime/Squeal ONLY -->
                <FileResource type="JS" file="raClientLinker.runtime.js"
                              description="" isDevelopment="false" isRuntime="true" />
            </UIResources>
        </Widget>
    </Widgets>
</Entities>
