<?xml version="1.0" encoding="UTF-8"?>
<Entities
 build="b9478"
 majorVersion="0"
 minorVersion="0"
 modelPersistenceProviderPackage="PostgresPersistenceProviderPackage"
 revision="0"
 schemaVersion="1100"
 universal="password">
    <Mashups>
        <Mashup
         aspect.isEditableExtensionObject="false"
         aspect.isFlex="true"
         aspect.isResponsive="true"
         aspect.mashupType="mashup"
         columns="0.0"
         description=""
         documentationContent=""
         homeMashup=""
         lastModifiedDate="2020-06-10T12:36:51.657-04:00"
         name="AzureOpcUaCredentialConfiguration"
         projectName=""
         rows="0.0"
         tags="">
            <avatar></avatar>
            <DesignTimePermissions>
                <Create></Create>
                <Read></Read>
                <Update></Update>
                <Delete></Delete>
                <Metadata></Metadata>
            </DesignTimePermissions>
            <RunTimePermissions></RunTimePermissions>
            <VisibilityPermissions>
                <Visibility></Visibility>
            </VisibilityPermissions>
            <ConfigurationTableDefinitions></ConfigurationTableDefinitions>
            <ConfigurationTables>
                <ConfigurationTable
                 dataShapeName=""
                 description="Mashup Mobile Settings"
                 isHidden="true"
                 isMultiRow="false"
                 name="MobileSettings"
                 ordinal="0">
                    <DataShape>
                        <FieldDefinitions>
                            <FieldDefinition
                             aspect.defaultValue="false"
                             baseType="BOOLEAN"
                             description=""
                             name="disableZoom"
                             ordinal="0"></FieldDefinition>
                            <FieldDefinition
                             aspect.defaultValue="true"
                             baseType="BOOLEAN"
                             description=""
                             name="fullScreenMode"
                             ordinal="0"></FieldDefinition>
                            <FieldDefinition
                             baseType="STRING"
                             description=""
                             name="height"
                             ordinal="0"></FieldDefinition>
                            <FieldDefinition
                             aspect.defaultValue="device-height"
                             baseType="STRING"
                             description=""
                             name="heightType"
                             ordinal="0"></FieldDefinition>
                            <FieldDefinition
                             aspect.defaultValue="1.0"
                             baseType="NUMBER"
                             description=""
                             name="initialScale"
                             ordinal="0"></FieldDefinition>
                            <FieldDefinition
                             baseType="STRING"
                             description=""
                             name="iosShortcutIconTitle"
                             ordinal="0"></FieldDefinition>
                            <FieldDefinition
                             aspect.defaultValue="black-translucent"
                             baseType="STRING"
                             description=""
                             name="iosStatusBarAppearance"
                             ordinal="0"></FieldDefinition>
                            <FieldDefinition
                             aspect.defaultValue="10.0"
                             baseType="NUMBER"
                             description=""
                             name="maximumScale"
                             ordinal="0"></FieldDefinition>
                            <FieldDefinition
                             aspect.defaultValue="0.1"
                             baseType="NUMBER"
                             description=""
                             name="minimumScale"
                             ordinal="0"></FieldDefinition>
                            <FieldDefinition
                             baseType="STRING"
                             description=""
                             name="width"
                             ordinal="0"></FieldDefinition>
                            <FieldDefinition
                             aspect.defaultValue="device-width"
                             baseType="STRING"
                             description=""
                             name="widthType"
                             ordinal="0"></FieldDefinition>
                        </FieldDefinitions>
                    </DataShape>
                    <Rows>
                        <Row>
                            <disableZoom>false</disableZoom>
                            <fullScreenMode>true</fullScreenMode>
                            <height></height>
                            <heightType>
                            <![CDATA[
                            device-height
                            ]]>
                            </heightType>
                            <initialScale>1.0</initialScale>
                            <iosShortcutIconTitle></iosShortcutIconTitle>
                            <iosStatusBarAppearance>
                            <![CDATA[
                            black-translucent
                            ]]>
                            </iosStatusBarAppearance>
                            <maximumScale>10.0</maximumScale>
                            <minimumScale>0.1</minimumScale>
                            <width></width>
                            <widthType>
                            <![CDATA[
                            device-width
                            ]]>
                            </widthType>
                        </Row>
                    </Rows>
                </ConfigurationTable>
            </ConfigurationTables>
            <ParameterDefinitions>
                <FieldDefinition
                 aspect.bindingDirection="IN"
                 aspect.isMandatory="false"
                 baseType="THINGNAME"
                 description=""
                 name="thingName"
                 ordinal="0"></FieldDefinition>
            </ParameterDefinitions>
            <Things></Things>
            <ThingShapes></ThingShapes>
            <ThingTemplates></ThingTemplates>
            <mashupContent>
            <![CDATA[
            {
              "CustomMashupCss" : "",
              "Data" : {
                "DynamicThingShapes_AzureOpcUaThingShape" : {
                  "DataName" : "DynamicThingShapes_AzureOpcUaThingShape",
                  "EntityName" : "AzureOpcUaThingShape",
                  "EntityType" : "DynamicThingShapes",
                  "Id" : "bef8c570-730b-4439-a02f-f62117379b36",
                  "RefreshInterval" : 0,
                  "Services" : [ {
                    "APIMethod" : "post",
                    "Characteristic" : "Services",
                    "Id" : "7b930c8a-2aec-48ef-a982-35dc19840525",
                    "Name" : "GetEndpointsCredentials",
                    "Parameters" : { },
                    "RefreshInterval" : 0,
                    "Target" : "GetEndpointsCredentials"
                  }, {
                    "APIMethod" : "post",
                    "Characteristic" : "Services",
                    "Id" : "c6fd2b62-4e20-4871-a79a-e1730678f15d",
                    "Name" : "UpdateEndpointCredentials",
                    "Parameters" : { },
                    "RefreshInterval" : 0,
                    "Target" : "UpdateEndpointCredentials"
                  }, {
                    "APIMethod" : "post",
                    "Characteristic" : "Services",
                    "Id" : "6e30d75b-f261-4ee2-99d7-0753562b73fb",
                    "Name" : "RemoveEndpointCredentials",
                    "Parameters" : { },
                    "RefreshInterval" : 0,
                    "Target" : "RemoveEndpointCredentials"
                  }, {
                    "APIMethod" : "post",
                    "Characteristic" : "Services",
                    "Id" : "a0f5f046-862d-497f-97e4-68538f04786e",
                    "Name" : "ApplyEndpointsCredentials",
                    "Parameters" : { },
                    "RefreshInterval" : 0,
                    "Target" : "ApplyEndpointsCredentials"
                  } ]
                },
                "Session" : {
                  "DataName" : "Session",
                  "EntityName" : "",
                  "EntityType" : "Session",
                  "Id" : "session",
                  "Services" : [ {
                    "APIMethod" : "post",
                    "Characteristic" : "Services",
                    "Id" : "SessionInterface",
                    "Name" : "GetGlobalSessionValues",
                    "Parameters" : { },
                    "RefreshInterval" : 0,
                    "Target" : "GetGlobalSessionValues"
                  } ]
                },
                "UserExtensions" : {
                  "DataName" : "UserExtensions",
                  "EntityName" : "",
                  "EntityType" : "UserExtensions",
                  "Id" : "UserExtensions",
                  "Services" : [ {
                    "APIMethod" : "post",
                    "Characteristic" : "Services",
                    "Id" : "UserExtensionInterface",
                    "Name" : "GetCurrentUserExtensionProperties",
                    "Parameters" : { },
                    "RefreshInterval" : 0,
                    "Target" : "GetCurrentUserExtensionProperties"
                  } ]
                }
              },
              "DataBindings" : [ {
                "Id" : "fb7d3657-9fd8-4d27-91ba-dfdf633b498d",
                "PropertyMaps" : [ {
                  "SourceProperty" : "endpoint",
                  "SourcePropertyBaseType" : "STRING",
                  "SourcePropertyType" : "Field",
                  "TargetProperty" : "Text",
                  "TargetPropertyBaseType" : "STRING",
                  "TargetPropertyType" : "property"
                } ],
                "SourceArea" : "Data",
                "SourceDetails" : "SelectedRows",
                "SourceId" : "GetEndpointsCredentials",
                "SourceSection" : "DynamicThingShapes_AzureOpcUaThingShape",
                "TargetArea" : "UI",
                "TargetId" : "ptcstextfield-7",
                "TargetSection" : ""
              }, {
                "Id" : "a5c76b46-9432-4463-a488-54de2d920b9d",
                "PropertyMaps" : [ {
                  "SourceProperty" : "username",
                  "SourcePropertyBaseType" : "STRING",
                  "SourcePropertyType" : "Field",
                  "TargetProperty" : "Text",
                  "TargetPropertyBaseType" : "STRING",
                  "TargetPropertyType" : "property"
                } ],
                "SourceArea" : "Data",
                "SourceDetails" : "SelectedRows",
                "SourceId" : "GetEndpointsCredentials",
                "SourceSection" : "DynamicThingShapes_AzureOpcUaThingShape",
                "TargetArea" : "UI",
                "TargetId" : "ptcstextfield-9",
                "TargetSection" : ""
              }, {
                "Id" : "b9feb463-0b0f-4366-9cfd-93c039dd145c",
                "PropertyMaps" : [ {
                  "SourceProperty" : "thingName",
                  "SourcePropertyBaseType" : "THINGNAME",
                  "SourcePropertyType" : "property",
                  "TargetProperty" : "value",
                  "TargetPropertyBaseType" : "THINGNAME",
                  "TargetPropertyType" : "Entity"
                } ],
                "SourceArea" : "Mashup",
                "SourceId" : "mashup-root",
                "SourceSection" : "",
                "TargetArea" : "Data",
                "TargetId" : "EntityName",
                "TargetSection" : "DynamicThingShapes_AzureOpcUaThingShape"
              }, {
                "Id" : "10bb33df-152e-4681-83d9-320d535c72ad",
                "PropertyMaps" : [ {
                  "SourceProperty" : "",
                  "SourcePropertyBaseType" : "INFOTABLE",
                  "SourcePropertyType" : "InfoTable",
                  "TargetProperty" : "Data",
                  "TargetPropertyBaseType" : "INFOTABLE",
                  "TargetPropertyType" : "property"
                } ],
                "SourceArea" : "Data",
                "SourceDetails" : "AllData",
                "SourceId" : "GetEndpointsCredentials",
                "SourceName" : "GetEndpointsCredentials",
                "SourceSection" : "DynamicThingShapes_AzureOpcUaThingShape",
                "TargetArea" : "UI",
                "TargetId" : "treegridadvanced-23",
                "TargetSection" : ""
              }, {
                "Id" : "d0e8312b-02d0-468f-b9b8-bf211daf84bc",
                "PropertyMaps" : [ {
                  "SourceProperty" : "Text",
                  "SourcePropertyBaseType" : "STRING",
                  "SourcePropertyType" : "Property",
                  "TargetProperty" : "endpoint",
                  "TargetPropertyBaseType" : "STRING",
                  "TargetPropertyType" : "Parameter"
                } ],
                "SourceArea" : "UI",
                "SourceDetails" : "",
                "SourceId" : "ptcstextfield-7",
                "SourceSection" : "",
                "TargetArea" : "Data",
                "TargetId" : "UpdateEndpointCredentials",
                "TargetSection" : "DynamicThingShapes_AzureOpcUaThingShape"
              }, {
                "Id" : "cf041236-ba10-406a-82df-8721cf462ea7",
                "PropertyMaps" : [ {
                  "SourceProperty" : "Text",
                  "SourcePropertyBaseType" : "STRING",
                  "SourcePropertyType" : "Property",
                  "TargetProperty" : "password",
                  "TargetPropertyBaseType" : "STRING",
                  "TargetPropertyType" : "Parameter"
                } ],
                "SourceArea" : "UI",
                "SourceDetails" : "",
                "SourceId" : "ptcstextfield-24",
                "SourceSection" : "",
                "TargetArea" : "Data",
                "TargetId" : "UpdateEndpointCredentials",
                "TargetSection" : "DynamicThingShapes_AzureOpcUaThingShape"
              }, {
                "Id" : "fdeb7e86-6829-4aac-b845-5a723ffc268e",
                "PropertyMaps" : [ {
                  "SourceProperty" : "Text",
                  "SourcePropertyBaseType" : "STRING",
                  "SourcePropertyType" : "Property",
                  "TargetProperty" : "username",
                  "TargetPropertyBaseType" : "STRING",
                  "TargetPropertyType" : "Parameter"
                } ],
                "SourceArea" : "UI",
                "SourceDetails" : "",
                "SourceId" : "ptcstextfield-9",
                "SourceSection" : "",
                "TargetArea" : "Data",
                "TargetId" : "UpdateEndpointCredentials",
                "TargetSection" : "DynamicThingShapes_AzureOpcUaThingShape"
              }, {
                "Id" : "ff48057a-60fc-41ca-9ef6-70c25ca055b4",
                "PropertyMaps" : [ {
                  "SourceProperty" : "Text",
                  "SourcePropertyBaseType" : "STRING",
                  "SourcePropertyType" : "Property",
                  "TargetProperty" : "endpoint",
                  "TargetPropertyBaseType" : "STRING",
                  "TargetPropertyType" : "Parameter"
                } ],
                "SourceArea" : "UI",
                "SourceDetails" : "",
                "SourceId" : "ptcstextfield-7",
                "SourceSection" : "",
                "TargetArea" : "Data",
                "TargetId" : "RemoveEndpointCredentials",
                "TargetSection" : "DynamicThingShapes_AzureOpcUaThingShape"
              } ],
              "DesignTimePermissions" : {
                "Create" : [ ],
                "Delete" : [ ],
                "Metadata" : [ ],
                "Read" : [ ],
                "Update" : [ ]
              },
              "Events" : [ {
                "EventHandlerArea" : "Data",
                "EventHandlerId" : "DynamicThingShapes_AzureOpcUaThingShape",
                "EventHandlerService" : "GetEndpointsCredentials",
                "EventTriggerArea" : "Mashup",
                "EventTriggerEvent" : "Loaded",
                "EventTriggerId" : "mashup-root",
                "EventTriggerSection" : "",
                "Id" : "e38f42db-c2f1-4bc1-8a70-e5e625c26db8"
              }, {
                "EventHandlerArea" : "Data",
                "EventHandlerId" : "DynamicThingShapes_AzureOpcUaThingShape",
                "EventHandlerService" : "GetEndpointsCredentials",
                "EventTriggerArea" : "Mashup",
                "EventTriggerEvent" : "RefreshRequested",
                "EventTriggerId" : "mashup-root",
                "EventTriggerSection" : "",
                "Id" : "beb99ca2-ab87-4aa1-8a91-c8bff083145a"
              }, {
                "EventHandlerArea" : "Data",
                "EventHandlerId" : "DynamicThingShapes_AzureOpcUaThingShape",
                "EventHandlerService" : "UpdateEndpointCredentials",
                "EventTriggerArea" : "UI",
                "EventTriggerEvent" : "Clicked",
                "EventTriggerId" : "ptcsbutton-8",
                "EventTriggerSection" : "",
                "Id" : "652e04d2-1742-4fbb-8720-d294143aed7a"
              }, {
                "EventHandlerArea" : "Data",
                "EventHandlerId" : "DynamicThingShapes_AzureOpcUaThingShape",
                "EventHandlerService" : "RemoveEndpointCredentials",
                "EventTriggerArea" : "UI",
                "EventTriggerEvent" : "Clicked",
                "EventTriggerId" : "ptcsbutton-11",
                "EventTriggerSection" : "",
                "Id" : "4d6c4b9a-2918-45d8-8160-378e004ec8f9"
              }, {
                "EventHandlerArea" : "Data",
                "EventHandlerId" : "DynamicThingShapes_AzureOpcUaThingShape",
                "EventHandlerService" : "GetEndpointsCredentials",
                "EventTriggerArea" : "Data",
                "EventTriggerEvent" : "ServiceInvokeCompleted",
                "EventTriggerId" : "RemoveEndpointCredentials",
                "EventTriggerSection" : "DynamicThingShapes_AzureOpcUaThingShape",
                "Id" : "170a1e73-26ea-438b-ac5b-130c8ec380eb"
              }, {
                "EventHandlerArea" : "Data",
                "EventHandlerId" : "DynamicThingShapes_AzureOpcUaThingShape",
                "EventHandlerService" : "GetEndpointsCredentials",
                "EventTriggerArea" : "Data",
                "EventTriggerEvent" : "ServiceInvokeCompleted",
                "EventTriggerId" : "UpdateEndpointCredentials",
                "EventTriggerSection" : "DynamicThingShapes_AzureOpcUaThingShape",
                "Id" : "8469b214-478c-40e3-a390-62a0962fa263"
              }, {
                "EventHandlerArea" : "Data",
                "EventHandlerId" : "DynamicThingShapes_AzureOpcUaThingShape",
                "EventHandlerService" : "ApplyEndpointsCredentials",
                "EventTriggerArea" : "Data",
                "EventTriggerEvent" : "ServiceInvokeCompleted",
                "EventTriggerId" : "UpdateEndpointCredentials",
                "EventTriggerSection" : "DynamicThingShapes_AzureOpcUaThingShape",
                "Id" : "0f67f4a6-d046-473e-991d-0d693e588ccd"
              }, {
                "EventHandlerArea" : "Data",
                "EventHandlerId" : "DynamicThingShapes_AzureOpcUaThingShape",
                "EventHandlerService" : "ApplyEndpointsCredentials",
                "EventTriggerArea" : "Data",
                "EventTriggerEvent" : "ServiceInvokeCompleted",
                "EventTriggerId" : "RemoveEndpointCredentials",
                "EventTriggerSection" : "DynamicThingShapes_AzureOpcUaThingShape",
                "Id" : "9fb79b9d-fc1f-44e1-873c-3f11b4a22fbf"
              }, {
                "EventHandlerArea" : "UI",
                "EventHandlerId" : "ptcstextfield-24",
                "EventHandlerService" : "ResetToDefaultValue",
                "EventTriggerArea" : "UI",
                "EventTriggerEvent" : "SelectedRowsChanged",
                "EventTriggerId" : "treegridadvanced-23",
                "EventTriggerSection" : "",
                "Id" : "ca43d380-c6bf-4bd6-840d-b86492e8f83d"
              } ],
              "RunTimePermissions" : {
                "permissions" : [ ]
              },
              "UI" : {
                "Properties" : {
                  "AddToDashboardButton" : "SimplePlus",
                  "AddToDashboardButtonStyle" : "DefaultAddToDashboardButtonStyle",
                  "Area" : "Mashup",
                  "BGImage" : "",
                  "BGImageRepeat" : "no-repeat",
                  "BGImageSize" : "auto",
                  "Columns" : 0,
                  "ConfigureGadgetButton" : "SimpleGear",
                  "ConfigureGadgetButtonStyle" : "DefaultConfigureGadgetButtonStyle",
                  "DisplayName" : "Mashup",
                  "EnableParameterEditing" : false,
                  "Height" : 618,
                  "Id" : "mashup-root",
                  "IgnoreWarningsInViewMashup" : false,
                  "IsPrintLayout" : false,
                  "Left" : 0,
                  "MashupToEditGadget" : "DefaultMashupToEditGadget",
                  "MigratedOn" : "2020-06-09T15:41:11.000Z",
                  "MinHeight" : 0,
                  "MinWidth" : 0,
                  "ResponsiveLayout" : true,
                  "Rows" : 0,
                  "ShowDataLoading" : true,
                  "Style" : "DefaultMashupStyle",
                  "StyleTheme" : "PTC Convergence Theme",
                  "Title" : "",
                  "TitleBar" : false,
                  "TitleBarStyle" : "DefaultTitleBarStyle",
                  "TitleBarText" : "Gadget Title Here",
                  "Top" : 0,
                  "Type" : "mashup",
                  "UseMasterTheme" : false,
                  "UseTheme" : false,
                  "UseThemeForHybrids" : false,
                  "Visible" : true,
                  "Width" : 1024,
                  "Z-index" : 10,
                  "__TypeDisplayName" : "Mashup",
                  "_currentParameterDefs" : [ {
                    "Aspects" : {
                      "bindingDirection" : "IN",
                      "isMandatory" : false
                    },
                    "BaseType" : "THINGNAME",
                    "Description" : "",
                    "ParameterName" : "thingName"
                  } ],
                  "id_index" : 24,
                  "supportsAutoResize" : true
                },
                "Widgets" : [ {
                  "Properties" : {
                    "Area" : "UI",
                    "DisplayName" : "container-20",
                    "EnableExpandCollapse" : false,
                    "Expanded" : true,
                    "Id" : "flexcontainer-20",
                    "LastContainer" : true,
                    "Overlay" : false,
                    "ResponsiveLayout" : true,
                    "ShowDataLoading" : true,
                    "ShowExpandCollapseTab" : false,
                    "SourceURL" : "",
                    "Style" : "DefaultContainerStyle",
                    "StyleProperties" : { },
                    "Type" : "flexcontainer",
                    "UseTheme" : true,
                    "Visible" : true,
                    "Z-index" : 10,
                    "__TypeDisplayName" : "Flex Container",
                    "align-content" : "flex-start",
                    "align-items" : "flex-start",
                    "flex-basis" : "auto",
                    "flex-direction" : "row",
                    "flex-grow" : "1",
                    "flex-max-height" : "",
                    "flex-max-width" : "",
                    "flex-min-height" : "",
                    "flex-min-width" : "",
                    "flex-shrink" : "0",
                    "flex-size" : "default",
                    "flex-wrap" : "nowrap",
                    "iconClass" : "widgets-flexcontainer",
                    "isLocked" : true,
                    "justify-content" : "flex-start",
                    "positioning" : "responsive",
                    "userCannotRemove" : true
                  },
                  "Widgets" : [ {
                    "Properties" : {
                      "Area" : "UI",
                      "DisplayName" : "container-21",
                      "EnableExpandCollapse" : false,
                      "Expanded" : true,
                      "Id" : "flexcontainer-21",
                      "LastContainer" : false,
                      "Overlay" : false,
                      "ResponsiveLayout" : false,
                      "ShowDataLoading" : true,
                      "ShowExpandCollapseTab" : false,
                      "SourceURL" : "",
                      "Style" : "DefaultContainerStyle",
                      "StyleProperties" : { },
                      "Type" : "flexcontainer",
                      "UseTheme" : true,
                      "Visible" : true,
                      "Z-index" : 10,
                      "__TypeDisplayName" : "Flex Container",
                      "align-content" : "flex-start",
                      "align-items" : "flex-start",
                      "flex-basis" : "auto",
                      "flex-direction" : "row",
                      "flex-grow" : 1,
                      "flex-max-height" : "",
                      "flex-max-width" : "",
                      "flex-min-height" : "",
                      "flex-min-width" : "",
                      "flex-shrink" : "0",
                      "flex-size" : "default",
                      "flex-wrap" : "nowrap",
                      "iconClass" : "widgets-flexcontainer",
                      "isLocked" : true,
                      "justify-content" : "flex-start",
                      "positioning" : "responsive",
                      "userCannotRemove" : false
                    },
                    "Widgets" : [ {
                      "Properties" : {
                        "Area" : "UI",
                        "AutoScroll" : true,
                        "CellBorderStyle" : "DefaultGridAdvancedCellBorderStyle",
                        "CellValidationErrorStyle" : "DefaultGridAdvancedCellValidationErrorStyle",
                        "CellValidationErrorTooltipStyle" : "DefaultGridAdvancedCellValidationErrorTooltipStyle",
                        "ColumnFormat" : {
                          "formatInfo" : [ {
                            "Align" : "left",
                            "AllowEdit" : false,
                            "EditorOptions" : {
                              "Type" : "string",
                              "Validators" : [ "None", "NotEmpty", "Empty", "Custom", "ValidAlphaNumeric", "ValidEmail", "ValidIPv4", "ValidSIN", "ValidSSN" ]
                            },
                            "FieldName" : "endpoint",
                            "FormatOptions" : {
                              "FormatString" : "full",
                              "renderer" : "STRING",
                              "showDependentField" : true
                            },
                            "Title" : "endpoint",
                            "ValidationExpression" : "",
                            "ValidationMessage" : "",
                            "Width" : "auto",
                            "inLayout" : true
                          }, {
                            "Align" : "left",
                            "AllowEdit" : false,
                            "EditorOptions" : {
                              "Type" : "string",
                              "Validators" : [ "None", "NotEmpty", "Empty", "Custom", "ValidAlphaNumeric", "ValidEmail", "ValidIPv4", "ValidSIN", "ValidSSN" ]
                            },
                            "FieldName" : "username",
                            "FormatOptions" : {
                              "FormatString" : "full",
                              "renderer" : "STRING"
                            },
                            "Title" : "username",
                            "ValidationExpression" : "",
                            "ValidationMessage" : "",
                            "Width" : "auto",
                            "inLayout" : true
                          }, {
                            "Align" : "left",
                            "AllowEdit" : false,
                            "EditorOptions" : {
                              "Type" : "string",
                              "Validators" : [ "None", "NotEmpty", "Empty", "Custom" ]
                            },
                            "FieldName" : "password",
                            "FormatOptions" : {
                              "renderer" : "DEFAULT",
                              "showDependentField" : true
                            },
                            "Title" : "password",
                            "ValidationExpression" : "",
                            "ValidationMessage" : "",
                            "Width" : "auto",
                            "inLayout" : true
                          } ]
                        },
                        "Configuration" : "",
                        "ConfigurationId" : 5,
                        "CookiePersistence" : true,
                        "DataOverflow" : "ellipsis",
                        "DataServiceBindingDef" : {
                          "entityName" : "AzureOpcUaThingShape",
                          "entityType" : "DynamicThingShapes",
                          "target" : "GetEndpointsCredentials"
                        },
                        "DefaultSelectedRows" : "",
                        "DisplayName" : "treegridadvanced-23",
                        "DisplayOnlyMode" : false,
                        "EditButtonsLocation" : "top-right",
                        "EnableCallbackOnSelectedRowsChange" : true,
                        "EnableContextMenu" : true,
                        "EnableEditButtons" : false,
                        "EnableFilterEventOnConfigChange" : true,
                        "EnableFooter" : false,
                        "EnableGridReset" : false,
                        "EnableGridSearch" : false,
                        "EnableKeyboardNavigation" : true,
                        "EnableSorting" : true,
                        "ExpandLoadedRows" : false,
                        "ExpandRowOnDoubleClick" : false,
                        "FocusStyle" : "DefaultFocusStyle",
                        "GridResetButtonLocation" : "top-right",
                        "GridSearchLocation" : "top-left",
                        "HasChildrenFieldName" : "hasChildren",
                        "HeaderOverflow" : "tooltip",
                        "Height" : 200,
                        "IDFieldName" : "id",
                        "IDPathSeparator" : ":;",
                        "Id" : "treegridadvanced-23",
                        "IncludeRowExpansionParents" : false,
                        "IsEditable" : false,
                        "LastContainer" : false,
                        "Left" : 145,
                        "MaxHeaderHeight" : 100,
                        "MaxRowCacheSize" : 50000,
                        "MinRowHeight" : 30,
                        "ParentIDFieldName" : "parentId",
                        "PreserveRowExpansion" : false,
                        "ResponsiveLayout" : true,
                        "RowAlternateBackgroundStyle" : "DefaultGridAdvancedRowAlternateBackgroundStyle",
                        "RowBackgroundStyle" : "DefaultGridAdvancedRowBackgroundStyle",
                        "RowBorderStyle" : "DefaultGridAdvancedRowBorderStyle",
                        "RowCollapseIconStyle" : "DefaultRowCollapseIconStyle",
                        "RowExpansionIconStyle" : "DefaultRowExpansionIconStyle",
                        "RowFormat_StateParameters" : [ ],
                        "RowHoverStyle" : "DefaultGridAdvancedRowHoverStyle",
                        "RowIconStyle" : "DefaultRowIconStyle",
                        "RowSelectedStyle" : "DefaultGridAdvancedRowSelectedStyle",
                        "RowSelection" : "single",
                        "SelectedRows" : "",
                        "ShowDataLoading" : true,
                        "SortAscendingStyle" : "DefaultSortAscendingStyle",
                        "SortDescendingStyle" : "DefaultSortDescendingStyle",
                        "TableFooterStyle" : "DefaultGridAdvancedFooterStyle",
                        "TableHeaderStyle" : "DefaultGridAdvancedHeaderStyle",
                        "TableWrapperStyle" : "DefaultGridAdvancedWrapperStyle",
                        "ToolbarStyle" : "DefaultToolbarStyle",
                        "TooltipStyle" : "DefaultTooltipStyle",
                        "Top" : 135,
                        "Type" : "treegridadvanced",
                        "UseTheme" : false,
                        "Visible" : true,
                        "Width" : 400,
                        "Z-index" : 10,
                        "__TypeDisplayName" : "Tree Grid Advanced"
                      },
                      "Widgets" : [ ]
                    } ]
                  }, {
                    "Properties" : {
                      "Area" : "UI",
                      "DisplayName" : "container-22",
                      "EnableExpandCollapse" : false,
                      "Expanded" : true,
                      "Id" : "flexcontainer-22",
                      "LastContainer" : false,
                      "Overlay" : false,
                      "ResponsiveLayout" : false,
                      "ShowDataLoading" : true,
                      "ShowExpandCollapseTab" : false,
                      "SourceURL" : "",
                      "Style" : "DefaultContainerStyle",
                      "StyleProperties" : { },
                      "Type" : "flexcontainer",
                      "UseTheme" : true,
                      "Visible" : true,
                      "Z-index" : 10,
                      "__TypeDisplayName" : "Flex Container",
                      "align-content" : "flex-start",
                      "align-items" : "flex-start",
                      "flex-basis" : "auto",
                      "flex-direction" : "row",
                      "flex-grow" : 1,
                      "flex-max-height" : "",
                      "flex-max-width" : "295px",
                      "flex-min-height" : "",
                      "flex-min-width" : "295px",
                      "flex-shrink" : "0",
                      "flex-size" : "default",
                      "flex-wrap" : "nowrap",
                      "iconClass" : "widgets-flexcontainer-fixed",
                      "isLocked" : false,
                      "justify-content" : "flex-start",
                      "positioning" : "static",
                      "userCannotRemove" : false
                    },
                    "Widgets" : [ {
                      "Properties" : {
                        "Area" : "UI",
                        "Counter" : false,
                        "Disabled" : false,
                        "DisplayName" : "ptcs-textfield-7",
                        "HasText" : false,
                        "Id" : "ptcstextfield-7",
                        "Label" : "Endpoint",
                        "LabelAlignment" : "left",
                        "LastContainer" : false,
                        "Left" : 8,
                        "Margin" : "5",
                        "MaxNumberOfCharacters" : 1000000,
                        "Password" : false,
                        "ReadOnly" : false,
                        "ResponsiveLayout" : false,
                        "ShowClearText" : true,
                        "ShowDataLoading" : true,
                        "TabSequence" : 0,
                        "TextAlignment" : "left",
                        "Top" : 10,
                        "Type" : "ptcstextfield",
                        "UseTheme" : true,
                        "Visible" : true,
                        "Width" : 273,
                        "Z-index" : 10,
                        "__TypeDisplayName" : "Text Field"
                      },
                      "Widgets" : [ ]
                    }, {
                      "Properties" : {
                        "Area" : "UI",
                        "ButtonType" : "primary",
                        "ContextID" : "",
                        "Disabled" : false,
                        "DisplayName" : "ptcs-button-8",
                        "Id" : "ptcsbutton-8",
                        "Label" : "Add/Update",
                        "LabelAlignment" : "center",
                        "LastContainer" : false,
                        "Left" : 8,
                        "Margin" : "5",
                        "ResponsiveLayout" : false,
                        "ShowDataLoading" : true,
                        "TabSequence" : 0,
                        "TooltipField" : "",
                        "Top" : 238,
                        "Type" : "ptcsbutton",
                        "UseTheme" : true,
                        "Visible" : true,
                        "Z-index" : 10,
                        "__TypeDisplayName" : "Button",
                        "__supportsTooltip" : true
                      },
                      "Widgets" : [ ]
                    }, {
                      "Properties" : {
                        "Area" : "UI",
                        "Counter" : false,
                        "Disabled" : false,
                        "DisplayName" : "ptcs-textfield-9",
                        "HasText" : false,
                        "Height" : 54,
                        "Id" : "ptcstextfield-9",
                        "Label" : "Username",
                        "LabelAlignment" : "left",
                        "LastContainer" : false,
                        "Left" : 8,
                        "Margin" : "5",
                        "MaxNumberOfCharacters" : 1000000,
                        "Password" : false,
                        "ReadOnly" : false,
                        "ResponsiveLayout" : false,
                        "ShowClearText" : true,
                        "ShowDataLoading" : true,
                        "TabSequence" : 0,
                        "TextAlignment" : "left",
                        "Top" : 82,
                        "Type" : "ptcstextfield",
                        "UseTheme" : true,
                        "Visible" : true,
                        "Width" : 273,
                        "Z-index" : 10,
                        "__TypeDisplayName" : "Text Field"
                      },
                      "Widgets" : [ ]
                    }, {
                      "Properties" : {
                        "Area" : "UI",
                        "ButtonType" : "danger",
                        "ContextID" : "",
                        "Disabled" : false,
                        "DisplayName" : "ptcs-button-11",
                        "Height" : 34,
                        "Id" : "ptcsbutton-11",
                        "Label" : "Remove",
                        "LabelAlignment" : "center",
                        "LastContainer" : false,
                        "Left" : 162,
                        "ResponsiveLayout" : false,
                        "ShowDataLoading" : true,
                        "TabSequence" : 0,
                        "TooltipField" : "",
                        "Top" : 238,
                        "Type" : "ptcsbutton",
                        "UseTheme" : true,
                        "Visible" : true,
                        "Width" : 119,
                        "Z-index" : 10,
                        "__TypeDisplayName" : "Button",
                        "__supportsTooltip" : true
                      },
                      "Widgets" : [ ]
                    }, {
                      "Properties" : {
                        "Area" : "UI",
                        "Counter" : false,
                        "Disabled" : false,
                        "DisplayName" : "ptcs-textfield-24",
                        "HasText" : false,
                        "Height" : 54,
                        "Id" : "ptcstextfield-24",
                        "Label" : "Password",
                        "LabelAlignment" : "left",
                        "LastContainer" : false,
                        "Left" : 8,
                        "Margin" : "5",
                        "MaxNumberOfCharacters" : 1000000,
                        "Password" : true,
                        "ReadOnly" : false,
                        "ResponsiveLayout" : false,
                        "ShowClearText" : false,
                        "ShowDataLoading" : true,
                        "TabSequence" : 0,
                        "TextAlignment" : "left",
                        "Top" : 154,
                        "Type" : "ptcstextfield",
                        "UseTheme" : true,
                        "Visible" : true,
                        "Width" : 273,
                        "Z-index" : 10,
                        "__TypeDisplayName" : "Text Field"
                      },
                      "Widgets" : [ ]
                    } ]
                  } ]
                } ]
              },
              "mashupType" : "mashup"
            }
            ]]>
            </mashupContent>
            <preview></preview>
        </Mashup>
    </Mashups>
</Entities>
