<?xml version="1.0" encoding="UTF-8"?>
<Entities
        build="b78"
        majorVersion="8"
        minorVersion="5"
        modelPersistenceProviderPackage="H2PersistenceProviderPackage"
        revision="1"
        schemaVersion="1050"
        universal="password">
    <Mashups>
        <Mashup
                aspect.isEditableExtensionObject="false"
                aspect.isExtension="true"
                aspect.isFlex="true"
                aspect.isResponsive="true"
                aspect.mashupType="mashup"
                columns="0.0"
                description=""
                documentationContent=""
                homeMashup=""
                lastModifiedDate="2020-05-29T08:20:09.697-04:00"
                name="AzureOpcUaEndpointManagementMashup"
                projectName=""
                rows="0.0"
                tags="">
            <avatar></avatar>
            <DesignTimePermissions>
                <Create></Create>
                <Read></Read>
                <Update></Update>
                <Delete></Delete>
                <Metadata></Metadata>
            </DesignTimePermissions>
            <RunTimePermissions></RunTimePermissions>
            <VisibilityPermissions>
                <Visibility></Visibility>
            </VisibilityPermissions>
            <ConfigurationTableDefinitions></ConfigurationTableDefinitions>
            <ConfigurationTables></ConfigurationTables>
            <ParameterDefinitions>
                <FieldDefinition
                        aspect.bindingDirection="IN"
                        aspect.isMandatory="false"
                        aspect.ordinal="0"
                        baseType="THINGNAME"
                        description=""
                        name="thingName"
                        ordinal="0"></FieldDefinition>
            </ParameterDefinitions>
            <Things></Things>
            <ThingShapes></ThingShapes>
            <ThingTemplates>
                <ThingTemplate>AzureIotHubTemplate</ThingTemplate>
            </ThingTemplates>
            <mashupContent>
                <![CDATA[
            {
              "CustomMashupCss" : "",
              "Data" : {
                "DynamicThingTemplates_AzureIotHubTemplate" : {
                  "DataName" : "DynamicThingTemplates_AzureIotHubTemplate",
                  "EntityName" : "AzureIotHubTemplate",
                  "EntityType" : "DynamicThingTemplates",
                  "Id" : "94a0b418-3fa3-4aec-8b29-a0246c0ee765",
                  "RefreshInterval" : 0,
                  "Services" : [ {
                    "APIMethod" : "post",
                    "Characteristic" : "Services",
                    "Id" : "d2958351-eb27-4b7f-b8ae-89c3dfb91ad3",
                    "Name" : "FetchUAEndpoints",
                    "Parameters" : { },
                    "RefreshInterval" : 0,
                    "Target" : "FetchUAEndpoints"
                  }, {
                    "APIMethod" : "post",
                    "Characteristic" : "Services",
                    "Id" : "b154b730-50a3-4ed9-8926-6d394bcc5a85",
                    "Name" : "ActivateUAEndpoint",
                    "Parameters" : { },
                    "RefreshInterval" : 0,
                    "Target" : "ActivateUAEndpoint"
                  }, {
                    "APIMethod" : "post",
                    "Characteristic" : "Services",
                    "Id" : "3e20038d-db05-4b89-9ff2-59aecc25004a",
                    "Name" : "DeactivateUAEndpoint",
                    "Parameters" : { },
                    "RefreshInterval" : 0,
                    "Target" : "DeactivateUAEndpoint"
                  } ]
                },
                "Session" : {
                  "DataName" : "Session",
                  "EntityName" : "",
                  "EntityType" : "Session",
                  "Id" : "session",
                  "Services" : [ {
                    "APIMethod" : "post",
                    "Characteristic" : "Services",
                    "Id" : "SessionInterface",
                    "Name" : "GetGlobalSessionValues",
                    "Parameters" : { },
                    "RefreshInterval" : 0,
                    "Target" : "GetGlobalSessionValues"
                  } ]
                },               
                "Things_ConnectionServicesHub" : {
                  "DataName" : "Things_ConnectionServicesHub",
                  "EntityName" : "ConnectionServicesHub",
                  "EntityType" : "Things",
                  "Id" : "331a681a-51f0-4cde-85ec-5b9a7081b925",
                  "RefreshInterval" : 0,
                  "Services" : [ {
                    "APIMethod" : "post",
                    "Characteristic" : "Services",
                    "Id" : "1e338b95-0d38-4add-bd41-cc280a4a6907",
                    "Name" : "RebindIndustrialGateways",
                    "Parameters" : { },
                    "RefreshInterval" : 0,
                    "Target" : "RebindIndustrialGateways"
                  } ]
                },
                "UserExtensions" : {
                  "DataName" : "UserExtensions",
                  "EntityName" : "",
                  "EntityType" : "UserExtensions",
                  "Id" : "UserExtensions",
                  "Services" : [ {
                    "APIMethod" : "post",
                    "Characteristic" : "Services",
                    "Id" : "UserExtensionInterface",
                    "Name" : "GetCurrentUserExtensionProperties",
                    "Parameters" : { },
                    "RefreshInterval" : 0,
                    "Target" : "GetCurrentUserExtensionProperties"
                  } ]
                }
              },
              "DataBindings" : [ {
                "Id" : "4f8af0ab-b3f1-4bc4-84a6-aeae20138760",
                "PropertyMaps" : [ {
                  "SourceProperty" : "",
                  "SourcePropertyBaseType" : "INFOTABLE",
                  "SourcePropertyType" : "InfoTable",
                  "TargetProperty" : "Data",
                  "TargetPropertyBaseType" : "INFOTABLE",
                  "TargetPropertyType" : "property"
                } ],
                "SourceArea" : "Data",
                "SourceDetails" : "AllData",
                "SourceId" : "FetchUAEndpoints",
                "SourceName" : "FetchUAEndpoints",
                "SourceSection" : "DynamicThingTemplates_AzureIotHubTemplate",
                "TargetArea" : "UI",
                "TargetId" : "gridadvanced-10",
                "TargetSection" : ""
              }, {
                "Id" : "11a29f96-3ad9-4df1-bad2-1c112b842222",
                "PropertyMaps" : [ {
                  "SourceProperty" : "RegistrationId",
                  "SourcePropertyBaseType" : "STRING",
                  "SourcePropertyType" : "Field",
                  "TargetProperty" : "Text",
                  "TargetPropertyBaseType" : "STRING",
                  "TargetPropertyType" : "property"
                } ],
                "SourceArea" : "Data",
                "SourceDetails" : "SelectedRows",
                "SourceId" : "FetchUAEndpoints",
                "SourceSection" : "DynamicThingTemplates_AzureIotHubTemplate",
                "TargetArea" : "UI",
                "TargetId" : "ptcstextfield-12",
                "TargetSection" : ""
              }, {
                "Id" : "474f1d1e-0776-41a1-ac29-aeeb88851a24",
                "PropertyMaps" : [ {
                  "SourceProperty" : "Text",
                  "SourcePropertyBaseType" : "STRING",
                  "SourcePropertyType" : "property",
                  "TargetProperty" : "endpoint",
                  "TargetPropertyBaseType" : "STRING",
                  "TargetPropertyType" : "Parameter"
                } ],
                "SourceArea" : "UI",
                "SourceId" : "ptcstextfield-12",
                "SourceSection" : "",
                "TargetArea" : "Data",
                "TargetId" : "DeactivateUAEndpoint",
                "TargetSection" : "DynamicThingTemplates_AzureIotHubTemplate"
              }, {
                "Id" : "7ea7436e-7ed2-42ef-935c-7be84b0df297",
                "PropertyMaps" : [ {
                  "SourceProperty" : "Text",
                  "SourcePropertyBaseType" : "STRING",
                  "SourcePropertyType" : "property",
                  "TargetProperty" : "endpoint",
                  "TargetPropertyBaseType" : "STRING",
                  "TargetPropertyType" : "Parameter"
                } ],
                "SourceArea" : "UI",
                "SourceId" : "ptcstextfield-12",
                "SourceSection" : "",
                "TargetArea" : "Data",
                "TargetId" : "ActivateUAEndpoint",
                "TargetSection" : "DynamicThingTemplates_AzureIotHubTemplate"
              }, {
                "Id" : "d1e3b0c8-927f-4781-8b7f-3e6f548049d1",
                "PropertyMaps" : [ {
                  "SourceProperty" : "thingName",
                  "SourcePropertyBaseType" : "THINGNAME",
                  "TargetProperty" : "value",
                  "TargetPropertyBaseType" : "THINGNAME",
                  "TargetPropertyType" : "Entity"
                } ],
                "SourceArea" : "Mashup",
                "SourceId" : "mashup-root",
                "SourceSection" : "",
                "TargetArea" : "Data",
                "TargetId" : "EntityName",
                "TargetSection" : "DynamicThingTemplates_AzureIotHubTemplate"
              }, {
                "Id" : "faeccaa3-5314-442d-9cd0-ab5a75c3961b",
                "PropertyMaps" : [ {
                  "SourceProperty" : "QueryFilter",
                  "SourcePropertyBaseType" : "QUERY",
                  "TargetProperty" : "QueryFilter",
                  "TargetPropertyBaseType" : "QUERY",
                  "TargetPropertyType" : "Parameter"
                } ],
                "SourceArea" : "UI",
                "SourceId" : "gridadvanced-10",
                "SourceSection" : "",
                "TargetArea" : "Data",
                "TargetId" : "FetchUAEndpoints",
                "TargetSection" : "DynamicThingTemplates_AzureIotHubTemplate"
              } ],
              "DesignTimePermissions" : {
                "Create" : [ ],
                "Delete" : [ ],
                "Metadata" : [ ],
                "Read" : [ ],
                "Update" : [ ]
              },
              "Events" : [ {
                "EventHandlerArea" : "Data",
                "EventHandlerId" : "DynamicThingTemplates_AzureIotHubTemplate",
                "EventHandlerService" : "FetchUAEndpoints",
                "EventTriggerArea" : "Mashup",
                "EventTriggerEvent" : "Loaded",
                "EventTriggerId" : "mashup-root",
                "EventTriggerSection" : "",
                "Id" : "907814b1-5d25-4666-8c06-04db273d5d17"
              }, {
                "EventHandlerArea" : "Data",
                "EventHandlerId" : "DynamicThingTemplates_AzureIotHubTemplate",
                "EventHandlerService" : "ActivateUAEndpoint",
                "EventTriggerArea" : "UI",
                "EventTriggerEvent" : "Clicked",
                "EventTriggerId" : "ptcsbutton-13",
                "EventTriggerSection" : "",
                "Id" : "1eeeff81-54a6-4e81-9f45-54ae9c78ad3c"
              }, {
                "EventHandlerArea" : "Data",
                "EventHandlerId" : "DynamicThingTemplates_AzureIotHubTemplate",
                "EventHandlerService" : "DeactivateUAEndpoint",
                "EventTriggerArea" : "UI",
                "EventTriggerEvent" : "Clicked",
                "EventTriggerId" : "ptcsbutton-14",
                "EventTriggerSection" : "",
                "Id" : "0a943382-20b4-46d4-b97b-a8899d7cc029"
              }, {
                "EventHandlerArea" : "Data",
                "EventHandlerId" : "DynamicThingTemplates_AzureIotHubTemplate",
                "EventHandlerService" : "FetchUAEndpoints",
                "EventTriggerArea" : "Mashup",
                "EventTriggerEvent" : "RefreshRequested",
                "EventTriggerId" : "mashup-root",
                "EventTriggerSection" : "",
                "Id" : "375e3e4a-08df-4df5-9928-5e90d02c50a9"
              }, {
                "EventHandlerArea" : "Data",
                "EventHandlerId" : "DynamicThingTemplates_AzureIotHubTemplate",
                "EventHandlerService" : "FetchUAEndpoints",
                "EventTriggerArea" : "UI",
                "EventTriggerEvent" : "Filter",
                "EventTriggerId" : "gridadvanced-10",
                "EventTriggerSection" : "",
                "Id" : "ebb9de2c-ade4-4008-8216-2fa99538a24b"
              }, {
              "EventHandlerArea" : "Data",
              "EventHandlerId" : "Things_ConnectionServicesHub",
              "EventHandlerService" : "RebindIndustrialGateways",
              "EventTriggerArea" : "Data",
              "EventTriggerEvent" : "ServiceInvokeCompleted",
              "EventTriggerId" : "FetchUAEndpoints",
              "EventTriggerSection" : "DynamicThingTemplates_AzureIotHubTemplate",
              "Id" : "ca71703c-c628-4e76-9a42-9ecc16c9be35"
              } ],
              "RunTimePermissions" : {
                "permissions" : [ ]
              },
              "UI" : {
                "Properties" : {
                  "AddToDashboardButton" : "SimplePlus",
                  "AddToDashboardButtonStyle" : "DefaultAddToDashboardButtonStyle",
                  "Area" : "Mashup",
                  "BGImage" : "",
                  "BGImageRepeat" : "no-repeat",
                  "BGImageSize" : "auto",
                  "Columns" : 0,
                  "ConfigureGadgetButton" : "SimpleGear",
                  "ConfigureGadgetButtonStyle" : "DefaultConfigureGadgetButtonStyle",
                  "DisplayName" : "Mashup",
                  "EnableParameterEditing" : false,
                  "Height" : 618,
                  "Id" : "mashup-root",
                  "IgnoreWarningsInViewMashup" : false,
                  "IsPrintLayout" : false,
                  "Left" : 0,
                  "MashupToEditGadget" : "DefaultMashupToEditGadget",
                  "MinHeight" : 0,
                  "MinWidth" : 0,
                  "ResponsiveLayout" : true,
                  "Rows" : 0,
                  "ShowDataLoading" : true,
                  "Style" : "DefaultMashupStyle",
                  "StyleProperties" : {
                    "data" : { },
                    "meta" : {
                      "type" : "WidgetStyler",
                      "version" : "1.0"
                    }
                  },
                  "StyleTheme" : "PTC Convergence Theme",
                  "Title" : "",
                  "TitleBar" : false,
                  "TitleBarStyle" : "DefaultTitleBarStyle",
                  "TitleBarText" : "Gadget Title Here",
                  "Top" : 0,
                  "Type" : "mashup",
                  "UseMasterTheme" : false,
                  "UseTheme" : false,
                  "Visible" : true,
                  "Width" : 1024,
                  "Z-index" : 10,
                  "__TypeDisplayName" : "Mashup",
                  "_currentParameterDefs" : [ {
                    "Aspects" : {
                      "bindingDirection" : "IN",
                      "isMandatory" : false
                    },
                    "BaseType" : "THINGNAME",
                    "Description" : "",
                    "ParameterName" : "thingName"
                  } ],
                  "flex-grow" : 0,
                  "id_index" : 26,
                  "supportsAutoResize" : true
                },
                "Widgets" : [ {
                  "Properties" : {
                    "Area" : "UI",
                    "DisplayName" : "container-2",
                    "EnableExpandCollapse" : false,
                    "Expanded" : true,
                    "Id" : "flexcontainer-2",
                    "LastContainer" : true,
                    "Overlay" : false,
                    "ResponsiveLayout" : true,
                    "ShowDataLoading" : true,
                    "ShowExpandCollapseTab" : false,
                    "SourceURL" : "",
                    "Style" : "DefaultContainerStyle",
                    "StyleProperties" : { },
                    "Type" : "flexcontainer",
                    "UseTheme" : true,
                    "Visible" : true,
                    "Z-index" : 10,
                    "__TypeDisplayName" : "Flex Container",
                    "align-content" : "flex-start",
                    "align-items" : "flex-start",
                    "flex-basis" : "auto",
                    "flex-direction" : "column",
                    "flex-grow" : "1",
                    "flex-height" : 0,
                    "flex-max-height" : "",
                    "flex-max-width" : "",
                    "flex-min-height" : "",
                    "flex-min-width" : "",
                    "flex-shrink" : "0",
                    "flex-size" : "default",
                    "flex-width" : 0,
                    "flex-wrap" : "nowrap",
                    "iconClass" : "widgets-flexcontainer",
                    "isLocked" : false,
                    "justify-content" : "flex-start",
                    "positioning" : "responsive",
                    "userCannotRemove" : true
                  },
                  "Widgets" : [ {
                    "Properties" : {
                      "Area" : "UI",
                      "Columns" : 1,
                      "DisplayName" : "layout-23",
                      "Footer" : false,
                      "FooterHeight" : 0,
                      "Header" : false,
                      "HeaderHeight" : 0,
                      "Id" : "layout-23",
                      "IncludeSpacingInFixedAreas" : false,
                      "IsPrintLayout" : false,
                      "LastContainer" : false,
                      "Left" : 95,
                      "LeftSidebar" : false,
                      "LeftSidebarWidth" : 0,
                      "Orientation" : "horizontal",
                      "PctColumn1" : 100,
                      "PctColumn2" : 0,
                      "PctColumn3" : 1,
                      "PctColumn4" : 1,
                      "PctColumn5" : 1,
                      "PctColumn6" : 1,
                      "PctColumn7" : 1,
                      "PctColumn8" : 1,
                      "PctRow1" : 50,
                      "PctRow2" : 50,
                      "PctRow3" : 0,
                      "PctRow4" : 0,
                      "PctRow5" : 0,
                      "PctRow6" : 0,
                      "PctRow7" : 0,
                      "PctRow8" : 0,
                      "PrintMarginLeftRight" : 0.5,
                      "PrintMarginTopBottom" : 0.5,
                      "PrintWidth" : 650,
                      "ResponsiveLayout" : true,
                      "RightSidebar" : true,
                      "RightSidebarWidth" : 340,
                      "Rows" : 0,
                      "ShowDataLoading" : true,
                      "Spacing" : 2,
                      "Top" : 85,
                      "Type" : "layout",
                      "Visible" : true,
                      "Z-index" : 10,
                      "__TypeDisplayName" : "Layout"
                    },
                    "Widgets" : [ {
                      "Properties" : {
                        "AnimateExpandCollapse" : true,
                        "Area" : "UI",
                        "BGImageRepeat" : "no-repeat",
                        "BGImageSize" : "auto",
                        "DisplayName" : "Column 1",
                        "ExpandCollapseTabLocation" : "outside",
                        "Expanded" : true,
                        "Id" : "container-24",
                        "LastContainer" : false,
                        "MinHeight" : 0,
                        "MinWidth" : 0,
                        "Overlay" : false,
                        "OverlayIsTransparent" : false,
                        "ResponsiveLayout" : true,
                        "ShowDataLoading" : true,
                        "ShowExpandCollapseTab" : false,
                        "Style" : "DefaultContainerStyle",
                        "TabCollapseStyle" : "DefaultTabCollapseStyle",
                        "TabExpandStyle" : "DefaultTabExpandStyle",
                        "TabHeight" : 36,
                        "TabLocation" : "center",
                        "TabOffset" : 0,
                        "TabWidth" : 36,
                        "Type" : "container",
                        "Visible" : true,
                        "Z-index" : 10,
                        "__TypeDisplayName" : "Container",
                        "userCannotRemove" : true
                      },
                      "Widgets" : [ {
                        "Properties" : {
                          "Area" : "UI",
                          "AutoScroll" : true,
                          "CellBorderStyle" : "DefaultGridAdvancedCellBorderStyle",
                          "CellValidationErrorStyle" : "DefaultGridAdvancedCellValidationErrorStyle",
                          "CellValidationErrorTooltipStyle" : "DefaultGridAdvancedCellValidationErrorTooltipStyle",
                          "ColumnFormat" : {
                            "formatInfo" : [ ]
                          },
                          "Configuration" : "",
                          "ConfigurationId" : 4,
                          "CookiePersistence" : true,
                          "DataOverflow" : "clipped",
                          "DataServiceBindingDef" : {
                            "entityName" : "AzureIotHubTemplate",
                            "entityType" : "DynamicThingTemplates",
                            "target" : "FetchUAEndpoints"
                          },
                          "DefaultSelectedRows" : "",
                          "DisplayName" : "Endpoints",
                          "DisplayOnlyMode" : false,
                          "EditButtonsLocation" : "top-right",
                          "EnableAddDeleteButtons" : false,
                          "EnableCallbackOnSelectedRowsChange" : true,
                          "EnableContextMenu" : true,
                          "EnableEditButtons" : false,
                          "EnableFilterEventOnConfigChange" : true,
                          "EnableFooter" : false,
                          "EnableGridReset" : false,
                          "EnableGridSearch" : false,
                          "EnableKeyboardNavigation" : true,
                          "EnableSorting" : true,
                          "FocusStyle" : "DefaultFocusStyle",
                          "GridResetButtonLocation" : "top-right",
                          "GridSearchLocation" : "top-left",
                          "HeaderOverflow" : "tooltip",
                          "Height" : 270,
                          "IDFieldName" : "id",
                          "Id" : "gridadvanced-10",
                          "IsEditable" : false,
                          "LastContainer" : false,
                          "Left" : 0,
                          "Margin" : "5",
                          "MaxHeaderHeight" : 100,
                          "MinRowHeight" : 30,
                          "ResponsiveLayout" : true,
                          "RowAlternateBackgroundStyle" : "DefaultGridAdvancedRowAlternateBackgroundStyle",
                          "RowBackgroundStyle" : "DefaultGridAdvancedRowBackgroundStyle",
                          "RowBorderStyle" : "DefaultGridAdvancedRowBorderStyle",
                          "RowFormat_StateParameters" : [ ],
                          "RowHoverStyle" : "DefaultGridAdvancedRowHoverStyle",
                          "RowSelectedStyle" : "DefaultGridAdvancedRowSelectedStyle",
                          "RowSelection" : "single",
                          "SelectedRows" : "",
                          "ShowDataLoading" : true,
                          "SortAscendingStyle" : "DefaultSortAscendingStyle",
                          "SortDescendingStyle" : "DefaultSortDescendingStyle",
                          "TableFooterStyle" : "DefaultGridAdvancedFooterStyle",
                          "TableHeaderStyle" : "DefaultGridAdvancedHeaderStyle",
                          "TableWrapperStyle" : "DefaultGridAdvancedWrapperStyle",
                          "ToolbarStyle" : "DefaultToolbarStyle",
                          "TooltipStyle" : "DefaultTooltipStyle",
                          "Top" : 0,
                          "Type" : "gridadvanced",
                          "UseTheme" : false,
                          "Visible" : true,
                          "Width" : 985,
                          "Z-index" : 10,
                          "__TypeDisplayName" : "Grid Advanced"
                        },
                        "Widgets" : [ ]
                      } ]
                    }, {
                      "Properties" : {
                        "AnimateExpandCollapse" : true,
                        "Area" : "UI",
                        "BGImageRepeat" : "no-repeat",
                        "BGImageSize" : "auto",
                        "DisplayName" : "Right Sidebar",
                        "ExpandCollapseTabLocation" : "outside",
                        "Expanded" : true,
                        "Id" : "container-25",
                        "LastContainer" : false,
                        "MinHeight" : 0,
                        "MinWidth" : 0,
                        "Overlay" : false,
                        "OverlayIsTransparent" : false,
                        "ResponsiveLayout" : true,
                        "ShowDataLoading" : true,
                        "ShowExpandCollapseTab" : false,
                        "Style" : "DefaultContainerStyle",
                        "TabCollapseStyle" : "DefaultTabCollapseStyle",
                        "TabExpandStyle" : "DefaultTabExpandStyle",
                        "TabHeight" : 36,
                        "TabLocation" : "center",
                        "TabOffset" : 0,
                        "TabWidth" : 36,
                        "Type" : "container",
                        "Visible" : true,
                        "Z-index" : 10,
                        "__TypeDisplayName" : "Container",
                        "userCannotRemove" : true
                      },
                      "Widgets" : [ {
                        "Properties" : {
                          "Area" : "UI",
                          "ContainerClass" : "",
                          "DisplayName" : "panel-26",
                          "Height" : 200,
                          "HideScrollbars" : false,
                          "HorizontalAnchor" : "left",
                          "Id" : "panel-26",
                          "LastContainer" : false,
                          "Left" : 60,
                          "ResponsiveLayout" : true,
                          "ShowDataLoading" : true,
                          "Style" : "DefaultPanelStyle",
                          "Top" : 125,
                          "Type" : "panel",
                          "VerticalAnchor" : "top",
                          "Visible" : true,
                          "Width" : 300,
                          "Z-index" : 10,
                          "__TypeDisplayName" : "Panel"
                        },
                        "Widgets" : [ {
                          "Properties" : {
                            "Area" : "UI",
                            "Counter" : false,
                            "Disabled" : false,
                            "DisplayName" : "Selected Endpoint ID",
                            "HasText" : false,
                            "Id" : "ptcstextfield-12",
                            "Label" : "Selected Endpoint ID",
                            "LabelAlignment" : "left",
                            "LastContainer" : false,
                            "Left" : 10,
                            "Margin" : "5",
                            "MaxNumberOfCharacters" : 100,
                            "Password" : false,
                            "ReadOnly" : false,
                            "ResponsiveLayout" : false,
                            "ShowClearText" : false,
                            "ShowDataLoading" : true,
                            "TabSequence" : 0,
                            "TextAlignment" : "left",
                            "TooltipField" : "The Registration ID of the Enpoint to Activate or Deactivate. This field can be entered manually, or populated by clicking on a row of the Endpoints Table",
                            "Top" : 10,
                            "Type" : "ptcstextfield",
                            "UseTheme" : true,
                            "Visible" : true,
                            "Width" : 318,
                            "Z-index" : 10,
                            "__TypeDisplayName" : "Text Field"
                          },
                          "Widgets" : [ ]
                        }, {
                          "Properties" : {
                            "Area" : "UI",
                            "ButtonType" : "secondary",
                            "ContextID" : "",
                            "Disabled" : false,
                            "DisplayName" : "ptcs-button-13",
                            "Id" : "ptcsbutton-13",
                            "Label" : "Activate",
                            "LabelAlignment" : "center",
                            "LastContainer" : false,
                            "Left" : 11,
                            "Margin" : "5",
                            "ResponsiveLayout" : false,
                            "ShowDataLoading" : true,
                            "TabSequence" : 0,
                            "ToolTipField" : "",
                            "ToolTipStyle" : "DefaultTooltipStyle",
                            "Top" : 83,
                            "Type" : "ptcsbutton",
                            "UseTheme" : true,
                            "Visible" : true,
                            "Width" : 176,
                            "Z-index" : 10,
                            "__TypeDisplayName" : "Button",
                            "__supportsTooltip" : true
                          },
                          "Widgets" : [ ]
                        }, {
                          "Properties" : {
                            "Area" : "UI",
                            "ButtonType" : "danger",
                            "ContextID" : "",
                            "Disabled" : false,
                            "DisplayName" : "ptcs-button-14",
                            "Height" : 34,
                            "Id" : "ptcsbutton-14",
                            "Label" : "Deactivate",
                            "LabelAlignment" : "center",
                            "LastContainer" : false,
                            "Left" : 13,
                            "Margin" : "5",
                            "ResponsiveLayout" : false,
                            "ShowDataLoading" : true,
                            "TabSequence" : 0,
                            "ToolTipField" : "",
                            "ToolTipStyle" : "DefaultTooltipStyle",
                            "Top" : 135,
                            "Type" : "ptcsbutton",
                            "UseTheme" : true,
                            "Visible" : true,
                            "Width" : 176,
                            "Z-index" : 10,
                            "__TypeDisplayName" : "Button",
                            "__supportsTooltip" : true
                          },
                          "Widgets" : [ ]
                        } ]
                      } ]
                    } ]
                  } ]
                } ]
              },
              "mashupType" : "mashup"
            }
            ]]>
            </mashupContent>
            <preview></preview>
        </Mashup>
    </Mashups>
</Entities>
