<?xml version="1.0" encoding="UTF-8"?>
<Entities
 build="b9478"
 majorVersion="0"
 minorVersion="0"
 modelPersistenceProviderPackage="PostgresPersistenceProviderPackage"
 revision="0"
 schemaVersion="1100"
 universal="password">
    <Mashups>
        <Mashup
         aspect.isEditableExtensionObject="false"
         aspect.isExtension="true"
         aspect.isFlex="true"
         aspect.isResponsive="true"
         aspect.mashupType="mashup"
         columns="0.0"
         description=""
         documentationContent=""
         homeMashup=""
         lastModifiedDate="2020-06-09T12:27:35.099-04:00"
         name="AzureOpcUaConfigurationMashup"
         projectName=""
         rows="0.0"
         tags="">
            <avatar></avatar>
            <DesignTimePermissions>
                <Create></Create>
                <Read></Read>
                <Update></Update>
                <Delete></Delete>
                <Metadata></Metadata>
            </DesignTimePermissions>
            <RunTimePermissions></RunTimePermissions>
            <VisibilityPermissions>
                <Visibility></Visibility>
            </VisibilityPermissions>
            <ConfigurationTableDefinitions></ConfigurationTableDefinitions>
            <ConfigurationTables>
                <ConfigurationTable
                 dataShapeName=""
                 description="Mashup Mobile Settings"
                 isHidden="true"
                 isMultiRow="false"
                 name="MobileSettings"
                 ordinal="0">
                    <DataShape>
                        <FieldDefinitions>
                            <FieldDefinition
                             aspect.defaultValue="false"
                             baseType="BOOLEAN"
                             description=""
                             name="disableZoom"
                             ordinal="0"></FieldDefinition>
                            <FieldDefinition
                             aspect.defaultValue="true"
                             baseType="BOOLEAN"
                             description=""
                             name="fullScreenMode"
                             ordinal="0"></FieldDefinition>
                            <FieldDefinition
                             baseType="STRING"
                             description=""
                             name="height"
                             ordinal="0"></FieldDefinition>
                            <FieldDefinition
                             aspect.defaultValue="device-height"
                             baseType="STRING"
                             description=""
                             name="heightType"
                             ordinal="0"></FieldDefinition>
                            <FieldDefinition
                             aspect.defaultValue="1.0"
                             baseType="NUMBER"
                             description=""
                             name="initialScale"
                             ordinal="0"></FieldDefinition>
                            <FieldDefinition
                             baseType="STRING"
                             description=""
                             name="iosShortcutIconTitle"
                             ordinal="0"></FieldDefinition>
                            <FieldDefinition
                             aspect.defaultValue="black-translucent"
                             baseType="STRING"
                             description=""
                             name="iosStatusBarAppearance"
                             ordinal="0"></FieldDefinition>
                            <FieldDefinition
                             aspect.defaultValue="10.0"
                             baseType="NUMBER"
                             description=""
                             name="maximumScale"
                             ordinal="0"></FieldDefinition>
                            <FieldDefinition
                             aspect.defaultValue="0.1"
                             baseType="NUMBER"
                             description=""
                             name="minimumScale"
                             ordinal="0"></FieldDefinition>
                            <FieldDefinition
                             baseType="STRING"
                             description=""
                             name="width"
                             ordinal="0"></FieldDefinition>
                            <FieldDefinition
                             aspect.defaultValue="device-width"
                             baseType="STRING"
                             description=""
                             name="widthType"
                             ordinal="0"></FieldDefinition>
                        </FieldDefinitions>
                    </DataShape>
                    <Rows>
                        <Row>
                            <disableZoom>false</disableZoom>
                            <fullScreenMode>true</fullScreenMode>
                            <height></height>
                            <heightType>
                            <![CDATA[
                            device-height
                            ]]>
                            </heightType>
                            <initialScale>1.0</initialScale>
                            <iosShortcutIconTitle></iosShortcutIconTitle>
                            <iosStatusBarAppearance>
                            <![CDATA[
                            black-translucent
                            ]]>
                            </iosStatusBarAppearance>
                            <maximumScale>10.0</maximumScale>
                            <minimumScale>0.1</minimumScale>
                            <width></width>
                            <widthType>
                            <![CDATA[
                            device-width
                            ]]>
                            </widthType>
                        </Row>
                    </Rows>
                </ConfigurationTable>
            </ConfigurationTables>
            <ParameterDefinitions>
                <FieldDefinition
                 aspect.bindingDirection="IN"
                 aspect.isMandatory="false"
                 baseType="THINGNAME"
                 description=""
                 name="Entity"
                 ordinal="0"></FieldDefinition>
            </ParameterDefinitions>
            <Things></Things>
            <ThingShapes></ThingShapes>
            <ThingTemplates></ThingTemplates>
            <mashupContent>
            <![CDATA[
            {
              "CustomMashupCss" : "",
              "Data" : {
                "Session" : {
                  "DataName" : "Session",
                  "EntityName" : "",
                  "EntityType" : "Session",
                  "Id" : "session",
                  "Services" : [ {
                    "APIMethod" : "post",
                    "Characteristic" : "Services",
                    "Id" : "SessionInterface",
                    "Name" : "GetGlobalSessionValues",
                    "Parameters" : { },
                    "RefreshInterval" : 0,
                    "Target" : "GetGlobalSessionValues"
                  } ]
                },
                "UserExtensions" : {
                  "DataName" : "UserExtensions",
                  "EntityName" : "",
                  "EntityType" : "UserExtensions",
                  "Id" : "UserExtensions",
                  "Services" : [ {
                    "APIMethod" : "post",
                    "Characteristic" : "Services",
                    "Id" : "UserExtensionInterface",
                    "Name" : "GetCurrentUserExtensionProperties",
                    "Parameters" : { },
                    "RefreshInterval" : 0,
                    "Target" : "GetCurrentUserExtensionProperties"
                  } ]
                }
              },
              "DataBindings" : [ {
                "Id" : "dd415f3f-9143-4723-9950-3ff3a97ed00a",
                "PropertyMaps" : [ {
                  "SourceProperty" : "Entity",
                  "SourcePropertyBaseType" : "THINGNAME",
                  "SourcePropertyType" : "property",
                  "TargetProperty" : "Entity",
                  "TargetPropertyBaseType" : "THINGNAME",
                  "TargetPropertyType" : "property"
                } ],
                "SourceArea" : "Mashup",
                "SourceId" : "mashup-root",
                "SourceSection" : "",
                "TargetArea" : "UI",
                "TargetId" : "entitypicker-7",
                "TargetSection" : ""
              }, {
                "Id" : "d441607d-b147-4c6a-8ed5-3064ca1ceaa3",
                "PropertyMaps" : [ {
                  "SourceProperty" : "Entity",
                  "SourcePropertyBaseType" : "THINGNAME",
                  "SourcePropertyType" : "Property",
                  "TargetProperty" : "thingName",
                  "TargetPropertyBaseType" : "THINGNAME",
                  "TargetPropertyType" : "property"
                } ],
                "SourceArea" : "UI",
                "SourceId" : "entitypicker-7",
                "SourceSection" : "",
                "TargetArea" : "UI",
                "TargetId" : "mashupcontainer-14",
                "TargetSection" : ""
              }, {
                "Id" : "90f7b747-6afe-4a55-a4f2-e9c7ff9f6f76",
                "PropertyMaps" : [ {
                  "SourceProperty" : "Entity",
                  "SourcePropertyBaseType" : "THINGNAME",
                  "SourcePropertyType" : "Property",
                  "TargetProperty" : "thingName",
                  "TargetPropertyBaseType" : "THINGNAME",
                  "TargetPropertyType" : "property"
                } ],
                "SourceArea" : "UI",
                "SourceId" : "entitypicker-7",
                "SourceSection" : "",
                "TargetArea" : "UI",
                "TargetId" : "mashupcontainer-13",
                "TargetSection" : ""
              }, {
                "Id" : "63638d6a-c667-4853-b076-deacc44feba6",
                "PropertyMaps" : [ {
                  "SourceProperty" : "Entity",
                  "SourcePropertyBaseType" : "THINGNAME",
                  "SourcePropertyType" : "Property",
                  "TargetProperty" : "thingName",
                  "TargetPropertyBaseType" : "THINGNAME",
                  "TargetPropertyType" : "property"
                } ],
                "SourceArea" : "UI",
                "SourceDetails" : "",
                "SourceId" : "entitypicker-7",
                "SourceSection" : "",
                "TargetArea" : "UI",
                "TargetId" : "mashupcontainer-15",
                "TargetSection" : ""
              } ],
              "DesignTimePermissions" : {
                "Create" : [ ],
                "Delete" : [ ],
                "Metadata" : [ ],
                "Read" : [ ],
                "Update" : [ ]
              },
              "Events" : [ {
                "EventHandlerArea" : "UI",
                "EventHandlerId" : "mashupcontainer-13",
                "EventHandlerService" : "Refresh",
                "EventTriggerArea" : "UI",
                "EventTriggerEvent" : "Refresh",
                "EventTriggerId" : "autorefresh-16",
                "EventTriggerSection" : "",
                "Id" : "c3556673-0a32-4688-8e5d-ced2132fd6db"
              }, {
                "EventHandlerArea" : "UI",
                "EventHandlerId" : "mashupcontainer-14",
                "EventHandlerService" : "Refresh",
                "EventTriggerArea" : "UI",
                "EventTriggerEvent" : "Refresh",
                "EventTriggerId" : "autorefresh-16",
                "EventTriggerSection" : "",
                "Id" : "989aec1b-f26d-4abd-a889-05e0a5da3b7f"
              }, {
                "EventHandlerArea" : "UI",
                "EventHandlerId" : "mashupcontainer-15",
                "EventHandlerService" : "Refresh",
                "EventTriggerArea" : "UI",
                "EventTriggerEvent" : "Refresh",
                "EventTriggerId" : "autorefresh-16",
                "EventTriggerSection" : "",
                "Id" : "0adec2ef-4310-45e2-92f4-6bb93f37007d"
              } ],
              "RunTimePermissions" : {
                "permissions" : [ ]
              },
              "UI" : {
                "Properties" : {
                  "AddToDashboardButton" : "SimplePlus",
                  "AddToDashboardButtonStyle" : "DefaultAddToDashboardButtonStyle",
                  "Area" : "Mashup",
                  "BGImage" : "",
                  "BGImageRepeat" : "no-repeat",
                  "BGImageSize" : "auto",
                  "Columns" : 0,
                  "ConfigureGadgetButton" : "SimpleGear",
                  "ConfigureGadgetButtonStyle" : "DefaultConfigureGadgetButtonStyle",
                  "DisplayName" : "Mashup",
                  "EnableParameterEditing" : false,
                  "Height" : 618,
                  "Id" : "mashup-root",
                  "IgnoreWarningsInViewMashup" : false,
                  "IsPrintLayout" : false,
                  "Left" : 0,
                  "MashupToEditGadget" : "DefaultMashupToEditGadget",
                  "MinHeight" : 0,
                  "MinWidth" : 0,
                  "ResponsiveLayout" : true,
                  "Rows" : 0,
                  "ShowDataLoading" : true,
                  "Style" : "DefaultMashupStyle",
                  "StyleProperties" : {
                    "data" : { },
                    "meta" : {
                      "type" : "WidgetStyler",
                      "version" : "1.0"
                    }
                  },
                  "StyleTheme" : "PTC Convergence Theme",
                  "Title" : "",
                  "TitleBar" : false,
                  "TitleBarStyle" : "DefaultTitleBarStyle",
                  "TitleBarText" : "Gadget Title Here",
                  "Top" : 0,
                  "Type" : "mashup",
                  "UseMasterTheme" : false,
                  "UseTheme" : false,
                  "Visible" : true,
                  "Width" : 1024,
                  "Z-index" : 10,
                  "__TypeDisplayName" : "MashupTemplate",
                  "_currentParameterDefs" : [ {
                    "Aspects" : {
                      "bindingDirection" : "IN",
                      "isMandatory" : false
                    },
                    "BaseType" : "THINGNAME",
                    "Description" : "",
                    "ParameterName" : "Entity"
                  } ],
                  "flex-grow" : 0,
                  "flex-shrink" : 0,
                  "id_index" : 16,
                  "supportsAutoResize" : true
                },
                "Widgets" : [ {
                  "Properties" : {
                    "Area" : "UI",
                    "DisplayName" : "flexcontainer-2",
                    "EnableExpandCollapse" : false,
                    "Expanded" : true,
                    "Id" : "flexcontainer-2",
                    "LastContainer" : true,
                    "Overlay" : false,
                    "ResponsiveLayout" : true,
                    "ShowDataLoading" : true,
                    "ShowExpandCollapseTab" : false,
                    "SourceURL" : "",
                    "Style" : "DefaultContainerStyle",
                    "StyleProperties" : { },
                    "Type" : "flexcontainer",
                    "UseTheme" : false,
                    "Visible" : true,
                    "Z-index" : 10,
                    "__TypeDisplayName" : "Flex Container",
                    "align-content" : "flex-start",
                    "align-items" : "flex-start",
                    "flex-basis" : "auto",
                    "flex-direction" : "column",
                    "flex-grow" : "1",
                    "flex-height" : 0,
                    "flex-max-height" : "",
                    "flex-max-width" : "",
                    "flex-min-height" : "",
                    "flex-min-width" : "",
                    "flex-shrink" : "0",
                    "flex-size" : "default",
                    "flex-width" : 0,
                    "flex-wrap" : "nowrap",
                    "iconClass" : "widgets-flexcontainer",
                    "justify-content" : "flex-start",
                    "positioning" : "responsive",
                    "userCannotRemove" : true
                  },
                  "Widgets" : [ {
                    "Properties" : {
                      "Area" : "UI",
                      "DisplayName" : "Header",
                      "EnableExpandCollapse" : false,
                      "Expanded" : true,
                      "Id" : "flexcontainer-4",
                      "LastContainer" : false,
                      "Overlay" : false,
                      "ResponsiveLayout" : false,
                      "ShowDataLoading" : true,
                      "ShowExpandCollapseTab" : false,
                      "SourceURL" : "",
                      "Style" : "DefaultContainerStyle",
                      "StyleProperties" : { },
                      "Type" : "flexcontainer",
                      "UseTheme" : false,
                      "Visible" : true,
                      "Z-index" : 10,
                      "__TypeDisplayName" : "Flex Container",
                      "align-content" : "flex-start",
                      "align-items" : "flex-start",
                      "flex-basis" : "auto",
                      "flex-direction" : "row",
                      "flex-grow" : 1,
                      "flex-height" : 0,
                      "flex-max-height" : "76px",
                      "flex-max-width" : "",
                      "flex-min-height" : "76px",
                      "flex-min-width" : "",
                      "flex-shrink" : 0,
                      "flex-size" : "fixed",
                      "flex-width" : 0,
                      "flex-wrap" : "nowrap",
                      "iconClass" : "widgets-flexcontainer-fixed",
                      "isLocked" : false,
                      "justify-content" : "flex-start",
                      "positioning" : "responsive",
                      "userCannotRemove" : false
                    },
                    "Widgets" : [ {
                      "Properties" : {
                        "Area" : "UI",
                        "DisclosureControl" : "show-more",
                        "DisplayName" : "ptcs-label-8",
                        "HorizontalAlignment" : "left",
                        "Id" : "ptcslabel-8",
                        "LabelText" : "IoT Hub Thing",
                        "LabelType" : "label",
                        "LastContainer" : false,
                        "Left" : 65,
                        "Margin" : "5",
                        "MultiLine" : false,
                        "ResponsiveLayout" : false,
                        "ShowDataLoading" : true,
                        "Top" : 65,
                        "Type" : "ptcslabel",
                        "UseTheme" : true,
                        "VerticalAlignment" : "flex-start",
                        "Visible" : true,
                        "Width" : 106,
                        "Z-index" : 10,
                        "__TypeDisplayName" : "Label",
                        "overflowShowLessTxt" : "[[showLess]]",
                        "overflowShowMoreTxt" : "[[showMore]]"
                      },
                      "Widgets" : [ ]
                    }, {
                      "Properties" : {
                        "Area" : "UI",
                        "DisplayName" : "entitypicker-7",
                        "EntityType" : "Things",
                        "FocusStyle" : "DefaultFocusStyle",
                        "Height" : 30,
                        "Id" : "entitypicker-7",
                        "IncludeSystemObjects" : false,
                        "LastContainer" : false,
                        "Left" : 160,
                        "Margin" : "5",
                        "ResponsiveLayout" : false,
                        "SearchIncludesDescriptions" : true,
                        "SearchTerm" : "",
                        "ShowAdvanced" : true,
                        "ShowDataLoading" : true,
                        "TabSequence" : 0,
                        "ThingTemplate" : "AzureIotHubTemplate",
                        "Top" : 40,
                        "Type" : "entitypicker",
                        "UseMostRecentlyUsed" : true,
                        "Visible" : true,
                        "Width" : 175,
                        "Z-index" : 10,
                        "__TypeDisplayName" : "Entity Picker"
                      },
                      "Widgets" : [ ]
                    }, {
                      "Properties" : {
                        "ActiveStyle" : "DefaultButtonActiveStyle",
                        "Area" : "UI",
                        "AutoRefresh" : false,
                        "AutoRefreshTabSequence" : 0,
                        "DisplayName" : "autorefresh-16",
                        "FocusStyle" : "DefaultButtonFocusStyle",
                        "Height" : 28,
                        "HoverStyle" : "DefaultButtonHoverStyle",
                        "IconAlignment" : "left",
                        "Id" : "autorefresh-16",
                        "Label" : "Refresh Now",
                        "LastContainer" : false,
                        "Left" : 450,
                        "Margin" : "5",
                        "RefreshInterval" : 30,
                        "RefreshNowTabSequence" : 0,
                        "RefreshToggleLabel" : "On",
                        "RefreshToggleLabelOff" : "Off",
                        "RefreshToggleSliderStyle" : "DefaultAutoRefreshToggleSliderStyle",
                        "RefreshToggleStyle" : "DefaultAutoRefreshToggleStyle",
                        "RefreshToggleStyleOff" : "DefaultAutoRefreshToggleOffStyle",
                        "ResponsiveLayout" : false,
                        "ShowControls" : true,
                        "ShowDataLoading" : true,
                        "Style" : "DefaultButtonStyle",
                        "Top" : 20,
                        "Type" : "autorefresh",
                        "Visible" : true,
                        "Width" : 180,
                        "Z-index" : 10,
                        "__TypeDisplayName" : "Auto Refresh"
                      },
                      "Widgets" : [ ]
                    } ]
                  }, {
                    "Properties" : {
                      "Area" : "UI",
                      "DisplayName" : "Body",
                      "EnableExpandCollapse" : false,
                      "Expanded" : true,
                      "Id" : "flexcontainer-5",
                      "LastContainer" : false,
                      "Overlay" : false,
                      "ResponsiveLayout" : false,
                      "ShowDataLoading" : true,
                      "ShowExpandCollapseTab" : false,
                      "SourceURL" : "",
                      "Style" : "DefaultContainerStyle",
                      "StyleProperties" : { },
                      "Text" : "IotHubTemplate",
                      "Type" : "flexcontainer",
                      "UseTheme" : false,
                      "Visible" : true,
                      "Z-index" : 10,
                      "__TypeDisplayName" : "Flex Container",
                      "align-content" : "flex-start",
                      "align-items" : "flex-start",
                      "flex-basis" : "auto",
                      "flex-direction" : "row",
                      "flex-grow" : 1,
                      "flex-height" : 0,
                      "flex-max-height" : "",
                      "flex-max-width" : "",
                      "flex-min-height" : "",
                      "flex-min-width" : "",
                      "flex-shrink" : 0,
                      "flex-size" : "default",
                      "flex-width" : 0,
                      "flex-wrap" : "nowrap",
                      "iconClass" : "widgets-flexcontainer",
                      "isLocked" : true,
                      "justify-content" : "flex-start",
                      "positioning" : "responsive",
                      "userCannotRemove" : false
                    },
                    "Widgets" : [ {
                      "Properties" : {
                        "Area" : "UI",
                        "DefaultTabNumber" : 1,
                        "Disabled" : false,
                        "DisplayName" : "ptcs-tabset-9",
                        "Height" : 170,
                        "Id" : "ptcstabset-9",
                        "Items" : [ {
                          "disabled" : false,
                          "name" : "Application Configuration",
                          "value" : "TabValue1",
                          "visible" : true
                        }, {
                          "disabled" : false,
                          "name" : "Endpoint Configuration",
                          "value" : "TabValue2",
                          "visible" : true
                        }, {
                          "disabled" : false,
                          "name" : "Security Configuration",
                          "value" : "TabValue3",
                          "visible" : true
                        } ],
                        "LastContainer" : false,
                        "Left" : 85,
                        "NumberOfTabs" : 3,
                        "ResponsiveLayout" : true,
                        "SelectedTab" : 2,
                        "ShowDataLoading" : true,
                        "Tab10Disabled" : false,
                        "Tab10Name" : "Tab Name 10",
                        "Tab10Value" : "TabValue10",
                        "Tab10Visible" : true,
                        "Tab11Disabled" : false,
                        "Tab11Name" : "Tab Name 11",
                        "Tab11Value" : "TabValue11",
                        "Tab11Visible" : true,
                        "Tab12Disabled" : false,
                        "Tab12Name" : "Tab Name 12",
                        "Tab12Value" : "TabValue12",
                        "Tab12Visible" : true,
                        "Tab13Disabled" : false,
                        "Tab13Name" : "Tab Name 13",
                        "Tab13Value" : "TabValue13",
                        "Tab13Visible" : true,
                        "Tab14Disabled" : false,
                        "Tab14Name" : "Tab Name 14",
                        "Tab14Value" : "TabValue14",
                        "Tab14Visible" : true,
                        "Tab15Disabled" : false,
                        "Tab15Name" : "Tab Name 15",
                        "Tab15Value" : "TabValue15",
                        "Tab15Visible" : true,
                        "Tab16Disabled" : false,
                        "Tab16Name" : "Tab Name 16",
                        "Tab16Value" : "TabValue16",
                        "Tab16Visible" : true,
                        "Tab1Disabled" : false,
                        "Tab1Name" : "Application Configuration",
                        "Tab1Value" : "TabValue1",
                        "Tab1Visible" : true,
                        "Tab2Disabled" : false,
                        "Tab2Name" : "Endpoint Configuration",
                        "Tab2Value" : "TabValue2",
                        "Tab2Visible" : true,
                        "Tab3Disabled" : false,
                        "Tab3Name" : "Security Configuration",
                        "Tab3Value" : "TabValue3",
                        "Tab3Visible" : true,
                        "Tab4Disabled" : false,
                        "Tab4Name" : "Tab Name 4",
                        "Tab4Value" : "TabValue4",
                        "Tab4Visible" : true,
                        "Tab5Disabled" : false,
                        "Tab5Name" : "Tab Name 5",
                        "Tab5Value" : "TabValue5",
                        "Tab5Visible" : true,
                        "Tab6Disabled" : false,
                        "Tab6Name" : "Tab Name 6",
                        "Tab6Value" : "TabValue6",
                        "Tab6Visible" : true,
                        "Tab7Disabled" : false,
                        "Tab7Name" : "Tab Name 7",
                        "Tab7Value" : "TabValue7",
                        "Tab7Visible" : true,
                        "Tab8Disabled" : false,
                        "Tab8Name" : "Tab Name 8",
                        "Tab8Value" : "TabValue8",
                        "Tab8Visible" : true,
                        "Tab9Disabled" : false,
                        "Tab9Name" : "Tab Name 9",
                        "Tab9Value" : "TabValue9",
                        "Tab9Visible" : true,
                        "TabSequence" : 0,
                        "Top" : 80,
                        "Type" : "ptcstabset",
                        "UseTheme" : true,
                        "Visible" : true,
                        "Width" : 400,
                        "Z-index" : 10,
                        "__TypeDisplayName" : "Tabs"
                      },
                      "Widgets" : [ {
                        "Properties" : {
                          "Area" : "UI",
                          "DisplayName" : "ptcstabset-9 #1",
                          "EnableExpandCollapse" : false,
                          "Expanded" : true,
                          "Id" : "flexcontainer-10",
                          "LastContainer" : false,
                          "Overlay" : false,
                          "ResponsiveLayout" : false,
                          "ShowDataLoading" : true,
                          "ShowExpandCollapseTab" : false,
                          "SourceURL" : "",
                          "Style" : "DefaultContainerStyle",
                          "StyleProperties" : { },
                          "Type" : "flexcontainer",
                          "UseTheme" : true,
                          "Visible" : true,
                          "Z-index" : 10,
                          "__TypeDisplayName" : "Responsive Container",
                          "align-content" : "flex-start",
                          "align-items" : "flex-start",
                          "flex-basis" : "auto",
                          "flex-direction" : "row",
                          "flex-grow" : 1,
                          "flex-max-height" : "",
                          "flex-max-width" : "",
                          "flex-min-height" : "",
                          "flex-min-width" : "",
                          "flex-shrink" : 1,
                          "flex-size" : "default",
                          "flex-wrap" : "nowrap",
                          "iconClass" : "widgets-flexcontainer",
                          "justify-content" : "flex-start",
                          "positioning" : "responsive",
                          "userCannotRemove" : true
                        },
                        "Widgets" : [ {
                          "Properties" : {
                            "Area" : "UI",
                            "DisplayName" : "mashupcontainer-13",
                            "Height" : 300,
                            "Id" : "mashupcontainer-13",
                            "LastContainer" : false,
                            "Left" : 0,
                            "MashupParameters" : [ {
                              "BaseType" : "THINGNAME",
                              "Description" : "",
                              "ParameterName" : "thingName",
                              "ParmDef" : {
                                "aspects" : {
                                  "bindingDirection" : "IN",
                                  "isMandatory" : "false",
                                  "ordinal" : "0"
                                },
                                "baseType" : "THINGNAME",
                                "description" : "",
                                "name" : "thingName",
                                "ordinal" : 0
                              }
                            } ],
                            "Name" : "AzureOpcUaApplicationConfigurationMashup",
                            "ResizeToContent" : false,
                            "ResponsiveLayout" : true,
                            "ShowDataLoading" : true,
                            "TabSequenceGroup" : 0,
                            "Top" : 0,
                            "Type" : "mashupcontainer",
                            "Visible" : true,
                            "Width" : 400,
                            "Z-index" : 10,
                            "__TypeDisplayName" : "Contained Mashup"
                          },
                          "Widgets" : [ ]
                        } ]
                      }, {
                        "Properties" : {
                          "Area" : "UI",
                          "DisplayName" : "ptcstabset-9 #2",
                          "EnableExpandCollapse" : false,
                          "Expanded" : true,
                          "Id" : "flexcontainer-11",
                          "LastContainer" : false,
                          "Overlay" : false,
                          "ResponsiveLayout" : false,
                          "ShowDataLoading" : true,
                          "ShowExpandCollapseTab" : false,
                          "SourceURL" : "",
                          "Style" : "DefaultContainerStyle",
                          "StyleProperties" : { },
                          "Type" : "flexcontainer",
                          "UseTheme" : true,
                          "Visible" : true,
                          "Z-index" : 10,
                          "__TypeDisplayName" : "Responsive Container",
                          "align-content" : "flex-start",
                          "align-items" : "flex-start",
                          "flex-basis" : "auto",
                          "flex-direction" : "row",
                          "flex-grow" : 1,
                          "flex-max-height" : "",
                          "flex-max-width" : "",
                          "flex-min-height" : "",
                          "flex-min-width" : "",
                          "flex-shrink" : 1,
                          "flex-size" : "default",
                          "flex-wrap" : "nowrap",
                          "iconClass" : "widgets-flexcontainer",
                          "justify-content" : "flex-start",
                          "positioning" : "responsive",
                          "userCannotRemove" : true
                        },
                        "Widgets" : [ {
                          "Properties" : {
                            "Area" : "UI",
                            "DisplayName" : "mashupcontainer-14",
                            "Height" : 300,
                            "Id" : "mashupcontainer-14",
                            "LastContainer" : false,
                            "Left" : 0,
                            "MashupParameters" : [ {
                              "BaseType" : "THINGNAME",
                              "Description" : "",
                              "ParameterName" : "thingName",
                              "ParmDef" : {
                                "aspects" : {
                                  "bindingDirection" : "IN",
                                  "isMandatory" : "false",
                                  "ordinal" : "0"
                                },
                                "baseType" : "THINGNAME",
                                "description" : "",
                                "name" : "thingName",
                                "ordinal" : 0
                              }
                            } ],
                            "Name" : "AzureOpcUaEndpointManagementMashup",
                            "ResizeToContent" : false,
                            "ResponsiveLayout" : true,
                            "ShowDataLoading" : true,
                            "TabSequenceGroup" : 0,
                            "Top" : 0,
                            "Type" : "mashupcontainer",
                            "Visible" : true,
                            "Width" : 400,
                            "Z-index" : 10,
                            "__TypeDisplayName" : "Contained Mashup"
                          },
                          "Widgets" : [ ]
                        } ]
                      }, {
                        "Properties" : {
                          "Area" : "UI",
                          "DisplayName" : "ptcstabset-9 #3",
                          "EnableExpandCollapse" : false,
                          "Expanded" : true,
                          "Id" : "flexcontainer-12",
                          "LastContainer" : false,
                          "Overlay" : false,
                          "ResponsiveLayout" : false,
                          "ShowDataLoading" : true,
                          "ShowExpandCollapseTab" : false,
                          "SourceURL" : "",
                          "Style" : "DefaultContainerStyle",
                          "StyleProperties" : { },
                          "Type" : "flexcontainer",
                          "UseTheme" : true,
                          "Visible" : true,
                          "Z-index" : 10,
                          "__TypeDisplayName" : "Responsive Container",
                          "align-content" : "flex-start",
                          "align-items" : "flex-start",
                          "flex-basis" : "auto",
                          "flex-direction" : "row",
                          "flex-grow" : 1,
                          "flex-max-height" : "",
                          "flex-max-width" : "",
                          "flex-min-height" : "",
                          "flex-min-width" : "",
                          "flex-shrink" : 1,
                          "flex-size" : "default",
                          "flex-wrap" : "nowrap",
                          "iconClass" : "widgets-flexcontainer",
                          "justify-content" : "flex-start",
                          "positioning" : "responsive",
                          "userCannotRemove" : true
                        },
                        "Widgets" : [ {
                          "Properties" : {
                            "Area" : "UI",
                            "DisplayName" : "mashupcontainer-15",
                            "Height" : 300,
                            "Id" : "mashupcontainer-15",
                            "LastContainer" : false,
                            "Left" : 0,
                            "MashupParameters" : [ {
                              "BaseType" : "THINGNAME",
                              "Description" : "",
                              "ParameterName" : "thingName",
                              "ParmDef" : {
                                "aspects" : {
                                  "bindingDirection" : "IN",
                                  "isMandatory" : "false"
                                },
                                "baseType" : "THINGNAME",
                                "description" : "",
                                "name" : "thingName",
                                "ordinal" : 0
                              }
                            } ],
                            "Name" : "AzureOpcUaCredentialConfiguration",
                            "ResizeToContent" : false,
                            "ResponsiveLayout" : true,
                            "ShowDataLoading" : true,
                            "TabSequenceGroup" : 0,
                            "Top" : 0,
                            "Type" : "mashupcontainer",
                            "Visible" : true,
                            "Width" : 400,
                            "Z-index" : 10,
                            "__TypeDisplayName" : "Contained Mashup"
                          },
                          "Widgets" : [ ]
                        } ]
                      } ]
                    } ]
                  }, {
                    "Properties" : {
                      "Area" : "UI",
                      "DisplayName" : "Footer",
                      "EnableExpandCollapse" : false,
                      "Expanded" : true,
                      "Id" : "flexcontainer-3",
                      "LastContainer" : false,
                      "Overlay" : false,
                      "ResponsiveLayout" : false,
                      "ShowDataLoading" : true,
                      "ShowExpandCollapseTab" : false,
                      "SourceURL" : "",
                      "Style" : "DefaultContainerStyle",
                      "StyleProperties" : { },
                      "Type" : "flexcontainer",
                      "UseTheme" : false,
                      "Visible" : true,
                      "Z-index" : 10,
                      "__TypeDisplayName" : "Flex Container",
                      "align-content" : "flex-start",
                      "align-items" : "flex-start",
                      "flex-basis" : "auto",
                      "flex-direction" : "row",
                      "flex-grow" : 1,
                      "flex-height" : 0,
                      "flex-max-height" : "100px",
                      "flex-max-width" : "",
                      "flex-min-height" : "100px",
                      "flex-min-width" : "",
                      "flex-shrink" : 0,
                      "flex-size" : "default",
                      "flex-width" : 0,
                      "flex-wrap" : "nowrap",
                      "iconClass" : "widgets-flexcontainer-fixed",
                      "isLocked" : false,
                      "justify-content" : "flex-start",
                      "positioning" : "responsive",
                      "userCannotRemove" : false
                    },
                    "Widgets" : [ ]
                  } ]
                } ]
              },
              "mashupType" : "mashupTemplate"
            }
            ]]>
            </mashupContent>
            <preview></preview>
        </Mashup>
    </Mashups>
</Entities>
