<?xml version="1.0" encoding="UTF-8"?>
<Entities
        build="b78"
        majorVersion="8"
        minorVersion="5"
        modelPersistenceProviderPackage="H2PersistenceProviderPackage"
        revision="1"
        schemaVersion="1050"
        universal="password">
    <Mashups>
        <Mashup
                aspect.isEditableExtensionObject="false"
                aspect.isExtension="true"
                aspect.isFlex="true"
                aspect.isResponsive="true"
                aspect.mashupType="mashup"
                columns="0.0"
                description=""
                documentationContent=""
                homeMashup=""
                lastModifiedDate="2020-05-29T08:20:27.727-04:00"
                name="AzureOpcUaApplicationConfigurationMashup"
                projectName=""
                rows="0.0"
                tags="">
            <avatar></avatar>
            <DesignTimePermissions>
                <Create></Create>
                <Read></Read>
                <Update></Update>
                <Delete></Delete>
                <Metadata></Metadata>
            </DesignTimePermissions>
            <RunTimePermissions></RunTimePermissions>
            <VisibilityPermissions>
                <Visibility></Visibility>
            </VisibilityPermissions>
            <ConfigurationTableDefinitions></ConfigurationTableDefinitions>
            <ConfigurationTables></ConfigurationTables>
            <ParameterDefinitions>
                <FieldDefinition
                        aspect.bindingDirection="IN"
                        aspect.isMandatory="false"
                        aspect.ordinal="0"
                        baseType="THINGNAME"
                        description=""
                        name="thingName"
                        ordinal="0"></FieldDefinition>
            </ParameterDefinitions>
            <Things></Things>
            <ThingShapes></ThingShapes>
            <ThingTemplates>
                <ThingTemplate>AzureIotHubTemplate</ThingTemplate>
            </ThingTemplates>
            <mashupContent>
                <![CDATA[
            {
              "CustomMashupCss" : "",
              "Data" : {
                "DynamicThingTemplates_AzureIotHubTemplate" : {
                  "DataName" : "DynamicThingTemplates_AzureIotHubTemplate",
                  "EntityName" : "AzureIotHubTemplate",
                  "EntityType" : "DynamicThingTemplates",
                  "Id" : "2a9c3f2a-39f2-495a-accd-a08f744e215c",
                  "Services" : [ {
                    "APIMethod" : "post",
                    "Characteristic" : "Services",
                    "Id" : "9bcff143-6cfb-42b1-9e78-87b610f9cd0a",
                    "Name" : "GetUAApplications",
                    "Parameters" : { },
                    "RefreshInterval" : 0,
                    "Target" : "GetUAApplications"
                  }, {
                    "APIMethod" : "post",
                    "Characteristic" : "Services",
                    "Id" : "d1aed348-9791-4f24-a9bb-9500540ea648",
                    "Name" : "AddUAApplication",
                    "Parameters" : { },
                    "RefreshInterval" : 0,
                    "Target" : "AddUAApplication"
                  }, {
                    "APIMethod" : "post",
                    "Characteristic" : "Services",
                    "Id" : "aaca12a6-1a90-451b-b20e-fe2673b15e69",
                    "Name" : "RemoveUAApplication",
                    "Parameters" : { },
                    "RefreshInterval" : 0,
                    "Target" : "RemoveUAApplication"
                  } ]
                },
                "Session" : {
                  "DataName" : "Session",
                  "EntityName" : "",
                  "EntityType" : "Session",
                  "Id" : "session",
                  "Services" : [ {
                    "APIMethod" : "post",
                    "Characteristic" : "Services",
                    "Id" : "SessionInterface",
                    "Name" : "GetGlobalSessionValues",
                    "Parameters" : { },
                    "RefreshInterval" : 0,
                    "Target" : "GetGlobalSessionValues"
                  } ]
                },
                "UserExtensions" : {
                  "DataName" : "UserExtensions",
                  "EntityName" : "",
                  "EntityType" : "UserExtensions",
                  "Id" : "UserExtensions",
                  "Services" : [ {
                    "APIMethod" : "post",
                    "Characteristic" : "Services",
                    "Id" : "UserExtensionInterface",
                    "Name" : "GetCurrentUserExtensionProperties",
                    "Parameters" : { },
                    "RefreshInterval" : 0,
                    "Target" : "GetCurrentUserExtensionProperties"
                  } ]
                }
              },
              "DataBindings" : [ {
                "Id" : "28f4b416-7eec-484f-bb7b-533b3234bc42",
                "PropertyMaps" : [ {
                  "SourceProperty" : "thingName",
                  "SourcePropertyBaseType" : "THINGNAME",
                  "TargetProperty" : "value",
                  "TargetPropertyBaseType" : "THINGNAME",
                  "TargetPropertyType" : "Entity"
                } ],
                "SourceArea" : "Mashup",
                "SourceId" : "mashup-root",
                "SourceSection" : "",
                "TargetArea" : "Data",
                "TargetId" : "EntityName",
                "TargetSection" : "DynamicThingTemplates_AzureIotHubTemplate"
              }, {
                "Id" : "86f7ec90-cf10-457a-831a-922f5d3d9c96",
                "PropertyMaps" : [ {
                  "SourceProperty" : "ApplicationId",
                  "SourcePropertyBaseType" : "STRING",
                  "SourcePropertyType" : "Field",
                  "TargetProperty" : "Text",
                  "TargetPropertyBaseType" : "STRING",
                  "TargetPropertyType" : "property"
                } ],
                "SourceArea" : "Data",
                "SourceDetails" : "SelectedRows",
                "SourceId" : "GetUAApplications",
                "SourceSection" : "DynamicThingTemplates_AzureIotHubTemplate",
                "TargetArea" : "UI",
                "TargetId" : "ptcstextfield-9",
                "TargetSection" : ""
              }, {
                "Id" : "d0f39f69-2fbf-48e0-b49f-dfe9f939ee10",
                "PropertyMaps" : [ {
                  "SourceProperty" : "Text",
                  "SourcePropertyBaseType" : "STRING",
                  "TargetProperty" : "applicationId",
                  "TargetPropertyBaseType" : "STRING",
                  "TargetPropertyType" : "Parameter"
                } ],
                "SourceArea" : "UI",
                "SourceId" : "ptcstextfield-9",
                "SourceSection" : "",
                "TargetArea" : "Data",
                "TargetId" : "RemoveUAApplication",
                "TargetSection" : "DynamicThingTemplates_AzureIotHubTemplate"
              }, {
                "Id" : "3925351d-0513-40ad-8e6f-aad4a1e4ba2f",
                "PropertyMaps" : [ {
                  "SourceProperty" : "",
                  "SourcePropertyBaseType" : "INFOTABLE",
                  "SourcePropertyType" : "InfoTable",
                  "TargetProperty" : "Data",
                  "TargetPropertyBaseType" : "INFOTABLE",
                  "TargetPropertyType" : "property"
                } ],
                "SourceArea" : "Data",
                "SourceDetails" : "AllData",
                "SourceId" : "GetUAApplications",
                "SourceSection" : "DynamicThingTemplates_AzureIotHubTemplate",
                "TargetArea" : "UI",
                "TargetId" : "treegridadvanced-23",
                "TargetSection" : ""
              }, {
                "Id" : "dda79a6c-eeb3-4147-8335-76bb657bb20f",
                "PropertyMaps" : [ {
                  "SourceProperty" : "QueryFilter",
                  "SourcePropertyBaseType" : "QUERY",
                  "TargetProperty" : "QueryFilter",
                  "TargetPropertyBaseType" : "QUERY",
                  "TargetPropertyType" : "Parameter"
                } ],
                "SourceArea" : "UI",
                "SourceId" : "treegridadvanced-23",
                "SourceSection" : "",
                "TargetArea" : "Data",
                "TargetId" : "GetUAApplications",
                "TargetSection" : "DynamicThingTemplates_AzureIotHubTemplate"
              }, {
                "Id" : "808f061c-e72b-4b9c-8ba0-ed68888ab621",
                "PropertyMaps" : [ {
                  "SourceProperty" : "Text",
                  "SourcePropertyBaseType" : "STRING",
                  "TargetProperty" : "discoveryUrl",
                  "TargetPropertyBaseType" : "STRING",
                  "TargetPropertyType" : "Parameter"
                } ],
                "SourceArea" : "UI",
                "SourceId" : "ptcstextfield-7",
                "SourceSection" : "",
                "TargetArea" : "Data",
                "TargetId" : "AddUAApplication",
                "TargetSection" : "DynamicThingTemplates_AzureIotHubTemplate"
              } ],
              "DesignTimePermissions" : {
                "Create" : [ ],
                "Delete" : [ ],
                "Metadata" : [ ],
                "Read" : [ ],
                "Update" : [ ]
              },
              "Events" : [ {
                "EventHandlerArea" : "Data",
                "EventHandlerId" : "DynamicThingTemplates_AzureIotHubTemplate",
                "EventHandlerService" : "GetUAApplications",
                "EventTriggerArea" : "Mashup",
                "EventTriggerEvent" : "Loaded",
                "EventTriggerId" : "mashup-root",
                "EventTriggerSection" : "",
                "Id" : "170ed848-449c-47cc-9154-5e9dfbf5e21d"
              }, {
                "EventHandlerArea" : "Data",
                "EventHandlerId" : "DynamicThingTemplates_AzureIotHubTemplate",
                "EventHandlerService" : "RemoveUAApplication",
                "EventTriggerArea" : "UI",
                "EventTriggerEvent" : "Clicked",
                "EventTriggerId" : "ptcsbutton-11",
                "EventTriggerSection" : "",
                "Id" : "6e707141-8057-4c1e-a9f6-c919b605ac72"
              }, {
                "EventHandlerArea" : "Data",
                "EventHandlerId" : "DynamicThingTemplates_AzureIotHubTemplate",
                "EventHandlerService" : "AddUAApplication",
                "EventTriggerArea" : "UI",
                "EventTriggerEvent" : "Clicked",
                "EventTriggerId" : "ptcsbutton-8",
                "EventTriggerSection" : "",
                "Id" : "d7e04973-113f-410c-b2a7-4b8bae67b5e0"
              }, {
                "EventHandlerArea" : "Data",
                "EventHandlerId" : "DynamicThingTemplates_AzureIotHubTemplate",
                "EventHandlerService" : "GetUAApplications",
                "EventTriggerArea" : "Mashup",
                "EventTriggerEvent" : "RefreshRequested",
                "EventTriggerId" : "mashup-root",
                "EventTriggerSection" : "",
                "Id" : "acf98e5c-f530-416b-817a-83490f4c8673"
              }, {
                "EventHandlerArea" : "Data",
                "EventHandlerId" : "DynamicThingTemplates_AzureIotHubTemplate",
                "EventHandlerService" : "GetUAApplications",
                "EventTriggerArea" : "UI",
                "EventTriggerEvent" : "Filter",
                "EventTriggerId" : "treegridadvanced-23",
                "EventTriggerSection" : "",
                "Id" : "8da8d6ba-2d07-40b5-bd07-03ac80644b32"
              } ],
              "RunTimePermissions" : {
                "permissions" : [ ]
              },
              "UI" : {
                "Properties" : {
                  "AddToDashboardButton" : "SimplePlus",
                  "AddToDashboardButtonStyle" : "DefaultAddToDashboardButtonStyle",
                  "Area" : "Mashup",
                  "BGImage" : "",
                  "BGImageRepeat" : "no-repeat",
                  "BGImageSize" : "auto",
                  "Columns" : 0,
                  "ConfigureGadgetButton" : "SimpleGear",
                  "ConfigureGadgetButtonStyle" : "DefaultConfigureGadgetButtonStyle",
                  "DisplayName" : "Mashup",
                  "EnableParameterEditing" : false,
                  "Height" : 618,
                  "Id" : "mashup-root",
                  "IgnoreWarningsInViewMashup" : false,
                  "IsPrintLayout" : false,
                  "Left" : 0,
                  "MashupToEditGadget" : "DefaultMashupToEditGadget",
                  "MinHeight" : 0,
                  "MinWidth" : 0,
                  "ResponsiveLayout" : true,
                  "Rows" : 0,
                  "ShowDataLoading" : true,
                  "Style" : "DefaultMashupStyle",
                  "StyleTheme" : "PTC Convergence Theme",
                  "Title" : "",
                  "TitleBar" : false,
                  "TitleBarStyle" : "DefaultTitleBarStyle",
                  "TitleBarText" : "Gadget Title Here",
                  "Top" : 0,
                  "Type" : "mashup",
                  "UseMasterTheme" : false,
                  "UseTheme" : false,
                  "UseThemeForHybrids" : false,
                  "Visible" : true,
                  "Width" : 1024,
                  "Z-index" : 10,
                  "__TypeDisplayName" : "Mashup",
                  "_currentParameterDefs" : [ {
                    "Aspects" : {
                      "bindingDirection" : "IN",
                      "isMandatory" : false
                    },
                    "BaseType" : "THINGNAME",
                    "Description" : "",
                    "ParameterName" : "thingName"
                  } ],
                  "id_index" : 23,
                  "supportsAutoResize" : true
                },
                "Widgets" : [ {
                  "Properties" : {
                    "Area" : "UI",
                    "DisplayName" : "container-2",
                    "EnableExpandCollapse" : false,
                    "Expanded" : true,
                    "Id" : "flexcontainer-2",
                    "LastContainer" : true,
                    "ResponsiveLayout" : true,
                    "ShowDataLoading" : true,
                    "ShowExpandCollapseTab" : false,
                    "SourceURL" : "",
                    "Style" : "DefaultContainerStyle",
                    "StyleProperties" : { },
                    "Type" : "flexcontainer",
                    "UseTheme" : true,
                    "Visible" : true,
                    "Z-index" : 10,
                    "__TypeDisplayName" : "Responsive Container",
                    "align-content" : "flex-start",
                    "align-items" : "flex-start",
                    "flex-basis" : "auto",
                    "flex-direction" : "row",
                    "flex-grow" : "1",
                    "flex-max-height" : "",
                    "flex-max-width" : "",
                    "flex-min-height" : "",
                    "flex-min-width" : "",
                    "flex-shrink" : "1",
                    "flex-size" : "default",
                    "flex-wrap" : "nowrap",
                    "iconClass" : "widgets-flexcontainer",
                    "isLocked" : true,
                    "justify-content" : "flex-start",
                    "positioning" : "responsive",
                    "userCannotRemove" : true
                  },
                  "Widgets" : [ {
                    "Properties" : {
                      "Area" : "UI",
                      "Columns" : 1,
                      "DisplayName" : "layout-20",
                      "Footer" : false,
                      "FooterHeight" : 0,
                      "Header" : false,
                      "HeaderHeight" : 0,
                      "Id" : "layout-20",
                      "IncludeSpacingInFixedAreas" : false,
                      "IsPrintLayout" : false,
                      "LastContainer" : false,
                      "Left" : 460,
                      "LeftSidebar" : false,
                      "LeftSidebarWidth" : 0,
                      "Orientation" : "horizontal",
                      "PctColumn1" : 100,
                      "PctColumn2" : 0,
                      "PctColumn3" : 1,
                      "PctColumn4" : 1,
                      "PctColumn5" : 1,
                      "PctColumn6" : 1,
                      "PctColumn7" : 1,
                      "PctColumn8" : 1,
                      "PctRow1" : 50,
                      "PctRow2" : 50,
                      "PctRow3" : 0,
                      "PctRow4" : 0,
                      "PctRow5" : 0,
                      "PctRow6" : 0,
                      "PctRow7" : 0,
                      "PctRow8" : 0,
                      "PrintMarginLeftRight" : 0.5,
                      "PrintMarginTopBottom" : 0.5,
                      "PrintWidth" : 650,
                      "ResponsiveLayout" : true,
                      "RightSidebar" : true,
                      "RightSidebarWidth" : 295,
                      "Rows" : 0,
                      "ShowDataLoading" : true,
                      "Spacing" : 2,
                      "Top" : 125,
                      "Type" : "layout",
                      "Visible" : true,
                      "Z-index" : 10,
                      "__TypeDisplayName" : "Layout"
                    },
                    "Widgets" : [ {
                      "Properties" : {
                        "AnimateExpandCollapse" : true,
                        "Area" : "UI",
                        "BGImageRepeat" : "no-repeat",
                        "BGImageSize" : "auto",
                        "DisplayName" : "Column 1",
                        "ExpandCollapseTabLocation" : "outside",
                        "Expanded" : true,
                        "Id" : "container-21",
                        "LastContainer" : false,
                        "MinHeight" : 0,
                        "MinWidth" : 0,
                        "Overlay" : false,
                        "OverlayIsTransparent" : false,
                        "ResponsiveLayout" : true,
                        "ShowDataLoading" : true,
                        "ShowExpandCollapseTab" : false,
                        "Style" : "DefaultContainerStyle",
                        "TabCollapseStyle" : "DefaultTabCollapseStyle",
                        "TabExpandStyle" : "DefaultTabExpandStyle",
                        "TabHeight" : 36,
                        "TabLocation" : "center",
                        "TabOffset" : 0,
                        "TabWidth" : 36,
                        "Type" : "container",
                        "Visible" : true,
                        "Z-index" : 10,
                        "__TypeDisplayName" : "Container",
                        "userCannotRemove" : true
                      },
                      "Widgets" : [ {
                        "Properties" : {
                          "Area" : "UI",
                          "AutoScroll" : true,
                          "CellBorderStyle" : "DefaultGridAdvancedCellBorderStyle",
                          "CellValidationErrorStyle" : "DefaultGridAdvancedCellValidationErrorStyle",
                          "CellValidationErrorTooltipStyle" : "DefaultGridAdvancedCellValidationErrorTooltipStyle",
                          "ColumnFormat" : {
                            "formatInfo" : [ {
                              "Align" : "left",
                              "AllowEdit" : false,
                              "EditorOptions" : {
                                "Type" : "string",
                                "Validators" : [ "None", "NotEmpty", "Empty", "Custom", "ValidAlphaNumeric", "ValidEmail", "ValidIPv4", "ValidSIN", "ValidSSN" ]
                              },
                              "FieldName" : "ApplicationId",
                              "FormatOptions" : {
                                "FormatString" : "full",
                                "formatInfo" : {
                                  "FieldName" : "",
                                  "StateDefinition" : "",
                                  "StateDefinitionType" : "fixed",
                                  "StateFormats" : [ {
                                    "state" : "",
                                    "stateName" : "fixed"
                                  } ]
                                },
                                "renderer" : "STRING",
                                "roundingEnabled" : true
                              },
                              "Title" : "ApplicationId",
                              "Width" : "330px",
                              "headerTextAlignment" : "left",
                              "hidden" : false,
                              "inLayout" : true
                            }, {
                              "Align" : "left",
                              "AllowEdit" : false,
                              "EditorOptions" : {
                                "Type" : "string",
                                "Validators" : [ "None", "NotEmpty", "Empty", "Custom", "ValidAlphaNumeric", "ValidEmail", "ValidIPv4", "ValidSIN", "ValidSSN" ]
                              },
                              "FieldName" : "ApplicationType",
                              "FormatOptions" : {
                                "FormatString" : "full",
                                "formatInfo" : {
                                  "FieldName" : "",
                                  "StateDefinition" : "",
                                  "StateDefinitionType" : "fixed",
                                  "StateFormats" : [ {
                                    "state" : "",
                                    "stateName" : "fixed"
                                  } ]
                                },
                                "renderer" : "STRING",
                                "roundingEnabled" : true
                              },
                              "Title" : "ApplicationType",
                              "Width" : "60px",
                              "headerTextAlignment" : "left",
                              "hidden" : false,
                              "inLayout" : true
                            }, {
                              "Align" : "left",
                              "AllowEdit" : false,
                              "EditorOptions" : {
                                "Type" : "string",
                                "Validators" : [ "None", "NotEmpty", "Empty", "Custom", "ValidAlphaNumeric", "ValidEmail", "ValidIPv4", "ValidSIN", "ValidSSN" ]
                              },
                              "FieldName" : "ApplicationUri",
                              "FormatOptions" : {
                                "FormatString" : "full",
                                "renderer" : "STRING"
                              },
                              "Title" : "ApplicationUri",
                              "ValidationExpression" : "",
                              "ValidationMessage" : "",
                              "Width" : "auto",
                              "hidden" : false,
                              "inLayout" : true
                            }, {
                              "Align" : "left",
                              "AllowEdit" : false,
                              "EditorOptions" : {
                                "Type" : "string",
                                "Validators" : [ "None", "NotEmpty", "Empty", "Custom", "ValidAlphaNumeric", "ValidEmail", "ValidIPv4", "ValidSIN", "ValidSSN" ]
                              },
                              "FieldName" : "ProductUri",
                              "FormatOptions" : {
                                "FormatString" : "full",
                                "renderer" : "STRING"
                              },
                              "Title" : "ProductUri",
                              "ValidationExpression" : "",
                              "ValidationMessage" : "",
                              "Width" : "auto",
                              "hidden" : false,
                              "inLayout" : true
                            }, {
                              "Align" : "left",
                              "AllowEdit" : false,
                              "EditorOptions" : {
                                "Type" : "string",
                                "Validators" : [ "None", "NotEmpty", "Empty", "Custom", "ValidAlphaNumeric", "ValidEmail", "ValidIPv4", "ValidSIN", "ValidSSN" ]
                              },
                              "FieldName" : "ApplicationName",
                              "FormatOptions" : {
                                "FormatString" : "full",
                                "renderer" : "STRING"
                              },
                              "Title" : "ApplicationName",
                              "ValidationExpression" : "",
                              "ValidationMessage" : "",
                              "Width" : "auto",
                              "hidden" : false,
                              "inLayout" : true
                            }, {
                              "Align" : "left",
                              "AllowEdit" : false,
                              "EditorOptions" : {
                                "Type" : "string",
                                "Validators" : [ "None", "NotEmpty", "Empty", "Custom", "ValidAlphaNumeric", "ValidEmail", "ValidIPv4", "ValidSIN", "ValidSSN" ]
                              },
                              "FieldName" : "SiteId",
                              "FormatOptions" : {
                                "FormatString" : "full",
                                "renderer" : "STRING"
                              },
                              "Title" : "SiteId",
                              "ValidationExpression" : "",
                              "ValidationMessage" : "",
                              "Width" : "auto",
                              "hidden" : false,
                              "inLayout" : true
                            }, {
                              "Align" : "left",
                              "AllowEdit" : false,
                              "EditorOptions" : {
                                "Type" : "string",
                                "Validators" : [ "None", "NotEmpty", "Empty", "Custom", "ValidAlphaNumeric", "ValidEmail", "ValidIPv4", "ValidSIN", "ValidSSN" ]
                              },
                              "FieldName" : "DiscovererId",
                              "FormatOptions" : {
                                "FormatString" : "full",
                                "renderer" : "STRING"
                              },
                              "Title" : "DiscovererId",
                              "ValidationExpression" : "",
                              "ValidationMessage" : "",
                              "Width" : "auto",
                              "hidden" : false,
                              "inLayout" : true
                            } ]
                          },
                          "Configuration" : "",
                          "ConfigurationId" : 3,
                          "CookiePersistence" : true,
                          "DataOverflow" : "ellipsis",
                          "DataServiceBindingDef" : {
                            "entityName" : "AzureIotHubTemplate",
                            "entityType" : "DynamicThingTemplates",
                            "target" : "GetUAApplications"
                          },
                          "DefaultSelectedRows" : "",
                          "DisplayName" : "treegridadvanced-23",
                          "DisplayOnlyMode" : false,
                          "EditButtonsLocation" : "top-right",
                          "EnableContextMenu" : true,
                          "EnableEditButtons" : false,
                          "EnableFilterEventOnConfigChange" : true,
                          "EnableFooter" : false,
                          "EnableGridReset" : false,
                          "EnableGridSearch" : false,
                          "EnableSorting" : true,
                          "ExpandLoadedRows" : false,
                          "ExpandRowOnDoubleClick" : false,
                          "FocusStyle" : "DefaultFocusStyle",
                          "GridResetButtonLocation" : "top-right",
                          "GridSearchLocation" : "top-left",
                          "HasChildrenFieldName" : "hasChildren",
                          "HeaderOverflow" : "tooltip",
                          "Height" : 200,
                          "IDFieldName" : "id",
                          "IDPathSeparator" : ":;",
                          "Id" : "treegridadvanced-23",
                          "IncludeRowExpansionParents" : false,
                          "IsEditable" : false,
                          "LastContainer" : false,
                          "Left" : 145,
                          "MaxHeaderHeight" : 100,
                          "MaxRowCacheSize" : 50000,
                          "MinRowHeight" : 30,
                          "ParentIDFieldName" : "parentId",
                          "PreserveRowExpansion" : false,
                          "ResponsiveLayout" : true,
                          "RowAlternateBackgroundStyle" : "DefaultGridAdvancedRowAlternateBackgroundStyle",
                          "RowBackgroundStyle" : "DefaultGridAdvancedRowBackgroundStyle",
                          "RowBorderStyle" : "DefaultGridAdvancedRowBorderStyle",
                          "RowCollapseIconStyle" : "DefaultRowCollapseIconStyle",
                          "RowExpansionIconStyle" : "DefaultRowExpansionIconStyle",
                          "RowFormat_StateParameters" : [ ],
                          "RowHoverStyle" : "DefaultGridAdvancedRowHoverStyle",
                          "RowIconStyle" : "DefaultRowIconStyle",
                          "RowSelectedStyle" : "DefaultGridAdvancedRowSelectedStyle",
                          "RowSelection" : "single",
                          "SelectedRows" : "",
                          "ShowDataLoading" : true,
                          "SortAscendingStyle" : "DefaultSortAscendingStyle",
                          "SortDescendingStyle" : "DefaultSortDescendingStyle",
                          "TableFooterStyle" : "DefaultGridAdvancedFooterStyle",
                          "TableHeaderStyle" : "DefaultGridAdvancedHeaderStyle",
                          "TableWrapperStyle" : "DefaultGridAdvancedWrapperStyle",
                          "ToolbarStyle" : "DefaultToolbarStyle",
                          "TooltipStyle" : "DefaultTooltipStyle",
                          "Top" : 135,
                          "Type" : "treegridadvanced",
                          "UseTheme" : false,
                          "Visible" : true,
                          "Width" : 400,
                          "Z-index" : 10,
                          "__TypeDisplayName" : "Tree Grid Advanced"
                        },
                        "Widgets" : [ ]
                      } ]
                    }, {
                      "Properties" : {
                        "AnimateExpandCollapse" : true,
                        "Area" : "UI",
                        "BGImageRepeat" : "no-repeat",
                        "BGImageSize" : "auto",
                        "DisplayName" : "Right Sidebar",
                        "ExpandCollapseTabLocation" : "outside",
                        "Expanded" : true,
                        "Id" : "container-22",
                        "LastContainer" : false,
                        "MinHeight" : 0,
                        "MinWidth" : 0,
                        "Overlay" : false,
                        "OverlayIsTransparent" : false,
                        "ResponsiveLayout" : true,
                        "ShowDataLoading" : true,
                        "ShowExpandCollapseTab" : false,
                        "Style" : "DefaultContainerStyle",
                        "TabCollapseStyle" : "DefaultTabCollapseStyle",
                        "TabExpandStyle" : "DefaultTabExpandStyle",
                        "TabHeight" : 36,
                        "TabLocation" : "center",
                        "TabOffset" : 0,
                        "TabWidth" : 36,
                        "Type" : "container",
                        "Visible" : true,
                        "Z-index" : 10,
                        "__TypeDisplayName" : "Container",
                        "userCannotRemove" : true
                      },
                      "Widgets" : [ {
                        "Properties" : {
                          "Area" : "UI",
                          "ContainerClass" : "",
                          "DisplayName" : "panel-10",
                          "Height" : 200,
                          "HideScrollbars" : false,
                          "HorizontalAnchor" : "left",
                          "Id" : "panel-10",
                          "LastContainer" : false,
                          "Left" : 10,
                          "ResponsiveLayout" : true,
                          "ShowDataLoading" : true,
                          "Style" : "DefaultPanelStyle",
                          "Top" : 10,
                          "Type" : "panel",
                          "VerticalAnchor" : "top",
                          "Visible" : true,
                          "Width" : 300,
                          "Z-index" : 10,
                          "__TypeDisplayName" : "Panel"
                        },
                        "Widgets" : [ {
                          "Properties" : {
                            "Area" : "UI",
                            "Counter" : false,
                            "Disabled" : false,
                            "DisplayName" : "ptcs-textfield-7",
                            "HasText" : false,
                            "Id" : "ptcstextfield-7",
                            "Label" : "Discovery Url",
                            "LabelAlignment" : "left",
                            "LastContainer" : false,
                            "Left" : 8,
                            "Margin" : "5",
                            "MaxNumberOfCharacters" : 1000000,
                            "Password" : false,
                            "ReadOnly" : false,
                            "ResponsiveLayout" : false,
                            "ShowClearText" : true,
                            "ShowDataLoading" : true,
                            "TabSequence" : 0,
                            "TextAlignment" : "left",
                            "Top" : 10,
                            "Type" : "ptcstextfield",
                            "UseTheme" : true,
                            "Visible" : true,
                            "Width" : 273,
                            "Z-index" : 10,
                            "__TypeDisplayName" : "Text Field"
                          },
                          "Widgets" : [ ]
                        }, {
                          "Properties" : {
                            "Area" : "UI",
                            "ButtonType" : "primary",
                            "ContextID" : "",
                            "Disabled" : false,
                            "DisplayName" : "ptcs-button-8",
                            "Id" : "ptcsbutton-8",
                            "Label" : "Add Application",
                            "LabelAlignment" : "center",
                            "LastContainer" : false,
                            "Left" : 8,
                            "Margin" : "5",
                            "ResponsiveLayout" : false,
                            "ShowDataLoading" : true,
                            "TabSequence" : 0,
                            "ToolTipField" : "",
                            "ToolTipStyle" : "DefaultTooltipStyle",
                            "Top" : 80,
                            "Type" : "ptcsbutton",
                            "UseTheme" : true,
                            "Visible" : true,
                            "Z-index" : 10,
                            "__TypeDisplayName" : "Button",
                            "__supportsTooltip" : true
                          },
                          "Widgets" : [ ]
                        }, {
                          "Properties" : {
                            "Area" : "UI",
                            "Counter" : false,
                            "Disabled" : false,
                            "DisplayName" : "ptcs-textfield-9",
                            "HasText" : false,
                            "Id" : "ptcstextfield-9",
                            "Label" : "Application Id",
                            "LabelAlignment" : "left",
                            "LastContainer" : false,
                            "Left" : 10,
                            "Margin" : "5",
                            "MaxNumberOfCharacters" : 1000000,
                            "Password" : false,
                            "ReadOnly" : false,
                            "ResponsiveLayout" : false,
                            "ShowClearText" : true,
                            "ShowDataLoading" : true,
                            "TabSequence" : 0,
                            "TextAlignment" : "left",
                            "Top" : 232,
                            "Type" : "ptcstextfield",
                            "UseTheme" : true,
                            "Visible" : true,
                            "Width" : 273,
                            "Z-index" : 10,
                            "__TypeDisplayName" : "Text Field"
                          },
                          "Widgets" : [ ]
                        }, {
                          "Properties" : {
                            "Area" : "UI",
                            "ButtonType" : "primary",
                            "ContextID" : "",
                            "Disabled" : false,
                            "DisplayName" : "ptcs-button-11",
                            "Id" : "ptcsbutton-11",
                            "Label" : "Remove Application",
                            "LabelAlignment" : "center",
                            "LastContainer" : false,
                            "Left" : 10,
                            "ResponsiveLayout" : false,
                            "ShowDataLoading" : true,
                            "TabSequence" : 0,
                            "ToolTipField" : "",
                            "ToolTipStyle" : "DefaultTooltipStyle",
                            "Top" : 302,
                            "Type" : "ptcsbutton",
                            "UseTheme" : true,
                            "Visible" : true,
                            "Z-index" : 10,
                            "__TypeDisplayName" : "Button",
                            "__supportsTooltip" : true
                          },
                          "Widgets" : [ ]
                        } ]
                      } ]
                    } ]
                  } ]
                } ]
              },
              "mashupType" : "mashup"
            }
            ]]>
            </mashupContent>
            <preview></preview>
        </Mashup>
    </Mashups>
</Entities>
