<?xml version="1.0" encoding="UTF-8"?><Entities>
    <ExtensionPackages>
        <ExtensionPackage artifactId="usermanagement" dependsOn="PTC.Base" groupId="ptc" lastModifiedDate="2020-09-03T17:42:37.902Z" minimumThingWorxVersion="9.0.0" packageVersion="0.2.210741713" haCompatible="true" description="User Management Project entity. Used to encapsulate all entities that belong to the User Management template" documentationContent="" homeMashup="" name="PTC.UserManagement" tags="" vendor="">
            <avatar/>
            <DesignTimePermissions>
                                
                <Create/>
                                
                <Read/>
                                
                <Update/>
                                
                <Delete/>
                                
                <Metadata/>
                            
            </DesignTimePermissions>
            <RunTimePermissions/>
            <VisibilityPermissions>
                                
                <Visibility>
                                        
                    <Principal isPermitted="true" name="PTC.UserManagement.Default_OR:PTC.UserManagement.UserManagementPermission" type="OrganizationalUnit"/>
                                    
                </Visibility>
                            
            </VisibilityPermissions>
            <ConfigurationTableDefinitions/>
            <ConfigurationTables/>
        </ExtensionPackage>
    </ExtensionPackages>
</Entities>
