<?xml version="1.0" encoding="UTF-8"?>
<Entities
 build="b8416"
 majorVersion="0"
 minorVersion="0"
 modelPersistenceProviderPackage="PostgresPersistenceProviderPackage"
 revision="0"
 schemaVersion="1100"
 universal="password">
    <ThingShapes>
        <ThingShape
         aspect.isEditableExtensionObject="false"
         aspect.isExtension="true"
         className=""
         description="Thing Shape for query utilities. {PTC.SCA.SCO.QueryUtilsThingShape}"
         documentationContent=""
         homeMashup=""
         lastModifiedDate="2020-01-27T14:09:36.977-05:00"
         name="PTC.SCA.SCO.QueryUtilsThingShape"
         projectName="PTC.SCA.SCO.DataConnection"
         tags="PTC:sca-sco;PTC:ThingShape;PTC:sca-sco-dataconnection">
            <PropertyDefinitions></PropertyDefinitions>
            <ServiceDefinitions>
                <ServiceDefinition
                 aspect.isAsync="false"
                 category=""
                 description="Builds the selected JSON for all the fields in the specified Data Shapes"
                 isAllowOverride="true"
                 isLocalOnly="false"
                 isOpen="false"
                 isPrivate="false"
                 name="BuildSelectFromDataShapes">
                    <ResultType
                     baseType="JSON"
                     description=""
                     name="result"
                     ordinal="0"></ResultType>
                    <ParameterDefinitions>
                        <FieldDefinition
                         aspect.isRequired="true"
                         baseType="JSON"
                         description="Data Shape names"
                         name="dataShapes"
                         ordinal="1"></FieldDefinition>
                    </ParameterDefinitions>
                </ServiceDefinition>
                <ServiceDefinition
                 aspect.isAsync="false"
                 category=""
                 description="Combines two query filters."
                 isAllowOverride="true"
                 isLocalOnly="false"
                 isOpen="false"
                 isPrivate="false"
                 name="CombineFilters">
                    <ResultType
                     baseType="JSON"
                     description=""
                     name="result"
                     ordinal="0"></ResultType>
                    <ParameterDefinitions>
                        <FieldDefinition
                         baseType="STRING"
                         description="Logical operator used to combine the two filters, for example AND, OR, EQ, and so on"
                         name="combineTypeOperator"
                         ordinal="3"></FieldDefinition>
                        <FieldDefinition
                         baseType="JSON"
                         description="First filter to combine"
                         name="filter1"
                         ordinal="1"></FieldDefinition>
                        <FieldDefinition
                         baseType="JSON"
                         description="Second filter to combine"
                         name="filter2"
                         ordinal="2"></FieldDefinition>
                    </ParameterDefinitions>
                </ServiceDefinition>
            </ServiceDefinitions>
            <EventDefinitions></EventDefinitions>
            <ServiceMappings></ServiceMappings>
            <ServiceImplementations>
                <ServiceImplementation
                 description=""
                 handlerName="Script"
                 name="BuildSelectFromDataShapes">
                    <ConfigurationTables>
                        <ConfigurationTable
                         dataShapeName=""
                         description=""
                         isMultiRow="false"
                         name="Script"
                         ordinal="0">
                            <DataShape>
                                <FieldDefinitions>
                                    <FieldDefinition
                                     baseType="STRING"
                                     description="code"
                                     name="code"
                                     ordinal="0"></FieldDefinition>
                                </FieldDefinitions>
                            </DataShape>
                            <Rows>
                                <Row>
                                    <code>
                                    <![CDATA[
                                    var myLogger = logger.getLoggerContext().getLogger(logger.getName() + ".com.ptc.sca.sco.QueryUtils");
                                    var dataShapeEntities = getDataShapeEntities(dataShapes.dataShapes);
                                    
                                    result = {};
                                    result.select = dataShapeEntities.map(getSelectEntries).reduce((a, b) => a.concat(b), []);
                                    
                                    function getSelectEntries(dataShape) {
                                        var fieldDefinitions = dataShape.dataShape.GetFieldDefinitions();
                                        var entries = [];
                                        var length = fieldDefinitions.rows.length;
                                        for (var x = 0; x < length; x++) {
                                            var row = fieldDefinitions.rows[x];
                                            var entry = {
                                                "dataShapeName": dataShape.name,
                                                "fieldName": row.name
                                            };
                                    
                                            entries.push(entry);
                                        }
                                    
                                        return entries;
                                    }
                                    
                                    function getDataShapeEntities(entries) {
                                        var values = [];
                                        for (var x = 0; x < entries.length; x++) {
                                            var entry = entries[x];
                                            var dataShape = DataShapes[entry.name];
                                            if (!dataShape) {
                                                myLogger.error("Invalid Data Shape name: " + entry.name);
                                            } else {
                                                values.push({"name": entry.name, "dataShape": dataShape});
                                            }
                                        }
                                    
                                        return values;
                                    }
                                    ]]>
                                    </code>
                                </Row>
                            </Rows>
                        </ConfigurationTable>
                    </ConfigurationTables>
                </ServiceImplementation>
                <ServiceImplementation
                 description=""
                 handlerName="Script"
                 name="CombineFilters">
                    <ConfigurationTables>
                        <ConfigurationTable
                         dataShapeName=""
                         description=""
                         isMultiRow="false"
                         name="Script"
                         ordinal="0">
                            <DataShape>
                                <FieldDefinitions>
                                    <FieldDefinition
                                     baseType="STRING"
                                     description="code"
                                     name="code"
                                     ordinal="0"></FieldDefinition>
                                </FieldDefinitions>
                            </DataShape>
                            <Rows>
                                <Row>
                                    <code>
                                    <![CDATA[
                                    var result = {};
                                    
                                    if(filter1 && filter2) {   
                                        var combinedJoinArray = combineArray(filter1["joins"], filter2["joins"]);
                                        var combinedSortArray = combineArray(filter1["sorts"], filter2["sorts"]);
                                        var combinedSelectArray = combineArray(filter1["select"], filter2["select"]);
                                        var combinedFilters = combineFilters(filter1["filters"], filter2["filters"], combineTypeOperator);
                                    
                                        if(combinedJoinArray.length != 0) {
                                           result.joins = combinedJoinArray;
                                        }
                                        if(combinedSortArray.length != 0) {
                                           result.sorts = combinedSortArray;
                                        }
                                        if(combinedSelectArray.length != 0) {
                                           result.select = combinedSelectArray;
                                        }
                                        if(Object.keys(combinedFilters).length != 0){
                                           result.filters = combinedFilters;
                                        }
                                    } else if(filter1) {
                                        result = filter1;
                                    } else if(filter2) {
                                        result = filter2;
                                    }
                                    
                                    function combineArray(array1, array2) {
                                    	var combinedArray = [];
                                    
                                        if (array1) {
                                            var parsedArray1 = JSON.parse(array1);
                                            if(Array.isArray(parsedArray1)) {
                                                combinedArray = combinedArray.concat(parsedArray1);
                                            }
                                        }
                                        if (array2) {
                                            var parsedArray2 = JSON.parse(array2);
                                            if(Array.isArray(parsedArray2)) {
                                                combinedArray = combinedArray.concat(parsedArray2);
                                            }
                                        }
                                    	return combinedArray;
                                    }
                                    
                                    function combineFilters(combineFilter1, combineFilter2, combineFilterOperator) {
                                    	var combinedFilters = {};
                                        
                                        if(combineFilter1 || combineFilter2) {
                                            var filterJSON1 = {};
                                        	var filterJSON2 = {};
                                            
                                           if(combineFilter1) {
                                               filterJSON1 = JSON.parse(combineFilter1);
                                            }
                                            if(combineFilter2) {
                                                filterJSON2 = JSON.parse(combineFilter2);
                                            }
                                            if(combineFilter1 && combineFilter2) {
                                                combinedFilters = {"filters" : [filterJSON1, filterJSON2],"type" : combineFilterOperator };
                                            } else if(combineFilter1) {
                                                combinedFilters = filterJSON1;
                                            } else if(combineFilter2) {
                                                combinedFilters = filterJSON2;
                                            }
                                        }
                                    	return combinedFilters;
                                    }
                                    ]]>
                                    </code>
                                </Row>
                            </Rows>
                        </ConfigurationTable>
                    </ConfigurationTables>
                </ServiceImplementation>
            </ServiceImplementations>
            <Subscriptions></Subscriptions>
            <avatar></avatar>
            <DesignTimePermissions>
                <Create></Create>
                <Read></Read>
                <Update></Update>
                <Delete></Delete>
                <Metadata></Metadata>
            </DesignTimePermissions>
            <RunTimePermissions></RunTimePermissions>
            <VisibilityPermissions>
                <Visibility></Visibility>
            </VisibilityPermissions>
            <ConfigurationTableDefinitions></ConfigurationTableDefinitions>
            <ConfigurationTables></ConfigurationTables>
            <PropertyBindings></PropertyBindings>
            <RemotePropertyBindings></RemotePropertyBindings>
            <RemoteServiceBindings></RemoteServiceBindings>
            <RemoteEventBindings></RemoteEventBindings>
            <AlertConfigurations></AlertConfigurations>
            <InstanceRunTimePermissions></InstanceRunTimePermissions>
        </ThingShape>
    </ThingShapes>
</Entities>
