<?xml version="1.0" encoding="UTF-8"?>
<Entities
 build="b8657"
 majorVersion="0"
 minorVersion="0"
 modelPersistenceProviderPackage="PostgresPersistenceProviderPackage"
 revision="0"
 schemaVersion="1100"
 universal="password">
    <ThingShapes>
        <ThingShape
         aspect.isEditableExtensionObject="false"
         aspect.isExtension="true"
         className=""
         description="Thing Shape that holds all the necessary properties and services for manipulating historical data definitions in the database {PTC.SCA.SCO.HistoricalDataManagementThingShape}"
         documentationContent=""
         homeMashup=""
         lastModifiedDate="2020-02-28T12:03:45.191-05:00"
         name="PTC.SCA.SCO.HistoricalDataManagementThingShape"
         projectName="PTC.SCA.SCO.JobOrder.Manager"
         tags="PTC:sca-sco;PTC:ThingShape;PTC:sca-sco-joborder-manager">
            <PropertyDefinitions></PropertyDefinitions>
            <ServiceDefinitions>
                <ServiceDefinition
                 aspect.isAsync="false"
                 category=""
                 description="Return the historical data filtered using the parameter filter."
                 isAllowOverride="true"
                 isLocalOnly="false"
                 isOpen="false"
                 isPrivate="false"
                 name="GetHistoricalData">
                    <ResultType
                     aspect.dataShape="PTC.SCA.SCO.HistoricalData"
                     baseType="INFOTABLE"
                     description=""
                     name="result"
                     ordinal="0"></ResultType>
                    <ParameterDefinitions>
                        <FieldDefinition
                         baseType="JSON"
                         description=""
                         name="filter"
                         ordinal="1"></FieldDefinition>
                        <FieldDefinition
                         baseType="INTEGER"
                         description=""
                         name="limit"
                         ordinal="3"></FieldDefinition>
                        <FieldDefinition
                         baseType="INTEGER"
                         description=""
                         name="offset"
                         ordinal="2"></FieldDefinition>
                    </ParameterDefinitions>
                </ServiceDefinition>
                <ServiceDefinition
                 aspect.isAsync="false"
                 category=""
                 description="Return json format of database information use to crate tables."
                 isAllowOverride="true"
                 isLocalOnly="false"
                 isOpen="false"
                 isPrivate="false"
                 name="GetHistoricalDataDBInfo">
                    <ResultType
                     baseType="JSON"
                     description=""
                     name="result"
                     ordinal="0"></ResultType>
                    <ParameterDefinitions></ParameterDefinitions>
                </ServiceDefinition>
                <ServiceDefinition
                 aspect.isAsync="false"
                 category=""
                 description="Return the logging configuration to use when historical data logging is disable."
                 isAllowOverride="true"
                 isLocalOnly="false"
                 isOpen="false"
                 isPrivate="false"
                 name="GetHistoricalDataLogConfig">
                    <ResultType
                     aspect.dataShape="PTC.SCA.SCO.HistoricalDataLogConfig"
                     baseType="INFOTABLE"
                     description=""
                     name="result"
                     ordinal="0"></ResultType>
                    <ParameterDefinitions></ParameterDefinitions>
                </ServiceDefinition>
                <ServiceDefinition
                 aspect.isAsync="false"
                 category=""
                 description="Return if the historical data will be log."
                 isAllowOverride="true"
                 isLocalOnly="false"
                 isOpen="false"
                 isPrivate="false"
                 name="LogHistoricalData">
                    <ResultType
                     baseType="BOOLEAN"
                     description=""
                     name="result"
                     ordinal="0"></ResultType>
                    <ParameterDefinitions></ParameterDefinitions>
                </ServiceDefinition>
                <ServiceDefinition
                 aspect.isAsync="false"
                 category=""
                 description="Service that deletes historical data from the Operator Advisor historical data database table. Takes as an input parameter the dataAgeInDays to determine the maximum age for data, and purges everything that is older."
                 isAllowOverride="true"
                 isLocalOnly="false"
                 isOpen="false"
                 isPrivate="false"
                 name="PurgeHistoricalData">
                    <ResultType
                     baseType="NOTHING"
                     description=""
                     name="result"
                     ordinal="0"></ResultType>
                    <ParameterDefinitions>
                        <FieldDefinition
                         aspect.isRequired="true"
                         baseType="INTEGER"
                         description=""
                         name="dataAgeInDays"
                         ordinal="1"></FieldDefinition>
                    </ParameterDefinitions>
                </ServiceDefinition>
            </ServiceDefinitions>
            <EventDefinitions></EventDefinitions>
            <ServiceMappings></ServiceMappings>
            <ServiceImplementations>
                <ServiceImplementation
                 description=""
                 handlerName="Script"
                 name="GetHistoricalData">
                    <ConfigurationTables>
                        <ConfigurationTable
                         dataShapeName=""
                         description=""
                         isMultiRow="false"
                         name="Script"
                         ordinal="0">
                            <DataShape>
                                <FieldDefinitions>
                                    <FieldDefinition
                                     baseType="STRING"
                                     description="code"
                                     name="code"
                                     ordinal="0"></FieldDefinition>
                                </FieldDefinitions>
                            </DataShape>
                            <Rows>
                                <Row>
                                    <code>
                                    <![CDATA[
                                    var params = {
                                        filter: filter,
                                        dataShapeName: "PTC.SCA.SCO.HistoricalData",
                                        offset: offset,
                                        limit: limit
                                    };
                                    
                                    var result = Things[me.GetDatabaseThingName()].Query(params);
                                    ]]>
                                    </code>
                                </Row>
                            </Rows>
                        </ConfigurationTable>
                    </ConfigurationTables>
                </ServiceImplementation>
                <ServiceImplementation
                 description=""
                 handlerName="Script"
                 name="GetHistoricalDataDBInfo">
                    <ConfigurationTables>
                        <ConfigurationTable
                         dataShapeName=""
                         description=""
                         isMultiRow="false"
                         name="Script"
                         ordinal="0">
                            <DataShape>
                                <FieldDefinitions>
                                    <FieldDefinition
                                     baseType="STRING"
                                     description="code"
                                     name="code"
                                     ordinal="0"></FieldDefinition>
                                </FieldDefinitions>
                            </DataShape>
                            <Rows>
                                <Row>
                                    <code>
                                    <![CDATA[
                                    var dbInfo = {
                                        dbInfo: [{
                                            "dataShapeName": "PTC.SCA.SCO.HistoricalData", 
                                            "indexedFields": [{
                                                "name": "ReferenceKey"
                                            }, {
                                                "name": "DataShapeName"
                                            }, {
                                                "name": "FieldName"
                                            }], 
                                            "fields": [{
                                                "name": "Value",
                                                "length": 4000
                                            }]
                                        }]
                                    };
                                    
                                    var result = dbInfo;
                                    ]]>
                                    </code>
                                </Row>
                            </Rows>
                        </ConfigurationTable>
                    </ConfigurationTables>
                </ServiceImplementation>
                <ServiceImplementation
                 description=""
                 handlerName="Script"
                 name="GetHistoricalDataLogConfig">
                    <ConfigurationTables>
                        <ConfigurationTable
                         dataShapeName=""
                         description=""
                         isMultiRow="false"
                         name="Script"
                         ordinal="0">
                            <DataShape>
                                <FieldDefinitions>
                                    <FieldDefinition
                                     baseType="STRING"
                                     description="code"
                                     name="code"
                                     ordinal="0"></FieldDefinition>
                                </FieldDefinitions>
                            </DataShape>
                            <Rows>
                                <Row>
                                    <code>
                                    <![CDATA[
                                    var config = Resources["InfoTableFunctions"].CreateInfoTableFromDataShape({
                                        infoTableName : "InfoTable",
                                        dataShapeName : "PTC.SCA.SCO.HistoricalDataLogConfig"
                                    });
                                    
                                    // START DEFAULT CONFIGURATION
                                    addLoggingConfiguration("PTC.SCA.SCO.WorkDefinition", "ExecutionStatus", "CREATE");
                                    addLoggingConfiguration("PTC.SCA.SCO.WorkDefinition", "ExecutionStatus", "UPDATE");
                                    // END DEFAULT CONFIGURATION
                                    
                                    /** ADD CUSTOM CONFIGURATION BELOW **/
                                    // addLoggingConfiguration("PTC.SCA.SCO.JobOrder", "ID", "CREATE");
                                    /************************************/
                                    
                                    
                                    var result = config;
                                    
                                    /**** HELPER FUNCTION ****/
                                    function addLoggingConfiguration(dataShapeName, fieldName, action) {
                                        config.AddRow({
                                            DataShapeName : dataShapeName,
                                            FieldName : fieldName,
                                            Action : action
                                        });
                                    }
                                    ]]>
                                    </code>
                                </Row>
                            </Rows>
                        </ConfigurationTable>
                    </ConfigurationTables>
                </ServiceImplementation>
                <ServiceImplementation
                 description=""
                 handlerName="Script"
                 name="LogHistoricalData">
                    <ConfigurationTables>
                        <ConfigurationTable
                         dataShapeName=""
                         description=""
                         isMultiRow="false"
                         name="Script"
                         ordinal="0">
                            <DataShape>
                                <FieldDefinitions>
                                    <FieldDefinition
                                     baseType="STRING"
                                     description="code"
                                     name="code"
                                     ordinal="0"></FieldDefinition>
                                </FieldDefinitions>
                            </DataShape>
                            <Rows>
                                <Row>
                                    <code>
                                    <![CDATA[
                                    var result = true;
                                    ]]>
                                    </code>
                                </Row>
                            </Rows>
                        </ConfigurationTable>
                    </ConfigurationTables>
                </ServiceImplementation>
                <ServiceImplementation
                 description=""
                 handlerName="Script"
                 name="PurgeHistoricalData">
                    <ConfigurationTables>
                        <ConfigurationTable
                         dataShapeName=""
                         description=""
                         isMultiRow="false"
                         name="Script"
                         ordinal="0">
                            <DataShape>
                                <FieldDefinitions>
                                    <FieldDefinition
                                     baseType="STRING"
                                     description="code"
                                     name="code"
                                     ordinal="0"></FieldDefinition>
                                </FieldDefinitions>
                            </DataShape>
                            <Rows>
                                <Row>
                                    <code>
                                    <![CDATA[
                                    var date = new Date();
                                    date.setDate(date.getDate() - dataAgeInDays);
                                    
                                    var timeStampFilter = {
                                    	filters: {
                                            fieldName: "TimeStamp",
                                            type: "LE",
                                            value: date
                                        }
                                    };
                                    
                                    var dataToPurge = me.GetHistoricalData({
                                    	filter: timeStampFilter /* JSON */,
                                    	offset: undefined /* INTEGER */,
                                    	limit: undefined /* INTEGER */
                                    });
                                    
                                    var params = {
                                    	infoTableName: "InfoTable",
                                    	dataShapeName: "PTC.SCA.SCO.BatchDeleteDataShape"
                                    };
                                    
                                    var batchDelete = Resources["InfoTableFunctions"].CreateInfoTableFromDataShape(params);
                                    
                                    var tableLength = dataToPurge.rows.length;
                                    for (var x=0; x < tableLength; x++) {
                                        var row = dataToPurge.rows[x];
                                    	batchDelete.AddRow({
                                    		dataShapeName: "PTC.SCA.SCO.HistoricalData",
                                    		UID: row.UID
                                    	});
                                    }
                                    
                                    Things[me.GetDatabaseThingName()].BatchDelete({
                                    	infoTable: batchDelete
                                    });
                                    ]]>
                                    </code>
                                </Row>
                            </Rows>
                        </ConfigurationTable>
                    </ConfigurationTables>
                </ServiceImplementation>
            </ServiceImplementations>
            <Subscriptions></Subscriptions>
            <avatar></avatar>
            <DesignTimePermissions>
                <Create></Create>
                <Read></Read>
                <Update></Update>
                <Delete></Delete>
                <Metadata></Metadata>
            </DesignTimePermissions>
            <RunTimePermissions></RunTimePermissions>
            <VisibilityPermissions>
                <Visibility></Visibility>
            </VisibilityPermissions>
            <ConfigurationTableDefinitions></ConfigurationTableDefinitions>
            <ConfigurationTables></ConfigurationTables>
            <PropertyBindings></PropertyBindings>
            <RemotePropertyBindings></RemotePropertyBindings>
            <RemoteServiceBindings></RemoteServiceBindings>
            <RemoteEventBindings></RemoteEventBindings>
            <AlertConfigurations></AlertConfigurations>
            <InstanceRunTimePermissions></InstanceRunTimePermissions>
        </ThingShape>
    </ThingShapes>
</Entities>
