<?xml version="1.0" encoding="UTF-8"?>
<Entities
 build="b9371"
 majorVersion="0"
 minorVersion="0"
 modelPersistenceProviderPackage="PostgresPersistenceProviderPackage"
 revision="0"
 schemaVersion="1100"
 universal="password">
    <ThingShapes>
        <ThingShape
         aspect.isEditableExtensionObject="false"
         aspect.isExtension="true"
         className=""
         description="Thing Shape that holds all the necessary properties and services for manipulating job order definitions in the database {PTC.SCA.SCO.JobOrderManagementThingShape}"
         documentationContent=""
         homeMashup=""
         lastModifiedDate="2020-05-20T11:14:47.645-04:00"
         name="PTC.SCA.SCO.JobOrderManagementThingShape"
         projectName="PTC.SCA.SCO.JobOrder.Manager"
         tags="PTC:sca-sco;PTC:ThingShape;PTC:sca-sco-joborder-manager">
            <PropertyDefinitions></PropertyDefinitions>
            <ServiceDefinitions>
                <ServiceDefinition
                 aspect.isAsync="false"
                 category=""
                 description=""
                 isAllowOverride="true"
                 isLocalOnly="false"
                 isOpen="false"
                 isPrivate="false"
                 name="CreateJobOrderMaterialRequirementLinks">
                    <ResultType
                     aspect.dataShape="PTC.SCA.SCO.JobOrderMaterialRequirementLink"
                     baseType="INFOTABLE"
                     description=""
                     name="result"
                     ordinal="0"></ResultType>
                    <ParameterDefinitions>
                        <FieldDefinition
                         aspect.dataShape="PTC.SCA.SCO.JobOrderMaterialRequirementLink"
                         aspect.isRequired="true"
                         baseType="INFOTABLE"
                         description=""
                         name="JobOrderMaterialRequirementLinks"
                         ordinal="1"></FieldDefinition>
                    </ParameterDefinitions>
                </ServiceDefinition>
                <ServiceDefinition
                 aspect.isAsync="false"
                 category=""
                 description=""
                 isAllowOverride="true"
                 isLocalOnly="false"
                 isOpen="false"
                 isPrivate="false"
                 name="CreateJobOrderMaterialRequirements">
                    <ResultType
                     aspect.dataShape="PTC.SCA.SCO.JobOrderMaterialRequirement"
                     baseType="INFOTABLE"
                     description=""
                     name="result"
                     ordinal="0"></ResultType>
                    <ParameterDefinitions>
                        <FieldDefinition
                         aspect.dataShape="PTC.SCA.SCO.JobOrderMaterialRequirement"
                         aspect.isRequired="true"
                         baseType="INFOTABLE"
                         description=""
                         name="JobOrderMaterialRequirements"
                         ordinal="1"></FieldDefinition>
                    </ParameterDefinitions>
                </ServiceDefinition>
                <ServiceDefinition
                 aspect.isAsync="false"
                 category=""
                 description=""
                 isAllowOverride="true"
                 isLocalOnly="false"
                 isOpen="false"
                 isPrivate="false"
                 name="CreateJobOrderPersonnelRequirements">
                    <ResultType
                     aspect.dataShape="PTC.SCA.SCO.JobOrderPersonnelRequirement"
                     baseType="INFOTABLE"
                     description=""
                     name="result"
                     ordinal="0"></ResultType>
                    <ParameterDefinitions>
                        <FieldDefinition
                         aspect.dataShape="PTC.SCA.SCO.JobOrderPersonnelRequirement"
                         aspect.isRequired="true"
                         baseType="INFOTABLE"
                         description=""
                         name="JobOrderPersonnelRequirements"
                         ordinal="1"></FieldDefinition>
                    </ParameterDefinitions>
                </ServiceDefinition>
                <ServiceDefinition
                 aspect.isAsync="false"
                 category=""
                 description=""
                 isAllowOverride="true"
                 isLocalOnly="false"
                 isOpen="false"
                 isPrivate="false"
                 name="CreateJobOrderProcessingResourceRequirements">
                    <ResultType
                     aspect.dataShape="PTC.SCA.SCO.JobOrderProcessingResourceRequirement"
                     baseType="INFOTABLE"
                     description=""
                     name="result"
                     ordinal="0"></ResultType>
                    <ParameterDefinitions>
                        <FieldDefinition
                         aspect.dataShape="PTC.SCA.SCO.JobOrderProcessingResourceRequirement"
                         aspect.isRequired="true"
                         baseType="INFOTABLE"
                         description=""
                         name="JobOrderProcessingResourceRequirements"
                         ordinal="1"></FieldDefinition>
                    </ParameterDefinitions>
                </ServiceDefinition>
                <ServiceDefinition
                 aspect.isAsync="false"
                 category=""
                 description=""
                 isAllowOverride="true"
                 isLocalOnly="false"
                 isOpen="false"
                 isPrivate="false"
                 name="CreateJobOrders">
                    <ResultType
                     aspect.dataShape="PTC.SCA.SCO.JobOrder"
                     baseType="INFOTABLE"
                     description=""
                     name="result"
                     ordinal="0"></ResultType>
                    <ParameterDefinitions>
                        <FieldDefinition
                         aspect.dataShape="PTC.SCA.SCO.JobOrder"
                         aspect.isRequired="true"
                         baseType="INFOTABLE"
                         description=""
                         name="JobOrders"
                         ordinal="1"></FieldDefinition>
                    </ParameterDefinitions>
                </ServiceDefinition>
                <ServiceDefinition
                 aspect.isAsync="false"
                 category=""
                 description="Creates one or more job order work definition links."
                 isAllowOverride="true"
                 isLocalOnly="false"
                 isOpen="false"
                 isPrivate="false"
                 name="CreateJobOrderWorkDefinitionLinks">
                    <ResultType
                     aspect.dataShape="PTC.SCA.SCO.JobOrderWorkDefinitionLink"
                     baseType="INFOTABLE"
                     description=""
                     name="result"
                     ordinal="0"></ResultType>
                    <ParameterDefinitions>
                        <FieldDefinition
                         aspect.dataShape="PTC.SCA.SCO.JobOrderWorkDefinitionLink"
                         aspect.isRequired="true"
                         baseType="INFOTABLE"
                         description=""
                         name="JobOrderWorkDefinitionLinks"
                         ordinal="1"></FieldDefinition>
                    </ParameterDefinitions>
                </ServiceDefinition>
                <ServiceDefinition
                 aspect.isAsync="false"
                 category=""
                 description=""
                 isAllowOverride="true"
                 isLocalOnly="false"
                 isOpen="false"
                 isPrivate="false"
                 name="DeleteJobOrder">
                    <ResultType
                     baseType="INFOTABLE"
                     description=""
                     name="result"
                     ordinal="0"></ResultType>
                    <ParameterDefinitions>
                        <FieldDefinition
                         aspect.isRequired="true"
                         baseType="STRING"
                         description=""
                         name="UID"
                         ordinal="1"></FieldDefinition>
                    </ParameterDefinitions>
                </ServiceDefinition>
                <ServiceDefinition
                 aspect.isAsync="false"
                 category=""
                 description=""
                 isAllowOverride="true"
                 isLocalOnly="false"
                 isOpen="false"
                 isPrivate="false"
                 name="DeleteJobOrderMaterialRequirement">
                    <ResultType
                     baseType="INFOTABLE"
                     description=""
                     name="result"
                     ordinal="0"></ResultType>
                    <ParameterDefinitions>
                        <FieldDefinition
                         aspect.isRequired="true"
                         baseType="STRING"
                         description=""
                         name="UID"
                         ordinal="1"></FieldDefinition>
                    </ParameterDefinitions>
                </ServiceDefinition>
                <ServiceDefinition
                 aspect.isAsync="false"
                 category=""
                 description=""
                 isAllowOverride="true"
                 isLocalOnly="false"
                 isOpen="false"
                 isPrivate="false"
                 name="DeleteJobOrderMaterialRequirementLink">
                    <ResultType
                     baseType="INFOTABLE"
                     description=""
                     name="result"
                     ordinal="0"></ResultType>
                    <ParameterDefinitions>
                        <FieldDefinition
                         aspect.isRequired="true"
                         baseType="STRING"
                         description=""
                         name="UID"
                         ordinal="1"></FieldDefinition>
                    </ParameterDefinitions>
                </ServiceDefinition>
                <ServiceDefinition
                 aspect.isAsync="false"
                 category=""
                 description=""
                 isAllowOverride="true"
                 isLocalOnly="false"
                 isOpen="false"
                 isPrivate="false"
                 name="DeleteJobOrderPersonnelRequirement">
                    <ResultType
                     baseType="INFOTABLE"
                     description=""
                     name="result"
                     ordinal="0"></ResultType>
                    <ParameterDefinitions>
                        <FieldDefinition
                         aspect.isRequired="true"
                         baseType="STRING"
                         description=""
                         name="UID"
                         ordinal="1"></FieldDefinition>
                    </ParameterDefinitions>
                </ServiceDefinition>
                <ServiceDefinition
                 aspect.isAsync="false"
                 category=""
                 description=""
                 isAllowOverride="true"
                 isLocalOnly="false"
                 isOpen="false"
                 isPrivate="false"
                 name="DeleteJobOrderProcessingResourceRequirement">
                    <ResultType
                     baseType="INFOTABLE"
                     description=""
                     name="result"
                     ordinal="0"></ResultType>
                    <ParameterDefinitions>
                        <FieldDefinition
                         aspect.isRequired="true"
                         baseType="STRING"
                         description=""
                         name="UID"
                         ordinal="1"></FieldDefinition>
                    </ParameterDefinitions>
                </ServiceDefinition>
                <ServiceDefinition
                 aspect.isAsync="false"
                 category=""
                 description="Deletes a job order work definition link."
                 isAllowOverride="true"
                 isLocalOnly="false"
                 isOpen="false"
                 isPrivate="false"
                 name="DeleteJobOrderWorkDefinitionLink">
                    <ResultType
                     aspect.dataShape="PTC.SCA.SCO.JobOrderWorkDefinitionLink"
                     baseType="INFOTABLE"
                     description=""
                     name="result"
                     ordinal="0"></ResultType>
                    <ParameterDefinitions>
                        <FieldDefinition
                         aspect.isRequired="true"
                         baseType="STRING"
                         description=""
                         name="UID"
                         ordinal="1"></FieldDefinition>
                    </ParameterDefinitions>
                </ServiceDefinition>
                <ServiceDefinition
                 aspect.isAsync="false"
                 category=""
                 description=""
                 isAllowOverride="true"
                 isLocalOnly="false"
                 isOpen="false"
                 isPrivate="false"
                 name="GetJobOrder">
                    <ResultType
                     aspect.dataShape="PTC.SCA.SCO.JobOrder"
                     baseType="INFOTABLE"
                     description=""
                     name="result"
                     ordinal="0"></ResultType>
                    <ParameterDefinitions>
                        <FieldDefinition
                         aspect.isRequired="true"
                         baseType="STRING"
                         description=""
                         name="UID"
                         ordinal="1"></FieldDefinition>
                    </ParameterDefinitions>
                </ServiceDefinition>
                <ServiceDefinition
                 aspect.isAsync="false"
                 category=""
                 description=""
                 isAllowOverride="true"
                 isLocalOnly="false"
                 isOpen="false"
                 isPrivate="false"
                 name="GetJobOrderDBInfo">
                    <ResultType
                     baseType="JSON"
                     description=""
                     name="result"
                     ordinal="0"></ResultType>
                    <ParameterDefinitions></ParameterDefinitions>
                </ServiceDefinition>
                <ServiceDefinition
                 aspect.isAsync="false"
                 category=""
                 description=""
                 isAllowOverride="true"
                 isLocalOnly="false"
                 isOpen="false"
                 isPrivate="false"
                 name="GetJobOrderMaterialRequirement">
                    <ResultType
                     aspect.dataShape="PTC.SCA.SCO.JobOrderMaterialRequirement"
                     baseType="INFOTABLE"
                     description=""
                     name="result"
                     ordinal="0"></ResultType>
                    <ParameterDefinitions>
                        <FieldDefinition
                         aspect.isRequired="true"
                         baseType="STRING"
                         description=""
                         name="UID"
                         ordinal="1"></FieldDefinition>
                    </ParameterDefinitions>
                </ServiceDefinition>
                <ServiceDefinition
                 aspect.isAsync="false"
                 category=""
                 description=""
                 isAllowOverride="true"
                 isLocalOnly="false"
                 isOpen="false"
                 isPrivate="false"
                 name="GetJobOrderMaterialRequirementLinks">
                    <ResultType
                     aspect.dataShape="PTC.SCA.SCO.JobOrderMaterialRequirementLink"
                     baseType="INFOTABLE"
                     description=""
                     name="result"
                     ordinal="0"></ResultType>
                    <ParameterDefinitions>
                        <FieldDefinition
                         aspect.isRequired="true"
                         baseType="STRING"
                         description=""
                         name="ParentUID"
                         ordinal="1"></FieldDefinition>
                    </ParameterDefinitions>
                </ServiceDefinition>
                <ServiceDefinition
                 aspect.isAsync="false"
                 category=""
                 description=""
                 isAllowOverride="true"
                 isLocalOnly="false"
                 isOpen="false"
                 isPrivate="false"
                 name="GetJobOrderMaterialRequirements">
                    <ResultType
                     aspect.dataShape="PTC.SCA.SCO.JobOrderMaterialRequirement"
                     baseType="INFOTABLE"
                     description=""
                     name="result"
                     ordinal="0"></ResultType>
                    <ParameterDefinitions>
                        <FieldDefinition
                         aspect.isRequired="true"
                         baseType="STRING"
                         description=""
                         name="JobOrderUID"
                         ordinal="1"></FieldDefinition>
                    </ParameterDefinitions>
                </ServiceDefinition>
                <ServiceDefinition
                 aspect.isAsync="false"
                 category=""
                 description=""
                 isAllowOverride="true"
                 isLocalOnly="false"
                 isOpen="false"
                 isPrivate="false"
                 name="GetJobOrderPersonnelRequirements">
                    <ResultType
                     aspect.dataShape="PTC.SCA.SCO.JobOrderPersonnelRequirement"
                     baseType="INFOTABLE"
                     description=""
                     name="result"
                     ordinal="0"></ResultType>
                    <ParameterDefinitions>
                        <FieldDefinition
                         aspect.isRequired="true"
                         baseType="STRING"
                         description=""
                         name="JobOrderUID"
                         ordinal="1"></FieldDefinition>
                    </ParameterDefinitions>
                </ServiceDefinition>
                <ServiceDefinition
                 aspect.isAsync="false"
                 category=""
                 description=""
                 isAllowOverride="true"
                 isLocalOnly="false"
                 isOpen="false"
                 isPrivate="false"
                 name="GetJobOrderProcessingResourceRequirements">
                    <ResultType
                     aspect.dataShape="PTC.SCA.SCO.JobOrderProcessingResourceRequirement"
                     baseType="INFOTABLE"
                     description=""
                     name="result"
                     ordinal="0"></ResultType>
                    <ParameterDefinitions>
                        <FieldDefinition
                         aspect.isRequired="true"
                         baseType="STRING"
                         description=""
                         name="JobOrderUID"
                         ordinal="1"></FieldDefinition>
                    </ParameterDefinitions>
                </ServiceDefinition>
                <ServiceDefinition
                 aspect.isAsync="false"
                 category=""
                 description=""
                 isAllowOverride="true"
                 isLocalOnly="false"
                 isOpen="false"
                 isPrivate="false"
                 name="GetJobOrderRelatedObjects">
                    <ResultType
                     baseType="INFOTABLE"
                     description=""
                     name="result"
                     ordinal="0"></ResultType>
                    <ParameterDefinitions>
                        <FieldDefinition
                         aspect.isRequired="true"
                         baseType="STRING"
                         description=""
                         name="dataShapeName"
                         ordinal="1"></FieldDefinition>
                        <FieldDefinition
                         aspect.isRequired="true"
                         baseType="STRING"
                         description=""
                         name="JobOrderUID"
                         ordinal="2"></FieldDefinition>
                    </ParameterDefinitions>
                </ServiceDefinition>
                <ServiceDefinition
                 aspect.isAsync="false"
                 category=""
                 description=""
                 isAllowOverride="true"
                 isLocalOnly="false"
                 isOpen="false"
                 isPrivate="false"
                 name="GetJobOrders">
                    <ResultType
                     aspect.dataShape="PTC.SCA.SCO.JobOrder"
                     baseType="INFOTABLE"
                     description=""
                     name="result"
                     ordinal="0"></ResultType>
                    <ParameterDefinitions>
                        <FieldDefinition
                         baseType="JSON"
                         description=""
                         name="filter"
                         ordinal="1"></FieldDefinition>
                        <FieldDefinition
                         baseType="INTEGER"
                         description=""
                         name="limit"
                         ordinal="3"></FieldDefinition>
                        <FieldDefinition
                         baseType="INTEGER"
                         description=""
                         name="offset"
                         ordinal="2"></FieldDefinition>
                    </ParameterDefinitions>
                </ServiceDefinition>
                <ServiceDefinition
                 aspect.isAsync="false"
                 category=""
                 description="Retrieves a list of all job order work definition links with the specified job order UID."
                 isAllowOverride="true"
                 isLocalOnly="false"
                 isOpen="false"
                 isPrivate="false"
                 name="GetJobOrderWorkDefinitionLinks">
                    <ResultType
                     aspect.dataShape="PTC.SCA.SCO.JobOrderWorkDefinitionLink"
                     baseType="INFOTABLE"
                     description=""
                     name="result"
                     ordinal="0"></ResultType>
                    <ParameterDefinitions>
                        <FieldDefinition
                         aspect.isRequired="true"
                         baseType="STRING"
                         description=""
                         name="JobOrderUID"
                         ordinal="1"></FieldDefinition>
                    </ParameterDefinitions>
                </ServiceDefinition>
                <ServiceDefinition
                 aspect.isAsync="false"
                 category=""
                 description="Retrieves a list of work definitions with the specified job order UID."
                 isAllowOverride="true"
                 isLocalOnly="false"
                 isOpen="false"
                 isPrivate="false"
                 name="GetJobOrderWorkDefinitions">
                    <ResultType
                     aspect.dataShape="PTC.SCA.SCO.WorkDefinition"
                     baseType="INFOTABLE"
                     description=""
                     name="result"
                     ordinal="0"></ResultType>
                    <ParameterDefinitions>
                        <FieldDefinition
                         baseType="JSON"
                         description=""
                         name="filter"
                         ordinal="2"></FieldDefinition>
                        <FieldDefinition
                         aspect.isRequired="true"
                         baseType="STRING"
                         description=""
                         name="JobOrderUID"
                         ordinal="2"></FieldDefinition>
                    </ParameterDefinitions>
                </ServiceDefinition>
                <ServiceDefinition
                 aspect.isAsync="false"
                 category=""
                 description=""
                 isAllowOverride="true"
                 isLocalOnly="false"
                 isOpen="false"
                 isPrivate="false"
                 name="UpdateJobOrderMaterialRequirementLinks">
                    <ResultType
                     baseType="INFOTABLE"
                     description=""
                     name="result"
                     ordinal="0"></ResultType>
                    <ParameterDefinitions>
                        <FieldDefinition
                         aspect.dataShape="PTC.SCA.SCO.JobOrderMaterialRequirementLink"
                         aspect.isRequired="true"
                         baseType="INFOTABLE"
                         description=""
                         name="JobOrderMaterialRequirementLinks"
                         ordinal="1"></FieldDefinition>
                    </ParameterDefinitions>
                </ServiceDefinition>
                <ServiceDefinition
                 aspect.isAsync="false"
                 category=""
                 description=""
                 isAllowOverride="true"
                 isLocalOnly="false"
                 isOpen="false"
                 isPrivate="false"
                 name="UpdateJobOrderMaterialRequirements">
                    <ResultType
                     baseType="INFOTABLE"
                     description=""
                     name="result"
                     ordinal="0"></ResultType>
                    <ParameterDefinitions>
                        <FieldDefinition
                         aspect.dataShape="PTC.SCA.SCO.JobOrderMaterialRequirement"
                         aspect.isRequired="true"
                         baseType="INFOTABLE"
                         description=""
                         name="JobOrderMaterialRequirements"
                         ordinal="1"></FieldDefinition>
                    </ParameterDefinitions>
                </ServiceDefinition>
                <ServiceDefinition
                 aspect.isAsync="false"
                 category=""
                 description=""
                 isAllowOverride="true"
                 isLocalOnly="false"
                 isOpen="false"
                 isPrivate="false"
                 name="UpdateJobOrderPersonnelRequirements">
                    <ResultType
                     baseType="INFOTABLE"
                     description=""
                     name="result"
                     ordinal="0"></ResultType>
                    <ParameterDefinitions>
                        <FieldDefinition
                         aspect.dataShape="PTC.SCA.SCO.JobOrderPersonnelRequirement"
                         aspect.isRequired="true"
                         baseType="INFOTABLE"
                         description=""
                         name="JobOrderPersonnelRequirements"
                         ordinal="1"></FieldDefinition>
                    </ParameterDefinitions>
                </ServiceDefinition>
                <ServiceDefinition
                 aspect.isAsync="false"
                 category=""
                 description=""
                 isAllowOverride="true"
                 isLocalOnly="false"
                 isOpen="false"
                 isPrivate="false"
                 name="UpdateJobOrderProcessingResourceRequirements">
                    <ResultType
                     baseType="INFOTABLE"
                     description=""
                     name="result"
                     ordinal="0"></ResultType>
                    <ParameterDefinitions>
                        <FieldDefinition
                         aspect.dataShape="PTC.SCA.SCO.JobOrderProcessingResourceRequirement"
                         aspect.isRequired="true"
                         baseType="INFOTABLE"
                         description=""
                         name="JobOrderProcessingResourceRequirements"
                         ordinal="1"></FieldDefinition>
                    </ParameterDefinitions>
                </ServiceDefinition>
                <ServiceDefinition
                 aspect.isAsync="false"
                 category=""
                 description=""
                 isAllowOverride="true"
                 isLocalOnly="false"
                 isOpen="false"
                 isPrivate="false"
                 name="UpdateJobOrders">
                    <ResultType
                     baseType="INFOTABLE"
                     description=""
                     name="result"
                     ordinal="0"></ResultType>
                    <ParameterDefinitions>
                        <FieldDefinition
                         aspect.dataShape="PTC.SCA.SCO.JobOrder"
                         aspect.isRequired="true"
                         baseType="INFOTABLE"
                         description=""
                         name="JobOrders"
                         ordinal="1"></FieldDefinition>
                    </ParameterDefinitions>
                </ServiceDefinition>
                <ServiceDefinition
                 aspect.isAsync="false"
                 category=""
                 description="Updates one or more job order work definition links."
                 isAllowOverride="true"
                 isLocalOnly="false"
                 isOpen="false"
                 isPrivate="false"
                 name="UpdateJobOrderWorkDefinitionLinks">
                    <ResultType
                     aspect.dataShape="PTC.SCA.SCO.JobOrderWorkDefinitionLink"
                     baseType="INFOTABLE"
                     description=""
                     name="result"
                     ordinal="0"></ResultType>
                    <ParameterDefinitions>
                        <FieldDefinition
                         aspect.dataShape="PTC.SCA.SCO.JobOrderWorkDefinitionLink"
                         aspect.isRequired="true"
                         baseType="INFOTABLE"
                         description=""
                         name="JobOrderWorkDefinitionLinks"
                         ordinal="1"></FieldDefinition>
                    </ParameterDefinitions>
                </ServiceDefinition>
            </ServiceDefinitions>
            <EventDefinitions></EventDefinitions>
            <ServiceMappings></ServiceMappings>
            <ServiceImplementations>
                <ServiceImplementation
                 description=""
                 handlerName="Script"
                 name="CreateJobOrderMaterialRequirementLinks">
                    <ConfigurationTables>
                        <ConfigurationTable
                         dataShapeName=""
                         description="Script"
                         isMultiRow="false"
                         name="Script"
                         ordinal="0">
                            <DataShape>
                                <FieldDefinitions>
                                    <FieldDefinition
                                     baseType="STRING"
                                     description="code"
                                     name="code"
                                     ordinal="0"></FieldDefinition>
                                </FieldDefinitions>
                            </DataShape>
                            <Rows>
                                <Row>
                                    <code>
                                    <![CDATA[
                                    var params = {
                                        infoTable: JobOrderMaterialRequirementLinks,
                                        dataShapeName: "PTC.SCA.SCO.JobOrderMaterialRequirementLink"
                                    };
                                    
                                    var result = Things[me.GetDatabaseThingName()].Insert(params);
                                    ]]>
                                    </code>
                                </Row>
                            </Rows>
                        </ConfigurationTable>
                    </ConfigurationTables>
                </ServiceImplementation>
                <ServiceImplementation
                 description=""
                 handlerName="Script"
                 name="CreateJobOrderMaterialRequirements">
                    <ConfigurationTables>
                        <ConfigurationTable
                         dataShapeName=""
                         description="Script"
                         isMultiRow="false"
                         name="Script"
                         ordinal="0">
                            <DataShape>
                                <FieldDefinitions>
                                    <FieldDefinition
                                     baseType="STRING"
                                     description="code"
                                     name="code"
                                     ordinal="0"></FieldDefinition>
                                </FieldDefinitions>
                            </DataShape>
                            <Rows>
                                <Row>
                                    <code>
                                    <![CDATA[
                                    var params = {
                                        infoTable: JobOrderMaterialRequirements,
                                        dataShapeName: "PTC.SCA.SCO.JobOrderMaterialRequirement"
                                    };
                                    
                                    var result = Things[me.GetDatabaseThingName()].Insert(params);
                                    ]]>
                                    </code>
                                </Row>
                            </Rows>
                        </ConfigurationTable>
                    </ConfigurationTables>
                </ServiceImplementation>
                <ServiceImplementation
                 description=""
                 handlerName="Script"
                 name="CreateJobOrderPersonnelRequirements">
                    <ConfigurationTables>
                        <ConfigurationTable
                         dataShapeName=""
                         description="Script"
                         isMultiRow="false"
                         name="Script"
                         ordinal="0">
                            <DataShape>
                                <FieldDefinitions>
                                    <FieldDefinition
                                     baseType="STRING"
                                     description="code"
                                     name="code"
                                     ordinal="0"></FieldDefinition>
                                </FieldDefinitions>
                            </DataShape>
                            <Rows>
                                <Row>
                                    <code>
                                    <![CDATA[
                                    var params = {
                                        infoTable: JobOrderPersonnelRequirements,
                                        dataShapeName: "PTC.SCA.SCO.JobOrderPersonnelRequirement"
                                    };
                                    
                                    var result = Things[me.GetDatabaseThingName()].Insert(params);
                                    ]]>
                                    </code>
                                </Row>
                            </Rows>
                        </ConfigurationTable>
                    </ConfigurationTables>
                </ServiceImplementation>
                <ServiceImplementation
                 description=""
                 handlerName="Script"
                 name="CreateJobOrderProcessingResourceRequirements">
                    <ConfigurationTables>
                        <ConfigurationTable
                         dataShapeName=""
                         description="Script"
                         isMultiRow="false"
                         name="Script"
                         ordinal="0">
                            <DataShape>
                                <FieldDefinitions>
                                    <FieldDefinition
                                     baseType="STRING"
                                     description="code"
                                     name="code"
                                     ordinal="0"></FieldDefinition>
                                </FieldDefinitions>
                            </DataShape>
                            <Rows>
                                <Row>
                                    <code>
                                    <![CDATA[
                                    var params = {
                                        infoTable: JobOrderProcessingResourceRequirements,
                                        dataShapeName: "PTC.SCA.SCO.JobOrderProcessingResourceRequirement"
                                    };
                                    
                                    var result = Things[me.GetDatabaseThingName()].Insert(params);
                                    ]]>
                                    </code>
                                </Row>
                            </Rows>
                        </ConfigurationTable>
                    </ConfigurationTables>
                </ServiceImplementation>
                <ServiceImplementation
                 description=""
                 handlerName="Script"
                 name="CreateJobOrders">
                    <ConfigurationTables>
                        <ConfigurationTable
                         dataShapeName=""
                         description="Script"
                         isMultiRow="false"
                         name="Script"
                         ordinal="0">
                            <DataShape>
                                <FieldDefinitions>
                                    <FieldDefinition
                                     baseType="STRING"
                                     description="code"
                                     name="code"
                                     ordinal="0"></FieldDefinition>
                                </FieldDefinitions>
                            </DataShape>
                            <Rows>
                                <Row>
                                    <code>
                                    <![CDATA[
                                    var insertParams = {
                                        infoTable: JobOrders,
                                        dataShapeName: "PTC.SCA.SCO.JobOrder"
                                    };
                                    
                                    var result = Things[me.GetDatabaseThingName()].Insert(insertParams);
                                    ]]>
                                    </code>
                                </Row>
                            </Rows>
                        </ConfigurationTable>
                    </ConfigurationTables>
                </ServiceImplementation>
                <ServiceImplementation
                 description=""
                 handlerName="Script"
                 name="CreateJobOrderWorkDefinitionLinks">
                    <ConfigurationTables>
                        <ConfigurationTable
                         dataShapeName=""
                         description="Script"
                         isMultiRow="false"
                         name="Script"
                         ordinal="0">
                            <DataShape>
                                <FieldDefinitions>
                                    <FieldDefinition
                                     baseType="STRING"
                                     description="code"
                                     name="code"
                                     ordinal="0"></FieldDefinition>
                                </FieldDefinitions>
                            </DataShape>
                            <Rows>
                                <Row>
                                    <code>
                                    <![CDATA[
                                    var result = Things[me.GetDatabaseThingName()].Insert({
                                    	infoTable: JobOrderWorkDefinitionLinks,
                                    	dataShapeName: "PTC.SCA.SCO.JobOrderWorkDefinitionLink"
                                    });
                                    ]]>
                                    </code>
                                </Row>
                            </Rows>
                        </ConfigurationTable>
                    </ConfigurationTables>
                </ServiceImplementation>
                <ServiceImplementation
                 description=""
                 handlerName="Script"
                 name="DeleteJobOrder">
                    <ConfigurationTables>
                        <ConfigurationTable
                         dataShapeName=""
                         description="Script"
                         isMultiRow="false"
                         name="Script"
                         ordinal="0">
                            <DataShape>
                                <FieldDefinitions>
                                    <FieldDefinition
                                     baseType="STRING"
                                     description="code"
                                     name="code"
                                     ordinal="0"></FieldDefinition>
                                </FieldDefinitions>
                            </DataShape>
                            <Rows>
                                <Row>
                                    <code>
                                    <![CDATA[
                                    var params = {
                                        UID: UID,
                                        dataShapeName: "PTC.SCA.SCO.JobOrder"
                                    };
                                    
                                    var result = Things[me.GetDatabaseThingName()].Delete(params);
                                    ]]>
                                    </code>
                                </Row>
                            </Rows>
                        </ConfigurationTable>
                    </ConfigurationTables>
                </ServiceImplementation>
                <ServiceImplementation
                 description=""
                 handlerName="Script"
                 name="DeleteJobOrderMaterialRequirement">
                    <ConfigurationTables>
                        <ConfigurationTable
                         dataShapeName=""
                         description="Script"
                         isMultiRow="false"
                         name="Script"
                         ordinal="0">
                            <DataShape>
                                <FieldDefinitions>
                                    <FieldDefinition
                                     baseType="STRING"
                                     description="code"
                                     name="code"
                                     ordinal="0"></FieldDefinition>
                                </FieldDefinitions>
                            </DataShape>
                            <Rows>
                                <Row>
                                    <code>
                                    <![CDATA[
                                    var params = {
                                        UID: UID,
                                        dataShapeName: "PTC.SCA.SCO.JobOrderMaterialRequirement"
                                    };
                                    
                                    var result = Things[me.GetDatabaseThingName()].Delete(params);
                                    ]]>
                                    </code>
                                </Row>
                            </Rows>
                        </ConfigurationTable>
                    </ConfigurationTables>
                </ServiceImplementation>
                <ServiceImplementation
                 description=""
                 handlerName="Script"
                 name="DeleteJobOrderMaterialRequirementLink">
                    <ConfigurationTables>
                        <ConfigurationTable
                         dataShapeName=""
                         description="Script"
                         isMultiRow="false"
                         name="Script"
                         ordinal="0">
                            <DataShape>
                                <FieldDefinitions>
                                    <FieldDefinition
                                     baseType="STRING"
                                     description="code"
                                     name="code"
                                     ordinal="0"></FieldDefinition>
                                </FieldDefinitions>
                            </DataShape>
                            <Rows>
                                <Row>
                                    <code>
                                    <![CDATA[
                                    var params = {
                                        UID: UID,
                                        dataShapeName: "PTC.SCA.SCO.JobOrderMaterialRequirementLink"
                                    };
                                    
                                    var result = Things[me.GetDatabaseThingName()].Delete(params);
                                    ]]>
                                    </code>
                                </Row>
                            </Rows>
                        </ConfigurationTable>
                    </ConfigurationTables>
                </ServiceImplementation>
                <ServiceImplementation
                 description=""
                 handlerName="Script"
                 name="DeleteJobOrderPersonnelRequirement">
                    <ConfigurationTables>
                        <ConfigurationTable
                         dataShapeName=""
                         description="Script"
                         isMultiRow="false"
                         name="Script"
                         ordinal="0">
                            <DataShape>
                                <FieldDefinitions>
                                    <FieldDefinition
                                     baseType="STRING"
                                     description="code"
                                     name="code"
                                     ordinal="0"></FieldDefinition>
                                </FieldDefinitions>
                            </DataShape>
                            <Rows>
                                <Row>
                                    <code>
                                    <![CDATA[
                                    var params = {
                                        UID: UID,
                                        dataShapeName: "PTC.SCA.SCO.JobOrderPersonnelRequirement"
                                    };
                                    
                                    var result = Things[me.GetDatabaseThingName()].Delete(params);
                                    ]]>
                                    </code>
                                </Row>
                            </Rows>
                        </ConfigurationTable>
                    </ConfigurationTables>
                </ServiceImplementation>
                <ServiceImplementation
                 description=""
                 handlerName="Script"
                 name="DeleteJobOrderProcessingResourceRequirement">
                    <ConfigurationTables>
                        <ConfigurationTable
                         dataShapeName=""
                         description="Script"
                         isMultiRow="false"
                         name="Script"
                         ordinal="0">
                            <DataShape>
                                <FieldDefinitions>
                                    <FieldDefinition
                                     baseType="STRING"
                                     description="code"
                                     name="code"
                                     ordinal="0"></FieldDefinition>
                                </FieldDefinitions>
                            </DataShape>
                            <Rows>
                                <Row>
                                    <code>
                                    <![CDATA[
                                    var params = {
                                        UID: UID,
                                        dataShapeName: "PTC.SCA.SCO.JobOrderProcessingResourceRequirement"
                                    };
                                    
                                    var result = Things[me.GetDatabaseThingName()].Delete(params);
                                    ]]>
                                    </code>
                                </Row>
                            </Rows>
                        </ConfigurationTable>
                    </ConfigurationTables>
                </ServiceImplementation>
                <ServiceImplementation
                 description=""
                 handlerName="Script"
                 name="DeleteJobOrderWorkDefinitionLink">
                    <ConfigurationTables>
                        <ConfigurationTable
                         dataShapeName=""
                         description="Script"
                         isMultiRow="false"
                         name="Script"
                         ordinal="0">
                            <DataShape>
                                <FieldDefinitions>
                                    <FieldDefinition
                                     baseType="STRING"
                                     description="code"
                                     name="code"
                                     ordinal="0"></FieldDefinition>
                                </FieldDefinitions>
                            </DataShape>
                            <Rows>
                                <Row>
                                    <code>
                                    <![CDATA[
                                    var result = Things[me.GetDatabaseThingName()].Delete({
                                    	UID: UID,
                                    	dataShapeName: "PTC.SCA.SCO.JobOrderWorkDefinitionLink"
                                    });
                                    ]]>
                                    </code>
                                </Row>
                            </Rows>
                        </ConfigurationTable>
                    </ConfigurationTables>
                </ServiceImplementation>
                <ServiceImplementation
                 description=""
                 handlerName="Script"
                 name="GetJobOrder">
                    <ConfigurationTables>
                        <ConfigurationTable
                         dataShapeName=""
                         description="Script"
                         isMultiRow="false"
                         name="Script"
                         ordinal="0">
                            <DataShape>
                                <FieldDefinitions>
                                    <FieldDefinition
                                     baseType="STRING"
                                     description="code"
                                     name="code"
                                     ordinal="0"></FieldDefinition>
                                </FieldDefinitions>
                            </DataShape>
                            <Rows>
                                <Row>
                                    <code>
                                    <![CDATA[
                                    var params = {
                                        UID: UID,
                                        dataShapeName: "PTC.SCA.SCO.JobOrder"
                                    };
                                    
                                    var result = Things[me.GetDatabaseThingName()].GetEntity(params);
                                    ]]>
                                    </code>
                                </Row>
                            </Rows>
                        </ConfigurationTable>
                    </ConfigurationTables>
                </ServiceImplementation>
                <ServiceImplementation
                 description=""
                 handlerName="Script"
                 name="GetJobOrderDBInfo">
                    <ConfigurationTables>
                        <ConfigurationTable
                         dataShapeName=""
                         description=""
                         isMultiRow="false"
                         name="Script"
                         ordinal="0">
                            <DataShape>
                                <FieldDefinitions>
                                    <FieldDefinition
                                     baseType="STRING"
                                     description="code"
                                     name="code"
                                     ordinal="0"></FieldDefinition>
                                </FieldDefinitions>
                            </DataShape>
                            <Rows>
                                <Row>
                                    <code>
                                    <![CDATA[
                                    var dbInfo = {
                                    	"dbInfo": [{
                                    		"dataShapeName": "PTC.SCA.SCO.JobOrder",
                                    		"indexedFields": [],
                                    		"fields": [],
                                    		"foreignKeys": [{
                                    			"name": "Command",
                                    			"referenceDataShapeName": "PTC.SCA.SCO.Command",
                                    			"referenceFieldName": "UID"
                                    		}, {
                                    			"name": "DispatchStatus",
                                    			"referenceDataShapeName": "PTC.SCA.SCO.DispatchStatus",
                                    			"referenceFieldName": "UID"
                                    		}, {
                                    			"name": "SiteUID",
                                    			"referenceDataShapeName": "PTC.SCA.SCO.Site",
                                    			"referenceFieldName": "UID"
                                    		}, {
                                    			"name": "WorkType",
                                    			"referenceDataShapeName": "PTC.SCA.SCO.WorkType",
                                    			"referenceFieldName": "UID"
                                    		}]
                                    	}, {
                                    		"dataShapeName": "PTC.SCA.SCO.JobOrderMaterialRequirement",
                                    		"indexedFields": [{
                                    			"name": "JobOrderUID"
                                    		}],
                                    		"fields": [{
                                    			"name": "JobOrderUID",
                                    			"notNull": true
                                    		}],
                                    		"foreignKeys": [{
                                    			"name": "AssemblyRelationship",
                                    			"referenceDataShapeName": "PTC.SCA.SCO.AssemblyRelationship",
                                    			"referenceFieldName": "UID"
                                    		}, {
                                    			"name": "AssemblyType",
                                    			"referenceDataShapeName": "PTC.SCA.SCO.AssemblyType",
                                    			"referenceFieldName": "UID"
                                    		}, {
                                    			"name": "JobOrderUID",
                                    			"referenceDataShapeName": "PTC.SCA.SCO.JobOrder",
                                    			"referenceFieldName": "UID",
                                    			"onDelete": "CASCADE"
                                    		}, {
                                    			"name": "MaterialClassUID",
                                    			"referenceDataShapeName": "PTC.SCA.SCO.MaterialClass",
                                    			"referenceFieldName": "UID",
                                    			"deleteReference": true,
                                    			"onDelete": "CASCADE"
                                    		}, {
                                    			"name": "MaterialDefinitionUID",
                                    			"referenceDataShapeName": "PTC.SCA.SCO.MaterialDefinition",
                                    			"referenceFieldName": "UID",
                                    			"deleteReference": true,
                                    			"onDelete": "CASCADE"
                                    		}, {
                                    			"name": "MaterialLotUID",
                                    			"referenceDataShapeName": "PTC.SCA.SCO.MaterialLot",
                                    			"referenceFieldName": "UID",
                                    			"deleteReference": true
                                    		}, {
                                    			"name": "MaterialSublotUID",
                                    			"referenceDataShapeName": "PTC.SCA.SCO.MaterialSubLot",
                                    			"referenceFieldName": "UID",
                                    			"deleteReference": true
                                    		}, {
                                    			"name": "MaterialUse",
                                    			"referenceDataShapeName": "PTC.SCA.SCO.MaterialUse",
                                    			"referenceFieldName": "UID"
                                    		}]
                                    	}, {
                                    		"dataShapeName": "PTC.SCA.SCO.JobOrderMaterialRequirementLink",
                                    		"fields": [{
                                    			"name": "ParentUID",
                                    			"notNull": true
                                    		}, {
                                    			"name": "ChildUID",
                                    			"notNull": true
                                    		}],
                                    		"indexedFields": [{
                                    			"name": "ChildUID"
                                    		}, {
                                    			"name": "ParentUID"
                                    		}],
                                    		"foreignKeys": [{
                                    			"name": "ChildUID",
                                    			"referenceDataShapeName": "PTC.SCA.SCO.JobOrderMaterialRequirement",
                                    			"referenceFieldName": "UID",
                                    			"deleteReference": true,
                                    			"onDelete": "CASCADE"
                                    		}, {
                                    			"name": "ParentUID",
                                    			"referenceDataShapeName": "PTC.SCA.SCO.JobOrderMaterialRequirement",
                                    			"referenceFieldName": "UID",
                                    			"onDelete": "CASCADE"
                                    		}]
                                    	}, {
                                    		"dataShapeName": "PTC.SCA.SCO.JobOrderPersonnelRequirement",
                                    		"indexedFields": [{
                                    			"name": "JobOrderUID"
                                    		}],
                                    		"fields": [{
                                    			"name": "JobOrderUID",
                                    			"notNull": true
                                    		}],
                                    		"foreignKeys": [{
                                    			"name": "JobOrderUID",
                                    			"referenceDataShapeName": "PTC.SCA.SCO.JobOrder",
                                    			"referenceFieldName": "UID",
                                    			"onDelete": "CASCADE"
                                    		}, {
                                    			"name": "PersonnelClassUID",
                                    			"referenceDataShapeName": "PTC.SCA.SCO.PersonnelClass",
                                    			"referenceFieldName": "UID",
                                    			"deleteReference": true,
                                    			"onDelete": "CASCADE"
                                    		}, {
                                    			"name": "PersonnelUse",
                                    			"referenceDataShapeName": "PTC.SCA.SCO.PersonnelUse",
                                    			"referenceFieldName": "UID"
                                    		}, {
                                    			"name": "PersonnelUID",
                                    			"referenceDataShapeName": "PTC.SCA.SCO.Person",
                                    			"referenceFieldName": "UID",
                                    			"deleteReference": true,
                                    			"onDelete": "CASCADE"
                                    		}]
                                    	}, {
                                    		"dataShapeName": "PTC.SCA.SCO.JobOrderProcessingResourceRequirement",
                                    		"fields": [{
                                    			"name": "JobOrderUID",
                                    			"notNull": true
                                    		}],
                                    		"indexedFields": [{
                                    			"name": "JobOrderUID"
                                    		}],
                                    		"foreignKeys": [{
                                    			"identifier": "joprr_joborderuid_fk",
                                    			"name": "JobOrderUID",
                                    			"referenceDataShapeName": "PTC.SCA.SCO.JobOrder",
                                    			"referenceFieldName": "UID",
                                    			"onDelete": "CASCADE"
                                    		}, {
                                    			"identifier": "joprr_processingresourceclassuid_fk",
                                    			"name": "ProcessingResourceClassUID",
                                    			"referenceDataShapeName": "PTC.SCA.SCO.ProcessingResourceClass",
                                    			"referenceFieldName": "UID",
                                    			"deleteReference": true,
                                    			"onDelete": "CASCADE"
                                    		}, {
                                    			"identifier": "joprr_processingresourceuid_fk",
                                    			"name": "ProcessingResourceUID",
                                    			"referenceDataShapeName": "PTC.SCA.SCO.ProcessingResource",
                                    			"referenceFieldName": "UID",
                                    			"deleteReference": true,
                                    			"onDelete": "CASCADE"
                                    		}]
                                    	}, {
                                    		"dataShapeName": "PTC.SCA.SCO.JobOrderWorkDefinitionLink",
                                    		"indexedFields": [{
                                    			"name": "WorkDefinitionUID",
                                    			"unique": true
                                    		}, {
                                    			"name": "JobOrderUID"
                                    		}],
                                    		"fields": [{
                                    		    "name": "JobOrderUID",
                                    		    "notNull": true
                                    		}, {
                                    		    "name":"WorkDefinitionUID",
                                    		    "notNull": true
                                    		}],
                                    		"foreignKeys": [{
                                    			"name": "JobOrderUID",
                                    			"referenceDataShapeName": "PTC.SCA.SCO.JobOrder",
                                    			"referenceFieldName": "UID",
                                    			"onDelete": "CASCADE"
                                    		}, {
                                    			"name": "WorkDefinitionUID",
                                    			"referenceDataShapeName": "PTC.SCA.SCO.WorkDefinition",
                                    			"referenceFieldName": "UID",
                                    			"onDelete": "CASCADE"
                                    		}]
                                    	}, {
                                    		"dataShapeName": "PTC.SCA.SCO.JobOrder_AP",
                                    		"indexedFields": []
                                    	}, {
                                    		"dataShapeName": "PTC.SCA.SCO.JobOrderMaterialRequirement_AP",
                                    		"indexedFields": []
                                    	}, {
                                    		"dataShapeName": "PTC.SCA.SCO.JobOrderMaterialRequirementLink_AP",
                                    		"indexedFields": []
                                    	}, {
                                    		"dataShapeName": "PTC.SCA.SCO.JobOrderPersonnelRequirement_AP",
                                    		"indexedFields": []
                                    	}, {
                                    		"dataShapeName": "PTC.SCA.SCO.JobOrderProcessingResourceRequirement_AP",
                                    		"indexedFields": []
                                    	}, {
                                    		"dataShapeName": "PTC.SCA.SCO.JobOrderWorkDefinitionLink_AP",
                                    		"indexedFields": []
                                    	}]
                                    };
                                    
                                    var result = dbInfo;
                                    ]]>
                                    </code>
                                </Row>
                            </Rows>
                        </ConfigurationTable>
                    </ConfigurationTables>
                </ServiceImplementation>
                <ServiceImplementation
                 description=""
                 handlerName="Script"
                 name="GetJobOrderMaterialRequirement">
                    <ConfigurationTables>
                        <ConfigurationTable
                         dataShapeName=""
                         description="Script"
                         isMultiRow="false"
                         name="Script"
                         ordinal="0">
                            <DataShape>
                                <FieldDefinitions>
                                    <FieldDefinition
                                     baseType="STRING"
                                     description="code"
                                     name="code"
                                     ordinal="0"></FieldDefinition>
                                </FieldDefinitions>
                            </DataShape>
                            <Rows>
                                <Row>
                                    <code>
                                    <![CDATA[
                                    var params = {
                                        UID: UID,
                                        dataShapeName: "PTC.SCA.SCO.JobOrderMaterialRequirement"
                                    };
                                    
                                    var result = Things[me.GetDatabaseThingName()].GetEntity(params);
                                    ]]>
                                    </code>
                                </Row>
                            </Rows>
                        </ConfigurationTable>
                    </ConfigurationTables>
                </ServiceImplementation>
                <ServiceImplementation
                 description=""
                 handlerName="Script"
                 name="GetJobOrderMaterialRequirementLinks">
                    <ConfigurationTables>
                        <ConfigurationTable
                         dataShapeName=""
                         description="Script"
                         isMultiRow="false"
                         name="Script"
                         ordinal="0">
                            <DataShape>
                                <FieldDefinitions>
                                    <FieldDefinition
                                     baseType="STRING"
                                     description="code"
                                     name="code"
                                     ordinal="0"></FieldDefinition>
                                </FieldDefinitions>
                            </DataShape>
                            <Rows>
                                <Row>
                                    <code>
                                    <![CDATA[
                                    var params = {
                                        dataShapeName: "PTC.SCA.SCO.JobOrderMaterialRequirementLink",
                                        ParentUID: ParentUID
                                    };
                                    
                                    var result = me.GetChildren(params);
                                    ]]>
                                    </code>
                                </Row>
                            </Rows>
                        </ConfigurationTable>
                    </ConfigurationTables>
                </ServiceImplementation>
                <ServiceImplementation
                 description=""
                 handlerName="Script"
                 name="GetJobOrderMaterialRequirements">
                    <ConfigurationTables>
                        <ConfigurationTable
                         dataShapeName=""
                         description="Script"
                         isMultiRow="false"
                         name="Script"
                         ordinal="0">
                            <DataShape>
                                <FieldDefinitions>
                                    <FieldDefinition
                                     baseType="STRING"
                                     description="code"
                                     name="code"
                                     ordinal="0"></FieldDefinition>
                                </FieldDefinitions>
                            </DataShape>
                            <Rows>
                                <Row>
                                    <code>
                                    <![CDATA[
                                    var params = {
                                        dataShapeName: "PTC.SCA.SCO.JobOrderMaterialRequirement",
                                        JobOrderUID: JobOrderUID
                                    };
                                    
                                    var result = me.GetJobOrderRelatedObjects(params);
                                    ]]>
                                    </code>
                                </Row>
                            </Rows>
                        </ConfigurationTable>
                    </ConfigurationTables>
                </ServiceImplementation>
                <ServiceImplementation
                 description=""
                 handlerName="Script"
                 name="GetJobOrderPersonnelRequirements">
                    <ConfigurationTables>
                        <ConfigurationTable
                         dataShapeName=""
                         description="Script"
                         isMultiRow="false"
                         name="Script"
                         ordinal="0">
                            <DataShape>
                                <FieldDefinitions>
                                    <FieldDefinition
                                     baseType="STRING"
                                     description="code"
                                     name="code"
                                     ordinal="0"></FieldDefinition>
                                </FieldDefinitions>
                            </DataShape>
                            <Rows>
                                <Row>
                                    <code>
                                    <![CDATA[
                                    var params = {
                                        dataShapeName: "PTC.SCA.SCO.JobOrderPersonnelRequirement",
                                        JobOrderUID: JobOrderUID
                                    };
                                    
                                    var result = me.GetJobOrderRelatedObjects(params);
                                    ]]>
                                    </code>
                                </Row>
                            </Rows>
                        </ConfigurationTable>
                    </ConfigurationTables>
                </ServiceImplementation>
                <ServiceImplementation
                 description=""
                 handlerName="Script"
                 name="GetJobOrderProcessingResourceRequirements">
                    <ConfigurationTables>
                        <ConfigurationTable
                         dataShapeName=""
                         description="Script"
                         isMultiRow="false"
                         name="Script"
                         ordinal="0">
                            <DataShape>
                                <FieldDefinitions>
                                    <FieldDefinition
                                     baseType="STRING"
                                     description="code"
                                     name="code"
                                     ordinal="0"></FieldDefinition>
                                </FieldDefinitions>
                            </DataShape>
                            <Rows>
                                <Row>
                                    <code>
                                    <![CDATA[
                                    var params = {
                                        dataShapeName: "PTC.SCA.SCO.JobOrderProcessingResourceRequirement",
                                        JobOrderUID: JobOrderUID
                                    };
                                    
                                    var result = me.GetJobOrderRelatedObjects(params);
                                    ]]>
                                    </code>
                                </Row>
                            </Rows>
                        </ConfigurationTable>
                    </ConfigurationTables>
                </ServiceImplementation>
                <ServiceImplementation
                 description=""
                 handlerName="Script"
                 name="GetJobOrderRelatedObjects">
                    <ConfigurationTables>
                        <ConfigurationTable
                         dataShapeName=""
                         description="Script"
                         isMultiRow="false"
                         name="Script"
                         ordinal="0">
                            <DataShape>
                                <FieldDefinitions>
                                    <FieldDefinition
                                     baseType="STRING"
                                     description="code"
                                     name="code"
                                     ordinal="0"></FieldDefinition>
                                </FieldDefinitions>
                            </DataShape>
                            <Rows>
                                <Row>
                                    <code>
                                    <![CDATA[
                                    var filter = {
                                        filters:{
                                            fieldName:"JobOrderUID",
                                            type:"EQ",
                                            value:JobOrderUID
                                        }
                                    };
                                    
                                    var params = {
                                        filter: filter,
                                        dataShapeName: dataShapeName
                                    };
                                    
                                    var result = Things[me.GetDatabaseThingName()].Query(params);
                                    ]]>
                                    </code>
                                </Row>
                            </Rows>
                        </ConfigurationTable>
                    </ConfigurationTables>
                </ServiceImplementation>
                <ServiceImplementation
                 description=""
                 handlerName="Script"
                 name="GetJobOrders">
                    <ConfigurationTables>
                        <ConfigurationTable
                         dataShapeName=""
                         description="Script"
                         isMultiRow="false"
                         name="Script"
                         ordinal="0">
                            <DataShape>
                                <FieldDefinitions>
                                    <FieldDefinition
                                     baseType="STRING"
                                     description="code"
                                     name="code"
                                     ordinal="0"></FieldDefinition>
                                </FieldDefinitions>
                            </DataShape>
                            <Rows>
                                <Row>
                                    <code>
                                    <![CDATA[
                                    var params = {
                                        filter: filter,
                                        dataShapeName: "PTC.SCA.SCO.JobOrder",
                                        offset: offset,
                                        limit: limit
                                    };
                                    
                                    var result = Things[me.GetDatabaseThingName()].Query(params);
                                    ]]>
                                    </code>
                                </Row>
                            </Rows>
                        </ConfigurationTable>
                    </ConfigurationTables>
                </ServiceImplementation>
                <ServiceImplementation
                 description=""
                 handlerName="Script"
                 name="GetJobOrderWorkDefinitionLinks">
                    <ConfigurationTables>
                        <ConfigurationTable
                         dataShapeName=""
                         description="Script"
                         isMultiRow="false"
                         name="Script"
                         ordinal="0">
                            <DataShape>
                                <FieldDefinitions>
                                    <FieldDefinition
                                     baseType="STRING"
                                     description="code"
                                     name="code"
                                     ordinal="0"></FieldDefinition>
                                </FieldDefinitions>
                            </DataShape>
                            <Rows>
                                <Row>
                                    <code>
                                    <![CDATA[
                                    var filter = {
                                    	filters: {
                                    		fieldName: "JobOrderUID",
                                    		type: "EQ",
                                    		value: JobOrderUID,
                                    		dataShapeName: "PTC.SCA.SCO.JobOrderWorkDefinitionLink"
                                    	}
                                    };
                                    
                                    var result = Things[me.GetDatabaseThingName()].Query({
                                    	filter: filter,
                                    	dataShapeName: "PTC.SCA.SCO.JobOrderWorkDefinitionLink"
                                    });
                                    ]]>
                                    </code>
                                </Row>
                            </Rows>
                        </ConfigurationTable>
                    </ConfigurationTables>
                </ServiceImplementation>
                <ServiceImplementation
                 description=""
                 handlerName="Script"
                 name="GetJobOrderWorkDefinitions">
                    <ConfigurationTables>
                        <ConfigurationTable
                         dataShapeName=""
                         description=""
                         isMultiRow="false"
                         name="Script"
                         ordinal="0">
                            <DataShape>
                                <FieldDefinitions>
                                    <FieldDefinition
                                     baseType="STRING"
                                     description="code"
                                     name="code"
                                     ordinal="0"></FieldDefinition>
                                </FieldDefinitions>
                            </DataShape>
                            <Rows>
                                <Row>
                                    <code>
                                    <![CDATA[
                                    var queryFilter = {
                                    	"filters": {
                                    		"dataShapeName": "PTC.SCA.SCO.JobOrderWorkDefinitionLink",
                                    		"fieldName": "JobOrderUID",
                                    		"type": "EQ",
                                    		"value": JobOrderUID
                                    	},
                                    	"joins": [{
                                    		"type": "INNER",
                                    		"sourceDataShapeName": "PTC.SCA.SCO.WorkDefinition",
                                    		"sourceFieldName": "UID",
                                    		"targetDataShapeName": "PTC.SCA.SCO.JobOrderWorkDefinitionLink",
                                    		"targetFieldName": "WorkDefinitionUID"
                                    	}],
                                    	"sorts": [{
                                    		"dataShapeName": "PTC.SCA.SCO.WorkDefinition",
                                    		"fieldName": "SequenceNumber",
                                    		"isAscending": true,
                                    		"isCaseSensitive": false
                                    	}]
                                    };
                                    
                                    if (filter) {
                                    	var combineFilterParams = {
                                    		filter1: filter,
                                    		filter2: queryFilter,
                                    		combineTypeOperator: "AND"
                                    	};
                                    	var queryUtil = Things["PTC.SCA.SCO.QueryUtils"];
                                    	queryFilter = queryUtil.CombineFilters(combineFilterParams);
                                    }
                                    
                                    var result = Things[me.GetDatabaseThingName()].Query({
                                    	filter: queryFilter,
                                    	dataShapeName: "PTC.SCA.SCO.WorkDefinition"
                                    });
                                    ]]>
                                    </code>
                                </Row>
                            </Rows>
                        </ConfigurationTable>
                    </ConfigurationTables>
                </ServiceImplementation>
                <ServiceImplementation
                 description=""
                 handlerName="Script"
                 name="UpdateJobOrderMaterialRequirementLinks">
                    <ConfigurationTables>
                        <ConfigurationTable
                         dataShapeName=""
                         description="Script"
                         isMultiRow="false"
                         name="Script"
                         ordinal="0">
                            <DataShape>
                                <FieldDefinitions>
                                    <FieldDefinition
                                     baseType="STRING"
                                     description="code"
                                     name="code"
                                     ordinal="0"></FieldDefinition>
                                </FieldDefinitions>
                            </DataShape>
                            <Rows>
                                <Row>
                                    <code>
                                    <![CDATA[
                                    var params = {
                                        infoTable: JobOrderMaterialRequirementLinks,
                                        dataShapeName: "PTC.SCA.SCO.JobOrderMaterialRequirementLink"
                                    };
                                    
                                    var result = Things[me.GetDatabaseThingName()].Update(params);
                                    ]]>
                                    </code>
                                </Row>
                            </Rows>
                        </ConfigurationTable>
                    </ConfigurationTables>
                </ServiceImplementation>
                <ServiceImplementation
                 description=""
                 handlerName="Script"
                 name="UpdateJobOrderMaterialRequirements">
                    <ConfigurationTables>
                        <ConfigurationTable
                         dataShapeName=""
                         description="Script"
                         isMultiRow="false"
                         name="Script"
                         ordinal="0">
                            <DataShape>
                                <FieldDefinitions>
                                    <FieldDefinition
                                     baseType="STRING"
                                     description="code"
                                     name="code"
                                     ordinal="0"></FieldDefinition>
                                </FieldDefinitions>
                            </DataShape>
                            <Rows>
                                <Row>
                                    <code>
                                    <![CDATA[
                                    var params = {
                                        infoTable: JobOrderMaterialRequirements,
                                        dataShapeName: "PTC.SCA.SCO.JobOrderMaterialRequirement"
                                    };
                                    
                                    var result = Things[me.GetDatabaseThingName()].Update(params);
                                    ]]>
                                    </code>
                                </Row>
                            </Rows>
                        </ConfigurationTable>
                    </ConfigurationTables>
                </ServiceImplementation>
                <ServiceImplementation
                 description=""
                 handlerName="Script"
                 name="UpdateJobOrderPersonnelRequirements">
                    <ConfigurationTables>
                        <ConfigurationTable
                         dataShapeName=""
                         description="Script"
                         isMultiRow="false"
                         name="Script"
                         ordinal="0">
                            <DataShape>
                                <FieldDefinitions>
                                    <FieldDefinition
                                     baseType="STRING"
                                     description="code"
                                     name="code"
                                     ordinal="0"></FieldDefinition>
                                </FieldDefinitions>
                            </DataShape>
                            <Rows>
                                <Row>
                                    <code>
                                    <![CDATA[
                                    var params = {
                                        infoTable: JobOrderPersonnelRequirements,
                                        dataShapeName: "PTC.SCA.SCO.JobOrderPersonnelRequirement"
                                    };
                                    
                                    var result = Things[me.GetDatabaseThingName()].Update(params);
                                    ]]>
                                    </code>
                                </Row>
                            </Rows>
                        </ConfigurationTable>
                    </ConfigurationTables>
                </ServiceImplementation>
                <ServiceImplementation
                 description=""
                 handlerName="Script"
                 name="UpdateJobOrderProcessingResourceRequirements">
                    <ConfigurationTables>
                        <ConfigurationTable
                         dataShapeName=""
                         description="Script"
                         isMultiRow="false"
                         name="Script"
                         ordinal="0">
                            <DataShape>
                                <FieldDefinitions>
                                    <FieldDefinition
                                     baseType="STRING"
                                     description="code"
                                     name="code"
                                     ordinal="0"></FieldDefinition>
                                </FieldDefinitions>
                            </DataShape>
                            <Rows>
                                <Row>
                                    <code>
                                    <![CDATA[
                                    var params = {
                                        infoTable: JobOrderProcessingResourceRequirements,
                                        dataShapeName: "PTC.SCA.SCO.JobOrderProcessingResourceRequirement"
                                    };
                                    
                                    var result = Things[me.GetDatabaseThingName()].Update(params);
                                    ]]>
                                    </code>
                                </Row>
                            </Rows>
                        </ConfigurationTable>
                    </ConfigurationTables>
                </ServiceImplementation>
                <ServiceImplementation
                 description=""
                 handlerName="Script"
                 name="UpdateJobOrders">
                    <ConfigurationTables>
                        <ConfigurationTable
                         dataShapeName=""
                         description="Script"
                         isMultiRow="false"
                         name="Script"
                         ordinal="0">
                            <DataShape>
                                <FieldDefinitions>
                                    <FieldDefinition
                                     baseType="STRING"
                                     description="code"
                                     name="code"
                                     ordinal="0"></FieldDefinition>
                                </FieldDefinitions>
                            </DataShape>
                            <Rows>
                                <Row>
                                    <code>
                                    <![CDATA[
                                    var params = {
                                        infoTable: JobOrders,
                                        dataShapeName: "PTC.SCA.SCO.JobOrder"
                                    };
                                    
                                    var result = Things[me.GetDatabaseThingName()].Update(params);
                                    ]]>
                                    </code>
                                </Row>
                            </Rows>
                        </ConfigurationTable>
                    </ConfigurationTables>
                </ServiceImplementation>
                <ServiceImplementation
                 description=""
                 handlerName="Script"
                 name="UpdateJobOrderWorkDefinitionLinks">
                    <ConfigurationTables>
                        <ConfigurationTable
                         dataShapeName=""
                         description="Script"
                         isMultiRow="false"
                         name="Script"
                         ordinal="0">
                            <DataShape>
                                <FieldDefinitions>
                                    <FieldDefinition
                                     baseType="STRING"
                                     description="code"
                                     name="code"
                                     ordinal="0"></FieldDefinition>
                                </FieldDefinitions>
                            </DataShape>
                            <Rows>
                                <Row>
                                    <code>
                                    <![CDATA[
                                    var result = Things[me.GetDatabaseThingName()].Update({
                                    	infoTable: JobOrderWorkDefinitionLinks,
                                    	dataShapeName: "PTC.SCA.SCO.JobOrderWorkDefinitionLink"
                                    });
                                    ]]>
                                    </code>
                                </Row>
                            </Rows>
                        </ConfigurationTable>
                    </ConfigurationTables>
                </ServiceImplementation>
            </ServiceImplementations>
            <Subscriptions></Subscriptions>
            <avatar></avatar>
            <DesignTimePermissions>
                <Create></Create>
                <Read></Read>
                <Update></Update>
                <Delete></Delete>
                <Metadata></Metadata>
            </DesignTimePermissions>
            <RunTimePermissions></RunTimePermissions>
            <VisibilityPermissions>
                <Visibility></Visibility>
            </VisibilityPermissions>
            <ConfigurationTableDefinitions></ConfigurationTableDefinitions>
            <ConfigurationTables></ConfigurationTables>
            <PropertyBindings></PropertyBindings>
            <RemotePropertyBindings></RemotePropertyBindings>
            <RemoteServiceBindings></RemoteServiceBindings>
            <RemoteEventBindings></RemoteEventBindings>
            <AlertConfigurations></AlertConfigurations>
            <InstanceRunTimePermissions></InstanceRunTimePermissions>
        </ThingShape>
    </ThingShapes>
</Entities>
