<?xml version="1.0" encoding="UTF-8"?>
<Entities
 build="b8334"
 majorVersion="0"
 minorVersion="0"
 modelPersistenceProviderPackage="PostgresPersistenceProviderPackage"
 revision="0"
 schemaVersion="1100"
 universal="password">
    <ThingShapes>
        <ThingShape
         aspect.isEditableExtensionObject="false"
         aspect.isExtension="true"
         className=""
         description="Generic management to dynamically call specific service of manager {PTC.SCA.SCO.ServiceCallerUtilsThingShape}"
         documentationContent=""
         homeMashup=""
         lastModifiedDate="2020-01-13T16:09:27.523-05:00"
         name="PTC.SCA.SCO.ServiceCallerUtilsThingShape"
         projectName="PTC.SCA.SCO.OperatorAdvisor.Model"
         tags="PTC:sca-sco;PTC:ThingShape">
            <PropertyDefinitions></PropertyDefinitions>
            <ServiceDefinitions>
                <ServiceDefinition
                 aspect.isAsync="false"
                 category=""
                 description=""
                 isAllowOverride="false"
                 isLocalOnly="false"
                 isOpen="false"
                 isPrivate="false"
                 name="Create">
                    <ResultType
                     baseType="INFOTABLE"
                     description=""
                     name="result"
                     ordinal="0"></ResultType>
                    <ParameterDefinitions>
                        <FieldDefinition
                         aspect.isRequired="true"
                         baseType="DATASHAPENAME"
                         description=""
                         name="dataShapeName"
                         ordinal="1"></FieldDefinition>
                        <FieldDefinition
                         aspect.isRequired="false"
                         baseType="INFOTABLE"
                         description=""
                         name="infoTable"
                         ordinal="2"></FieldDefinition>
                    </ParameterDefinitions>
                </ServiceDefinition>
            </ServiceDefinitions>
            <EventDefinitions></EventDefinitions>
            <ServiceMappings></ServiceMappings>
            <ServiceImplementations>
                <ServiceImplementation
                 description=""
                 handlerName="Script"
                 name="Create">
                    <ConfigurationTables>
                        <ConfigurationTable
                         dataShapeName=""
                         description=""
                         isMultiRow="false"
                         name="Script"
                         ordinal="0">
                            <DataShape>
                                <FieldDefinitions>
                                    <FieldDefinition
                                     baseType="STRING"
                                     description="code"
                                     name="code"
                                     ordinal="0"></FieldDefinition>
                                </FieldDefinitions>
                            </DataShape>
                            <Rows>
                                <Row>
                                    <code>
                                    <![CDATA[
                                    var manager = getManager(dataShapeName);
                                    var serviceConfig = getServiceConfig(manager, dataShapeName);
                                    var result;
                                    if (serviceConfig) {
                                    	var serviceDefinition = getServiceDefinition(manager, serviceConfig.createServiceName);
                                    	var parameterName = getParameterName(manager, serviceDefinition, 'INFOTABLE', dataShapeName);
                                    	var serviceParams = {};
                                    	serviceParams[parameterName] = infoTable;
                                    	result = manager[serviceDefinition.name](serviceParams);
                                    } else {
                                    	result = manager.Create({
                                    		dataShapeName: dataShapeName,
                                    		infoTable: infoTable
                                    	});
                                    }
                                    
                                    function getManager(dataShapeName) {
                                    	var managerName = Things["PTC.SCA.SCO.DatabaseManager"].GetDataShapeManager({
                                    		datashapeName: dataShapeName,
                                    	});
                                    
                                    	if (!managerName) {
                                    		throw "Bad config no manager for data shape:'" + dataShapeName + "'.";
                                    	}
                                    	var manager = Things[managerName];
                                    	if (!manager) {
                                    		throw "Bad config manager:'" + managerName + "' does not exist.";
                                    	}
                                    	return manager;
                                    }
                                    
                                    function getServiceConfig(manager, dataShapeName) {
                                    	var serviceConfig = manager.GetServiceConfiguration({
                                    		dataShapeName: dataShapeName
                                    	});
                                    	if (serviceConfig && serviceConfig.rows && serviceConfig.rows.length > 0) {
                                    		return serviceConfig.rows[0];
                                    	}
                                    	return undefined;
                                    }
                                    
                                    function getServiceDefinition(manager, serviceName) {
                                    	try {
                                    		return manager.GetServiceDefinition({
                                    			name: serviceName
                                    		});
                                    	} catch (error) {
                                    		throw "Bad config service:'" + serviceName + "' does not exist on manager:'" + manager.name + "'.";
                                    	}
                                    }
                                    
                                    function getParameterName(manager, serviceDefinition, parmeterType, dataShapeName) {
                                    	var params = serviceDefinition.parameterDefinitions;
                                    	if (params) {
                                    		for (var i = 0; i < params.length; i++) {
                                    			var param = params[i];
                                    			var baseType = param.baseType;
                                    			var dataShape = param.dataShape;
                                    			if (baseType === parmeterType && dataShape === dataShapeName) {
                                    				return param.name;
                                    			}
                                    		}
                                    	}
                                    	throw "No parameter of type " + parmeterType + ":" + dataShapeName + " in '" + manager.name + ":" + serviceDefinition.name + "'";
                                    }
                                    ]]>
                                    </code>
                                </Row>
                            </Rows>
                        </ConfigurationTable>
                    </ConfigurationTables>
                </ServiceImplementation>
            </ServiceImplementations>
            <Subscriptions></Subscriptions>
            <avatar></avatar>
            <DesignTimePermissions>
                <Create></Create>
                <Read></Read>
                <Update></Update>
                <Delete></Delete>
                <Metadata></Metadata>
            </DesignTimePermissions>
            <RunTimePermissions></RunTimePermissions>
            <VisibilityPermissions>
                <Visibility></Visibility>
            </VisibilityPermissions>
            <ConfigurationTableDefinitions></ConfigurationTableDefinitions>
            <ConfigurationTables></ConfigurationTables>
            <PropertyBindings></PropertyBindings>
            <RemotePropertyBindings></RemotePropertyBindings>
            <RemoteServiceBindings></RemoteServiceBindings>
            <RemoteEventBindings></RemoteEventBindings>
            <AlertConfigurations></AlertConfigurations>
            <InstanceRunTimePermissions></InstanceRunTimePermissions>
        </ThingShape>
    </ThingShapes>
</Entities>
