<?xml version="1.0" encoding="UTF-8"?>
<Entities
 majorVersion="0"
 minorVersion="0"
 universal="password">
    <ThingShapes>
        <ThingShape
         aspect.isEditableExtensionObject="false"
         aspect.isExtension="true"
         className=""
         description="Thing Shape that holds all the necessary properties and services for manipulating personnel definitions in the database {PTC.SCA.SCO.PersonnelManagementThingShape}"
         documentationContent=""
         homeMashup=""
         name="PTC.SCA.SCO.PersonnelManagementThingShape"
         projectName="PTC.SCA.SCO.JobOrder.Manager"
         tags="PTC:sca-sco;PTC:ThingShape;PTC:sca-sco-joborder-manager">
            <PropertyDefinitions></PropertyDefinitions>
            <ServiceDefinitions>
                <ServiceDefinition
                 aspect.isAsync="false"
                 category=""
                 description=""
                 isAllowOverride="true"
                 isLocalOnly="false"
                 isOpen="false"
                 isPrivate="false"
                 name="CreatePersonnelClasses">
                    <ResultType
                     aspect.dataShape="PTC.SCA.SCO.PersonnelClass"
                     baseType="INFOTABLE"
                     description=""
                     name="result"
                     ordinal="0"></ResultType>
                    <ParameterDefinitions>
                        <FieldDefinition
                         aspect.dataShape="PTC.SCA.SCO.PersonnelClass"
                         aspect.isRequired="true"
                         baseType="INFOTABLE"
                         description=""
                         name="PersonnelClasses"
                         ordinal="1"></FieldDefinition>
                    </ParameterDefinitions>
                </ServiceDefinition>
                <ServiceDefinition
                 aspect.isAsync="false"
                 category=""
                 description=""
                 isAllowOverride="true"
                 isLocalOnly="false"
                 isOpen="false"
                 isPrivate="false"
                 name="CreatePersons">
                    <ResultType
                     aspect.dataShape="PTC.SCA.SCO.Person"
                     baseType="INFOTABLE"
                     description=""
                     name="result"
                     ordinal="0"></ResultType>
                    <ParameterDefinitions>
                        <FieldDefinition
                         aspect.dataShape="PTC.SCA.SCO.Person"
                         aspect.isRequired="true"
                         baseType="INFOTABLE"
                         description=""
                         name="Persons"
                         ordinal="1"></FieldDefinition>
                    </ParameterDefinitions>
                </ServiceDefinition>
                <ServiceDefinition
                 aspect.isAsync="false"
                 category=""
                 description=""
                 isAllowOverride="true"
                 isLocalOnly="false"
                 isOpen="false"
                 isPrivate="false"
                 name="CreatePersonToClassLinks">
                    <ResultType
                     aspect.dataShape="PTC.SCA.SCO.PersonToClassLink"
                     baseType="INFOTABLE"
                     description=""
                     name="result"
                     ordinal="0"></ResultType>
                    <ParameterDefinitions>
                        <FieldDefinition
                         aspect.dataShape="PTC.SCA.SCO.PersonToClassLink"
                         aspect.isRequired="true"
                         baseType="INFOTABLE"
                         description=""
                         name="PersonToClassLinks"
                         ordinal="1"></FieldDefinition>
                    </ParameterDefinitions>
                </ServiceDefinition>
                <ServiceDefinition
                 aspect.isAsync="false"
                 category=""
                 description=""
                 isAllowOverride="true"
                 isLocalOnly="false"
                 isOpen="false"
                 isPrivate="false"
                 name="DeletePerson">
                    <ResultType
                     baseType="INFOTABLE"
                     description=""
                     name="result"
                     ordinal="0"></ResultType>
                    <ParameterDefinitions>
                        <FieldDefinition
                         baseType="STRING"
                         description=""
                         name="UID"
                         ordinal="1"></FieldDefinition>
                    </ParameterDefinitions>
                </ServiceDefinition>
                <ServiceDefinition
                 aspect.isAsync="false"
                 category=""
                 description=""
                 isAllowOverride="true"
                 isLocalOnly="false"
                 isOpen="false"
                 isPrivate="false"
                 name="DeletePersonnelClass">
                    <ResultType
                     baseType="INFOTABLE"
                     description=""
                     name="result"
                     ordinal="0"></ResultType>
                    <ParameterDefinitions>
                        <FieldDefinition
                         aspect.isRequired="true"
                         baseType="STRING"
                         description=""
                         name="UID"
                         ordinal="1"></FieldDefinition>
                    </ParameterDefinitions>
                </ServiceDefinition>
                <ServiceDefinition
                 aspect.isAsync="false"
                 category=""
                 description=""
                 isAllowOverride="true"
                 isLocalOnly="false"
                 isOpen="false"
                 isPrivate="false"
                 name="DeletePersonToClassLink">
                    <ResultType
                     baseType="INFOTABLE"
                     description=""
                     name="result"
                     ordinal="0"></ResultType>
                    <ParameterDefinitions>
                        <FieldDefinition
                         aspect.isRequired="true"
                         baseType="STRING"
                         description=""
                         name="UID"
                         ordinal="1"></FieldDefinition>
                    </ParameterDefinitions>
                </ServiceDefinition>
                <ServiceDefinition
                 aspect.isAsync="false"
                 category=""
                 description=""
                 isAllowOverride="true"
                 isLocalOnly="false"
                 isOpen="false"
                 isPrivate="false"
                 name="GetPerson">
                    <ResultType
                     aspect.dataShape="PTC.SCA.SCO.Person"
                     baseType="INFOTABLE"
                     description=""
                     name="result"
                     ordinal="0"></ResultType>
                    <ParameterDefinitions>
                        <FieldDefinition
                         aspect.isRequired="true"
                         baseType="STRING"
                         description=""
                         name="UID"
                         ordinal="1"></FieldDefinition>
                    </ParameterDefinitions>
                </ServiceDefinition>
                <ServiceDefinition
                 aspect.isAsync="false"
                 category=""
                 description=""
                 isAllowOverride="true"
                 isLocalOnly="false"
                 isOpen="false"
                 isPrivate="false"
                 name="GetPersonnelClass">
                    <ResultType
                     aspect.dataShape="PTC.SCA.SCO.PersonnelClass"
                     baseType="INFOTABLE"
                     description=""
                     name="result"
                     ordinal="0"></ResultType>
                    <ParameterDefinitions>
                        <FieldDefinition
                         aspect.isRequired="true"
                         baseType="STRING"
                         description=""
                         name="UID"
                         ordinal="1"></FieldDefinition>
                    </ParameterDefinitions>
                </ServiceDefinition>
                <ServiceDefinition
                 aspect.isAsync="false"
                 category=""
                 description=""
                 isAllowOverride="true"
                 isLocalOnly="false"
                 isOpen="false"
                 isPrivate="false"
                 name="GetPersonnelDBInfo">
                    <ResultType
                     baseType="JSON"
                     description=""
                     name="result"
                     ordinal="0"></ResultType>
                    <ParameterDefinitions></ParameterDefinitions>
                </ServiceDefinition>
                <ServiceDefinition
                 aspect.isAsync="false"
                 category=""
                 description=""
                 isAllowOverride="true"
                 isLocalOnly="false"
                 isOpen="false"
                 isPrivate="false"
                 name="GetPersonToClassLinks">
                    <ResultType
                     aspect.dataShape="PTC.SCA.SCO.PersonToClassLink"
                     baseType="INFOTABLE"
                     description=""
                     name="result"
                     ordinal="0"></ResultType>
                    <ParameterDefinitions>
                        <FieldDefinition
                         aspect.isRequired="true"
                         baseType="STRING"
                         description=""
                         name="PersonUID"
                         ordinal="1"></FieldDefinition>
                    </ParameterDefinitions>
                </ServiceDefinition>
                <ServiceDefinition
                 aspect.isAsync="false"
                 category=""
                 description="Returns the PersonToClassLinks for the specified PersonnelClassUID."
                 isAllowOverride="true"
                 isLocalOnly="false"
                 isOpen="false"
                 isPrivate="false"
                 name="GetPersonToClassLinksByPersonnelClass">
                    <ResultType
                     aspect.dataShape="PTC.SCA.SCO.PersonToClassLink"
                     baseType="INFOTABLE"
                     description="The PersonToClassLinks for the specified PersonnelClassUID"
                     name="result"
                     ordinal="0"></ResultType>
                    <ParameterDefinitions>
                        <FieldDefinition
                         aspect.isRequired="true"
                         baseType="STRING"
                         description="The UID of the PersonnelClass"
                         name="PersonnelClassUID"
                         ordinal="1"></FieldDefinition>
                    </ParameterDefinitions>
                </ServiceDefinition>
                <ServiceDefinition
                 aspect.isAsync="false"
                 category=""
                 description=""
                 isAllowOverride="true"
                 isLocalOnly="false"
                 isOpen="false"
                 isPrivate="false"
                 name="UpdatePersonnelClasses">
                    <ResultType
                     baseType="INFOTABLE"
                     description=""
                     name="result"
                     ordinal="0"></ResultType>
                    <ParameterDefinitions>
                        <FieldDefinition
                         aspect.dataShape="PTC.SCA.SCO.PersonnelClass"
                         aspect.isRequired="true"
                         baseType="INFOTABLE"
                         description=""
                         name="PersonnelClasses"
                         ordinal="1"></FieldDefinition>
                    </ParameterDefinitions>
                </ServiceDefinition>
                <ServiceDefinition
                 aspect.isAsync="false"
                 category=""
                 description=""
                 isAllowOverride="true"
                 isLocalOnly="false"
                 isOpen="false"
                 isPrivate="false"
                 name="UpdatePersons">
                    <ResultType
                     baseType="INFOTABLE"
                     description=""
                     name="result"
                     ordinal="0"></ResultType>
                    <ParameterDefinitions>
                        <FieldDefinition
                         aspect.dataShape="PTC.SCA.SCO.Person"
                         aspect.isRequired="true"
                         baseType="INFOTABLE"
                         description=""
                         name="Persons"
                         ordinal="1"></FieldDefinition>
                    </ParameterDefinitions>
                </ServiceDefinition>
                <ServiceDefinition
                 aspect.isAsync="false"
                 category=""
                 description=""
                 isAllowOverride="true"
                 isLocalOnly="false"
                 isOpen="false"
                 isPrivate="false"
                 name="UpdatePersonToClassLinks">
                    <ResultType
                     baseType="INFOTABLE"
                     description=""
                     name="result"
                     ordinal="0"></ResultType>
                    <ParameterDefinitions>
                        <FieldDefinition
                         aspect.dataShape="PTC.SCA.SCO.PersonToClassLink"
                         aspect.isRequired="true"
                         baseType="INFOTABLE"
                         description=""
                         name="PersonToClassLinks"
                         ordinal="1"></FieldDefinition>
                    </ParameterDefinitions>
                </ServiceDefinition>
            </ServiceDefinitions>
            <EventDefinitions></EventDefinitions>
            <ServiceMappings></ServiceMappings>
            <ServiceImplementations>
                <ServiceImplementation
                 description=""
                 handlerName="Script"
                 name="CreatePersonnelClasses">
                    <ConfigurationTables>
                        <ConfigurationTable
                         dataShapeName=""
                         description="Script"
                         isMultiRow="false"
                         name="Script"
                         ordinal="0">
                            <DataShape>
                                <FieldDefinitions>
                                    <FieldDefinition
                                     baseType="STRING"
                                     description="code"
                                     name="code"
                                     ordinal="0"></FieldDefinition>
                                </FieldDefinitions>
                            </DataShape>
                            <Rows>
                                <Row>
                                    <code>
                                    <![CDATA[
                                    var params = {
                                        infoTable: PersonnelClasses,
                                        dataShapeName: "PTC.SCA.SCO.PersonnelClass"
                                    };
                                    
                                    var result = Things[me.GetDatabaseThingName()].Insert(params);
                                    ]]>
                                    </code>
                                </Row>
                            </Rows>
                        </ConfigurationTable>
                    </ConfigurationTables>
                </ServiceImplementation>
                <ServiceImplementation
                 description=""
                 handlerName="Script"
                 name="CreatePersons">
                    <ConfigurationTables>
                        <ConfigurationTable
                         dataShapeName=""
                         description="Script"
                         isMultiRow="false"
                         name="Script"
                         ordinal="0">
                            <DataShape>
                                <FieldDefinitions>
                                    <FieldDefinition
                                     baseType="STRING"
                                     description="code"
                                     name="code"
                                     ordinal="0"></FieldDefinition>
                                </FieldDefinitions>
                            </DataShape>
                            <Rows>
                                <Row>
                                    <code>
                                    <![CDATA[
                                    var params = {
                                        infoTable: Persons,
                                        dataShapeName: "PTC.SCA.SCO.Person"
                                    };
                                    
                                    var result = Things[me.GetDatabaseThingName()].Insert(params);
                                    ]]>
                                    </code>
                                </Row>
                            </Rows>
                        </ConfigurationTable>
                    </ConfigurationTables>
                </ServiceImplementation>
                <ServiceImplementation
                 description=""
                 handlerName="Script"
                 name="CreatePersonToClassLinks">
                    <ConfigurationTables>
                        <ConfigurationTable
                         dataShapeName=""
                         description="Script"
                         isMultiRow="false"
                         name="Script"
                         ordinal="0">
                            <DataShape>
                                <FieldDefinitions>
                                    <FieldDefinition
                                     baseType="STRING"
                                     description="code"
                                     name="code"
                                     ordinal="0"></FieldDefinition>
                                </FieldDefinitions>
                            </DataShape>
                            <Rows>
                                <Row>
                                    <code>
                                    <![CDATA[
                                    var params = {
                                        infoTable: PersonToClassLinks,
                                        dataShapeName: "PTC.SCA.SCO.PersonToClassLink"
                                    };
                                    
                                    var result = Things[me.GetDatabaseThingName()].Insert(params);
                                    ]]>
                                    </code>
                                </Row>
                            </Rows>
                        </ConfigurationTable>
                    </ConfigurationTables>
                </ServiceImplementation>
                <ServiceImplementation
                 description=""
                 handlerName="Script"
                 name="DeletePerson">
                    <ConfigurationTables>
                        <ConfigurationTable
                         dataShapeName=""
                         description="Script"
                         isMultiRow="false"
                         name="Script"
                         ordinal="0">
                            <DataShape>
                                <FieldDefinitions>
                                    <FieldDefinition
                                     baseType="STRING"
                                     description="code"
                                     name="code"
                                     ordinal="0"></FieldDefinition>
                                </FieldDefinitions>
                            </DataShape>
                            <Rows>
                                <Row>
                                    <code>
                                    <![CDATA[
                                    var params = {
                                        UID: UID,
                                        dataShapeName: "PTC.SCA.SCO.Person"
                                    };
                                    
                                    var result = Things[me.GetDatabaseThingName()].Delete(params);
                                    ]]>
                                    </code>
                                </Row>
                            </Rows>
                        </ConfigurationTable>
                    </ConfigurationTables>
                </ServiceImplementation>
                <ServiceImplementation
                 description=""
                 handlerName="Script"
                 name="DeletePersonnelClass">
                    <ConfigurationTables>
                        <ConfigurationTable
                         dataShapeName=""
                         description="Script"
                         isMultiRow="false"
                         name="Script"
                         ordinal="0">
                            <DataShape>
                                <FieldDefinitions>
                                    <FieldDefinition
                                     baseType="STRING"
                                     description="code"
                                     name="code"
                                     ordinal="0"></FieldDefinition>
                                </FieldDefinitions>
                            </DataShape>
                            <Rows>
                                <Row>
                                    <code>
                                    <![CDATA[
                                    var params = {
                                        UID: UID,
                                        dataShapeName: "PTC.SCA.SCO.PersonnelClass"
                                    };
                                    
                                    var result = Things[me.GetDatabaseThingName()].Delete(params);
                                    ]]>
                                    </code>
                                </Row>
                            </Rows>
                        </ConfigurationTable>
                    </ConfigurationTables>
                </ServiceImplementation>
                <ServiceImplementation
                 description=""
                 handlerName="Script"
                 name="DeletePersonToClassLink">
                    <ConfigurationTables>
                        <ConfigurationTable
                         dataShapeName=""
                         description="Script"
                         isMultiRow="false"
                         name="Script"
                         ordinal="0">
                            <DataShape>
                                <FieldDefinitions>
                                    <FieldDefinition
                                     baseType="STRING"
                                     description="code"
                                     name="code"
                                     ordinal="0"></FieldDefinition>
                                </FieldDefinitions>
                            </DataShape>
                            <Rows>
                                <Row>
                                    <code>
                                    <![CDATA[
                                    var params = {
                                        UID: UID,
                                        dataShapeName: "PTC.SCA.SCO.PersonToClassLink"
                                    };
                                    
                                    var result = Things[me.GetDatabaseThingName()].Delete(params);
                                    ]]>
                                    </code>
                                </Row>
                            </Rows>
                        </ConfigurationTable>
                    </ConfigurationTables>
                </ServiceImplementation>
                <ServiceImplementation
                 description=""
                 handlerName="Script"
                 name="GetPerson">
                    <ConfigurationTables>
                        <ConfigurationTable
                         dataShapeName=""
                         description="Script"
                         isMultiRow="false"
                         name="Script"
                         ordinal="0">
                            <DataShape>
                                <FieldDefinitions>
                                    <FieldDefinition
                                     baseType="STRING"
                                     description="code"
                                     name="code"
                                     ordinal="0"></FieldDefinition>
                                </FieldDefinitions>
                            </DataShape>
                            <Rows>
                                <Row>
                                    <code>
                                    <![CDATA[
                                    var params = {
                                        UID: UID,
                                        dataShapeName: "PTC.SCA.SCO.Person"
                                    };
                                    
                                    var result = Things[me.GetDatabaseThingName()].GetEntity(params);
                                    ]]>
                                    </code>
                                </Row>
                            </Rows>
                        </ConfigurationTable>
                    </ConfigurationTables>
                </ServiceImplementation>
                <ServiceImplementation
                 description=""
                 handlerName="Script"
                 name="GetPersonnelClass">
                    <ConfigurationTables>
                        <ConfigurationTable
                         dataShapeName=""
                         description="Script"
                         isMultiRow="false"
                         name="Script"
                         ordinal="0">
                            <DataShape>
                                <FieldDefinitions>
                                    <FieldDefinition
                                     baseType="STRING"
                                     description="code"
                                     name="code"
                                     ordinal="0"></FieldDefinition>
                                </FieldDefinitions>
                            </DataShape>
                            <Rows>
                                <Row>
                                    <code>
                                    <![CDATA[
                                    var params = {
                                        UID: UID,
                                        dataShapeName: "PTC.SCA.SCO.PersonnelClass"
                                    };
                                    
                                    var result = Things[me.GetDatabaseThingName()].GetEntity(params);
                                    ]]>
                                    </code>
                                </Row>
                            </Rows>
                        </ConfigurationTable>
                    </ConfigurationTables>
                </ServiceImplementation>
                <ServiceImplementation
                 description=""
                 handlerName="Script"
                 name="GetPersonnelDBInfo">
                    <ConfigurationTables>
                        <ConfigurationTable
                         dataShapeName=""
                         description=""
                         isMultiRow="false"
                         name="Script"
                         ordinal="0">
                            <DataShape>
                                <FieldDefinitions>
                                    <FieldDefinition
                                     baseType="STRING"
                                     description="code"
                                     name="code"
                                     ordinal="0"></FieldDefinition>
                                </FieldDefinitions>
                            </DataShape>
                            <Rows>
                                <Row>
                                    <code>
                                    <![CDATA[
                                    var dbInfo = {
                                    	"dbInfo": [{
                                    		"dataShapeName": "PTC.SCA.SCO.Person",
                                    		"indexedFields": [],
                                    		"foreignKeys": [{
                                    			"name": "SiteUID",
                                    			"referenceDataShapeName": "PTC.SCA.SCO.Site",
                                    			"referenceFieldName": "UID"
                                    		}]
                                    	}, {
                                    		"dataShapeName": "PTC.SCA.SCO.PersonnelClass",
                                    		"indexedFields": [],
                                    		"foreignKeys": [{
                                    			"name": "SiteUID",
                                    			"referenceDataShapeName": "PTC.SCA.SCO.Site",
                                    			"referenceFieldName": "UID"
                                    		}]
                                    	}, {
                                    		"dataShapeName": "PTC.SCA.SCO.PersonToClassLink",
                                    		"indexedFields": [{
                                    			"name": "PersonnelClassUID"
                                    		}, {
                                    			"name": "PersonUID"
                                    		}],
                                    		"fields": [{
                                    			"name": "PersonnelClassUID",
                                    			"notNull": true
                                    		}, {
                                    			"name": "PersonUID",
                                    			"notNull": true
                                    		}],
                                    		"foreignKeys": [{
                                    			"name": "PersonnelClassUID",
                                    			"referenceDataShapeName": "PTC.SCA.SCO.PersonnelClass",
                                    			"referenceFieldName": "UID",
                                    			"onDelete": "CASCADE"
                                    		}, {
                                    			"name": "PersonUID",
                                    			"referenceDataShapeName": "PTC.SCA.SCO.Person",
                                    			"referenceFieldName": "UID",
                                    			"onDelete": "CASCADE"
                                    		}]
                                    	}, {
                                    		"dataShapeName": "PTC.SCA.SCO.Person_AP",
                                    		"indexedFields": []
                                    	}, {
                                    		"dataShapeName": "PTC.SCA.SCO.PersonToClassLink_AP",
                                    		"indexedFields": []
                                    	}, {
                                    		"dataShapeName": "PTC.SCA.SCO.PersonnelClass_AP",
                                    		"indexedFields": []
                                    	}]
                                    };
                                    
                                    var result = dbInfo;
                                    ]]>
                                    </code>
                                </Row>
                            </Rows>
                        </ConfigurationTable>
                    </ConfigurationTables>
                </ServiceImplementation>
                <ServiceImplementation
                 description=""
                 handlerName="Script"
                 name="GetPersonToClassLinks">
                    <ConfigurationTables>
                        <ConfigurationTable
                         dataShapeName=""
                         description="Script"
                         isMultiRow="false"
                         name="Script"
                         ordinal="0">
                            <DataShape>
                                <FieldDefinitions>
                                    <FieldDefinition
                                     baseType="STRING"
                                     description="code"
                                     name="code"
                                     ordinal="0"></FieldDefinition>
                                </FieldDefinitions>
                            </DataShape>
                            <Rows>
                                <Row>
                                    <code>
                                    <![CDATA[
                                    var filter = {
                                        filters:{
                                            fieldName:"PersonUID",
                                            type:"EQ",
                                            value:PersonUID
                                        }
                                    };
                                    
                                    var params = {
                                        filter: filter,
                                        dataShapeName: "PTC.SCA.SCO.PersonToClassLink"
                                    };
                                    
                                    var result = Things[me.GetDatabaseThingName()].Query(params);
                                    ]]>
                                    </code>
                                </Row>
                            </Rows>
                        </ConfigurationTable>
                    </ConfigurationTables>
                </ServiceImplementation>
                <ServiceImplementation
                 description=""
                 handlerName="Script"
                 name="GetPersonToClassLinksByPersonnelClass">
                    <ConfigurationTables>
                        <ConfigurationTable
                         dataShapeName=""
                         description=""
                         isMultiRow="false"
                         name="Script"
                         ordinal="0">
                            <DataShape>
                                <FieldDefinitions>
                                    <FieldDefinition
                                     baseType="STRING"
                                     description="code"
                                     name="code"
                                     ordinal="0"></FieldDefinition>
                                </FieldDefinitions>
                            </DataShape>
                            <Rows>
                                <Row>
                                    <code>
                                    <![CDATA[
                                    var filter = {
                                        filters:{
                                            fieldName:"PersonnelClassUID",
                                            type:"EQ",
                                            value:PersonnelClassUID
                                        }
                                    };
                                    
                                    var result = Things[me.GetDatabaseThingName()].Query({
                                        filter: filter,
                                        dataShapeName: "PTC.SCA.SCO.PersonToClassLink"
                                    });
                                    ]]>
                                    </code>
                                </Row>
                            </Rows>
                        </ConfigurationTable>
                    </ConfigurationTables>
                </ServiceImplementation>
                <ServiceImplementation
                 description=""
                 handlerName="Script"
                 name="UpdatePersonnelClasses">
                    <ConfigurationTables>
                        <ConfigurationTable
                         dataShapeName=""
                         description="Script"
                         isMultiRow="false"
                         name="Script"
                         ordinal="0">
                            <DataShape>
                                <FieldDefinitions>
                                    <FieldDefinition
                                     baseType="STRING"
                                     description="code"
                                     name="code"
                                     ordinal="0"></FieldDefinition>
                                </FieldDefinitions>
                            </DataShape>
                            <Rows>
                                <Row>
                                    <code>
                                    <![CDATA[
                                    var params = {
                                        infoTable: PersonnelClasses,
                                        dataShapeName: "PTC.SCA.SCO.PersonnelClass"
                                    };
                                    
                                    var result = Things[me.GetDatabaseThingName()].Update(params);
                                    ]]>
                                    </code>
                                </Row>
                            </Rows>
                        </ConfigurationTable>
                    </ConfigurationTables>
                </ServiceImplementation>
                <ServiceImplementation
                 description=""
                 handlerName="Script"
                 name="UpdatePersons">
                    <ConfigurationTables>
                        <ConfigurationTable
                         dataShapeName=""
                         description="Script"
                         isMultiRow="false"
                         name="Script"
                         ordinal="0">
                            <DataShape>
                                <FieldDefinitions>
                                    <FieldDefinition
                                     baseType="STRING"
                                     description="code"
                                     name="code"
                                     ordinal="0"></FieldDefinition>
                                </FieldDefinitions>
                            </DataShape>
                            <Rows>
                                <Row>
                                    <code>
                                    <![CDATA[
                                    var params = {
                                        infoTable: Persons,
                                        dataShapeName: "PTC.SCA.SCO.Person"
                                    };
                                    
                                    var result = Things[me.GetDatabaseThingName()].Update(params);
                                    ]]>
                                    </code>
                                </Row>
                            </Rows>
                        </ConfigurationTable>
                    </ConfigurationTables>
                </ServiceImplementation>
                <ServiceImplementation
                 description=""
                 handlerName="Script"
                 name="UpdatePersonToClassLinks">
                    <ConfigurationTables>
                        <ConfigurationTable
                         dataShapeName=""
                         description="Script"
                         isMultiRow="false"
                         name="Script"
                         ordinal="0">
                            <DataShape>
                                <FieldDefinitions>
                                    <FieldDefinition
                                     baseType="STRING"
                                     description="code"
                                     name="code"
                                     ordinal="0"></FieldDefinition>
                                </FieldDefinitions>
                            </DataShape>
                            <Rows>
                                <Row>
                                    <code>
                                    <![CDATA[
                                    var params = {
                                        infoTable: PersonToClassLinks,
                                        dataShapeName: "PTC.SCA.SCO.PersonToClassLink"
                                    };
                                    
                                    var result = Things[me.GetDatabaseThingName()].Update(params);
                                    ]]>
                                    </code>
                                </Row>
                            </Rows>
                        </ConfigurationTable>
                    </ConfigurationTables>
                </ServiceImplementation>
            </ServiceImplementations>
            <Subscriptions></Subscriptions>
            <avatar></avatar>
            <DesignTimePermissions>
                <Create></Create>
                <Read></Read>
                <Update></Update>
                <Delete></Delete>
                <Metadata></Metadata>
            </DesignTimePermissions>
            <RunTimePermissions></RunTimePermissions>
            <VisibilityPermissions>
                <Visibility></Visibility>
            </VisibilityPermissions>
            <ConfigurationTableDefinitions></ConfigurationTableDefinitions>
            <ConfigurationTables></ConfigurationTables>
            <PropertyBindings></PropertyBindings>
            <RemotePropertyBindings></RemotePropertyBindings>
            <RemoteServiceBindings></RemoteServiceBindings>
            <RemoteEventBindings></RemoteEventBindings>
            <AlertConfigurations></AlertConfigurations>
            <InstanceRunTimePermissions></InstanceRunTimePermissions>
        </ThingShape>
    </ThingShapes>
</Entities>
