<?xml version="1.0" encoding="UTF-8"?>
<Entities>
    <LocalizationTables>
        <LocalizationTable
         description="it localization table"
         homeMashup=""
         name="it"
         tags="PTC:factory-mv">
            <avatar></avatar>
            <DesignTimePermissions>
                <Create></Create>
                <Read></Read>
                <Update></Update>
                <Delete></Delete>
                <Metadata></Metadata>
            </DesignTimePermissions>
            <RunTimePermissions></RunTimePermissions>
            <VisibilityPermissions>
                <Visibility>
                    <Principal
                     isPermitted="true"
                     name="PTC.Factory.MachineVisibility"
                     type="Organization"></Principal>
                </Visibility>
            </VisibilityPermissions>
            <ConfigurationTables>
                <ConfigurationTable
                 description="Localization Tokens"
                 isMultiRow="true"
                 name="LocalizationTokens"
                 ordinal="0">
                    <DataShape>
                        <FieldDefinitions>
                            <FieldDefinition
                             aspect.friendlyName="Translation context"
                             baseType="STRING"
                             description="Translation context"
                             name="context"
                             ordinal="3"></FieldDefinition>
                            <FieldDefinition
                             aspect.friendlyName="Token name"
                             baseType="STRING"
                             description="Token name"
                             name="name"
                             ordinal="0"></FieldDefinition>
                            <FieldDefinition
                             aspect.friendlyName="Token usage"
                             baseType="STRING"
                             description="Token usage"
                             name="usage"
                             ordinal="2"></FieldDefinition>
                            <FieldDefinition
                             aspect.friendlyName="Localized value"
                             baseType="STRING"
                             description="Localized value"
                             name="value"
                             ordinal="1"></FieldDefinition>
                        </FieldDefinitions>
                    </DataShape>
                    <Rows>
                        <Row>
                            <name>
                            <![CDATA[
                            PTC.Factory.No
                            ]]>
                            </name>
                            <value>
                            <![CDATA[
                            No
                            ]]>
                            </value>
                        </Row>
                        <Row>
                            <name>
                            <![CDATA[
                            PTC.Factory.Yes
                            ]]>
                            </name>
                            <value>
                            <![CDATA[
                            Sì
                            ]]>
                            </value>
                        </Row>
                        <Row>
                            <name>
                            <![CDATA[
                            PTC.Factory.View List
                            ]]>
                            </name>
                            <value>
                            <![CDATA[
                            Visualizza
                            ]]>
                            </value>
                        </Row>
                        <Row>
                            <name>
                            <![CDATA[
                            PTC.Factory.Properties
                            ]]>
                            </name>
                            <value>
                            <![CDATA[
                            Proprietà
                            ]]>
                            </value>
                        </Row>
                        <Row>
                            <name>
                            <![CDATA[
                            PTC.Factory.Client Count
                            ]]>
                            </name>
                            <value>
                            <![CDATA[
                            Numero di client
                            ]]>
                            </value>
                        </Row>
                        <Row>
                            <name>
                            <![CDATA[
                            PTC.Factory.Device Count
                            ]]>
                            </name>
                            <value>
                            <![CDATA[
                            Dispositivi ({0})
                            ]]>
                            </value>
                        </Row>
                        <Row>
                            <name>
                            <![CDATA[
                            PTC.Factory.Devices
                            ]]>
                            </name>
                            <value>
                            <![CDATA[
                            Dispositivi
                            ]]>
                            </value>
                        </Row>
                        <Row>
                            <name>
                            <![CDATA[
                            PTC.Factory.New Devices
                            ]]>
                            </name>
                            <value>
                            <![CDATA[
                            Nuovi dispositivi
                            ]]>
                            </value>
                        </Row>
                        <Row>
                            <name>
                            <![CDATA[
                            PTC.Factory.Removed Devices
                            ]]>
                            </name>
                            <value>
                            <![CDATA[
                            Dispositivi rimossi
                            ]]>
                            </value>
                        </Row>
                        <Row>
                            <name>
                            <![CDATA[
                            PTC.Factory.ConnectionTime
                            ]]>
                            </name>
                            <value>
                            <![CDATA[
                            Data e ora connessione
                            ]]>
                            </value>
                        </Row>
                        <Row>
                            <name>
                            <![CDATA[
                            PTC.Factory.Tag Count
                            ]]>
                            </name>
                            <value>
                            <![CDATA[
                            Numero di tag
                            ]]>
                            </value>
                        </Row>
                        <Row>
                            <name>
                            <![CDATA[
                            PTC.Factory.Connection Details
                            ]]>
                            </name>
                            <value>
                            <![CDATA[
                            Dettagli connessione
                            ]]>
                            </value>
                        </Row>
                        <Row>
                            <name>
                            <![CDATA[
                            PTC.Factory.Create Connection
                            ]]>
                            </name>
                            <value>
                            <![CDATA[
                            CREA CONNESSIONE
                            ]]>
                            </value>
                        </Row>
                        <Row>
                            <name>
                            <![CDATA[
                            PTC.Factory.CreateConnection
                            ]]>
                            </name>
                            <value>
                            <![CDATA[
                            Crea connessione
                            ]]>
                            </value>
                        </Row>
                        <Row>
                            <name>
                            <![CDATA[
                            PTC.SCA.Mfg.KepServerMonitor.CreateConnectionPopUp
                            ]]>
                            </name>
                            <value>
                            <![CDATA[
                            CREA CONNESSIONE
                            ]]>
                            </value>
                        </Row>
                        <Row>
                            <name>
                            <![CDATA[
                            PTC.Factory.Thing Name
                            ]]>
                            </name>
                            <value>
                            <![CDATA[
                            Nome connessione *
                            ]]>
                            </value>
                        </Row>
                        <Row>
                            <name>
                            <![CDATA[
                            PTC.Factory.EnterConnectionName
                            ]]>
                            </name>
                            <value>
                            <![CDATA[
                            Immettere un nome per la connessione
                            ]]>
                            </value>
                        </Row>
                        <Row>
                            <name>
                            <![CDATA[
                            PTC.Factory.EnterDeviceName
                            ]]>
                            </name>
                            <value>
                            <![CDATA[
                            Immettere un nome per il dispositivo
                            ]]>
                            </value>
                        </Row>
                        <Row>
                            <name>
                            <![CDATA[
                            PTC.SCA.SCO.ControlsAdvisor.ServerExists
                            ]]>
                            </name>
                            <value>
                            <![CDATA[
                            Questo nome di connessione è utilizzato per una connessione esistente. Immettere un nuovo nome.
                            ]]>
                            </value>
                        </Row>
                        <Row>
                            <name>
                            <![CDATA[
                            PTC.Factory.Instruction
                            ]]>
                            </name>
                            <value>
                            <![CDATA[
                            Istruzioni per completare la connessione
                            ]]>
                            </value>
                        </Row>
                        <Row>
                            <name>
                            <![CDATA[
                            PTC.Factory.InstructionNote1
                            ]]>
                            </name>
                            <value>
                            <![CDATA[
                            Importante: la chiave di accesso e il nome dell'oggetto sono necessari in seguito. Si consiglia di prenderne nota.
                            ]]>
                            </value>
                        </Row>
                        <Row>
                            <name>
                            <![CDATA[
                            PTC.Factory.NITestStandInstructionNote1
                            ]]>
                            </name>
                            <value>
                            <![CDATA[
                            Dopo avere installato NI TestStand e Edge MicroServer (EMS), attenersi alla procedura riportata di seguito per completare la configurazione di EMS.
                            ]]>
                            </value>
                        </Row>
                        <Row>
                            <name>
                            <![CDATA[
                            PTC.Factory.NITestStandInstructionNote2
                            ]]>
                            </name>
                            <value>
                            <![CDATA[
                            <span class='factory_black_11'><b>1. </b>Modificare il file &lt;installazione EMS&gt;/etc/config.json per impostare i valori indicati di seguito.</span>
                            ]]>
                            </value>
                        </Row>
                        <Row>
                            <name>
                            <![CDATA[
                            PTC.Factory.NITestStandInstructionNote3
                            ]]>
                            </name>
                            <value>
                            <![CDATA[
                            In "ws_servers":
                            ]]>
                            </value>
                        </Row>
                        <Row>
                            <name>
                            <![CDATA[
                            PTC.Factory.NITestStandInstructionNote4
                            ]]>
                            </name>
                            <value>
                            <![CDATA[
                            In "auto_bind":
                            ]]>
                            </value>
                        </Row>
                        <Row>
                            <name>
                            <![CDATA[
                            PTC.Factory.NITestStandInstructionNote5
                            ]]>
                            </name>
                            <value>
                            <![CDATA[
                            <span class='factory_black_11'><b>2. </b>Riavviare EMS.</span>
                            ]]>
                            </value>
                        </Row>
                        <Row>
                            <name>
                            <![CDATA[
                            PTC.Factory.InstructionNote2
                            ]]>
                            </name>
                            <value>
                            <![CDATA[
                            Accedere al server e completare questi semplici passi:
                            ]]>
                            </value>
                        </Row>
                        <Row>
                            <name>
                            <![CDATA[
                            PTC.Factory.InstructionNote3
                            ]]>
                            </name>
                            <value>
                            <![CDATA[
                            <span class='factory_black_11'>1. Fare clic con il pulsante destro del mouse sulla cartella <b>Project</b> e selezionare <b>Properties</b>.</span>
                            ]]>
                            </value>
                        </Row>
                        <Row>
                            <name>
                            <![CDATA[
                            PTC.Factory.InstructionNote4
                            ]]>
                            </name>
                            <value>
                            <![CDATA[
                            2. Nella scheda ThingWorx, impostare le seguenti opzioni:
                            ]]>
                            </value>
                        </Row>
                        <Row>
                            <name>
                            <![CDATA[
                            PTC.Factory.InstructionEnableString
                            ]]>
                            </name>
                            <value>
                            <![CDATA[
                            Attiva:
                            ]]>
                            </value>
                        </Row>
                        <Row>
                            <name>
                            <![CDATA[
                            PTC.Factory.InstructionHostString
                            ]]>
                            </name>
                            <value>
                            <![CDATA[
                            Host:
                            ]]>
                            </value>
                        </Row>
                        <Row>
                            <name>
                            <![CDATA[
                            PTC.Factory.InstructionPortString
                            ]]>
                            </name>
                            <value>
                            <![CDATA[
                            Porta:
                            ]]>
                            </value>
                        </Row>
                        <Row>
                            <name>
                            <![CDATA[
                            PTC.Factory.InstructionThingNameString
                            ]]>
                            </name>
                            <value>
                            <![CDATA[
                            Nome oggetto:
                            ]]>
                            </value>
                        </Row>
                        <Row>
                            <name>
                            <![CDATA[
                            PTC.Factory.InstructionApplicationKeyString
                            ]]>
                            </name>
                            <value>
                            <![CDATA[
                            Chiave di accesso:
                            ]]>
                            </value>
                        </Row>
                        <Row>
                            <name>
                            <![CDATA[
                            PTC.Factory.InstructionTrustedSelfSignedCertificatesString
                            ]]>
                            </name>
                            <value>
                            <![CDATA[
                            Considera attendibili i certificati autofirmati:
                            ]]>
                            </value>
                        </Row>
                        <Row>
                            <name>
                            <![CDATA[
                            PTC.Factory.InstructionTrustAllCertificatesString
                            ]]>
                            </name>
                            <value>
                            <![CDATA[
                            Considera attendibili tutti i certificati:
                            ]]>
                            </value>
                        </Row>
                        <Row>
                            <name>
                            <![CDATA[
                            PTC.Factory.InstructionDisableEncryptionString
                            ]]>
                            </name>
                            <value>
                            <![CDATA[
                            Disattiva crittografia:
                            ]]>
                            </value>
                        </Row>
                        <Row>
                            <name>
                            <![CDATA[
                            PTC.Factory.PrintInstructions
                            ]]>
                            </name>
                            <value>
                            <![CDATA[
                            Stampa istruzioni
                            ]]>
                            </value>
                        </Row>
                        <Row>
                            <name>
                            <![CDATA[
                            PTC.Factory.CONNECTIONS
                            ]]>
                            </name>
                            <value>
                            <![CDATA[
                            CONNESSIONI
                            ]]>
                            </value>
                        </Row>
                        <Row>
                            <name>
                            <![CDATA[
                            PTC.SCA.SCO.KEPServerLogs
                            ]]>
                            </name>
                            <value>
                            <![CDATA[
                            Log eventi KEPServerEX
                            ]]>
                            </value>
                        </Row>
                        <Row>
                            <name>
                            <![CDATA[
                            PTC.Factory.EditConnection
                            ]]>
                            </name>
                            <value>
                            <![CDATA[
                            Modifica connessione
                            ]]>
                            </value>
                        </Row>
                        <Row>
                            <name>
                            <![CDATA[
                            PTC.Factory.Status
                            ]]>
                            </name>
                            <value>
                            <![CDATA[
                            Stato server
                            ]]>
                            </value>
                        </Row>
                        <Row>
                            <name>
                            <![CDATA[
                            PTC.Factory.Device in Error
                            ]]>
                            </name>
                            <value>
                            <![CDATA[
                            Stato dispositivo
                            ]]>
                            </value>
                        </Row>
                        <Row>
                            <name>
                            <![CDATA[
                            PTC.Factory.Device ID
                            ]]>
                            </name>
                            <value>
                            <![CDATA[
                            ID dispositivo
                            ]]>
                            </value>
                        </Row>
                        <Row>
                            <name>
                            <![CDATA[
                            PTC.Factory.Scan Mode
                            ]]>
                            </name>
                            <value>
                            <![CDATA[
                            Modalità analisi
                            ]]>
                            </value>
                        </Row>
                        <Row>
                            <name>
                            <![CDATA[
                            PTC.Factory.Simulated
                            ]]>
                            </name>
                            <value>
                            <![CDATA[
                            Simulato
                            ]]>
                            </value>
                        </Row>
                        <Row>
                            <name>
                            <![CDATA[
                            PTC.Factory.Time In Error
                            ]]>
                            </name>
                            <value>
                            <![CDATA[
                            Tempo in stato di errore (s)
                            ]]>
                            </value>
                        </Row>
                        <Row>
                            <name>
                            <![CDATA[
                            PTC.Factory.Connection Type
                            ]]>
                            </name>
                            <value>
                            <![CDATA[
                            Tipo di connessione
                            ]]>
                            </value>
                        </Row>
                        <Row>
                            <name>
                            <![CDATA[
                            PTC.Factory.Device Name
                            ]]>
                            </name>
                            <value>
                            <![CDATA[
                            Nome dispositivo
                            ]]>
                            </value>
                        </Row>
                        <Row>
                            <name>
                            <![CDATA[
                            PTC.Factory.DEVICE LIST:
                            ]]>
                            </name>
                            <value>
                            <![CDATA[
                            ELENCO DISPOSITIVI: {0}
                            ]]>
                            </value>
                        </Row>
                        <Row>
                            <name>
                            <![CDATA[
                            PTC.Factory.DEVICE NAME:
                            ]]>
                            </name>
                            <value>
                            <![CDATA[
                            NOME DISPOSITIVO: {0}
                            ]]>
                            </value>
                        </Row>
                        <Row>
                            <name>
                            <![CDATA[
                            PTC.Factory.Mode
                            ]]>
                            </name>
                            <value>
                            <![CDATA[
                            Stato declassamento
                            ]]>
                            </value>
                        </Row>
                        <Row>
                            <name>
                            <![CDATA[
                            PTC.Factory.View
                            ]]>
                            </name>
                            <value>
                            <![CDATA[
                            Visualizza
                            ]]>
                            </value>
                        </Row>
                        <Row>
                            <name>
                            <![CDATA[
                            PTC.Factory.Channel
                            ]]>
                            </name>
                            <value>
                            <![CDATA[
                            Canale
                            ]]>
                            </value>
                        </Row>
                        <Row>
                            <name>
                            <![CDATA[
                            PTC.Factory.Error.GetDevicesError
                            ]]>
                            </name>
                            <value>
                            <![CDATA[
                            Errore durante il recupero dei dispositivi
                            ]]>
                            </value>
                        </Row>
                        <Row>
                            <name>
                            <![CDATA[
                            PTC.Factory.DiscoverDevices.ToolTip
                            ]]>
                            </name>
                            <value>
                            <![CDATA[
                            Individua dispositivi
                            ]]>
                            </value>
                        </Row>
                        <Row>
                            <name>
                            <![CDATA[
                            PTC.Factory.DETAILS.ToolTip
                            ]]>
                            </name>
                            <value>
                            <![CDATA[
                            Visualizza dettagli connessione
                            ]]>
                            </value>
                        </Row>
                        <Row>
                            <name>
                            <![CDATA[
                            PTC.Factory.DeleteDevices.TITLE
                            ]]>
                            </name>
                            <value>
                            <![CDATA[
                            ELIMINA DISPOSITIVO
                            ]]>
                            </value>
                        </Row>
                        <Row>
                            <name>
                            <![CDATA[
                            PTC.Factory.DeleteDevices.CONFIRM
                            ]]>
                            </name>
                            <value>
                            <![CDATA[
                            Eliminare il dispositivo {0}?
                            ]]>
                            </value>
                        </Row>
                        <Row>
                            <name>
                            <![CDATA[
                            PTC.Factory.DiscoverDevices.TITLE
                            ]]>
                            </name>
                            <value>
                            <![CDATA[
                            INDIVIDUARE DISPOSITIVI?
                            ]]>
                            </value>
                        </Row>
                        <Row>
                            <name>
                            <![CDATA[
                            PTC.Factory.DiscoverDevices.Confirm
                            ]]>
                            </name>
                            <value>
                            <![CDATA[
                            L'operazione di individuazione dei dispositivi può richiedere tempo e rallentare le prestazioni. È possibile chiudere questa pagina. L'operazione di individuazione continua a essere eseguita in background. Per procedere all'individuazione dei dispositivi, fare clic su OK.
                            ]]>
                            </value>
                        </Row>
                        <Row>
                            <name>
                            <![CDATA[
                            PTC.Factory.DiscoverDevices.Success
                            ]]>
                            </name>
                            <value>
                            <![CDATA[
                            I dispositivi sono stati individuati
                            ]]>
                            </value>
                        </Row>
                        <Row>
                            <name>
                            <![CDATA[
                            PTC.Factory.Error.FailToRemoveDevice
                            ]]>
                            </name>
                            <value>
                            <![CDATA[
                            Impossibile rimuovere il dispositivo in ThingWorx
                            ]]>
                            </value>
                        </Row>
                        <Row>
                            <name>
                            <![CDATA[
                            PTC.Factory.RediscoverRemoteServers.Error.Message
                            ]]>
                            </name>
                            <value>
                            <![CDATA[
                            Nessun nuovo server aggiunto
                            ]]>
                            </value>
                        </Row>
                        <Row>
                            <name>
                            <![CDATA[
                            PTC.Factory.DiscoverRemoteServers.TITLE
                            ]]>
                            </name>
                            <value>
                            <![CDATA[
                            INDIVIDUA SERVER KEPServerEX E OPC LEGACY
                            ]]>
                            </value>
                        </Row>
                        <Row>
                            <name>
                            <![CDATA[
                            PTC.Factory.DiscoverRemoteServers.Confirm
                            ]]>
                            </name>
                            <value>
                            <![CDATA[
                            Sebbene possa richiedere tempo e rallentare le prestazioni, l'operazione continua a essere eseguita in background dopo avere chiuso la pagina.
                            ]]>
                            </value>
                        </Row>
                        <Row>
                            <name>
                            <![CDATA[
                            PTC.Factory.DiscoverServers.Success
                            ]]>
                            </name>
                            <value>
                            <![CDATA[
                            Individuazione di server KEPServerEX e OPC legacy completata
                            ]]>
                            </value>
                        </Row>
                        <Row>
                            <name>
                            <![CDATA[
                            PTC.Factory.Error.FailToUnsubscribeTags
                            ]]>
                            </name>
                            <value>
                            <![CDATA[
                            Impossibile annullare la sottoscrizione dei tag di un dispositivo in ThingWorx
                            ]]>
                            </value>
                        </Row>
                        <Row>
                            <name>
                            <![CDATA[
                            PTC.Factory.Period.LastWeek
                            ]]>
                            </name>
                            <value>
                            <![CDATA[
                            Ultima settimana
                            ]]>
                            </value>
                        </Row>
                        <Row>
                            <name>
                            <![CDATA[
                            PTC.Factory.Period.LastHour
                            ]]>
                            </name>
                            <value>
                            <![CDATA[
                            Ultima ora
                            ]]>
                            </value>
                        </Row>
                        <Row>
                            <name>
                            <![CDATA[
                            PTC.Factory.Period.LastDay
                            ]]>
                            </name>
                            <value>
                            <![CDATA[
                            Ultimo giorno
                            ]]>
                            </value>
                        </Row>
                        <Row>
                            <name>
                            <![CDATA[
                            PTC.Factory.TrendClientCountDateSelection
                            ]]>
                            </name>
                            <value>
                            <![CDATA[
                            Numero di client
                            ]]>
                            </value>
                        </Row>
                        <Row>
                            <name>
                            <![CDATA[
                            PTC.Factory.TrendTagCountDateSelection
                            ]]>
                            </name>
                            <value>
                            <![CDATA[
                            Trend numero di tag
                            ]]>
                            </value>
                        </Row>
                        <Row>
                            <name>
                            <![CDATA[
                            PTC.Factory.InError
                            ]]>
                            </name>
                            <value>
                            <![CDATA[
                            In stato di errore
                            ]]>
                            </value>
                        </Row>
                        <Row>
                            <name>
                            <![CDATA[
                            PTC.Factory.InError24h
                            ]]>
                            </name>
                            <value>
                            <![CDATA[
                            Errore nelle ultime 24 ore
                            ]]>
                            </value>
                        </Row>
                        <Row>
                            <name>
                            <![CDATA[
                            PTC.Factory.Good
                            ]]>
                            </name>
                            <value>
                            <![CDATA[
                            Normale
                            ]]>
                            </value>
                        </Row>
                        <Row>
                            <name>
                            <![CDATA[
                            PTC.Factory.N/A
                            ]]>
                            </name>
                            <value>
                            <![CDATA[
                            N.D.
                            ]]>
                            </value>
                        </Row>
                        <Row>
                            <name>
                            <![CDATA[
                            PTC.Factory.ServerStatus
                            ]]>
                            </name>
                            <value>
                            <![CDATA[
                            Stato
                            ]]>
                            </value>
                        </Row>
                        <Row>
                            <name>
                            <![CDATA[
                            PTC.Factory.DeviceStatus
                            ]]>
                            </name>
                            <value>
                            <![CDATA[
                            Stato
                            ]]>
                            </value>
                        </Row>
                        <Row>
                            <name>
                            <![CDATA[
                            PTC.Factory.DescriptionWarning
                            ]]>
                            </name>
                            <value>
                            <![CDATA[
                            Descrizione non valida. Immettere una stringa contenente non più di 200 caratteri.
                            ]]>
                            </value>
                        </Row>
                        <Row>
                            <name>
                            <![CDATA[
                            PTC.Factory.Since
                            ]]>
                            </name>
                            <value>
                            <![CDATA[
                            AGGIORNATO
                            ]]>
                            </value>
                        </Row>
                        <Row>
                            <name>
                            <![CDATA[
                            PTC.Factory.LastDiscovery
                            ]]>
                            </name>
                            <value>
                            <![CDATA[
                            Ultima individuazione dispositivo
                            ]]>
                            </value>
                        </Row>
                        <Row>
                            <name>
                            <![CDATA[
                            PTC.Factory.Updated
                            ]]>
                            </name>
                            <value>
                            <![CDATA[
                            Aggiornato
                            ]]>
                            </value>
                        </Row>
                        <Row>
                            <name>
                            <![CDATA[
                            PTC.Factory.Disabled
                            ]]>
                            </name>
                            <value>
                            <![CDATA[
                            Disattivato
                            ]]>
                            </value>
                        </Row>
                        <Row>
                            <name>
                            <![CDATA[
                            PTC.SCA.Mfg.KepServerMonitor.SuccessfulRead
                            ]]>
                            </name>
                            <value>
                            <![CDATA[
                            Lettura completata
                            ]]>
                            </value>
                        </Row>
                        <Row>
                            <name>
                            <![CDATA[
                            PTC.SCA.Mfg.KepServerMonitor.SuccessfulWrite
                            ]]>
                            </name>
                            <value>
                            <![CDATA[
                            Scrittura completata
                            ]]>
                            </value>
                        </Row>
                        <Row>
                            <name>
                            <![CDATA[
                            PTC.SCA.Mfg.KepServerMonitor.FailedRead
                            ]]>
                            </name>
                            <value>
                            <![CDATA[
                            Lettura non riuscita
                            ]]>
                            </value>
                        </Row>
                        <Row>
                            <name>
                            <![CDATA[
                            PTC.SCA.Mfg.KepServerMonitor.FailedWrite
                            ]]>
                            </name>
                            <value>
                            <![CDATA[
                            Scrittura non riuscita
                            ]]>
                            </value>
                        </Row>
                        <Row>
                            <name>
                            <![CDATA[
                            PTC.SCA.Mfg.KepServerMonitor.PendingRead
                            ]]>
                            </name>
                            <value>
                            <![CDATA[
                            Lettura in sospeso
                            ]]>
                            </value>
                        </Row>
                        <Row>
                            <name>
                            <![CDATA[
                            PTC.SCA.Mfg.KepServerMonitor.PendingWrite
                            ]]>
                            </name>
                            <value>
                            <![CDATA[
                            Scrittura in sospeso
                            ]]>
                            </value>
                        </Row>
                        <Row>
                            <name>
                            <![CDATA[
                            PTC.SCA.Mfg.KepServerMonitor.Tx
                            ]]>
                            </name>
                            <value>
                            <![CDATA[
                            TX
                            ]]>
                            </value>
                        </Row>
                        <Row>
                            <name>
                            <![CDATA[
                            PTC.SCA.Mfg.KepServerMonitor.Rx
                            ]]>
                            </name>
                            <value>
                            <![CDATA[
                            RX
                            ]]>
                            </value>
                        </Row>
                        <Row>
                            <name>
                            <![CDATA[
                            PTC.SCA.Mfg.KepServerMonitor.ErrorState
                            ]]>
                            </name>
                            <value>
                            <![CDATA[
                            Stato di errore
                            ]]>
                            </value>
                        </Row>
                        <Row>
                            <name>
                            <![CDATA[
                            PTC.SCA.Mfg.KepServerMonitor.TimeInError
                            ]]>
                            </name>
                            <value>
                            <![CDATA[
                            Tempo in stato di errore
                            ]]>
                            </value>
                        </Row>
                        <Row>
                            <name>
                            <![CDATA[
                            PTC.SCA.Mfg.KepServerMonitor.DeviceNameReq
                            ]]>
                            </name>
                            <value>
                            <![CDATA[
                            Nome dispositivo*
                            ]]>
                            </value>
                        </Row>
                        <Row>
                            <name>
                            <![CDATA[
                            PTC.SCA.Mfg.KepServerMonitor.DeviceProperties
                            ]]>
                            </name>
                            <value>
                            <![CDATA[
                            Proprietà dispositivo
                            ]]>
                            </value>
                        </Row>
                        <Row>
                            <name>
                            <![CDATA[
                            PTC.SCA.Mfg.KepServerMonitor.DeviceDetail
                            ]]>
                            </name>
                            <value>
                            <![CDATA[
                            Dettagli dispositivo
                            ]]>
                            </value>
                        </Row>
                        <Row>
                            <name>
                            <![CDATA[
                            PTC.SCA.Mfg.KepServerMonitor.CreateDevicePopUp
                            ]]>
                            </name>
                            <value>
                            <![CDATA[
                            CREA DISPOSITIVO
                            ]]>
                            </value>
                        </Row>
                        <Row>
                            <name>
                            <![CDATA[
                            PTC.SCA.Mfg.KepServerMonitor.CreateDevice
                            ]]>
                            </name>
                            <value>
                            <![CDATA[
                            Crea dispositivo
                            ]]>
                            </value>
                        </Row>
                        <Row>
                            <name>
                            <![CDATA[
                            PTC.SCA.Mfg.KepServerMonitor.EditDevicePopUp
                            ]]>
                            </name>
                            <value>
                            <![CDATA[
                            MODIFICA DISPOSITIVO
                            ]]>
                            </value>
                        </Row>
                        <Row>
                            <name>
                            <![CDATA[
                            PTC.SCA.Mfg.KepServerMonitor.EditDevice
                            ]]>
                            </name>
                            <value>
                            <![CDATA[
                            Modifica dispositivo
                            ]]>
                            </value>
                        </Row>
                        <Row>
                            <name>
                            <![CDATA[
                            PTC.SCA.Mfg.KepServerMonitor.DeleteDevice
                            ]]>
                            </name>
                            <value>
                            <![CDATA[
                            Elimina dispositivo
                            ]]>
                            </value>
                        </Row>
                        <Row>
                            <name>
                            <![CDATA[
                            PTC.Factory.AppliesOnlyKepware
                            ]]>
                            </name>
                            <value>
                            <![CDATA[
                            Si applica solo ai server Kepware
                            ]]>
                            </value>
                        </Row>
                        <Row>
                            <name>
                            <![CDATA[
                            PTC.SCA.Mfg.KepServerMonitor.DeviceAlreadyExist
                            ]]>
                            </name>
                            <value>
                            <![CDATA[
                            Errore durante la creazione di {0}. Lo stesso dispositivo esiste già nel sistema.
                            ]]>
                            </value>
                        </Row>
                        <Row>
                            <name>
                            <![CDATA[
                            PTC.SCA.Mfg.KepServerMonitor.DeviceCreationError
                            ]]>
                            </name>
                            <value>
                            <![CDATA[
                            I nomi non possono contenere caratteri speciali (* / : " ' > <) o due spazi consecutivi all'interno del valore.
                            ]]>
                            </value>
                        </Row>
                        <Row>
                            <name>
                            <![CDATA[
                            PTC.Factory.Connections
                            ]]>
                            </name>
                            <value>
                            <![CDATA[
                            Connessioni
                            ]]>
                            </value>
                        </Row>
                        <Row>
                            <name>
                            <![CDATA[
                            PTC.Factory.Aggregators
                            ]]>
                            </name>
                            <value>
                            <![CDATA[
                            Aggregatori
                            ]]>
                            </value>
                        </Row>
                        <Row>
                            <name>
                            <![CDATA[
                            PTC.Factory.DiscoverRemoteServer
                            ]]>
                            </name>
                            <value>
                            <![CDATA[
                            Individua server KEPServerEX e OPC legacy
                            ]]>
                            </value>
                        </Row>
                        <Row>
                            <name>
                            <![CDATA[
                            PTC.Factory.ConnectionType
                            ]]>
                            </name>
                            <value>
                            <![CDATA[
                            Tipo di connessione
                            ]]>
                            </value>
                        </Row>
                        <Row>
                            <name>
                            <![CDATA[
                            PTC.Factory.OPCServer
                            ]]>
                            </name>
                            <value>
                            <![CDATA[
                            Server OPC
                            ]]>
                            </value>
                        </Row>
                        <Row>
                            <name>
                            <![CDATA[
                            PTC.Factory.ConnectionInformation
                            ]]>
                            </name>
                            <value>
                            <![CDATA[
                            INFORMAZIONI DI CONNESSIONE
                            ]]>
                            </value>
                        </Row>
                        <Row>
                            <name>
                            <![CDATA[
                            PTC.Factory.ConnectionInformation.Name
                            ]]>
                            </name>
                            <value>
                            <![CDATA[
                            Nome:
                            ]]>
                            </value>
                        </Row>
                        <Row>
                            <name>
                            <![CDATA[
                            PTC.Factory.ConnectionInformation.Description
                            ]]>
                            </name>
                            <value>
                            <![CDATA[
                            Descrizione:
                            ]]>
                            </value>
                        </Row>
                        <Row>
                            <name>
                            <![CDATA[
                            PTC.Factory.ConnectionInformation.Legacy
                            ]]>
                            </name>
                            <value>
                            <![CDATA[
                            Legacy:
                            ]]>
                            </value>
                        </Row>
                        <Row>
                            <name>
                            <![CDATA[
                            PTC.Factory.ConnectionInformation.Disable
                            ]]>
                            </name>
                            <value>
                            <![CDATA[
                            Disattiva
                            ]]>
                            </value>
                        </Row>
                        <Row>
                            <name>
                            <![CDATA[
                            PTC.Factory.ViewConnectionInformation
                            ]]>
                            </name>
                            <value>
                            <![CDATA[
                            Visualizza informazioni di connessione
                            ]]>
                            </value>
                        </Row>
                        <Row>
                            <name>
                            <![CDATA[
                            PTC.Factory.AggregateName
                            ]]>
                            </name>
                            <value>
                            <![CDATA[
                            Nome aggregatore
                            ]]>
                            </value>
                        </Row>
                        <Row>
                            <name>
                            <![CDATA[
                            PTC.SCA.Mfg.KepServerMonitor.ServerAndConnOn
                            ]]>
                            </name>
                            <value>
                            <![CDATA[
                            Trasmissione dei dati in corso mediante la connessione
                            ]]>
                            </value>
                        </Row>
                        <Row>
                            <name>
                            <![CDATA[
                            PTC.SCA.Mfg.KepServerMonitor.ServerAndConnOff
                            ]]>
                            </name>
                            <value>
                            <![CDATA[
                            La connessione è OFF
                            ]]>
                            </value>
                        </Row>
                        <Row>
                            <name>
                            <![CDATA[
                            PTC.SCA.Mfg.KepServerMonitor.ServerAndConnWarning
                            ]]>
                            </name>
                            <value>
                            <![CDATA[
                            Nessuna trasmissione dei dati in corso mediante la connessione
                            ]]>
                            </value>
                        </Row>
                        <Row>
                            <name>
                            <![CDATA[
                            PTC.SCA.Mfg.KepServerMonitor.BadOrUnknownQualityTagsHeader
                            ]]>
                            </name>
                            <value>
                            <![CDATA[
                            Tag qualità dati non buona o sconosciuta
                            ]]>
                            </value>
                        </Row>
                        <Row>
                            <name>
                            <![CDATA[
                            PTC.SCA.Mfg.KepServerMonitor.Source
                            ]]>
                            </name>
                            <value>
                            <![CDATA[
                            Origine
                            ]]>
                            </value>
                        </Row>
                        <Row>
                            <name>
                            <![CDATA[
                            PTC.SCA.Mfg.KepServerMonitor.DataType
                            ]]>
                            </name>
                            <value>
                            <![CDATA[
                            Tipo di dati
                            ]]>
                            </value>
                        </Row>
                        <Row>
                            <name>
                            <![CDATA[
                            PTC.SCA.Mfg.KepServerMonitor.SourceDataType
                            ]]>
                            </name>
                            <value>
                            <![CDATA[
                            Tipo di dati di origine
                            ]]>
                            </value>
                        </Row>
                        <Row>
                            <name>
                            <![CDATA[
                            PTC.SCA.Mfg.KepServerMonitor.Quality
                            ]]>
                            </name>
                            <value>
                            <![CDATA[
                            Qualità
                            ]]>
                            </value>
                        </Row>
                        <Row>
                            <name>
                            <![CDATA[
                            PTC.SCA.SCO.ControlsAdvisor.PageDetailDescription
                            ]]>
                            </name>
                            <value>
                            <![CDATA[
                            Questa pagina generica di dettagli non è impostata. Per ulteriori informazioni, rivolgersi all'amministratore.
                            ]]>
                            </value>
                        </Row>
                        <Row>
                            <name>
                            <![CDATA[
                            PTC.SCA.SCO.ControlsAdvisor.FooterDescription
                            ]]>
                            </name>
                            <value>
                            <![CDATA[
                            Questa pagina generica di piè di pagina non è impostata. Per ulteriori informazioni, rivolgersi all'amministratore.
                            ]]>
                            </value>
                        </Row>
                        <Row>
                            <name>
                            <![CDATA[
                            PTC.SCA.SCO.ControlsAdvisor.InstructionDescription
                            ]]>
                            </name>
                            <value>
                            <![CDATA[
                            Questa pagina generica di istruzioni non è impostata. Per ulteriori informazioni, rivolgersi all'amministratore.
                            ]]>
                            </value>
                        </Row>
                        <Row>
                            <name>
                            <![CDATA[
                            PTC.SCA.SCO.ControlsAdvisor.ValueStreamExists
                            ]]>
                            </name>
                            <value>
                            <![CDATA[
                            Stream di valori già esistente per il server specificato {0}. Impossibile creare il server.
                            ]]>
                            </value>
                        </Row>
                        <Row>
                            <name>
                            <![CDATA[
                            PTC.SCA.SCO.ControlsAdvisor.LOWERCASE_PATH_WITH_COLON
                            ]]>
                            </name>
                            <value>
                            <![CDATA[
                            path:
                            ]]>
                            </value>
                        </Row>
                        <Row>
                            <name>
                            <![CDATA[
                            PTC.SCA.SCO.ControlsAdvisor.LOWERCASE_PORT_WITH_COLON
                            ]]>
                            </name>
                            <value>
                            <![CDATA[
                            port:
                            ]]>
                            </value>
                        </Row>
                        <Row>
                            <name>
                            <![CDATA[
                            PTC.SCA.SCO.ControlsAdvisor.LOWERCASE_HOST_WITH_COLON
                            ]]>
                            </name>
                            <value>
                            <![CDATA[
                            host:
                            ]]>
                            </value>
                        </Row>
                        <Row>
                            <name>
                            <![CDATA[
                            PTC.SCA.SCO.ControlsAdvisor.APPKEY_WITH_COLON
                            ]]>
                            </name>
                            <value>
                            <![CDATA[
                            appKey:
                            ]]>
                            </value>
                        </Row>
                        <Row>
                            <name>
                            <![CDATA[
                            PTC.SCA.SCO.ControlsAdvisor.LOWERCASE_NAME_WITH_COLON
                            ]]>
                            </name>
                            <value>
                            <![CDATA[
                            name:
                            ]]>
                            </value>
                        </Row>
                        <Row>
                            <name>
                            <![CDATA[
                            PTC.SCA.SCO.ControlsAdvisor.NITestStandLastShift
                            ]]>
                            </name>
                            <value>
                            <![CDATA[
                            Ultimo turno
                            ]]>
                            </value>
                        </Row>
                        <Row>
                            <name>
                            <![CDATA[
                            PTC.SCA.SCO.ControlsAdvisor.NITestStandCurrentUtilization
                            ]]>
                            </name>
                            <value>
                            <![CDATA[
                            Utilizzo corrente
                            ]]>
                            </value>
                        </Row>
                        <Row>
                            <name>
                            <![CDATA[
                            PTC.SCA.SCO.ControlsAdvisor.NITestStandStation.WithColon
                            ]]>
                            </name>
                            <value>
                            <![CDATA[
                            Stazione:
                            ]]>
                            </value>
                        </Row>
                        <Row>
                            <name>
                            <![CDATA[
                            PTC.SCA.SCO.ControlsAdvisor.NITestStandStation
                            ]]>
                            </name>
                            <value>
                            <![CDATA[
                            Stazione
                            ]]>
                            </value>
                        </Row>
                        <Row>
                            <name>
                            <![CDATA[
                            PTC.SCA.SCO.ControlsAdvisor.NITestStandSequence.WithColon
                            ]]>
                            </name>
                            <value>
                            <![CDATA[
                            Sequenza:
                            ]]>
                            </value>
                        </Row>
                        <Row>
                            <name>
                            <![CDATA[
                            PTC.SCA.SCO.ControlsAdvisor.NITestStandSequence
                            ]]>
                            </name>
                            <value>
                            <![CDATA[
                            Sequenza
                            ]]>
                            </value>
                        </Row>
                        <Row>
                            <name>
                            <![CDATA[
                            PTC.SCA.SCO.ControlsAdvisor.NITestStandDuration.WithColon
                            ]]>
                            </name>
                            <value>
                            <![CDATA[
                            Durata:
                            ]]>
                            </value>
                        </Row>
                        <Row>
                            <name>
                            <![CDATA[
                            PTC.SCA.SCO.ControlsAdvisor.NITestStandDuration
                            ]]>
                            </name>
                            <value>
                            <![CDATA[
                            Durata
                            ]]>
                            </value>
                        </Row>
                        <Row>
                            <name>
                            <![CDATA[
                            PTC.SCA.SCO.ControlsAdvisor.NITestStandLastStep.WithColon
                            ]]>
                            </name>
                            <value>
                            <![CDATA[
                            Ultimo passo:
                            ]]>
                            </value>
                        </Row>
                        <Row>
                            <name>
                            <![CDATA[
                            PTC.SCA.SCO.ControlsAdvisor.NITestStandResult.WithColon
                            ]]>
                            </name>
                            <value>
                            <![CDATA[
                            Risultato:
                            ]]>
                            </value>
                        </Row>
                        <Row>
                            <name>
                            <![CDATA[
                            PTC.SCA.SCO.ControlsAdvisor.NITestStandResult
                            ]]>
                            </name>
                            <value>
                            <![CDATA[
                            Risultato
                            ]]>
                            </value>
                        </Row>
                        <Row>
                            <name>
                            <![CDATA[
                            PTC.SCA.SCO.ControlsAdvisor.NITestStandSequenceResult
                            ]]>
                            </name>
                            <value>
                            <![CDATA[
                            Risultato sequenza
                            ]]>
                            </value>
                        </Row>
                        <Row>
                            <name>
                            <![CDATA[
                            PTC.SCA.SCO.ControlsAdvisor.NITestStandLastSequenceRun
                            ]]>
                            </name>
                            <value>
                            <![CDATA[
                            Ultima sequenza eseguita
                            ]]>
                            </value>
                        </Row>
                        <Row>
                            <name>
                            <![CDATA[
                            PTC.SCA.SCO.ControlsAdvisor.NITestStandStartTime
                            ]]>
                            </name>
                            <value>
                            <![CDATA[
                            Inizio
                            ]]>
                            </value>
                        </Row>
                        <Row>
                            <name>
                            <![CDATA[
                            PTC.SCA.SCO.ControlsAdvisor.NITestStandReasonForFailure
                            ]]>
                            </name>
                            <value>
                            <![CDATA[
                            Motivo dell'errore
                            ]]>
                            </value>
                        </Row>
                        <Row>
                            <name>
                            <![CDATA[
                            PTC.SCA.SCO.ControlsAdvisor.NITestStandRunning
                            ]]>
                            </name>
                            <value>
                            <![CDATA[
                            IN ESECUZIONE
                            ]]>
                            </value>
                        </Row>
                        <Row>
                            <name>
                            <![CDATA[
                            PTC.SCA.SCO.ControlsAdvisor.NITestStandIdle
                            ]]>
                            </name>
                            <value>
                            <![CDATA[
                            INATTIVO
                            ]]>
                            </value>
                        </Row>
                        <Row>
                            <name>
                            <![CDATA[
                            PTC.SCA.SCO.ControlsAdvisor.NITestStandTestHistory
                            ]]>
                            </name>
                            <value>
                            <![CDATA[
                            Cronologia test (ultime 6 sequenze)
                            ]]>
                            </value>
                        </Row>
                        <Row>
                            <name>
                            <![CDATA[
                            PTC.SCA.SCO.ControlsAdvisor.TrendNumberOfTestsRun
                            ]]>
                            </name>
                            <value>
                            <![CDATA[
                            Trend: numero di test eseguiti
                            ]]>
                            </value>
                        </Row>
                        <Row>
                            <name>
                            <![CDATA[
                            PTC.SCA.SCO.ControlsAdvisor.TestHistoryDetails
                            ]]>
                            </name>
                            <value>
                            <![CDATA[
                            Dettagli cronologia test
                            ]]>
                            </value>
                        </Row>
                        <Row>
                            <name>
                            <![CDATA[
                            PTC.SCA.SCO.ControlsAdvisor.NITestStandTestHistoryTrendName
                            ]]>
                            </name>
                            <value>
                            <![CDATA[
                            Sequenze di test eseguite
                            ]]>
                            </value>
                        </Row>
                        <Row>
                            <name>
                            <![CDATA[
                            PTC.SCA.SCO.ControlsAdvisor.AppKeyUsername
                            ]]>
                            </name>
                            <value>
                            <![CDATA[
                            Nome utente chiave di accesso *
                            ]]>
                            </value>
                        </Row>
                        <Row>
                            <name>
                            <![CDATA[
                            PTC.SCA.SCO.ControlsAdvisor.AppKeyExpDate
                            ]]>
                            </name>
                            <value>
                            <![CDATA[
                            Data di scadenza chiave di accesso *
                            ]]>
                            </value>
                        </Row>
                    </Rows>
                </ConfigurationTable>
            </ConfigurationTables>
        </LocalizationTable>
    </LocalizationTables>
</Entities>
