<?xml version="1.0" encoding="UTF-8"?>
<Entities>
    <LocalizationTables>
        <LocalizationTable
         description="Default localization table"
         homeMashup=""
         name="Default"
         tags="PTC:factory-mv">
            <avatar></avatar>
            <DesignTimePermissions>
                <Create></Create>
                <Read></Read>
                <Update></Update>
                <Delete></Delete>
                <Metadata></Metadata>
            </DesignTimePermissions>
            <RunTimePermissions></RunTimePermissions>
            <VisibilityPermissions>
                <Visibility>
                    <Principal
                     isPermitted="true"
                     name="PTC.Factory.MachineVisibility"
                     type="Organization"></Principal>
                </Visibility>
            </VisibilityPermissions>
            <ConfigurationTables>
                <ConfigurationTable
                 description="Localization Tokens"
                 isMultiRow="true"
                 name="LocalizationTokens"
                 ordinal="0">
                    <DataShape>
                        <FieldDefinitions>
                            <FieldDefinition
                             aspect.friendlyName="Token name"
                             baseType="STRING"
                             description="Token name"
                             name="name"
                             ordinal="0"></FieldDefinition>
                            <FieldDefinition
                             aspect.friendlyName="Token value"
                             baseType="STRING"
                             description="Token value"
                             name="value"
                             ordinal="1"></FieldDefinition>
                        </FieldDefinitions>
                    </DataShape>
                    <Rows>
                        <Row>
                            <name>
                            <![CDATA[
                            PTC.Factory.No
                            ]]>
                            </name>
                            <value>
                            <![CDATA[
                            No
                            ]]>
                            </value>
                        </Row>
                        <Row>
                            <name>
                            <![CDATA[
                            PTC.Factory.Yes
                            ]]>
                            </name>
                            <value>
                            <![CDATA[
                            Yes
                            ]]>
                            </value>
                        </Row>
                        <Row>
                            <name>
                            <![CDATA[
                            PTC.Factory.View List
                            ]]>
                            </name>
                            <value>
                            <![CDATA[
                            View
                            ]]>
                            </value>
                        </Row>
                        <Row>
                            <name>
                            <![CDATA[
                            PTC.Factory.Properties
                            ]]>
                            </name>
                            <value>
                            <![CDATA[
                            Properties
                            ]]>
                            </value>
                        </Row>
                        <Row>
                            <name>
                            <![CDATA[
                            PTC.Factory.Client Count
                            ]]>
                            </name>
                            <value>
                            <![CDATA[
                            Client Count
                            ]]>
                            </value>
                        </Row>
                        <Row>
                            <name>
                            <![CDATA[
                            PTC.Factory.Device Count
                            ]]>
                            </name>
                            <value>
                            <![CDATA[
                            Devices ({0})
                            ]]>
                            </value>
                        </Row>
                        <Row>
                            <name>
                            <![CDATA[
                            PTC.Factory.Devices
                            ]]>
                            </name>
                            <value>
                            <![CDATA[
                            Devices
                            ]]>
                            </value>
                        </Row>
                        <Row>
                            <name>
                            <![CDATA[
                            PTC.Factory.New Devices
                            ]]>
                            </name>
                            <value>
                            <![CDATA[
                            New Devices
                            ]]>
                            </value>
                        </Row>
                        <Row>
                            <name>
                            <![CDATA[
                            PTC.Factory.Removed Devices
                            ]]>
                            </name>
                            <value>
                            <![CDATA[
                            Removed Devices
                            ]]>
                            </value>
                        </Row>
                        <Row>
                            <name>
                            <![CDATA[
                            PTC.Factory.ConnectionTime
                            ]]>
                            </name>
                            <value>
                            <![CDATA[
                            Connection Time
                            ]]>
                            </value>
                        </Row>
                        <Row>
                            <name>
                            <![CDATA[
                            PTC.Factory.Tag Count
                            ]]>
                            </name>
                            <value>
                            <![CDATA[
                            Tag Count
                            ]]>
                            </value>
                        </Row>
                        <Row>
                            <name>
                            <![CDATA[
                            PTC.Factory.Connection Details
                            ]]>
                            </name>
                            <value>
                            <![CDATA[
                            Connection Details
                            ]]>
                            </value>
                        </Row>
                        <Row>
                            <name>
                            <![CDATA[
                            PTC.Factory.Create Connection
                            ]]>
                            </name>
                            <value>
                            <![CDATA[
                            CREATE CONNECTION
                            ]]>
                            </value>
                        </Row>
                        <Row>
                            <name>
                            <![CDATA[
                            PTC.Factory.CreateConnection
                            ]]>
                            </name>
                            <value>
                            <![CDATA[
                            Create Connection
                            ]]>
                            </value>
                        </Row>
                        <Row>
                            <name>
                            <![CDATA[
                            PTC.SCA.Mfg.KepServerMonitor.CreateConnectionPopUp
                            ]]>
                            </name>
                            <value>
                            <![CDATA[
                            CREATE CONNECTION
                            ]]>
                            </value>
                        </Row>
                        <Row>
                            <name>
                            <![CDATA[
                            PTC.Factory.Thing Name
                            ]]>
                            </name>
                            <value>
                            <![CDATA[
                            Connection Name *
                            ]]>
                            </value>
                        </Row>
                        <Row>
                            <name>
                            <![CDATA[
                            PTC.Factory.EnterConnectionName
                            ]]>
                            </name>
                            <value>
                            <![CDATA[
                            Enter a name for the connection
                            ]]>
                            </value>
                        </Row>
                        <Row>
                            <name>
                            <![CDATA[
                            PTC.Factory.EnterDeviceName
                            ]]>
                            </name>
                            <value>
                            <![CDATA[
                            Enter a Device Name
                            ]]>
                            </value>
                        </Row>
                        <Row>
                            <name>
                            <![CDATA[
                            PTC.SCA.SCO.ControlsAdvisor.ServerExists
                            ]]>
                            </name>
                            <value>
                            <![CDATA[
                            This connection name is used for an existing connection. Enter a new connection name.
                            ]]>
                            </value>
                        </Row>
                        <Row>
                            <name>
                            <![CDATA[
                            PTC.Factory.Instruction
                            ]]>
                            </name>
                            <value>
                            <![CDATA[
                            Instructions to Complete Connection
                            ]]>
                            </value>
                        </Row>
                        <Row>
                            <name>
                            <![CDATA[
                            PTC.Factory.InstructionNote1
                            ]]>
                            </name>
                            <value>
                            <![CDATA[
                            Important! You need your app key and Thing name later. Please note these in a separate location.
                            ]]>
                            </value>
                        </Row>
                        <!-- DEPRECATED-L This token will be deleted in a future release.-->
                        <Row>
                            <name>
                            <![CDATA[
                            PTC.Factory.NITestStandInstructionNote1
                            ]]>
                            </name>
                            <value>
                            <![CDATA[
                            After installing both NI TestStand and Edge MicroServer (EMS), follow these steps to complete your EMS configuration.
                            ]]>
                            </value>
                        </Row>
                        <!-- DEPRECATED-L This token will be deleted in a future release.-->
                        <Row>
                            <name>
                            <![CDATA[
                            PTC.Factory.NITestStandInstructionNote2
                            ]]>
                            </name>
                            <value>
                            <![CDATA[
                            <span class='factory_black_11'><b>1. </b>Edit your &lt;EMS installation&gt;/etc/config.json file to set the following values:</span>
                            ]]>
                            </value>
                        </Row>
                        <!-- DEPRECATED-L This token will be deleted in a future release.-->
                        <Row>
                            <name>
                            <![CDATA[
                            PTC.Factory.NITestStandInstructionNote3
                            ]]>
                            </name>
                            <value>
                            <![CDATA[
                            Inside "ws_servers":
                            ]]>
                            </value>
                        </Row>
                        <!-- DEPRECATED-L This token will be deleted in a future release.-->
                        <Row>
                            <name>
                            <![CDATA[
                            PTC.Factory.NITestStandInstructionNote4
                            ]]>
                            </name>
                            <value>
                            <![CDATA[
                            Inside "auto_bind":
                            ]]>
                            </value>
                        </Row>
                        <!-- DEPRECATED-L This token will be deleted in a future release.-->
                        <Row>
                            <name>
                            <![CDATA[
                            PTC.Factory.NITestStandInstructionNote5
                            ]]>
                            </name>
                            <value>
                            <![CDATA[
                            <span class='factory_black_11'><b>2. </b>Restart your EMS.</span>
                            ]]>
                            </value>
                        </Row>
                        <Row>
                            <name>
                            <![CDATA[
                            PTC.Factory.InstructionNote2
                            ]]>
                            </name>
                            <value>
                            <![CDATA[
                            Go to your server and complete these easy steps:
                            ]]>
                            </value>
                        </Row>
                        <Row>
                            <name>
                            <![CDATA[
                            PTC.Factory.InstructionNote3
                            ]]>
                            </name>
                            <value>
                            <![CDATA[
                            <span class='factory_black_11'>1. Right-click on the <b>Project</b> folder and select <b>Properties</b>.</span>
                            ]]>
                            </value>
                        </Row>
                        <Row>
                            <name>
                            <![CDATA[
                            PTC.Factory.InstructionNote4
                            ]]>
                            </name>
                            <value>
                            <![CDATA[
                            2. Under the ThingWorx tab, set the following:
                            ]]>
                            </value>
                        </Row>
                        <Row>
                            <name>
                            <![CDATA[
                            PTC.Factory.InstructionEnableString
                            ]]>
                            </name>
                            <value>
                            <![CDATA[
                            Enable:
                            ]]>
                            </value>
                        </Row>
                        <Row>
                            <name>
                            <![CDATA[
                            PTC.Factory.InstructionHostString
                            ]]>
                            </name>
                            <value>
                            <![CDATA[
                            Host:
                            ]]>
                            </value>
                        </Row>
                        <Row>
                            <name>
                            <![CDATA[
                            PTC.Factory.InstructionPortString
                            ]]>
                            </name>
                            <value>
                            <![CDATA[
                            Port:
                            ]]>
                            </value>
                        </Row>
                        <Row>
                            <name>
                            <![CDATA[
                            PTC.Factory.InstructionThingNameString
                            ]]>
                            </name>
                            <value>
                            <![CDATA[
                            Thing name:
                            ]]>
                            </value>
                        </Row>
                        <Row>
                            <name>
                            <![CDATA[
                            PTC.Factory.InstructionApplicationKeyString
                            ]]>
                            </name>
                            <value>
                            <![CDATA[
                            Application Key:
                            ]]>
                            </value>
                        </Row>
                        <Row>
                            <name>
                            <![CDATA[
                            PTC.Factory.InstructionTrustedSelfSignedCertificatesString
                            ]]>
                            </name>
                            <value>
                            <![CDATA[
                            Trust self-signed certificates:
                            ]]>
                            </value>
                        </Row>
                        <Row>
                            <name>
                            <![CDATA[
                            PTC.Factory.InstructionTrustAllCertificatesString
                            ]]>
                            </name>
                            <value>
                            <![CDATA[
                            Trust all certificates:
                            ]]>
                            </value>
                        </Row>
                        <Row>
                            <name>
                            <![CDATA[
                            PTC.Factory.InstructionDisableEncryptionString
                            ]]>
                            </name>
                            <value>
                            <![CDATA[
                            Disable encryption:
                            ]]>
                            </value>
                        </Row>
                        <Row>
                            <name>
                            <![CDATA[
                            PTC.Factory.PrintInstructions
                            ]]>
                            </name>
                            <value>
                            <![CDATA[
                            Print Instructions
                            ]]>
                            </value>
                        </Row>
                        <Row>
                            <name>
                            <![CDATA[
                            PTC.Factory.CONNECTIONS
                            ]]>
                            </name>
                            <value>
                            <![CDATA[
                            CONNECTIONS
                            ]]>
                            </value>
                        </Row>
                        <Row>
                            <name>
                            <![CDATA[
                            PTC.SCA.SCO.KEPServerLogs
                            ]]>
                            </name>
                            <value>
                            <![CDATA[
                            KEPServerEX Event Log
                            ]]>
                            </value>
                        </Row>
                        <Row>
                            <name>
                            <![CDATA[
                            PTC.Factory.EditConnection
                            ]]>
                            </name>
                            <value>
                            <![CDATA[
                            Edit Connection
                            ]]>
                            </value>
                        </Row>
                        <Row>
                            <name>
                            <![CDATA[
                            PTC.Factory.Status
                            ]]>
                            </name>
                            <value>
                            <![CDATA[
                            Server Status
                            ]]>
                            </value>
                        </Row>
                        <Row>
                            <name>
                            <![CDATA[
                            PTC.Factory.Device in Error
                            ]]>
                            </name>
                            <value>
                            <![CDATA[
                            Device Status
                            ]]>
                            </value>
                        </Row>
                        <Row>
                            <name>
                            <![CDATA[
                            PTC.Factory.Device ID
                            ]]>
                            </name>
                            <value>
                            <![CDATA[
                            Device ID
                            ]]>
                            </value>
                        </Row>
                        <Row>
                            <name>
                            <![CDATA[
                            PTC.Factory.Scan Mode
                            ]]>
                            </name>
                            <value>
                            <![CDATA[
                            Scan Mode
                            ]]>
                            </value>
                        </Row>
                        <Row>
                            <name>
                            <![CDATA[
                            PTC.Factory.Simulated
                            ]]>
                            </name>
                            <value>
                            <![CDATA[
                            Simulated
                            ]]>
                            </value>
                        </Row>
                        <Row>
                            <name>
                            <![CDATA[
                            PTC.Factory.Time In Error
                            ]]>
                            </name>
                            <value>
                            <![CDATA[
                            Time in Error (s)
                            ]]>
                            </value>
                        </Row>
                        <Row>
                            <name>
                            <![CDATA[
                            PTC.Factory.Connection Type
                            ]]>
                            </name>
                            <value>
                            <![CDATA[
                            Connection Type
                            ]]>
                            </value>
                        </Row>
                        <Row>
                            <name>
                            <![CDATA[
                            PTC.Factory.Device Name
                            ]]>
                            </name>
                            <value>
                            <![CDATA[
                            Device Name
                            ]]>
                            </value>
                        </Row>
                        <Row>
                            <name>
                            <![CDATA[
                            PTC.Factory.DEVICE LIST:
                            ]]>
                            </name>
                            <value>
                            <![CDATA[
                            DEVICE LIST: {0}
                            ]]>
                            </value>
                        </Row>
                        <Row>
                            <name>
                            <![CDATA[
                            PTC.Factory.DEVICE NAME:
                            ]]>
                            </name>
                            <value>
                            <![CDATA[
                            DEVICE NAME: {0}
                            ]]>
                            </value>
                        </Row>
                        <Row>
                            <name>
                            <![CDATA[
                            PTC.Factory.Mode
                            ]]>
                            </name>
                            <value>
                            <![CDATA[
                            Demotion State
                            ]]>
                            </value>
                        </Row>
                        <Row>
                            <name>
                            <![CDATA[
                            PTC.Factory.View
                            ]]>
                            </name>
                            <value>
                            <![CDATA[
                            View
                            ]]>
                            </value>
                        </Row>
                        <Row>
                            <name>
                            <![CDATA[
                            PTC.Factory.Channel
                            ]]>
                            </name>
                            <value>
                            <![CDATA[
                            Channel
                            ]]>
                            </value>
                        </Row>
                        <Row>
                            <name>
                            <![CDATA[
                            PTC.Factory.Error.GetDevicesError
                            ]]>
                            </name>
                            <value>
                            <![CDATA[
                            Error in retrieving devices
                            ]]>
                            </value>
                        </Row>
                        <Row>
                            <name>
                            <![CDATA[
                            PTC.Factory.DiscoverDevices.ToolTip
                            ]]>
                            </name>
                            <value>
                            <![CDATA[
                            Discover Devices
                            ]]>
                            </value>
                        </Row>
                        <Row>
                            <name>
                            <![CDATA[
                            PTC.Factory.DETAILS.ToolTip
                            ]]>
                            </name>
                            <value>
                            <![CDATA[
                            View Connection Details
                            ]]>
                            </value>
                        </Row>
                        <Row>
                            <name>
                            <![CDATA[
                            PTC.Factory.DeleteDevices.TITLE
                            ]]>
                            </name>
                            <value>
                            <![CDATA[
                            DELETE DEVICE
                            ]]>
                            </value>
                        </Row>
                        <Row>
                            <name>
                            <![CDATA[
                            PTC.Factory.DeleteDevices.CONFIRM
                            ]]>
                            </name>
                            <value>
                            <![CDATA[
                            Are you sure you want to delete the device {0}?
                            ]]>
                            </value>
                        </Row>
                        <Row>
                            <name>
                            <![CDATA[
                            PTC.Factory.DiscoverDevices.TITLE
                            ]]>
                            </name>
                            <value>
                            <![CDATA[
                            DISCOVER DEVICES?
                            ]]>
                            </value>
                        </Row>
                        <Row>
                            <name>
                            <![CDATA[
                            PTC.Factory.DiscoverDevices.Confirm
                            ]]>
                            </name>
                            <value>
                            <![CDATA[
                            Discovering devices may take some time and slow performance. You can leave this page, and device discovery will continue in the background. Click OK to proceed with discovering devices.
                            ]]>
                            </value>
                        </Row>
                        <Row>
                            <name>
                            <![CDATA[
                            PTC.Factory.DiscoverDevices.Success
                            ]]>
                            </name>
                            <value>
                            <![CDATA[
                            Devices were successfully discovered
                            ]]>
                            </value>
                        </Row>
                        <Row>
                            <name>
                            <![CDATA[
                            PTC.Factory.Error.FailToRemoveDevice
                            ]]>
                            </name>
                            <value>
                            <![CDATA[
                            Failed to remove device on ThingWorx side
                            ]]>
                            </value>
                        </Row>
                        <Row>
                            <name>
                            <![CDATA[
                            PTC.Factory.RediscoverRemoteServers.Error.Message
                            ]]>
                            </name>
                            <value>
                            <![CDATA[
                            No new server added
                            ]]>
                            </value>
                        </Row>
                        <Row>
                            <name>
                            <![CDATA[
                            PTC.Factory.DiscoverRemoteServers.TITLE
                            ]]>
                            </name>
                            <value>
                            <![CDATA[
                            DISCOVER LEGACY KEPServerEX AND OPC SERVERS
                            ]]>
                            </value>
                        </Row>
                        <Row>
                            <name>
                            <![CDATA[
                            PTC.Factory.DiscoverRemoteServers.Confirm
                            ]]>
                            </name>
                            <value>
                            <![CDATA[
                            Although it may take some time and could slow performance, it continues to work in the background after you leave the page.
                            ]]>
                            </value>
                        </Row>
                        <Row>
                            <name>
                            <![CDATA[
                            PTC.Factory.DiscoverServers.Success
                            ]]>
                            </name>
                            <value>
                            <![CDATA[
                            Discovery of Legacy KEPServerEX and OPC Servers was successful
                            ]]>
                            </value>
                        </Row>
                        <Row>
                            <name>
                            <![CDATA[
                            PTC.Factory.Error.FailToUnsubscribeTags
                            ]]>
                            </name>
                            <value>
                            <![CDATA[
                            Failed to unsubscribe tags of device on ThingWorx side
                            ]]>
                            </value>
                        </Row>
                        <Row>
                            <name>
                            <![CDATA[
                            PTC.Factory.Period.LastWeek
                            ]]>
                            </name>
                            <value>
                            <![CDATA[
                            Last Week
                            ]]>
                            </value>
                        </Row>
                        <Row>
                            <name>
                            <![CDATA[
                            PTC.Factory.Period.LastHour
                            ]]>
                            </name>
                            <value>
                            <![CDATA[
                            Last Hour
                            ]]>
                            </value>
                        </Row>
                        <Row>
                            <name>
                            <![CDATA[
                            PTC.Factory.Period.LastDay
                            ]]>
                            </name>
                            <value>
                            <![CDATA[
                            Last Day
                            ]]>
                            </value>
                        </Row>
                        <Row>
                            <name>
                            <![CDATA[
                            PTC.Factory.TrendClientCountDateSelection
                            ]]>
                            </name>
                            <value>
                            <![CDATA[
                            Client Count
                            ]]>
                            </value>
                        </Row>
                        <Row>
                            <name>
                            <![CDATA[
                            PTC.Factory.TrendTagCountDateSelection
                            ]]>
                            </name>
                            <value>
                            <![CDATA[
                            Tag Count Trend
                            ]]>
                            </value>
                        </Row>
                        <Row>
                            <name>
                            <![CDATA[
                            PTC.Factory.InError
                            ]]>
                            </name>
                            <value>
                            <![CDATA[
                            In Error
                            ]]>
                            </value>
                        </Row>
                        <Row>
                            <name>
                            <![CDATA[
                            PTC.Factory.InError24h
                            ]]>
                            </name>
                            <value>
                            <![CDATA[
                            Error in the past 24h
                            ]]>
                            </value>
                        </Row>
                        <Row>
                            <name>
                            <![CDATA[
                            PTC.Factory.Good
                            ]]>
                            </name>
                            <value>
                            <![CDATA[
                            Normal
                            ]]>
                            </value>
                        </Row>
                        <Row>
                            <name>
                            <![CDATA[
                            PTC.Factory.N/A
                            ]]>
                            </name>
                            <value>
                            <![CDATA[
                            N/A
                            ]]>
                            </value>
                        </Row>
                        <Row>
                            <name>
                            <![CDATA[
                            PTC.Factory.ServerStatus
                            ]]>
                            </name>
                            <value>
                            <![CDATA[
                            Status
                            ]]>
                            </value>
                        </Row>
                        <Row>
                            <name>
                            <![CDATA[
                            PTC.Factory.DeviceStatus
                            ]]>
                            </name>
                            <value>
                            <![CDATA[
                            Status
                            ]]>
                            </value>
                        </Row>
                        <Row>
                            <name>
                            <![CDATA[
                            PTC.Factory.DescriptionWarning
                            ]]>
                            </name>
                            <value>
                            <![CDATA[
                            Description is invalid. Enter a string not more than 200 characters.
                            ]]>
                            </value>
                        </Row>
                        <Row>
                            <name>
                            <![CDATA[
                            PTC.Factory.Since
                            ]]>
                            </name>
                            <value>
                            <![CDATA[
                            UPDATED
                            ]]>
                            </value>
                        </Row>
                        <Row>
                            <name>
                            <![CDATA[
                            PTC.Factory.LastDiscovery
                            ]]>
                            </name>
                            <value>
                            <![CDATA[
                            Last Device Discovery
                            ]]>
                            </value>
                        </Row>
                        <Row>
                            <name>
                            <![CDATA[
                            PTC.Factory.Updated
                            ]]>
                            </name>
                            <value>
                            <![CDATA[
                            Updated
                            ]]>
                            </value>
                        </Row>
                        <Row>
                            <name>
                            <![CDATA[
                            PTC.Factory.Disabled
                            ]]>
                            </name>
                            <value>
                            <![CDATA[
                            Disabled
                            ]]>
                            </value>
                        </Row>
                        <Row>
                            <name>
                            <![CDATA[
                            PTC.SCA.Mfg.KepServerMonitor.SuccessfulRead
                            ]]>
                            </name>
                            <value>
                            <![CDATA[
                            Successful Read
                            ]]>
                            </value>
                        </Row>
                        <Row>
                            <name>
                            <![CDATA[
                            PTC.SCA.Mfg.KepServerMonitor.SuccessfulWrite
                            ]]>
                            </name>
                            <value>
                            <![CDATA[
                            Successful Write
                            ]]>
                            </value>
                        </Row>
                        <Row>
                            <name>
                            <![CDATA[
                            PTC.SCA.Mfg.KepServerMonitor.FailedRead
                            ]]>
                            </name>
                            <value>
                            <![CDATA[
                            Failed Read
                            ]]>
                            </value>
                        </Row>
                        <Row>
                            <name>
                            <![CDATA[
                            PTC.SCA.Mfg.KepServerMonitor.FailedWrite
                            ]]>
                            </name>
                            <value>
                            <![CDATA[
                            Failed Write
                            ]]>
                            </value>
                        </Row>
                        <Row>
                            <name>
                            <![CDATA[
                            PTC.SCA.Mfg.KepServerMonitor.PendingRead
                            ]]>
                            </name>
                            <value>
                            <![CDATA[
                            Pending Read
                            ]]>
                            </value>
                        </Row>
                        <Row>
                            <name>
                            <![CDATA[
                            PTC.SCA.Mfg.KepServerMonitor.PendingWrite
                            ]]>
                            </name>
                            <value>
                            <![CDATA[
                            Pending Write
                            ]]>
                            </value>
                        </Row>
                        <Row>
                            <name>
                            <![CDATA[
                            PTC.SCA.Mfg.KepServerMonitor.Tx
                            ]]>
                            </name>
                            <value>
                            <![CDATA[
                            Tx
                            ]]>
                            </value>
                        </Row>
                        <Row>
                            <name>
                            <![CDATA[
                            PTC.SCA.Mfg.KepServerMonitor.Rx
                            ]]>
                            </name>
                            <value>
                            <![CDATA[
                            Rx
                            ]]>
                            </value>
                        </Row>
                        <Row>
                            <name>
                            <![CDATA[
                            PTC.SCA.Mfg.KepServerMonitor.ErrorState
                            ]]>
                            </name>
                            <value>
                            <![CDATA[
                            Error State
                            ]]>
                            </value>
                        </Row>
                        <Row>
                            <name>
                            <![CDATA[
                            PTC.SCA.Mfg.KepServerMonitor.TimeInError
                            ]]>
                            </name>
                            <value>
                            <![CDATA[
                            Time In Error
                            ]]>
                            </value>
                        </Row>
                        <Row>
                            <name>
                            <![CDATA[
                            PTC.SCA.Mfg.KepServerMonitor.DeviceNameReq
                            ]]>
                            </name>
                            <value>
                            <![CDATA[
                            Device Name*
                            ]]>
                            </value>
                        </Row>
                        <Row>
                            <name>
                            <![CDATA[
                            PTC.SCA.Mfg.KepServerMonitor.DeviceProperties
                            ]]>
                            </name>
                            <value>
                            <![CDATA[
                            Device Properties
                            ]]>
                            </value>
                        </Row>
                        <Row>
                            <name>
                            <![CDATA[
                            PTC.SCA.Mfg.KepServerMonitor.DeviceDetail
                            ]]>
                            </name>
                            <value>
                            <![CDATA[
                            Device Detail
                            ]]>
                            </value>
                        </Row>
                        <Row>
                            <name>
                            <![CDATA[
                            PTC.SCA.Mfg.KepServerMonitor.CreateDevicePopUp
                            ]]>
                            </name>
                            <value>
                            <![CDATA[
                            CREATE DEVICE
                            ]]>
                            </value>
                        </Row>
                        <Row>
                            <name>
                            <![CDATA[
                            PTC.SCA.Mfg.KepServerMonitor.CreateDevice
                            ]]>
                            </name>
                            <value>
                            <![CDATA[
                            Create Device
                            ]]>
                            </value>
                        </Row>
                        <Row>
                            <name>
                            <![CDATA[
                            PTC.SCA.Mfg.KepServerMonitor.EditDevicePopUp
                            ]]>
                            </name>
                            <value>
                            <![CDATA[
                            EDIT DEVICE
                            ]]>
                            </value>
                        </Row>
                        <Row>
                            <name>
                            <![CDATA[
                            PTC.SCA.Mfg.KepServerMonitor.EditDevice
                            ]]>
                            </name>
                            <value>
                            <![CDATA[
                            Edit Device
                            ]]>
                            </value>
                        </Row>
                        <Row>
                            <name>
                            <![CDATA[
                            PTC.SCA.Mfg.KepServerMonitor.DeleteDevice
                            ]]>
                            </name>
                            <value>
                            <![CDATA[
                            Delete Device
                            ]]>
                            </value>
                        </Row>
                        <Row>
                            <name>
                            <![CDATA[
                            PTC.Factory.AppliesOnlyKepware
                            ]]>
                            </name>
                            <value>
                            <![CDATA[
                            Applies only to Kepware Servers
                            ]]>
                            </value>
                        </Row>
                        <Row>
                            <name>
                            <![CDATA[
                            PTC.SCA.Mfg.KepServerMonitor.DeviceAlreadyExist
                            ]]>
                            </name>
                            <value>
                            <![CDATA[
                            Error while creating {0}. Same device already exists in the system.
                            ]]>
                            </value>
                        </Row>
                        <Row>
                            <name>
                            <![CDATA[
                            PTC.SCA.Mfg.KepServerMonitor.DeviceCreationError
                            ]]>
                            </name>
                            <value>
                            <![CDATA[
                            Names cannot include special characters (* / : " ' > <) or two consecutive spaces within the value.
                            ]]>
                            </value>
                        </Row>
                        <Row>
                            <name>
                            <![CDATA[
                            PTC.Factory.Connections
                            ]]>
                            </name>
                            <value>
                            <![CDATA[
                            Connections
                            ]]>
                            </value>
                        </Row>
                        <Row>
                            <name>
                            <![CDATA[
                            PTC.Factory.Aggregators
                            ]]>
                            </name>
                            <value>
                            <![CDATA[
                            Aggregators
                            ]]>
                            </value>
                        </Row>
                        <Row>
                            <name>
                            <![CDATA[
                            PTC.Factory.DiscoverRemoteServer
                            ]]>
                            </name>
                            <value>
                            <![CDATA[
                            Discover Legacy KEPServerEX and OPC Servers
                            ]]>
                            </value>
                        </Row>
                        <Row>
                            <name>
                            <![CDATA[
                            PTC.Factory.ConnectionType
                            ]]>
                            </name>
                            <value>
                            <![CDATA[
                            Connection Type
                            ]]>
                            </value>
                        </Row>
                        <Row>
                            <name>
                            <![CDATA[
                            PTC.Factory.OPCServer
                            ]]>
                            </name>
                            <value>
                            <![CDATA[
                            OPC Server
                            ]]>
                            </value>
                        </Row>
                        <Row>
                            <name>
                            <![CDATA[
                            PTC.Factory.ConnectionInformation
                            ]]>
                            </name>
                            <value>
                            <![CDATA[
                            CONNECTION INFORMATION
                            ]]>
                            </value>
                        </Row>
                        <Row>
                            <name>
                            <![CDATA[
                            PTC.Factory.ConnectionInformation.Name
                            ]]>
                            </name>
                            <value>
                            <![CDATA[
                            Name:
                            ]]>
                            </value>
                        </Row>
                        <Row>
                            <name>
                            <![CDATA[
                            PTC.Factory.ConnectionInformation.Description
                            ]]>
                            </name>
                            <value>
                            <![CDATA[
                            Description:
                            ]]>
                            </value>
                        </Row>
                        <Row>
                            <name>
                            <![CDATA[
                            PTC.Factory.ConnectionInformation.Legacy
                            ]]>
                            </name>
                            <value>
                            <![CDATA[
                            Legacy:
                            ]]>
                            </value>
                        </Row>
                        <Row>
                            <name>
                            <![CDATA[
                            PTC.Factory.ConnectionInformation.Disable
                            ]]>
                            </name>
                            <value>
                            <![CDATA[
                            Disable
                            ]]>
                            </value>
                        </Row>
                        <Row>
                            <name>
                            <![CDATA[
                            PTC.Factory.ViewConnectionInformation
                            ]]>
                            </name>
                            <value>
                            <![CDATA[
                            View Connection Information
                            ]]>
                            </value>
                        </Row>
                        <Row>
                            <name>
                            <![CDATA[
                            PTC.Factory.AggregateName
                            ]]>
                            </name>
                            <value>
                            <![CDATA[
                            Aggregator Name
                            ]]>
                            </value>
                        </Row>
                        <Row>
                            <name>
                            <![CDATA[
                            PTC.SCA.Mfg.KepServerMonitor.ServerAndConnOn
                            ]]>
                            </name>
                            <value>
                            <![CDATA[
                            Data is moving through the connection
                            ]]>
                            </value>
                        </Row>
                        <Row>
                            <name>
                            <![CDATA[
                            PTC.SCA.Mfg.KepServerMonitor.ServerAndConnOff
                            ]]>
                            </name>
                            <value>
                            <![CDATA[
                            Connection is off
                            ]]>
                            </value>
                        </Row>
                        <Row>
                            <name>
                            <![CDATA[
                            PTC.SCA.Mfg.KepServerMonitor.ServerAndConnWarning
                            ]]>
                            </name>
                            <value>
                            <![CDATA[
                            No data is moving through the connection
                            ]]>
                            </value>
                        </Row>
                        <Row>
                            <name>
                            <![CDATA[
                            PTC.SCA.Mfg.KepServerMonitor.BadOrUnknownQualityTagsHeader
                            ]]>
                            </name>
                            <value>
                            <![CDATA[
                            Bad or Unknown Quality Tags
                            ]]>
                            </value>
                        </Row>
                        <Row>
                            <name>
                            <![CDATA[
                            PTC.SCA.Mfg.KepServerMonitor.Source
                            ]]>
                            </name>
                            <value>
                            <![CDATA[
                            Source
                            ]]>
                            </value>
                        </Row>
                        <Row>
                            <name>
                            <![CDATA[
                            PTC.SCA.Mfg.KepServerMonitor.DataType
                            ]]>
                            </name>
                            <value>
                            <![CDATA[
                            Data Type
                            ]]>
                            </value>
                        </Row>
                        <Row>
                            <name>
                            <![CDATA[
                            PTC.SCA.Mfg.KepServerMonitor.SourceDataType
                            ]]>
                            </name>
                            <value>
                            <![CDATA[
                            Source Data Type
                            ]]>
                            </value>
                        </Row>
                        <Row>
                            <name>
                            <![CDATA[
                            PTC.SCA.Mfg.KepServerMonitor.Quality
                            ]]>
                            </name>
                            <value>
                            <![CDATA[
                            Quality
                            ]]>
                            </value>
                        </Row>
                        <Row>
                            <name>
                            <![CDATA[
                            PTC.SCA.SCO.ControlsAdvisor.PageDetailDescription
                            ]]>
                            </name>
                            <value>
                            <![CDATA[
                            This generic detail page is not set up. See your administrator for more information.
                            ]]>
                            </value>
                        </Row>
                        <Row>
                            <name>
                            <![CDATA[
                            PTC.SCA.SCO.ControlsAdvisor.FooterDescription
                            ]]>
                            </name>
                            <value>
                            <![CDATA[
                            This generic footer page is not set up. See your administrator for more information.
                            ]]>
                            </value>
                        </Row>
                        <Row>
                            <name>
                            <![CDATA[
                            PTC.SCA.SCO.ControlsAdvisor.InstructionDescription
                            ]]>
                            </name>
                            <value>
                            <![CDATA[
                            This generic instruction page is not set up. See your administrator for more information.
                            ]]>
                            </value>
                        </Row>
                        <Row>
                            <name>
                            <![CDATA[
                            PTC.SCA.SCO.ControlsAdvisor.ValueStreamExists
                            ]]>
                            </name>
                            <value>
                            <![CDATA[
                            Value Stream already exists for given server {0}, can not create this server.
                            ]]>
                            </value>
                        </Row>
                        <Row>
                            <name>
                            <![CDATA[
                            PTC.SCA.SCO.ControlsAdvisor.LOWERCASE_PATH_WITH_COLON
                            ]]>
                            </name>
                            <value>
                            <![CDATA[
                            path:
                            ]]>
                            </value>
                        </Row>
                        <Row>
                            <name>
                            <![CDATA[
                            PTC.SCA.SCO.ControlsAdvisor.LOWERCASE_PORT_WITH_COLON
                            ]]>
                            </name>
                            <value>
                            <![CDATA[
                            port:
                            ]]>
                            </value>
                        </Row>
                        <Row>
                            <name>
                            <![CDATA[
                            PTC.SCA.SCO.ControlsAdvisor.LOWERCASE_HOST_WITH_COLON
                            ]]>
                            </name>
                            <value>
                            <![CDATA[
                            host:
                            ]]>
                            </value>
                        </Row>
                        <Row>
                            <name>
                            <![CDATA[
                            PTC.SCA.SCO.ControlsAdvisor.APPKEY_WITH_COLON
                            ]]>
                            </name>
                            <value>
                            <![CDATA[
                            appKey:
                            ]]>
                            </value>
                        </Row>
                        <Row>
                            <name>
                            <![CDATA[
                            PTC.SCA.SCO.ControlsAdvisor.LOWERCASE_NAME_WITH_COLON
                            ]]>
                            </name>
                            <value>
                            <![CDATA[
                            name:
                            ]]>
                            </value>
                        </Row>
                        <Row>
                            <name>
                            <![CDATA[
                            PTC.SCA.SCO.ControlsAdvisor.NITestStandLastShift
                            ]]>
                            </name>
                            <value>
                            <![CDATA[
                            Last Shift
                            ]]>
                            </value>
                        </Row>
                        <Row>
                            <name>
                            <![CDATA[
                            PTC.SCA.SCO.ControlsAdvisor.NITestStandCurrentUtilization
                            ]]>
                            </name>
                            <value>
                            <![CDATA[
                            Current Utilization
                            ]]>
                            </value>
                        </Row>
                        <Row>
                            <name>
                            <![CDATA[
                            PTC.SCA.SCO.ControlsAdvisor.NITestStandStation.WithColon
                            ]]>
                            </name>
                            <value>
                            <![CDATA[
                            Station:
                            ]]>
                            </value>
                        </Row>
                        <Row>
                            <name>
                            <![CDATA[
                            PTC.SCA.SCO.ControlsAdvisor.NITestStandStation
                            ]]>
                            </name>
                            <value>
                            <![CDATA[
                            Station
                            ]]>
                            </value>
                        </Row>
                        <Row>
                            <name>
                            <![CDATA[
                            PTC.SCA.SCO.ControlsAdvisor.NITestStandSequence.WithColon
                            ]]>
                            </name>
                            <value>
                            <![CDATA[
                            Sequence:
                            ]]>
                            </value>
                        </Row>
                        <Row>
                            <name>
                            <![CDATA[
                            PTC.SCA.SCO.ControlsAdvisor.NITestStandSequence
                            ]]>
                            </name>
                            <value>
                            <![CDATA[
                            Sequence
                            ]]>
                            </value>
                        </Row>
                        <Row>
                            <name>
                            <![CDATA[
                            PTC.SCA.SCO.ControlsAdvisor.NITestStandDuration.WithColon
                            ]]>
                            </name>
                            <value>
                            <![CDATA[
                            Duration:
                            ]]>
                            </value>
                        </Row>
                        <Row>
                            <name>
                            <![CDATA[
                            PTC.SCA.SCO.ControlsAdvisor.NITestStandDuration
                            ]]>
                            </name>
                            <value>
                            <![CDATA[
                            Duration
                            ]]>
                            </value>
                        </Row>
                        <Row>
                            <name>
                            <![CDATA[
                            PTC.SCA.SCO.ControlsAdvisor.NITestStandLastStep.WithColon
                            ]]>
                            </name>
                            <value>
                            <![CDATA[
                            Last Step:
                            ]]>
                            </value>
                        </Row>
                        <Row>
                            <name>
                            <![CDATA[
                            PTC.SCA.SCO.ControlsAdvisor.NITestStandResult.WithColon
                            ]]>
                            </name>
                            <value>
                            <![CDATA[
                            Result:
                            ]]>
                            </value>
                        </Row>
                        <Row>
                            <name>
                            <![CDATA[
                            PTC.SCA.SCO.ControlsAdvisor.NITestStandResult
                            ]]>
                            </name>
                            <value>
                            <![CDATA[
                            Result
                            ]]>
                            </value>
                        </Row>
                        <Row>
                            <name>
                            <![CDATA[
                            PTC.SCA.SCO.ControlsAdvisor.NITestStandSequenceResult
                            ]]>
                            </name>
                            <value>
                            <![CDATA[
                            Sequence Result
                            ]]>
                            </value>
                        </Row>
                        <Row>
                            <name>
                            <![CDATA[
                            PTC.SCA.SCO.ControlsAdvisor.NITestStandLastSequenceRun
                            ]]>
                            </name>
                            <value>
                            <![CDATA[
                            Last Sequence Run
                            ]]>
                            </value>
                        </Row>
                        <Row>
                            <name>
                            <![CDATA[
                            PTC.SCA.SCO.ControlsAdvisor.NITestStandStartTime
                            ]]>
                            </name>
                            <value>
                            <![CDATA[
                            Start Time
                            ]]>
                            </value>
                        </Row>
                        <Row>
                            <name>
                            <![CDATA[
                            PTC.SCA.SCO.ControlsAdvisor.NITestStandReasonForFailure
                            ]]>
                            </name>
                            <value>
                            <![CDATA[
                            Reason for Failure
                            ]]>
                            </value>
                        </Row>
                        <Row>
                            <name>
                            <![CDATA[
                            PTC.SCA.SCO.ControlsAdvisor.NITestStandRunning
                            ]]>
                            </name>
                            <value>
                            <![CDATA[
                            RUNNING
                            ]]>
                            </value>
                        </Row>
                        <Row>
                            <name>
                            <![CDATA[
                            PTC.SCA.SCO.ControlsAdvisor.NITestStandIdle
                            ]]>
                            </name>
                            <value>
                            <![CDATA[
                            IDLE
                            ]]>
                            </value>
                        </Row>
                        <Row>
                            <name>
                            <![CDATA[
                            PTC.SCA.SCO.ControlsAdvisor.NITestStandTestHistory
                            ]]>
                            </name>
                            <value>
                            <![CDATA[
                            Test History (Last 6 Sequences)
                            ]]>
                            </value>
                        </Row>
                        <Row>
                            <name>
                            <![CDATA[
                            PTC.SCA.SCO.ControlsAdvisor.TrendNumberOfTestsRun
                            ]]>
                            </name>
                            <value>
                            <![CDATA[
                            Trend: Number of Tests Run
                            ]]>
                            </value>
                        </Row>
                        <Row>
                            <name>
                            <![CDATA[
                            PTC.SCA.SCO.ControlsAdvisor.TestHistoryDetails
                            ]]>
                            </name>
                            <value>
                            <![CDATA[
                            Test History Details
                            ]]>
                            </value>
                        </Row>
                        <Row>
                            <name>
                            <![CDATA[
                            PTC.SCA.SCO.ControlsAdvisor.NITestStandTestHistoryTrendName
                            ]]>
                            </name>
                            <value>
                            <![CDATA[
                            Test Sequences Run
                            ]]>
                            </value>
                        </Row>
                        <Row>
                            <name>
                            <![CDATA[
                            PTC.SCA.SCO.ControlsAdvisor.AppKeyUsername
                            ]]>
                            </name>
                            <value>
                            <![CDATA[
                            Application Key User Name *
                            ]]>
                            </value>
                        </Row>
                        <Row>
                            <name>
                            <![CDATA[
                            PTC.SCA.SCO.ControlsAdvisor.AppKeyExpDate
                            ]]>
                            </name>
                            <value>
                            <![CDATA[
                            Application Key Expiration Date *
                            ]]>
                            </value>
                        </Row>
                    </Rows>
                </ConfigurationTable>
            </ConfigurationTables>
        </LocalizationTable>
    </LocalizationTables>
</Entities>
