<?xml version="1.0" encoding="UTF-8"?>
<Entities>
    <LocalizationTables>
        <LocalizationTable
         description="es localization table"
         homeMashup=""
         name="es"
         tags="PTC:factory-mv">
            <avatar></avatar>
            <DesignTimePermissions>
                <Create></Create>
                <Read></Read>
                <Update></Update>
                <Delete></Delete>
                <Metadata></Metadata>
            </DesignTimePermissions>
            <RunTimePermissions></RunTimePermissions>
            <VisibilityPermissions>
                <Visibility>
                    <Principal
                     isPermitted="true"
                     name="PTC.Factory.MachineVisibility"
                     type="Organization"></Principal>
                </Visibility>
            </VisibilityPermissions>
            <ConfigurationTables>
                <ConfigurationTable
                 description="Localization Tokens"
                 isMultiRow="true"
                 name="LocalizationTokens"
                 ordinal="0">
                    <DataShape>
                        <FieldDefinitions>
                            <FieldDefinition
                             aspect.friendlyName="Translation context"
                             baseType="STRING"
                             description="Translation context"
                             name="context"
                             ordinal="3"></FieldDefinition>
                            <FieldDefinition
                             aspect.friendlyName="Token name"
                             baseType="STRING"
                             description="Token name"
                             name="name"
                             ordinal="0"></FieldDefinition>
                            <FieldDefinition
                             aspect.friendlyName="Token usage"
                             baseType="STRING"
                             description="Token usage"
                             name="usage"
                             ordinal="2"></FieldDefinition>
                            <FieldDefinition
                             aspect.friendlyName="Localized value"
                             baseType="STRING"
                             description="Localized value"
                             name="value"
                             ordinal="1"></FieldDefinition>
                        </FieldDefinitions>
                    </DataShape>
                    <Rows>
                        <Row>
                            <name>
                            <![CDATA[
                            PTC.Factory.No
                            ]]>
                            </name>
                            <value>
                            <![CDATA[
                            No
                            ]]>
                            </value>
                        </Row>
                        <Row>
                            <name>
                            <![CDATA[
                            PTC.Factory.Yes
                            ]]>
                            </name>
                            <value>
                            <![CDATA[
                            Sí
                            ]]>
                            </value>
                        </Row>
                        <Row>
                            <name>
                            <![CDATA[
                            PTC.Factory.View List
                            ]]>
                            </name>
                            <value>
                            <![CDATA[
                            Ver
                            ]]>
                            </value>
                        </Row>
                        <Row>
                            <name>
                            <![CDATA[
                            PTC.Factory.Properties
                            ]]>
                            </name>
                            <value>
                            <![CDATA[
                            Propiedades
                            ]]>
                            </value>
                        </Row>
                        <Row>
                            <name>
                            <![CDATA[
                            PTC.Factory.Client Count
                            ]]>
                            </name>
                            <value>
                            <![CDATA[
                            Número de clientes
                            ]]>
                            </value>
                        </Row>
                        <Row>
                            <name>
                            <![CDATA[
                            PTC.Factory.Device Count
                            ]]>
                            </name>
                            <value>
                            <![CDATA[
                            Dispositivos ({0})
                            ]]>
                            </value>
                        </Row>
                        <Row>
                            <name>
                            <![CDATA[
                            PTC.Factory.Devices
                            ]]>
                            </name>
                            <value>
                            <![CDATA[
                            Dispositivos
                            ]]>
                            </value>
                        </Row>
                        <Row>
                            <name>
                            <![CDATA[
                            PTC.Factory.New Devices
                            ]]>
                            </name>
                            <value>
                            <![CDATA[
                            Dispositivos nuevos
                            ]]>
                            </value>
                        </Row>
                        <Row>
                            <name>
                            <![CDATA[
                            PTC.Factory.Removed Devices
                            ]]>
                            </name>
                            <value>
                            <![CDATA[
                            Dispositivos eliminados
                            ]]>
                            </value>
                        </Row>
                        <Row>
                            <name>
                            <![CDATA[
                            PTC.Factory.ConnectionTime
                            ]]>
                            </name>
                            <value>
                            <![CDATA[
                            Hora de conexión
                            ]]>
                            </value>
                        </Row>
                        <Row>
                            <name>
                            <![CDATA[
                            PTC.Factory.Tag Count
                            ]]>
                            </name>
                            <value>
                            <![CDATA[
                            Número de etiquetas
                            ]]>
                            </value>
                        </Row>
                        <Row>
                            <name>
                            <![CDATA[
                            PTC.Factory.Connection Details
                            ]]>
                            </name>
                            <value>
                            <![CDATA[
                            Detalles de la conexión
                            ]]>
                            </value>
                        </Row>
                        <Row>
                            <name>
                            <![CDATA[
                            PTC.Factory.Create Connection
                            ]]>
                            </name>
                            <value>
                            <![CDATA[
                            CREAR CONEXIÓN
                            ]]>
                            </value>
                        </Row>
                        <Row>
                            <name>
                            <![CDATA[
                            PTC.Factory.CreateConnection
                            ]]>
                            </name>
                            <value>
                            <![CDATA[
                            Crear conexión
                            ]]>
                            </value>
                        </Row>
                        <Row>
                            <name>
                            <![CDATA[
                            PTC.SCA.Mfg.KepServerMonitor.CreateConnectionPopUp
                            ]]>
                            </name>
                            <value>
                            <![CDATA[
                            CREAR CONEXIÓN
                            ]]>
                            </value>
                        </Row>
                        <Row>
                            <name>
                            <![CDATA[
                            PTC.Factory.Thing Name
                            ]]>
                            </name>
                            <value>
                            <![CDATA[
                            Nombre de la conexión *
                            ]]>
                            </value>
                        </Row>
                        <Row>
                            <name>
                            <![CDATA[
                            PTC.Factory.EnterConnectionName
                            ]]>
                            </name>
                            <value>
                            <![CDATA[
                            Introduzca un nombre para la conexión
                            ]]>
                            </value>
                        </Row>
                        <Row>
                            <name>
                            <![CDATA[
                            PTC.Factory.EnterDeviceName
                            ]]>
                            </name>
                            <value>
                            <![CDATA[
                            Introduzca un nombre de dispositivo
                            ]]>
                            </value>
                        </Row>
                        <Row>
                            <name>
                            <![CDATA[
                            PTC.SCA.SCO.ControlsAdvisor.ServerExists
                            ]]>
                            </name>
                            <value>
                            <![CDATA[
                            Este nombre se utiliza en una conexión que ya existe. Indique un nuevo nombre de conexión.
                            ]]>
                            </value>
                        </Row>
                        <Row>
                            <name>
                            <![CDATA[
                            PTC.Factory.Instruction
                            ]]>
                            </name>
                            <value>
                            <![CDATA[
                            Instrucciones para completar la conexión
                            ]]>
                            </value>
                        </Row>
                        <Row>
                            <name>
                            <![CDATA[
                            PTC.Factory.InstructionNote1
                            ]]>
                            </name>
                            <value>
                            <![CDATA[
                            Importante: Se necesitará la clave de aplicación y el nombre de cosa más adelante. Anótelos en otro lugar.
                            ]]>
                            </value>
                        </Row>
                        <Row>
                            <name>
                            <![CDATA[
                            PTC.Factory.NITestStandInstructionNote1
                            ]]>
                            </name>
                            <value>
                            <![CDATA[
                            Tras instalar NI TestStand y Edge MicroServer (EMS), siga estos pasos para completar la configuración de EMS.
                            ]]>
                            </value>
                        </Row>
                        <Row>
                            <name>
                            <![CDATA[
                            PTC.Factory.NITestStandInstructionNote2
                            ]]>
                            </name>
                            <value>
                            <![CDATA[
                            <span class='factory_black_11'><b>1. </b>Edite el fichero &lt;EMS installation&gt;/etc/config.json para definir los valores siguientes:</span>
                            ]]>
                            </value>
                        </Row>
                        <Row>
                            <name>
                            <![CDATA[
                            PTC.Factory.NITestStandInstructionNote3
                            ]]>
                            </name>
                            <value>
                            <![CDATA[
                            Dentro de "ws_servers":
                            ]]>
                            </value>
                        </Row>
                        <Row>
                            <name>
                            <![CDATA[
                            PTC.Factory.NITestStandInstructionNote4
                            ]]>
                            </name>
                            <value>
                            <![CDATA[
                            Dentro de "auto_bind":
                            ]]>
                            </value>
                        </Row>
                        <Row>
                            <name>
                            <![CDATA[
                            PTC.Factory.NITestStandInstructionNote5
                            ]]>
                            </name>
                            <value>
                            <![CDATA[
                            <span class='factory_black_11'><b>2. </b>Reinicie su EMS.</span>
                            ]]>
                            </value>
                        </Row>
                        <Row>
                            <name>
                            <![CDATA[
                            PTC.Factory.InstructionNote2
                            ]]>
                            </name>
                            <value>
                            <![CDATA[
                            Vaya al servidor y complete estos pasos sencillos:
                            ]]>
                            </value>
                        </Row>
                        <Row>
                            <name>
                            <![CDATA[
                            PTC.Factory.InstructionNote3
                            ]]>
                            </name>
                            <value>
                            <![CDATA[
                            <span class='factory_black_11'>1. Pulse con el botón derecho en la carpeta <b>Proyecto</b> y seleccione <b>Propiedades</b>.</span>
                            ]]>
                            </value>
                        </Row>
                        <Row>
                            <name>
                            <![CDATA[
                            PTC.Factory.InstructionNote4
                            ]]>
                            </name>
                            <value>
                            <![CDATA[
                            2. En la ficha ThingWorx, defina lo siguiente:
                            ]]>
                            </value>
                        </Row>
                        <Row>
                            <name>
                            <![CDATA[
                            PTC.Factory.InstructionEnableString
                            ]]>
                            </name>
                            <value>
                            <![CDATA[
                            Activar:
                            ]]>
                            </value>
                        </Row>
                        <Row>
                            <name>
                            <![CDATA[
                            PTC.Factory.InstructionHostString
                            ]]>
                            </name>
                            <value>
                            <![CDATA[
                            Host:
                            ]]>
                            </value>
                        </Row>
                        <Row>
                            <name>
                            <![CDATA[
                            PTC.Factory.InstructionPortString
                            ]]>
                            </name>
                            <value>
                            <![CDATA[
                            Puerto:
                            ]]>
                            </value>
                        </Row>
                        <Row>
                            <name>
                            <![CDATA[
                            PTC.Factory.InstructionThingNameString
                            ]]>
                            </name>
                            <value>
                            <![CDATA[
                            Nombre de cosa:
                            ]]>
                            </value>
                        </Row>
                        <Row>
                            <name>
                            <![CDATA[
                            PTC.Factory.InstructionApplicationKeyString
                            ]]>
                            </name>
                            <value>
                            <![CDATA[
                            Clave de la aplicación:
                            ]]>
                            </value>
                        </Row>
                        <Row>
                            <name>
                            <![CDATA[
                            PTC.Factory.InstructionTrustedSelfSignedCertificatesString
                            ]]>
                            </name>
                            <value>
                            <![CDATA[
                            Confiar en certificados autofirmados:
                            ]]>
                            </value>
                        </Row>
                        <Row>
                            <name>
                            <![CDATA[
                            PTC.Factory.InstructionTrustAllCertificatesString
                            ]]>
                            </name>
                            <value>
                            <![CDATA[
                            Confiar en todos los certificados:
                            ]]>
                            </value>
                        </Row>
                        <Row>
                            <name>
                            <![CDATA[
                            PTC.Factory.InstructionDisableEncryptionString
                            ]]>
                            </name>
                            <value>
                            <![CDATA[
                            Desactivar codificación:
                            ]]>
                            </value>
                        </Row>
                        <Row>
                            <name>
                            <![CDATA[
                            PTC.Factory.PrintInstructions
                            ]]>
                            </name>
                            <value>
                            <![CDATA[
                            Imprimir instrucciones
                            ]]>
                            </value>
                        </Row>
                        <Row>
                            <name>
                            <![CDATA[
                            PTC.Factory.CONNECTIONS
                            ]]>
                            </name>
                            <value>
                            <![CDATA[
                            CONEXIONES
                            ]]>
                            </value>
                        </Row>
                        <Row>
                            <name>
                            <![CDATA[
                            PTC.SCA.SCO.KEPServerLogs
                            ]]>
                            </name>
                            <value>
                            <![CDATA[
                            Registro de eventos de KEPServerEX
                            ]]>
                            </value>
                        </Row>
                        <Row>
                            <name>
                            <![CDATA[
                            PTC.Factory.EditConnection
                            ]]>
                            </name>
                            <value>
                            <![CDATA[
                            Editar conexión
                            ]]>
                            </value>
                        </Row>
                        <Row>
                            <name>
                            <![CDATA[
                            PTC.Factory.Status
                            ]]>
                            </name>
                            <value>
                            <![CDATA[
                            Estado del servidor
                            ]]>
                            </value>
                        </Row>
                        <Row>
                            <name>
                            <![CDATA[
                            PTC.Factory.Device in Error
                            ]]>
                            </name>
                            <value>
                            <![CDATA[
                            Estado del dispositivo
                            ]]>
                            </value>
                        </Row>
                        <Row>
                            <name>
                            <![CDATA[
                            PTC.Factory.Device ID
                            ]]>
                            </name>
                            <value>
                            <![CDATA[
                            ID del dispositivo
                            ]]>
                            </value>
                        </Row>
                        <Row>
                            <name>
                            <![CDATA[
                            PTC.Factory.Scan Mode
                            ]]>
                            </name>
                            <value>
                            <![CDATA[
                            Modo de escaneo
                            ]]>
                            </value>
                        </Row>
                        <Row>
                            <name>
                            <![CDATA[
                            PTC.Factory.Simulated
                            ]]>
                            </name>
                            <value>
                            <![CDATA[
                            Simulado
                            ]]>
                            </value>
                        </Row>
                        <Row>
                            <name>
                            <![CDATA[
                            PTC.Factory.Time In Error
                            ]]>
                            </name>
                            <value>
                            <![CDATA[
                            Tiempo en error (s)
                            ]]>
                            </value>
                        </Row>
                        <Row>
                            <name>
                            <![CDATA[
                            PTC.Factory.Connection Type
                            ]]>
                            </name>
                            <value>
                            <![CDATA[
                            Tipo de conexión
                            ]]>
                            </value>
                        </Row>
                        <Row>
                            <name>
                            <![CDATA[
                            PTC.Factory.Device Name
                            ]]>
                            </name>
                            <value>
                            <![CDATA[
                            Nombre de dispositivo
                            ]]>
                            </value>
                        </Row>
                        <Row>
                            <name>
                            <![CDATA[
                            PTC.Factory.DEVICE LIST:
                            ]]>
                            </name>
                            <value>
                            <![CDATA[
                            LISTA DE DISPOSITIVOS: {0}
                            ]]>
                            </value>
                        </Row>
                        <Row>
                            <name>
                            <![CDATA[
                            PTC.Factory.DEVICE NAME:
                            ]]>
                            </name>
                            <value>
                            <![CDATA[
                            NOMBRE DE DISPOSITIVO: {0}
                            ]]>
                            </value>
                        </Row>
                        <Row>
                            <name>
                            <![CDATA[
                            PTC.Factory.Mode
                            ]]>
                            </name>
                            <value>
                            <![CDATA[
                            Estado de rebaja
                            ]]>
                            </value>
                        </Row>
                        <Row>
                            <name>
                            <![CDATA[
                            PTC.Factory.View
                            ]]>
                            </name>
                            <value>
                            <![CDATA[
                            Ver
                            ]]>
                            </value>
                        </Row>
                        <Row>
                            <name>
                            <![CDATA[
                            PTC.Factory.Channel
                            ]]>
                            </name>
                            <value>
                            <![CDATA[
                            Canal
                            ]]>
                            </value>
                        </Row>
                        <Row>
                            <name>
                            <![CDATA[
                            PTC.Factory.Error.GetDevicesError
                            ]]>
                            </name>
                            <value>
                            <![CDATA[
                            Error al recuperar dispositivos
                            ]]>
                            </value>
                        </Row>
                        <Row>
                            <name>
                            <![CDATA[
                            PTC.Factory.DiscoverDevices.ToolTip
                            ]]>
                            </name>
                            <value>
                            <![CDATA[
                            Descubrir dispositivos
                            ]]>
                            </value>
                        </Row>
                        <Row>
                            <name>
                            <![CDATA[
                            PTC.Factory.DETAILS.ToolTip
                            ]]>
                            </name>
                            <value>
                            <![CDATA[
                            Ver detalles de la conexión
                            ]]>
                            </value>
                        </Row>
                        <Row>
                            <name>
                            <![CDATA[
                            PTC.Factory.DeleteDevices.TITLE
                            ]]>
                            </name>
                            <value>
                            <![CDATA[
                            BORRAR DISPOSITIVO
                            ]]>
                            </value>
                        </Row>
                        <Row>
                            <name>
                            <![CDATA[
                            PTC.Factory.DeleteDevices.CONFIRM
                            ]]>
                            </name>
                            <value>
                            <![CDATA[
                            ¿Desea borrar el dispositivo {0}?
                            ]]>
                            </value>
                        </Row>
                        <Row>
                            <name>
                            <![CDATA[
                            PTC.Factory.DiscoverDevices.TITLE
                            ]]>
                            </name>
                            <value>
                            <![CDATA[
                            ¿DESCUBRIR DISPOSITIVOS?
                            ]]>
                            </value>
                        </Row>
                        <Row>
                            <name>
                            <![CDATA[
                            PTC.Factory.DiscoverDevices.Confirm
                            ]]>
                            </name>
                            <value>
                            <![CDATA[
                            El descubrimiento puede tardar cierto tiempo y afectar al rendimiento. Puede salir de esta página y el descubrimiento de dispositivos seguirá funcionando en segundo plano. Pulse en Aceptar para continuar con el descubrimiento de dispositivos.
                            ]]>
                            </value>
                        </Row>
                        <Row>
                            <name>
                            <![CDATA[
                            PTC.Factory.DiscoverDevices.Success
                            ]]>
                            </name>
                            <value>
                            <![CDATA[
                            Los dispositivos se han descubierto correctamente
                            ]]>
                            </value>
                        </Row>
                        <Row>
                            <name>
                            <![CDATA[
                            PTC.Factory.Error.FailToRemoveDevice
                            ]]>
                            </name>
                            <value>
                            <![CDATA[
                            Error al quitar el dispositivo en el lado de ThingWorx
                            ]]>
                            </value>
                        </Row>
                        <Row>
                            <name>
                            <![CDATA[
                            PTC.Factory.RediscoverRemoteServers.Error.Message
                            ]]>
                            </name>
                            <value>
                            <![CDATA[
                            No se ha añadido ningún servidor nuevo
                            ]]>
                            </value>
                        </Row>
                        <Row>
                            <name>
                            <![CDATA[
                            PTC.Factory.DiscoverRemoteServers.TITLE
                            ]]>
                            </name>
                            <value>
                            <![CDATA[
                            DESCUBRIR SERVIDORES DE KEPServerEX Y OPC HEREDADOS
                            ]]>
                            </value>
                        </Row>
                        <Row>
                            <name>
                            <![CDATA[
                            PTC.Factory.DiscoverRemoteServers.Confirm
                            ]]>
                            </name>
                            <value>
                            <![CDATA[
                            Aunque podría requerir cierto tiempo y afectar al rendimiento, sigue funcionando en segundo plano una vez se ha salido de la página.
                            ]]>
                            </value>
                        </Row>
                        <Row>
                            <name>
                            <![CDATA[
                            PTC.Factory.DiscoverServers.Success
                            ]]>
                            </name>
                            <value>
                            <![CDATA[
                            El descubrimiento de los servidores de KEPServerEX y OPC heredados se ha realizado correctamente
                            ]]>
                            </value>
                        </Row>
                        <Row>
                            <name>
                            <![CDATA[
                            PTC.Factory.Error.FailToUnsubscribeTags
                            ]]>
                            </name>
                            <value>
                            <![CDATA[
                            Error al cancelar la suscripción de las etiquetas del dispositivo en el lado de ThingWorx
                            ]]>
                            </value>
                        </Row>
                        <Row>
                            <name>
                            <![CDATA[
                            PTC.Factory.Period.LastWeek
                            ]]>
                            </name>
                            <value>
                            <![CDATA[
                            Última semana
                            ]]>
                            </value>
                        </Row>
                        <Row>
                            <name>
                            <![CDATA[
                            PTC.Factory.Period.LastHour
                            ]]>
                            </name>
                            <value>
                            <![CDATA[
                            Última hora
                            ]]>
                            </value>
                        </Row>
                        <Row>
                            <name>
                            <![CDATA[
                            PTC.Factory.Period.LastDay
                            ]]>
                            </name>
                            <value>
                            <![CDATA[
                            Último día
                            ]]>
                            </value>
                        </Row>
                        <Row>
                            <name>
                            <![CDATA[
                            PTC.Factory.TrendClientCountDateSelection
                            ]]>
                            </name>
                            <value>
                            <![CDATA[
                            Número de clientes
                            ]]>
                            </value>
                        </Row>
                        <Row>
                            <name>
                            <![CDATA[
                            PTC.Factory.TrendTagCountDateSelection
                            ]]>
                            </name>
                            <value>
                            <![CDATA[
                            Tendencia de número de etiquetas
                            ]]>
                            </value>
                        </Row>
                        <Row>
                            <name>
                            <![CDATA[
                            PTC.Factory.InError
                            ]]>
                            </name>
                            <value>
                            <![CDATA[
                            En error
                            ]]>
                            </value>
                        </Row>
                        <Row>
                            <name>
                            <![CDATA[
                            PTC.Factory.InError24h
                            ]]>
                            </name>
                            <value>
                            <![CDATA[
                            Error en las últimas 24 horas
                            ]]>
                            </value>
                        </Row>
                        <Row>
                            <name>
                            <![CDATA[
                            PTC.Factory.Good
                            ]]>
                            </name>
                            <value>
                            <![CDATA[
                            Normal
                            ]]>
                            </value>
                        </Row>
                        <Row>
                            <name>
                            <![CDATA[
                            PTC.Factory.N/A
                            ]]>
                            </name>
                            <value>
                            <![CDATA[
                            N/D
                            ]]>
                            </value>
                        </Row>
                        <Row>
                            <name>
                            <![CDATA[
                            PTC.Factory.ServerStatus
                            ]]>
                            </name>
                            <value>
                            <![CDATA[
                            Estado
                            ]]>
                            </value>
                        </Row>
                        <Row>
                            <name>
                            <![CDATA[
                            PTC.Factory.DeviceStatus
                            ]]>
                            </name>
                            <value>
                            <![CDATA[
                            Estado
                            ]]>
                            </value>
                        </Row>
                        <Row>
                            <name>
                            <![CDATA[
                            PTC.Factory.DescriptionWarning
                            ]]>
                            </name>
                            <value>
                            <![CDATA[
                            La descripción no es válida. Introduzca una cadena con un máximo de 200 caracteres.
                            ]]>
                            </value>
                        </Row>
                        <Row>
                            <name>
                            <![CDATA[
                            PTC.Factory.Since
                            ]]>
                            </name>
                            <value>
                            <![CDATA[
                            ACTUALIZACIÓN
                            ]]>
                            </value>
                        </Row>
                        <Row>
                            <name>
                            <![CDATA[
                            PTC.Factory.LastDiscovery
                            ]]>
                            </name>
                            <value>
                            <![CDATA[
                            Último descubrimiento de dispositivo
                            ]]>
                            </value>
                        </Row>
                        <Row>
                            <name>
                            <![CDATA[
                            PTC.Factory.Updated
                            ]]>
                            </name>
                            <value>
                            <![CDATA[
                            Actualizado
                            ]]>
                            </value>
                        </Row>
                        <Row>
                            <name>
                            <![CDATA[
                            PTC.Factory.Disabled
                            ]]>
                            </name>
                            <value>
                            <![CDATA[
                            Desactivado
                            ]]>
                            </value>
                        </Row>
                        <Row>
                            <name>
                            <![CDATA[
                            PTC.SCA.Mfg.KepServerMonitor.SuccessfulRead
                            ]]>
                            </name>
                            <value>
                            <![CDATA[
                            Lectura correcta
                            ]]>
                            </value>
                        </Row>
                        <Row>
                            <name>
                            <![CDATA[
                            PTC.SCA.Mfg.KepServerMonitor.SuccessfulWrite
                            ]]>
                            </name>
                            <value>
                            <![CDATA[
                            Escritura correcta
                            ]]>
                            </value>
                        </Row>
                        <Row>
                            <name>
                            <![CDATA[
                            PTC.SCA.Mfg.KepServerMonitor.FailedRead
                            ]]>
                            </name>
                            <value>
                            <![CDATA[
                            Error de lectura
                            ]]>
                            </value>
                        </Row>
                        <Row>
                            <name>
                            <![CDATA[
                            PTC.SCA.Mfg.KepServerMonitor.FailedWrite
                            ]]>
                            </name>
                            <value>
                            <![CDATA[
                            Error de escritura
                            ]]>
                            </value>
                        </Row>
                        <Row>
                            <name>
                            <![CDATA[
                            PTC.SCA.Mfg.KepServerMonitor.PendingRead
                            ]]>
                            </name>
                            <value>
                            <![CDATA[
                            Lectura pendiente
                            ]]>
                            </value>
                        </Row>
                        <Row>
                            <name>
                            <![CDATA[
                            PTC.SCA.Mfg.KepServerMonitor.PendingWrite
                            ]]>
                            </name>
                            <value>
                            <![CDATA[
                            Escritura pendiente
                            ]]>
                            </value>
                        </Row>
                        <Row>
                            <name>
                            <![CDATA[
                            PTC.SCA.Mfg.KepServerMonitor.Tx
                            ]]>
                            </name>
                            <value>
                            <![CDATA[
                            Transferencia
                            ]]>
                            </value>
                        </Row>
                        <Row>
                            <name>
                            <![CDATA[
                            PTC.SCA.Mfg.KepServerMonitor.Rx
                            ]]>
                            </name>
                            <value>
                            <![CDATA[
                            Recepción
                            ]]>
                            </value>
                        </Row>
                        <Row>
                            <name>
                            <![CDATA[
                            PTC.SCA.Mfg.KepServerMonitor.ErrorState
                            ]]>
                            </name>
                            <value>
                            <![CDATA[
                            Estado de error
                            ]]>
                            </value>
                        </Row>
                        <Row>
                            <name>
                            <![CDATA[
                            PTC.SCA.Mfg.KepServerMonitor.TimeInError
                            ]]>
                            </name>
                            <value>
                            <![CDATA[
                            Tiempo en error
                            ]]>
                            </value>
                        </Row>
                        <Row>
                            <name>
                            <![CDATA[
                            PTC.SCA.Mfg.KepServerMonitor.DeviceNameReq
                            ]]>
                            </name>
                            <value>
                            <![CDATA[
                            Nombre del dispositivo*
                            ]]>
                            </value>
                        </Row>
                        <Row>
                            <name>
                            <![CDATA[
                            PTC.SCA.Mfg.KepServerMonitor.DeviceProperties
                            ]]>
                            </name>
                            <value>
                            <![CDATA[
                            Propiedades del dispositivo
                            ]]>
                            </value>
                        </Row>
                        <Row>
                            <name>
                            <![CDATA[
                            PTC.SCA.Mfg.KepServerMonitor.DeviceDetail
                            ]]>
                            </name>
                            <value>
                            <![CDATA[
                            Detalle del dispositivo
                            ]]>
                            </value>
                        </Row>
                        <Row>
                            <name>
                            <![CDATA[
                            PTC.SCA.Mfg.KepServerMonitor.CreateDevicePopUp
                            ]]>
                            </name>
                            <value>
                            <![CDATA[
                            CREAR DISPOSITIVO
                            ]]>
                            </value>
                        </Row>
                        <Row>
                            <name>
                            <![CDATA[
                            PTC.SCA.Mfg.KepServerMonitor.CreateDevice
                            ]]>
                            </name>
                            <value>
                            <![CDATA[
                            Crear dispositivo
                            ]]>
                            </value>
                        </Row>
                        <Row>
                            <name>
                            <![CDATA[
                            PTC.SCA.Mfg.KepServerMonitor.EditDevicePopUp
                            ]]>
                            </name>
                            <value>
                            <![CDATA[
                            EDITAR DISPOSITIVO
                            ]]>
                            </value>
                        </Row>
                        <Row>
                            <name>
                            <![CDATA[
                            PTC.SCA.Mfg.KepServerMonitor.EditDevice
                            ]]>
                            </name>
                            <value>
                            <![CDATA[
                            Editar dispositivo
                            ]]>
                            </value>
                        </Row>
                        <Row>
                            <name>
                            <![CDATA[
                            PTC.SCA.Mfg.KepServerMonitor.DeleteDevice
                            ]]>
                            </name>
                            <value>
                            <![CDATA[
                            Borrar dispositivo
                            ]]>
                            </value>
                        </Row>
                        <Row>
                            <name>
                            <![CDATA[
                            PTC.Factory.AppliesOnlyKepware
                            ]]>
                            </name>
                            <value>
                            <![CDATA[
                            Solo se aplica a los servidores de Kepware
                            ]]>
                            </value>
                        </Row>
                        <Row>
                            <name>
                            <![CDATA[
                            PTC.SCA.Mfg.KepServerMonitor.DeviceAlreadyExist
                            ]]>
                            </name>
                            <value>
                            <![CDATA[
                            Error al crear {0}. El mismo dispositivo ya existe en el sistema.
                            ]]>
                            </value>
                        </Row>
                        <Row>
                            <name>
                            <![CDATA[
                            PTC.SCA.Mfg.KepServerMonitor.DeviceCreationError
                            ]]>
                            </name>
                            <value>
                            <![CDATA[
                            Los nombres no pueden incluir caracteres especiales (* / : " ' > <) ni dos espacios consecutivos en el valor.
                            ]]>
                            </value>
                        </Row>
                        <Row>
                            <name>
                            <![CDATA[
                            PTC.Factory.Connections
                            ]]>
                            </name>
                            <value>
                            <![CDATA[
                            Conexiones
                            ]]>
                            </value>
                        </Row>
                        <Row>
                            <name>
                            <![CDATA[
                            PTC.Factory.Aggregators
                            ]]>
                            </name>
                            <value>
                            <![CDATA[
                            Agregadores
                            ]]>
                            </value>
                        </Row>
                        <Row>
                            <name>
                            <![CDATA[
                            PTC.Factory.DiscoverRemoteServer
                            ]]>
                            </name>
                            <value>
                            <![CDATA[
                            Descubrir servidores de KEPServerEX y OPC heredados
                            ]]>
                            </value>
                        </Row>
                        <Row>
                            <name>
                            <![CDATA[
                            PTC.Factory.ConnectionType
                            ]]>
                            </name>
                            <value>
                            <![CDATA[
                            Tipo de conexión
                            ]]>
                            </value>
                        </Row>
                        <Row>
                            <name>
                            <![CDATA[
                            PTC.Factory.OPCServer
                            ]]>
                            </name>
                            <value>
                            <![CDATA[
                            Servidor de OPC
                            ]]>
                            </value>
                        </Row>
                        <Row>
                            <name>
                            <![CDATA[
                            PTC.Factory.ConnectionInformation
                            ]]>
                            </name>
                            <value>
                            <![CDATA[
                            INFORMACIÓN DE CONEXIÓN
                            ]]>
                            </value>
                        </Row>
                        <Row>
                            <name>
                            <![CDATA[
                            PTC.Factory.ConnectionInformation.Name
                            ]]>
                            </name>
                            <value>
                            <![CDATA[
                            Nombre:
                            ]]>
                            </value>
                        </Row>
                        <Row>
                            <name>
                            <![CDATA[
                            PTC.Factory.ConnectionInformation.Description
                            ]]>
                            </name>
                            <value>
                            <![CDATA[
                            Descripción:
                            ]]>
                            </value>
                        </Row>
                        <Row>
                            <name>
                            <![CDATA[
                            PTC.Factory.ConnectionInformation.Legacy
                            ]]>
                            </name>
                            <value>
                            <![CDATA[
                            Heredado:
                            ]]>
                            </value>
                        </Row>
                        <Row>
                            <name>
                            <![CDATA[
                            PTC.Factory.ConnectionInformation.Disable
                            ]]>
                            </name>
                            <value>
                            <![CDATA[
                            Desactivar
                            ]]>
                            </value>
                        </Row>
                        <Row>
                            <name>
                            <![CDATA[
                            PTC.Factory.ViewConnectionInformation
                            ]]>
                            </name>
                            <value>
                            <![CDATA[
                            Ver información de conexión
                            ]]>
                            </value>
                        </Row>
                        <Row>
                            <name>
                            <![CDATA[
                            PTC.Factory.AggregateName
                            ]]>
                            </name>
                            <value>
                            <![CDATA[
                            Nombre del agregador
                            ]]>
                            </value>
                        </Row>
                        <Row>
                            <name>
                            <![CDATA[
                            PTC.SCA.Mfg.KepServerMonitor.ServerAndConnOn
                            ]]>
                            </name>
                            <value>
                            <![CDATA[
                            Los datos se mueven a través de la conexión
                            ]]>
                            </value>
                        </Row>
                        <Row>
                            <name>
                            <![CDATA[
                            PTC.SCA.Mfg.KepServerMonitor.ServerAndConnOff
                            ]]>
                            </name>
                            <value>
                            <![CDATA[
                            Conexión no establecida
                            ]]>
                            </value>
                        </Row>
                        <Row>
                            <name>
                            <![CDATA[
                            PTC.SCA.Mfg.KepServerMonitor.ServerAndConnWarning
                            ]]>
                            </name>
                            <value>
                            <![CDATA[
                            No se mueven datos a través de la conexión
                            ]]>
                            </value>
                        </Row>
                        <Row>
                            <name>
                            <![CDATA[
                            PTC.SCA.Mfg.KepServerMonitor.BadOrUnknownQualityTagsHeader
                            ]]>
                            </name>
                            <value>
                            <![CDATA[
                            Etiquetas de calidad no válidas o desconocidas
                            ]]>
                            </value>
                        </Row>
                        <Row>
                            <name>
                            <![CDATA[
                            PTC.SCA.Mfg.KepServerMonitor.Source
                            ]]>
                            </name>
                            <value>
                            <![CDATA[
                            Origen
                            ]]>
                            </value>
                        </Row>
                        <Row>
                            <name>
                            <![CDATA[
                            PTC.SCA.Mfg.KepServerMonitor.DataType
                            ]]>
                            </name>
                            <value>
                            <![CDATA[
                            Tipo de datos
                            ]]>
                            </value>
                        </Row>
                        <Row>
                            <name>
                            <![CDATA[
                            PTC.SCA.Mfg.KepServerMonitor.SourceDataType
                            ]]>
                            </name>
                            <value>
                            <![CDATA[
                            Tipo de datos de origen
                            ]]>
                            </value>
                        </Row>
                        <Row>
                            <name>
                            <![CDATA[
                            PTC.SCA.Mfg.KepServerMonitor.Quality
                            ]]>
                            </name>
                            <value>
                            <![CDATA[
                            Calidad
                            ]]>
                            </value>
                        </Row>
                        <Row>
                            <name>
                            <![CDATA[
                            PTC.SCA.SCO.ControlsAdvisor.PageDetailDescription
                            ]]>
                            </name>
                            <value>
                            <![CDATA[
                            Esta página de detalles genéricos no está configurada. Consulte al administrador para obtener más información.
                            ]]>
                            </value>
                        </Row>
                        <Row>
                            <name>
                            <![CDATA[
                            PTC.SCA.SCO.ControlsAdvisor.FooterDescription
                            ]]>
                            </name>
                            <value>
                            <![CDATA[
                            Esta página de pies de página genéricos no está configurada. Consulte al administrador para obtener más información.
                            ]]>
                            </value>
                        </Row>
                        <Row>
                            <name>
                            <![CDATA[
                            PTC.SCA.SCO.ControlsAdvisor.InstructionDescription
                            ]]>
                            </name>
                            <value>
                            <![CDATA[
                            Esta página de instrucciones genéricas no está configurada. Consulte al administrador para obtener más información.
                            ]]>
                            </value>
                        </Row>
                        <Row>
                            <name>
                            <![CDATA[
                            PTC.SCA.SCO.ControlsAdvisor.ValueStreamExists
                            ]]>
                            </name>
                            <value>
                            <![CDATA[
                            El flujo de valor ya existe para el servidor {0}, este servidor no se puede crear.
                            ]]>
                            </value>
                        </Row>
                        <Row>
                            <name>
                            <![CDATA[
                            PTC.SCA.SCO.ControlsAdvisor.LOWERCASE_PATH_WITH_COLON
                            ]]>
                            </name>
                            <value>
                            <![CDATA[
                            ruta:
                            ]]>
                            </value>
                        </Row>
                        <Row>
                            <name>
                            <![CDATA[
                            PTC.SCA.SCO.ControlsAdvisor.LOWERCASE_PORT_WITH_COLON
                            ]]>
                            </name>
                            <value>
                            <![CDATA[
                            puerto:
                            ]]>
                            </value>
                        </Row>
                        <Row>
                            <name>
                            <![CDATA[
                            PTC.SCA.SCO.ControlsAdvisor.LOWERCASE_HOST_WITH_COLON
                            ]]>
                            </name>
                            <value>
                            <![CDATA[
                            host:
                            ]]>
                            </value>
                        </Row>
                        <Row>
                            <name>
                            <![CDATA[
                            PTC.SCA.SCO.ControlsAdvisor.APPKEY_WITH_COLON
                            ]]>
                            </name>
                            <value>
                            <![CDATA[
                            appKey:
                            ]]>
                            </value>
                        </Row>
                        <Row>
                            <name>
                            <![CDATA[
                            PTC.SCA.SCO.ControlsAdvisor.LOWERCASE_NAME_WITH_COLON
                            ]]>
                            </name>
                            <value>
                            <![CDATA[
                            nombre:
                            ]]>
                            </value>
                        </Row>
                        <Row>
                            <name>
                            <![CDATA[
                            PTC.SCA.SCO.ControlsAdvisor.NITestStandLastShift
                            ]]>
                            </name>
                            <value>
                            <![CDATA[
                            Último turno
                            ]]>
                            </value>
                        </Row>
                        <Row>
                            <name>
                            <![CDATA[
                            PTC.SCA.SCO.ControlsAdvisor.NITestStandCurrentUtilization
                            ]]>
                            </name>
                            <value>
                            <![CDATA[
                            Utilización actual
                            ]]>
                            </value>
                        </Row>
                        <Row>
                            <name>
                            <![CDATA[
                            PTC.SCA.SCO.ControlsAdvisor.NITestStandStation.WithColon
                            ]]>
                            </name>
                            <value>
                            <![CDATA[
                            Estación:
                            ]]>
                            </value>
                        </Row>
                        <Row>
                            <name>
                            <![CDATA[
                            PTC.SCA.SCO.ControlsAdvisor.NITestStandStation
                            ]]>
                            </name>
                            <value>
                            <![CDATA[
                            Estación
                            ]]>
                            </value>
                        </Row>
                        <Row>
                            <name>
                            <![CDATA[
                            PTC.SCA.SCO.ControlsAdvisor.NITestStandSequence.WithColon
                            ]]>
                            </name>
                            <value>
                            <![CDATA[
                            Secuencia:
                            ]]>
                            </value>
                        </Row>
                        <Row>
                            <name>
                            <![CDATA[
                            PTC.SCA.SCO.ControlsAdvisor.NITestStandSequence
                            ]]>
                            </name>
                            <value>
                            <![CDATA[
                            Secuencia
                            ]]>
                            </value>
                        </Row>
                        <Row>
                            <name>
                            <![CDATA[
                            PTC.SCA.SCO.ControlsAdvisor.NITestStandDuration.WithColon
                            ]]>
                            </name>
                            <value>
                            <![CDATA[
                            Duración:
                            ]]>
                            </value>
                        </Row>
                        <Row>
                            <name>
                            <![CDATA[
                            PTC.SCA.SCO.ControlsAdvisor.NITestStandDuration
                            ]]>
                            </name>
                            <value>
                            <![CDATA[
                            Duración
                            ]]>
                            </value>
                        </Row>
                        <Row>
                            <name>
                            <![CDATA[
                            PTC.SCA.SCO.ControlsAdvisor.NITestStandLastStep.WithColon
                            ]]>
                            </name>
                            <value>
                            <![CDATA[
                            Último paso:
                            ]]>
                            </value>
                        </Row>
                        <Row>
                            <name>
                            <![CDATA[
                            PTC.SCA.SCO.ControlsAdvisor.NITestStandResult.WithColon
                            ]]>
                            </name>
                            <value>
                            <![CDATA[
                            Resultado:
                            ]]>
                            </value>
                        </Row>
                        <Row>
                            <name>
                            <![CDATA[
                            PTC.SCA.SCO.ControlsAdvisor.NITestStandResult
                            ]]>
                            </name>
                            <value>
                            <![CDATA[
                            Resultado
                            ]]>
                            </value>
                        </Row>
                        <Row>
                            <name>
                            <![CDATA[
                            PTC.SCA.SCO.ControlsAdvisor.NITestStandSequenceResult
                            ]]>
                            </name>
                            <value>
                            <![CDATA[
                            Resultado de la secuencia
                            ]]>
                            </value>
                        </Row>
                        <Row>
                            <name>
                            <![CDATA[
                            PTC.SCA.SCO.ControlsAdvisor.NITestStandLastSequenceRun
                            ]]>
                            </name>
                            <value>
                            <![CDATA[
                            Última ejecución de secuencia
                            ]]>
                            </value>
                        </Row>
                        <Row>
                            <name>
                            <![CDATA[
                            PTC.SCA.SCO.ControlsAdvisor.NITestStandStartTime
                            ]]>
                            </name>
                            <value>
                            <![CDATA[
                            Hora de inicio
                            ]]>
                            </value>
                        </Row>
                        <Row>
                            <name>
                            <![CDATA[
                            PTC.SCA.SCO.ControlsAdvisor.NITestStandReasonForFailure
                            ]]>
                            </name>
                            <value>
                            <![CDATA[
                            Motivo del fallo
                            ]]>
                            </value>
                        </Row>
                        <Row>
                            <name>
                            <![CDATA[
                            PTC.SCA.SCO.ControlsAdvisor.NITestStandRunning
                            ]]>
                            </name>
                            <value>
                            <![CDATA[
                            EN EJECUCIÓN
                            ]]>
                            </value>
                        </Row>
                        <Row>
                            <name>
                            <![CDATA[
                            PTC.SCA.SCO.ControlsAdvisor.NITestStandIdle
                            ]]>
                            </name>
                            <value>
                            <![CDATA[
                            INACTIVO
                            ]]>
                            </value>
                        </Row>
                        <Row>
                            <name>
                            <![CDATA[
                            PTC.SCA.SCO.ControlsAdvisor.NITestStandTestHistory
                            ]]>
                            </name>
                            <value>
                            <![CDATA[
                            Historial de pruebas (últimas 6 secuencias)
                            ]]>
                            </value>
                        </Row>
                        <Row>
                            <name>
                            <![CDATA[
                            PTC.SCA.SCO.ControlsAdvisor.TrendNumberOfTestsRun
                            ]]>
                            </name>
                            <value>
                            <![CDATA[
                            Tendencia: Número de ejecución de pruebas
                            ]]>
                            </value>
                        </Row>
                        <Row>
                            <name>
                            <![CDATA[
                            PTC.SCA.SCO.ControlsAdvisor.TestHistoryDetails
                            ]]>
                            </name>
                            <value>
                            <![CDATA[
                            Detalles del historial de pruebas
                            ]]>
                            </value>
                        </Row>
                        <Row>
                            <name>
                            <![CDATA[
                            PTC.SCA.SCO.ControlsAdvisor.NITestStandTestHistoryTrendName
                            ]]>
                            </name>
                            <value>
                            <![CDATA[
                            Ejecución de secuencias de prueba
                            ]]>
                            </value>
                        </Row>
                        <Row>
                            <name>
                            <![CDATA[
                            PTC.SCA.SCO.ControlsAdvisor.AppKeyUsername
                            ]]>
                            </name>
                            <value>
                            <![CDATA[
                            Nombre de usuario de clave de aplicación *
                            ]]>
                            </value>
                        </Row>
                        <Row>
                            <name>
                            <![CDATA[
                            PTC.SCA.SCO.ControlsAdvisor.AppKeyExpDate
                            ]]>
                            </name>
                            <value>
                            <![CDATA[
                            Fecha de vencimiento de clave de aplicación *
                            ]]>
                            </value>
                        </Row>
                    </Rows>
                </ConfigurationTable>
            </ConfigurationTables>
        </LocalizationTable>
    </LocalizationTables>
</Entities>
