<?xml version="1.0" encoding="UTF-8"?>
<Entities>
    <LocalizationTables>
        <LocalizationTable
         description="de localization table"
         homeMashup=""
         name="de"
         tags="PTC:factory-mv">
            <avatar></avatar>
            <DesignTimePermissions>
                <Create></Create>
                <Read></Read>
                <Update></Update>
                <Delete></Delete>
                <Metadata></Metadata>
            </DesignTimePermissions>
            <RunTimePermissions></RunTimePermissions>
            <VisibilityPermissions>
                <Visibility>
                    <Principal
                     isPermitted="true"
                     name="PTC.Factory.MachineVisibility"
                     type="Organization"></Principal>
                </Visibility>
            </VisibilityPermissions>
            <ConfigurationTables>
                <ConfigurationTable
                 description="Localization Tokens"
                 isMultiRow="true"
                 name="LocalizationTokens"
                 ordinal="0">
                    <DataShape>
                        <FieldDefinitions>
                            <FieldDefinition
                             aspect.friendlyName="Translation context"
                             baseType="STRING"
                             description="Translation context"
                             name="context"
                             ordinal="3"></FieldDefinition>
                            <FieldDefinition
                             aspect.friendlyName="Token name"
                             baseType="STRING"
                             description="Token name"
                             name="name"
                             ordinal="0"></FieldDefinition>
                            <FieldDefinition
                             aspect.friendlyName="Token usage"
                             baseType="STRING"
                             description="Token usage"
                             name="usage"
                             ordinal="2"></FieldDefinition>
                            <FieldDefinition
                             aspect.friendlyName="Localized value"
                             baseType="STRING"
                             description="Localized value"
                             name="value"
                             ordinal="1"></FieldDefinition>
                        </FieldDefinitions>
                    </DataShape>
                    <Rows>
                        <Row>
                            <name>
                            <![CDATA[
                            PTC.Factory.No
                            ]]>
                            </name>
                            <value>
                            <![CDATA[
                            Nein
                            ]]>
                            </value>
                        </Row>
                        <Row>
                            <name>
                            <![CDATA[
                            PTC.Factory.Yes
                            ]]>
                            </name>
                            <value>
                            <![CDATA[
                            Ja
                            ]]>
                            </value>
                        </Row>
                        <Row>
                            <name>
                            <![CDATA[
                            PTC.Factory.View List
                            ]]>
                            </name>
                            <value>
                            <![CDATA[
                            Anzeigen
                            ]]>
                            </value>
                        </Row>
                        <Row>
                            <name>
                            <![CDATA[
                            PTC.Factory.Properties
                            ]]>
                            </name>
                            <value>
                            <![CDATA[
                            Eigenschaften
                            ]]>
                            </value>
                        </Row>
                        <Row>
                            <name>
                            <![CDATA[
                            PTC.Factory.Client Count
                            ]]>
                            </name>
                            <value>
                            <![CDATA[
                            Client-Anzahl
                            ]]>
                            </value>
                        </Row>
                        <Row>
                            <name>
                            <![CDATA[
                            PTC.Factory.Device Count
                            ]]>
                            </name>
                            <value>
                            <![CDATA[
                            Geräte ({0})
                            ]]>
                            </value>
                        </Row>
                        <Row>
                            <name>
                            <![CDATA[
                            PTC.Factory.Devices
                            ]]>
                            </name>
                            <value>
                            <![CDATA[
                            Geräte
                            ]]>
                            </value>
                        </Row>
                        <Row>
                            <name>
                            <![CDATA[
                            PTC.Factory.New Devices
                            ]]>
                            </name>
                            <value>
                            <![CDATA[
                            Neue Geräte
                            ]]>
                            </value>
                        </Row>
                        <Row>
                            <name>
                            <![CDATA[
                            PTC.Factory.Removed Devices
                            ]]>
                            </name>
                            <value>
                            <![CDATA[
                            Entfernte Geräte
                            ]]>
                            </value>
                        </Row>
                        <Row>
                            <name>
                            <![CDATA[
                            PTC.Factory.ConnectionTime
                            ]]>
                            </name>
                            <value>
                            <![CDATA[
                            Verbindungszeit
                            ]]>
                            </value>
                        </Row>
                        <Row>
                            <name>
                            <![CDATA[
                            PTC.Factory.Tag Count
                            ]]>
                            </name>
                            <value>
                            <![CDATA[
                            Tag-Anzahl
                            ]]>
                            </value>
                        </Row>
                        <Row>
                            <name>
                            <![CDATA[
                            PTC.Factory.Connection Details
                            ]]>
                            </name>
                            <value>
                            <![CDATA[
                            Verbindungsdetails
                            ]]>
                            </value>
                        </Row>
                        <Row>
                            <name>
                            <![CDATA[
                            PTC.Factory.Create Connection
                            ]]>
                            </name>
                            <value>
                            <![CDATA[
                            VERBINDUNG ERSTELLEN
                            ]]>
                            </value>
                        </Row>
                        <Row>
                            <name>
                            <![CDATA[
                            PTC.Factory.CreateConnection
                            ]]>
                            </name>
                            <value>
                            <![CDATA[
                            Verbindung erstellen
                            ]]>
                            </value>
                        </Row>
                        <Row>
                            <name>
                            <![CDATA[
                            PTC.SCA.Mfg.KepServerMonitor.CreateConnectionPopUp
                            ]]>
                            </name>
                            <value>
                            <![CDATA[
                            VERBINDUNG ERSTELLEN
                            ]]>
                            </value>
                        </Row>
                        <Row>
                            <name>
                            <![CDATA[
                            PTC.Factory.Thing Name
                            ]]>
                            </name>
                            <value>
                            <![CDATA[
                            Verbindungsname *
                            ]]>
                            </value>
                        </Row>
                        <Row>
                            <name>
                            <![CDATA[
                            PTC.Factory.EnterConnectionName
                            ]]>
                            </name>
                            <value>
                            <![CDATA[
                            Namen für die Verbindung eingeben.
                            ]]>
                            </value>
                        </Row>
                        <Row>
                            <name>
                            <![CDATA[
                            PTC.Factory.EnterDeviceName
                            ]]>
                            </name>
                            <value>
                            <![CDATA[
                            Gerätenamen eingeben
                            ]]>
                            </value>
                        </Row>
                        <Row>
                            <name>
                            <![CDATA[
                            PTC.SCA.SCO.ControlsAdvisor.ServerExists
                            ]]>
                            </name>
                            <value>
                            <![CDATA[
                            Dieser Verbindungsname wird für eine vorhandene Verbindung verwendet. Neuen Verbindungsnamen eingeben.
                            ]]>
                            </value>
                        </Row>
                        <Row>
                            <name>
                            <![CDATA[
                            PTC.Factory.Instruction
                            ]]>
                            </name>
                            <value>
                            <![CDATA[
                            Anweisungen zum Fertigstellen der Verbindung
                            ]]>
                            </value>
                        </Row>
                        <Row>
                            <name>
                            <![CDATA[
                            PTC.Factory.InstructionNote1
                            ]]>
                            </name>
                            <value>
                            <![CDATA[
                            Wichtig! Sie benötigen Ihren Anwendungsschlüssel sowie den Dingnamen. Bitte machen Sie sich entsprechende Notizen.
                            ]]>
                            </value>
                        </Row>
                        <Row>
                            <name>
                            <![CDATA[
                            PTC.Factory.NITestStandInstructionNote1
                            ]]>
                            </name>
                            <value>
                            <![CDATA[
                            Führen Sie nach der Installation von sowohl NI TestStand als auch Edge MicroServer (EMS), die folgenden Schritte aus, um die EMS-Konfiguration abzuschließen.
                            ]]>
                            </value>
                        </Row>
                        <Row>
                            <name>
                            <![CDATA[
                            PTC.Factory.NITestStandInstructionNote2
                            ]]>
                            </name>
                            <value>
                            <![CDATA[
                            <span class='factory_black_11'><b>1. </b>Bearbeiten Sie Ihre Datei &lt;EMS-Installation&gt;/etc/config.json, um die folgenden Werte festzulegen:</span>
                            ]]>
                            </value>
                        </Row>
                        <Row>
                            <name>
                            <![CDATA[
                            PTC.Factory.NITestStandInstructionNote3
                            ]]>
                            </name>
                            <value>
                            <![CDATA[
                            In "ws_servers":
                            ]]>
                            </value>
                        </Row>
                        <Row>
                            <name>
                            <![CDATA[
                            PTC.Factory.NITestStandInstructionNote4
                            ]]>
                            </name>
                            <value>
                            <![CDATA[
                            In "auto_bind":
                            ]]>
                            </value>
                        </Row>
                        <Row>
                            <name>
                            <![CDATA[
                            PTC.Factory.NITestStandInstructionNote5
                            ]]>
                            </name>
                            <value>
                            <![CDATA[
                            <span class='factory_black_11'><b>2. </b>Starten Sie Ihr EMS neu.</span>
                            ]]>
                            </value>
                        </Row>
                        <Row>
                            <name>
                            <![CDATA[
                            PTC.Factory.InstructionNote2
                            ]]>
                            </name>
                            <value>
                            <![CDATA[
                            Gehen Sie zu Ihrem Server und führen Sie diese einfachen Schritte aus:
                            ]]>
                            </value>
                        </Row>
                        <Row>
                            <name>
                            <![CDATA[
                            PTC.Factory.InstructionNote3
                            ]]>
                            </name>
                            <value>
                            <![CDATA[
                            <span class='factory_black_11'>1. Klicken Sie mit der rechten Maustaste auf den Ordner <b>Projekt</b> und wählen Sie <b>Eigenschaften</b> aus.</span>
                            ]]>
                            </value>
                        </Row>
                        <Row>
                            <name>
                            <![CDATA[
                            PTC.Factory.InstructionNote4
                            ]]>
                            </name>
                            <value>
                            <![CDATA[
                            2. Wählen Sie unter der Registerkarte ThingWorx Folgendes aus:
                            ]]>
                            </value>
                        </Row>
                        <Row>
                            <name>
                            <![CDATA[
                            PTC.Factory.InstructionEnableString
                            ]]>
                            </name>
                            <value>
                            <![CDATA[
                            Aktivieren:
                            ]]>
                            </value>
                        </Row>
                        <Row>
                            <name>
                            <![CDATA[
                            PTC.Factory.InstructionHostString
                            ]]>
                            </name>
                            <value>
                            <![CDATA[
                            Host:
                            ]]>
                            </value>
                        </Row>
                        <Row>
                            <name>
                            <![CDATA[
                            PTC.Factory.InstructionPortString
                            ]]>
                            </name>
                            <value>
                            <![CDATA[
                            Port:
                            ]]>
                            </value>
                        </Row>
                        <Row>
                            <name>
                            <![CDATA[
                            PTC.Factory.InstructionThingNameString
                            ]]>
                            </name>
                            <value>
                            <![CDATA[
                            Dingname:
                            ]]>
                            </value>
                        </Row>
                        <Row>
                            <name>
                            <![CDATA[
                            PTC.Factory.InstructionApplicationKeyString
                            ]]>
                            </name>
                            <value>
                            <![CDATA[
                            Anwendungsschlüssel:
                            ]]>
                            </value>
                        </Row>
                        <Row>
                            <name>
                            <![CDATA[
                            PTC.Factory.InstructionTrustedSelfSignedCertificatesString
                            ]]>
                            </name>
                            <value>
                            <![CDATA[
                            Selbstsignierten Zertifikaten vertrauen:
                            ]]>
                            </value>
                        </Row>
                        <Row>
                            <name>
                            <![CDATA[
                            PTC.Factory.InstructionTrustAllCertificatesString
                            ]]>
                            </name>
                            <value>
                            <![CDATA[
                            Allen Zertifikaten vertrauen:
                            ]]>
                            </value>
                        </Row>
                        <Row>
                            <name>
                            <![CDATA[
                            PTC.Factory.InstructionDisableEncryptionString
                            ]]>
                            </name>
                            <value>
                            <![CDATA[
                            Verschlüsselung deaktivieren:
                            ]]>
                            </value>
                        </Row>
                        <Row>
                            <name>
                            <![CDATA[
                            PTC.Factory.PrintInstructions
                            ]]>
                            </name>
                            <value>
                            <![CDATA[
                            Anweisungen drucken
                            ]]>
                            </value>
                        </Row>
                        <Row>
                            <name>
                            <![CDATA[
                            PTC.Factory.CONNECTIONS
                            ]]>
                            </name>
                            <value>
                            <![CDATA[
                            VERBINDUNGEN
                            ]]>
                            </value>
                        </Row>
                        <Row>
                            <name>
                            <![CDATA[
                            PTC.SCA.SCO.KEPServerLogs
                            ]]>
                            </name>
                            <value>
                            <![CDATA[
                            KEPServerEX Ereignisprotokoll
                            ]]>
                            </value>
                        </Row>
                        <Row>
                            <name>
                            <![CDATA[
                            PTC.Factory.EditConnection
                            ]]>
                            </name>
                            <value>
                            <![CDATA[
                            Verbindung bearbeiten
                            ]]>
                            </value>
                        </Row>
                        <Row>
                            <name>
                            <![CDATA[
                            PTC.Factory.Status
                            ]]>
                            </name>
                            <value>
                            <![CDATA[
                            Serverstatus
                            ]]>
                            </value>
                        </Row>
                        <Row>
                            <name>
                            <![CDATA[
                            PTC.Factory.Device in Error
                            ]]>
                            </name>
                            <value>
                            <![CDATA[
                            Gerätestatus
                            ]]>
                            </value>
                        </Row>
                        <Row>
                            <name>
                            <![CDATA[
                            PTC.Factory.Device ID
                            ]]>
                            </name>
                            <value>
                            <![CDATA[
                            Geräte-ID
                            ]]>
                            </value>
                        </Row>
                        <Row>
                            <name>
                            <![CDATA[
                            PTC.Factory.Scan Mode
                            ]]>
                            </name>
                            <value>
                            <![CDATA[
                            Scan-Modus
                            ]]>
                            </value>
                        </Row>
                        <Row>
                            <name>
                            <![CDATA[
                            PTC.Factory.Simulated
                            ]]>
                            </name>
                            <value>
                            <![CDATA[
                            Simuliert
                            ]]>
                            </value>
                        </Row>
                        <Row>
                            <name>
                            <![CDATA[
                            PTC.Factory.Time In Error
                            ]]>
                            </name>
                            <value>
                            <![CDATA[
                            Zeit im Fehlerstatus (s)
                            ]]>
                            </value>
                        </Row>
                        <Row>
                            <name>
                            <![CDATA[
                            PTC.Factory.Connection Type
                            ]]>
                            </name>
                            <value>
                            <![CDATA[
                            Verbindungstyp
                            ]]>
                            </value>
                        </Row>
                        <Row>
                            <name>
                            <![CDATA[
                            PTC.Factory.Device Name
                            ]]>
                            </name>
                            <value>
                            <![CDATA[
                            Gerätename
                            ]]>
                            </value>
                        </Row>
                        <Row>
                            <name>
                            <![CDATA[
                            PTC.Factory.DEVICE LIST:
                            ]]>
                            </name>
                            <value>
                            <![CDATA[
                            GERÄTELISTE: {0}
                            ]]>
                            </value>
                        </Row>
                        <Row>
                            <name>
                            <![CDATA[
                            PTC.Factory.DEVICE NAME:
                            ]]>
                            </name>
                            <value>
                            <![CDATA[
                            GERÄTENAME: {0}
                            ]]>
                            </value>
                        </Row>
                        <Row>
                            <name>
                            <![CDATA[
                            PTC.Factory.Mode
                            ]]>
                            </name>
                            <value>
                            <![CDATA[
                            Herabstufungsstatus
                            ]]>
                            </value>
                        </Row>
                        <Row>
                            <name>
                            <![CDATA[
                            PTC.Factory.View
                            ]]>
                            </name>
                            <value>
                            <![CDATA[
                            Anzeigen
                            ]]>
                            </value>
                        </Row>
                        <Row>
                            <name>
                            <![CDATA[
                            PTC.Factory.Channel
                            ]]>
                            </name>
                            <value>
                            <![CDATA[
                            Kanal
                            ]]>
                            </value>
                        </Row>
                        <Row>
                            <name>
                            <![CDATA[
                            PTC.Factory.Error.GetDevicesError
                            ]]>
                            </name>
                            <value>
                            <![CDATA[
                            Fehler beim Abrufen von Geräten
                            ]]>
                            </value>
                        </Row>
                        <Row>
                            <name>
                            <![CDATA[
                            PTC.Factory.DiscoverDevices.ToolTip
                            ]]>
                            </name>
                            <value>
                            <![CDATA[
                            Geräte ermitteln
                            ]]>
                            </value>
                        </Row>
                        <Row>
                            <name>
                            <![CDATA[
                            PTC.Factory.DETAILS.ToolTip
                            ]]>
                            </name>
                            <value>
                            <![CDATA[
                            Verbindungsdetails anzeigen
                            ]]>
                            </value>
                        </Row>
                        <Row>
                            <name>
                            <![CDATA[
                            PTC.Factory.DeleteDevices.TITLE
                            ]]>
                            </name>
                            <value>
                            <![CDATA[
                            GERÄT LÖSCHEN
                            ]]>
                            </value>
                        </Row>
                        <Row>
                            <name>
                            <![CDATA[
                            PTC.Factory.DeleteDevices.CONFIRM
                            ]]>
                            </name>
                            <value>
                            <![CDATA[
                            Möchten Sie das Gerät {0} wirklich löschen?
                            ]]>
                            </value>
                        </Row>
                        <Row>
                            <name>
                            <![CDATA[
                            PTC.Factory.DiscoverDevices.TITLE
                            ]]>
                            </name>
                            <value>
                            <![CDATA[
                            GERÄTE ERMITTELN?
                            ]]>
                            </value>
                        </Row>
                        <Row>
                            <name>
                            <![CDATA[
                            PTC.Factory.DiscoverDevices.Confirm
                            ]]>
                            </name>
                            <value>
                            <![CDATA[
                            Das Ermitteln von Geräten kann einige Zeit dauern und u.U. die Leistung beeinträchtigen. Sie können die Seite verlassen, und die Geräteermittlung wird im Hintergrund fortgesetzt. Klicken Sie auf "OK", um mit der Geräteermittlung fortzufahren.
                            ]]>
                            </value>
                        </Row>
                        <Row>
                            <name>
                            <![CDATA[
                            PTC.Factory.DiscoverDevices.Success
                            ]]>
                            </name>
                            <value>
                            <![CDATA[
                            Geräte wurden erfolgreich ermittelt
                            ]]>
                            </value>
                        </Row>
                        <Row>
                            <name>
                            <![CDATA[
                            PTC.Factory.Error.FailToRemoveDevice
                            ]]>
                            </name>
                            <value>
                            <![CDATA[
                            Gerät konnte auf der ThingWorx Seite nicht entfernt werden
                            ]]>
                            </value>
                        </Row>
                        <Row>
                            <name>
                            <![CDATA[
                            PTC.Factory.RediscoverRemoteServers.Error.Message
                            ]]>
                            </name>
                            <value>
                            <![CDATA[
                            Kein neuer Server hinzugefügt
                            ]]>
                            </value>
                        </Row>
                        <Row>
                            <name>
                            <![CDATA[
                            PTC.Factory.DiscoverRemoteServers.TITLE
                            ]]>
                            </name>
                            <value>
                            <![CDATA[
                            LEGACY KEPServerEX UND OPC-SERVER ERMITTELN
                            ]]>
                            </value>
                        </Row>
                        <Row>
                            <name>
                            <![CDATA[
                            PTC.Factory.DiscoverRemoteServers.Confirm
                            ]]>
                            </name>
                            <value>
                            <![CDATA[
                            Obwohl es einige Zeit dauern kann und die Leistung u.U. beeinträchtigt wird, wird die Ermittlung im Hintergrund fortgesetzt, nachdem Sie diese Seite verlassen haben.
                            ]]>
                            </value>
                        </Row>
                        <Row>
                            <name>
                            <![CDATA[
                            PTC.Factory.DiscoverServers.Success
                            ]]>
                            </name>
                            <value>
                            <![CDATA[
                            Legacy KEPServerEX und OPC-Server wurden erfolgreich ermittelt
                            ]]>
                            </value>
                        </Row>
                        <Row>
                            <name>
                            <![CDATA[
                            PTC.Factory.Error.FailToUnsubscribeTags
                            ]]>
                            </name>
                            <value>
                            <![CDATA[
                            Tags des Geräts konnten auf der ThingWorx Seite nicht abbestellt werden.
                            ]]>
                            </value>
                        </Row>
                        <Row>
                            <name>
                            <![CDATA[
                            PTC.Factory.Period.LastWeek
                            ]]>
                            </name>
                            <value>
                            <![CDATA[
                            Letzte Woche
                            ]]>
                            </value>
                        </Row>
                        <Row>
                            <name>
                            <![CDATA[
                            PTC.Factory.Period.LastHour
                            ]]>
                            </name>
                            <value>
                            <![CDATA[
                            Letzte Stunde
                            ]]>
                            </value>
                        </Row>
                        <Row>
                            <name>
                            <![CDATA[
                            PTC.Factory.Period.LastDay
                            ]]>
                            </name>
                            <value>
                            <![CDATA[
                            Letzter Tag
                            ]]>
                            </value>
                        </Row>
                        <Row>
                            <name>
                            <![CDATA[
                            PTC.Factory.TrendClientCountDateSelection
                            ]]>
                            </name>
                            <value>
                            <![CDATA[
                            Client-Anzahl
                            ]]>
                            </value>
                        </Row>
                        <Row>
                            <name>
                            <![CDATA[
                            PTC.Factory.TrendTagCountDateSelection
                            ]]>
                            </name>
                            <value>
                            <![CDATA[
                            Tag-Anzahl für Trend
                            ]]>
                            </value>
                        </Row>
                        <Row>
                            <name>
                            <![CDATA[
                            PTC.Factory.InError
                            ]]>
                            </name>
                            <value>
                            <![CDATA[
                            In Fehlerstatus
                            ]]>
                            </value>
                        </Row>
                        <Row>
                            <name>
                            <![CDATA[
                            PTC.Factory.InError24h
                            ]]>
                            </name>
                            <value>
                            <![CDATA[
                            Fehler in den letzten 24 Stunden
                            ]]>
                            </value>
                        </Row>
                        <Row>
                            <name>
                            <![CDATA[
                            PTC.Factory.Good
                            ]]>
                            </name>
                            <value>
                            <![CDATA[
                            Normal
                            ]]>
                            </value>
                        </Row>
                        <Row>
                            <name>
                            <![CDATA[
                            PTC.Factory.N/A
                            ]]>
                            </name>
                            <value>
                            <![CDATA[
                            Nicht verfügbar
                            ]]>
                            </value>
                        </Row>
                        <Row>
                            <name>
                            <![CDATA[
                            PTC.Factory.ServerStatus
                            ]]>
                            </name>
                            <value>
                            <![CDATA[
                            Status
                            ]]>
                            </value>
                        </Row>
                        <Row>
                            <name>
                            <![CDATA[
                            PTC.Factory.DeviceStatus
                            ]]>
                            </name>
                            <value>
                            <![CDATA[
                            Status
                            ]]>
                            </value>
                        </Row>
                        <Row>
                            <name>
                            <![CDATA[
                            PTC.Factory.DescriptionWarning
                            ]]>
                            </name>
                            <value>
                            <![CDATA[
                            Beschreibung ist ungültig. Die Zeichenfolge darf höchstens 200 Zeichen enthalten.
                            ]]>
                            </value>
                        </Row>
                        <Row>
                            <name>
                            <![CDATA[
                            PTC.Factory.Since
                            ]]>
                            </name>
                            <value>
                            <![CDATA[
                            AKTUALISIERT
                            ]]>
                            </value>
                        </Row>
                        <Row>
                            <name>
                            <![CDATA[
                            PTC.Factory.LastDiscovery
                            ]]>
                            </name>
                            <value>
                            <![CDATA[
                            Letzte Geräteermittlung
                            ]]>
                            </value>
                        </Row>
                        <Row>
                            <name>
                            <![CDATA[
                            PTC.Factory.Updated
                            ]]>
                            </name>
                            <value>
                            <![CDATA[
                            Aktualisiert
                            ]]>
                            </value>
                        </Row>
                        <Row>
                            <name>
                            <![CDATA[
                            PTC.Factory.Disabled
                            ]]>
                            </name>
                            <value>
                            <![CDATA[
                            Deaktiviert
                            ]]>
                            </value>
                        </Row>
                        <Row>
                            <name>
                            <![CDATA[
                            PTC.SCA.Mfg.KepServerMonitor.SuccessfulRead
                            ]]>
                            </name>
                            <value>
                            <![CDATA[
                            Erfolgreicher Lesevorgang
                            ]]>
                            </value>
                        </Row>
                        <Row>
                            <name>
                            <![CDATA[
                            PTC.SCA.Mfg.KepServerMonitor.SuccessfulWrite
                            ]]>
                            </name>
                            <value>
                            <![CDATA[
                            Erfolgreicher Schreibvorgang
                            ]]>
                            </value>
                        </Row>
                        <Row>
                            <name>
                            <![CDATA[
                            PTC.SCA.Mfg.KepServerMonitor.FailedRead
                            ]]>
                            </name>
                            <value>
                            <![CDATA[
                            Fehlgeschlagener Lesevorgang
                            ]]>
                            </value>
                        </Row>
                        <Row>
                            <name>
                            <![CDATA[
                            PTC.SCA.Mfg.KepServerMonitor.FailedWrite
                            ]]>
                            </name>
                            <value>
                            <![CDATA[
                            Fehlgeschlagener Schreibvorgang
                            ]]>
                            </value>
                        </Row>
                        <Row>
                            <name>
                            <![CDATA[
                            PTC.SCA.Mfg.KepServerMonitor.PendingRead
                            ]]>
                            </name>
                            <value>
                            <![CDATA[
                            Ausstehender Lesevorgang
                            ]]>
                            </value>
                        </Row>
                        <Row>
                            <name>
                            <![CDATA[
                            PTC.SCA.Mfg.KepServerMonitor.PendingWrite
                            ]]>
                            </name>
                            <value>
                            <![CDATA[
                            Ausstehender Schreibvorgang
                            ]]>
                            </value>
                        </Row>
                        <Row>
                            <name>
                            <![CDATA[
                            PTC.SCA.Mfg.KepServerMonitor.Tx
                            ]]>
                            </name>
                            <value>
                            <![CDATA[
                            TX
                            ]]>
                            </value>
                        </Row>
                        <Row>
                            <name>
                            <![CDATA[
                            PTC.SCA.Mfg.KepServerMonitor.Rx
                            ]]>
                            </name>
                            <value>
                            <![CDATA[
                            RX
                            ]]>
                            </value>
                        </Row>
                        <Row>
                            <name>
                            <![CDATA[
                            PTC.SCA.Mfg.KepServerMonitor.ErrorState
                            ]]>
                            </name>
                            <value>
                            <![CDATA[
                            Fehlerstatus
                            ]]>
                            </value>
                        </Row>
                        <Row>
                            <name>
                            <![CDATA[
                            PTC.SCA.Mfg.KepServerMonitor.TimeInError
                            ]]>
                            </name>
                            <value>
                            <![CDATA[
                            Zeit im Fehlerstatus
                            ]]>
                            </value>
                        </Row>
                        <Row>
                            <name>
                            <![CDATA[
                            PTC.SCA.Mfg.KepServerMonitor.DeviceNameReq
                            ]]>
                            </name>
                            <value>
                            <![CDATA[
                            Gerätename*
                            ]]>
                            </value>
                        </Row>
                        <Row>
                            <name>
                            <![CDATA[
                            PTC.SCA.Mfg.KepServerMonitor.DeviceProperties
                            ]]>
                            </name>
                            <value>
                            <![CDATA[
                            Geräteigenschaften
                            ]]>
                            </value>
                        </Row>
                        <Row>
                            <name>
                            <![CDATA[
                            PTC.SCA.Mfg.KepServerMonitor.DeviceDetail
                            ]]>
                            </name>
                            <value>
                            <![CDATA[
                            Geräte-Detail
                            ]]>
                            </value>
                        </Row>
                        <Row>
                            <name>
                            <![CDATA[
                            PTC.SCA.Mfg.KepServerMonitor.CreateDevicePopUp
                            ]]>
                            </name>
                            <value>
                            <![CDATA[
                            GERÄT ERSTELLEN
                            ]]>
                            </value>
                        </Row>
                        <Row>
                            <name>
                            <![CDATA[
                            PTC.SCA.Mfg.KepServerMonitor.CreateDevice
                            ]]>
                            </name>
                            <value>
                            <![CDATA[
                            Gerät erstellen
                            ]]>
                            </value>
                        </Row>
                        <Row>
                            <name>
                            <![CDATA[
                            PTC.SCA.Mfg.KepServerMonitor.EditDevicePopUp
                            ]]>
                            </name>
                            <value>
                            <![CDATA[
                            GERÄT BEARBEITEN
                            ]]>
                            </value>
                        </Row>
                        <Row>
                            <name>
                            <![CDATA[
                            PTC.SCA.Mfg.KepServerMonitor.EditDevice
                            ]]>
                            </name>
                            <value>
                            <![CDATA[
                            Gerät bearbeiten
                            ]]>
                            </value>
                        </Row>
                        <Row>
                            <name>
                            <![CDATA[
                            PTC.SCA.Mfg.KepServerMonitor.DeleteDevice
                            ]]>
                            </name>
                            <value>
                            <![CDATA[
                            Gerät löschen
                            ]]>
                            </value>
                        </Row>
                        <Row>
                            <name>
                            <![CDATA[
                            PTC.Factory.AppliesOnlyKepware
                            ]]>
                            </name>
                            <value>
                            <![CDATA[
                            Trifft nur auf Kepware Server zu
                            ]]>
                            </value>
                        </Row>
                        <Row>
                            <name>
                            <![CDATA[
                            PTC.SCA.Mfg.KepServerMonitor.DeviceAlreadyExist
                            ]]>
                            </name>
                            <value>
                            <![CDATA[
                            Fehler beim Erstellen von {0}. Dieses Gerät ist bereits im System vorhanden.
                            ]]>
                            </value>
                        </Row>
                        <Row>
                            <name>
                            <![CDATA[
                            PTC.SCA.Mfg.KepServerMonitor.DeviceCreationError
                            ]]>
                            </name>
                            <value>
                            <![CDATA[
                            Namen dürfen weder Sonderzeichen (* / : " ' > <) noch zwei Leerstellen hintereinander innerhalb eines Wertes enthalten.
                            ]]>
                            </value>
                        </Row>
                        <Row>
                            <name>
                            <![CDATA[
                            PTC.Factory.Connections
                            ]]>
                            </name>
                            <value>
                            <![CDATA[
                            Verbindungen
                            ]]>
                            </value>
                        </Row>
                        <Row>
                            <name>
                            <![CDATA[
                            PTC.Factory.Aggregators
                            ]]>
                            </name>
                            <value>
                            <![CDATA[
                            Aggregatoren
                            ]]>
                            </value>
                        </Row>
                        <Row>
                            <name>
                            <![CDATA[
                            PTC.Factory.DiscoverRemoteServer
                            ]]>
                            </name>
                            <value>
                            <![CDATA[
                            Legacy KEPServerEX und OPC-Server ermitteln
                            ]]>
                            </value>
                        </Row>
                        <Row>
                            <name>
                            <![CDATA[
                            PTC.Factory.ConnectionType
                            ]]>
                            </name>
                            <value>
                            <![CDATA[
                            Verbindungstyp
                            ]]>
                            </value>
                        </Row>
                        <Row>
                            <name>
                            <![CDATA[
                            PTC.Factory.OPCServer
                            ]]>
                            </name>
                            <value>
                            <![CDATA[
                            OPC-Server
                            ]]>
                            </value>
                        </Row>
                        <Row>
                            <name>
                            <![CDATA[
                            PTC.Factory.ConnectionInformation
                            ]]>
                            </name>
                            <value>
                            <![CDATA[
                            VERBINDUNGSINFORMATIONEN
                            ]]>
                            </value>
                        </Row>
                        <Row>
                            <name>
                            <![CDATA[
                            PTC.Factory.ConnectionInformation.Name
                            ]]>
                            </name>
                            <value>
                            <![CDATA[
                            Name:
                            ]]>
                            </value>
                        </Row>
                        <Row>
                            <name>
                            <![CDATA[
                            PTC.Factory.ConnectionInformation.Description
                            ]]>
                            </name>
                            <value>
                            <![CDATA[
                            Beschreibung:
                            ]]>
                            </value>
                        </Row>
                        <Row>
                            <name>
                            <![CDATA[
                            PTC.Factory.ConnectionInformation.Legacy
                            ]]>
                            </name>
                            <value>
                            <![CDATA[
                            Legacy:
                            ]]>
                            </value>
                        </Row>
                        <Row>
                            <name>
                            <![CDATA[
                            PTC.Factory.ConnectionInformation.Disable
                            ]]>
                            </name>
                            <value>
                            <![CDATA[
                            Deaktivieren
                            ]]>
                            </value>
                        </Row>
                        <Row>
                            <name>
                            <![CDATA[
                            PTC.Factory.ViewConnectionInformation
                            ]]>
                            </name>
                            <value>
                            <![CDATA[
                            Verbindungsinformationen anzeigen
                            ]]>
                            </value>
                        </Row>
                        <Row>
                            <name>
                            <![CDATA[
                            PTC.Factory.AggregateName
                            ]]>
                            </name>
                            <value>
                            <![CDATA[
                            Aggregator-Name
                            ]]>
                            </value>
                        </Row>
                        <Row>
                            <name>
                            <![CDATA[
                            PTC.SCA.Mfg.KepServerMonitor.ServerAndConnOn
                            ]]>
                            </name>
                            <value>
                            <![CDATA[
                            Daten laufen durch die Verbindung
                            ]]>
                            </value>
                        </Row>
                        <Row>
                            <name>
                            <![CDATA[
                            PTC.SCA.Mfg.KepServerMonitor.ServerAndConnOff
                            ]]>
                            </name>
                            <value>
                            <![CDATA[
                            Es besteht keine Verbindung
                            ]]>
                            </value>
                        </Row>
                        <Row>
                            <name>
                            <![CDATA[
                            PTC.SCA.Mfg.KepServerMonitor.ServerAndConnWarning
                            ]]>
                            </name>
                            <value>
                            <![CDATA[
                            Daten laufen nicht durch die Verbindung
                            ]]>
                            </value>
                        </Row>
                        <Row>
                            <name>
                            <![CDATA[
                            PTC.SCA.Mfg.KepServerMonitor.BadOrUnknownQualityTagsHeader
                            ]]>
                            </name>
                            <value>
                            <![CDATA[
                            Ungültige oder unbekannte Tag-Datenqualität
                            ]]>
                            </value>
                        </Row>
                        <Row>
                            <name>
                            <![CDATA[
                            PTC.SCA.Mfg.KepServerMonitor.Source
                            ]]>
                            </name>
                            <value>
                            <![CDATA[
                            Quelle
                            ]]>
                            </value>
                        </Row>
                        <Row>
                            <name>
                            <![CDATA[
                            PTC.SCA.Mfg.KepServerMonitor.DataType
                            ]]>
                            </name>
                            <value>
                            <![CDATA[
                            Datentyp
                            ]]>
                            </value>
                        </Row>
                        <Row>
                            <name>
                            <![CDATA[
                            PTC.SCA.Mfg.KepServerMonitor.SourceDataType
                            ]]>
                            </name>
                            <value>
                            <![CDATA[
                            Quelldatentyp
                            ]]>
                            </value>
                        </Row>
                        <Row>
                            <name>
                            <![CDATA[
                            PTC.SCA.Mfg.KepServerMonitor.Quality
                            ]]>
                            </name>
                            <value>
                            <![CDATA[
                            Qualität
                            ]]>
                            </value>
                        </Row>
                        <Row>
                            <name>
                            <![CDATA[
                            PTC.SCA.SCO.ControlsAdvisor.PageDetailDescription
                            ]]>
                            </name>
                            <value>
                            <![CDATA[
                            Diese generische Detailseite ist nicht eingerichtet. Wenden Sie sich an Ihren Administrator für mehr Informationen.
                            ]]>
                            </value>
                        </Row>
                        <Row>
                            <name>
                            <![CDATA[
                            PTC.SCA.SCO.ControlsAdvisor.FooterDescription
                            ]]>
                            </name>
                            <value>
                            <![CDATA[
                            Diese generische Fußzeilenseite ist nicht eingerichtet. Wenden Sie sich an Ihren Administrator für mehr Informationen.
                            ]]>
                            </value>
                        </Row>
                        <Row>
                            <name>
                            <![CDATA[
                            PTC.SCA.SCO.ControlsAdvisor.InstructionDescription
                            ]]>
                            </name>
                            <value>
                            <![CDATA[
                            Diese generische Anweisungsseite ist nicht eingerichtet. Wenden Sie sich an Ihren Administrator für mehr Informationen.
                            ]]>
                            </value>
                        </Row>
                        <Row>
                            <name>
                            <![CDATA[
                            PTC.SCA.SCO.ControlsAdvisor.ValueStreamExists
                            ]]>
                            </name>
                            <value>
                            <![CDATA[
                            Wert-Stream ist für angegebenen Server {0} bereits vorhanden. Dieser Server kann nicht erstellt werden.
                            ]]>
                            </value>
                        </Row>
                        <Row>
                            <name>
                            <![CDATA[
                            PTC.SCA.SCO.ControlsAdvisor.LOWERCASE_PATH_WITH_COLON
                            ]]>
                            </name>
                            <value>
                            <![CDATA[
                            Pfad:
                            ]]>
                            </value>
                        </Row>
                        <Row>
                            <name>
                            <![CDATA[
                            PTC.SCA.SCO.ControlsAdvisor.LOWERCASE_PORT_WITH_COLON
                            ]]>
                            </name>
                            <value>
                            <![CDATA[
                            Port:
                            ]]>
                            </value>
                        </Row>
                        <Row>
                            <name>
                            <![CDATA[
                            PTC.SCA.SCO.ControlsAdvisor.LOWERCASE_HOST_WITH_COLON
                            ]]>
                            </name>
                            <value>
                            <![CDATA[
                            Host:
                            ]]>
                            </value>
                        </Row>
                        <Row>
                            <name>
                            <![CDATA[
                            PTC.SCA.SCO.ControlsAdvisor.APPKEY_WITH_COLON
                            ]]>
                            </name>
                            <value>
                            <![CDATA[
                            Anwendungsschlüssel:
                            ]]>
                            </value>
                        </Row>
                        <Row>
                            <name>
                            <![CDATA[
                            PTC.SCA.SCO.ControlsAdvisor.LOWERCASE_NAME_WITH_COLON
                            ]]>
                            </name>
                            <value>
                            <![CDATA[
                            Name:
                            ]]>
                            </value>
                        </Row>
                        <Row>
                            <name>
                            <![CDATA[
                            PTC.SCA.SCO.ControlsAdvisor.NITestStandLastShift
                            ]]>
                            </name>
                            <value>
                            <![CDATA[
                            Letzte Schicht
                            ]]>
                            </value>
                        </Row>
                        <Row>
                            <name>
                            <![CDATA[
                            PTC.SCA.SCO.ControlsAdvisor.NITestStandCurrentUtilization
                            ]]>
                            </name>
                            <value>
                            <![CDATA[
                            Aktuelle Auslastung
                            ]]>
                            </value>
                        </Row>
                        <Row>
                            <name>
                            <![CDATA[
                            PTC.SCA.SCO.ControlsAdvisor.NITestStandStation.WithColon
                            ]]>
                            </name>
                            <value>
                            <![CDATA[
                            Station:
                            ]]>
                            </value>
                        </Row>
                        <Row>
                            <name>
                            <![CDATA[
                            PTC.SCA.SCO.ControlsAdvisor.NITestStandStation
                            ]]>
                            </name>
                            <value>
                            <![CDATA[
                            Station
                            ]]>
                            </value>
                        </Row>
                        <Row>
                            <name>
                            <![CDATA[
                            PTC.SCA.SCO.ControlsAdvisor.NITestStandSequence.WithColon
                            ]]>
                            </name>
                            <value>
                            <![CDATA[
                            Sequenz:
                            ]]>
                            </value>
                        </Row>
                        <Row>
                            <name>
                            <![CDATA[
                            PTC.SCA.SCO.ControlsAdvisor.NITestStandSequence
                            ]]>
                            </name>
                            <value>
                            <![CDATA[
                            Sequenz
                            ]]>
                            </value>
                        </Row>
                        <Row>
                            <name>
                            <![CDATA[
                            PTC.SCA.SCO.ControlsAdvisor.NITestStandDuration.WithColon
                            ]]>
                            </name>
                            <value>
                            <![CDATA[
                            Dauer:
                            ]]>
                            </value>
                        </Row>
                        <Row>
                            <name>
                            <![CDATA[
                            PTC.SCA.SCO.ControlsAdvisor.NITestStandDuration
                            ]]>
                            </name>
                            <value>
                            <![CDATA[
                            Dauer
                            ]]>
                            </value>
                        </Row>
                        <Row>
                            <name>
                            <![CDATA[
                            PTC.SCA.SCO.ControlsAdvisor.NITestStandLastStep.WithColon
                            ]]>
                            </name>
                            <value>
                            <![CDATA[
                            Letzter Schritt:
                            ]]>
                            </value>
                        </Row>
                        <Row>
                            <name>
                            <![CDATA[
                            PTC.SCA.SCO.ControlsAdvisor.NITestStandResult.WithColon
                            ]]>
                            </name>
                            <value>
                            <![CDATA[
                            Ergebnis:
                            ]]>
                            </value>
                        </Row>
                        <Row>
                            <name>
                            <![CDATA[
                            PTC.SCA.SCO.ControlsAdvisor.NITestStandResult
                            ]]>
                            </name>
                            <value>
                            <![CDATA[
                            Ergebnis
                            ]]>
                            </value>
                        </Row>
                        <Row>
                            <name>
                            <![CDATA[
                            PTC.SCA.SCO.ControlsAdvisor.NITestStandSequenceResult
                            ]]>
                            </name>
                            <value>
                            <![CDATA[
                            Sequenzergebnis
                            ]]>
                            </value>
                        </Row>
                        <Row>
                            <name>
                            <![CDATA[
                            PTC.SCA.SCO.ControlsAdvisor.NITestStandLastSequenceRun
                            ]]>
                            </name>
                            <value>
                            <![CDATA[
                            Letzte ausgeführte Sequenz
                            ]]>
                            </value>
                        </Row>
                        <Row>
                            <name>
                            <![CDATA[
                            PTC.SCA.SCO.ControlsAdvisor.NITestStandStartTime
                            ]]>
                            </name>
                            <value>
                            <![CDATA[
                            Startzeit
                            ]]>
                            </value>
                        </Row>
                        <Row>
                            <name>
                            <![CDATA[
                            PTC.SCA.SCO.ControlsAdvisor.NITestStandReasonForFailure
                            ]]>
                            </name>
                            <value>
                            <![CDATA[
                            Fehlergrund
                            ]]>
                            </value>
                        </Row>
                        <Row>
                            <name>
                            <![CDATA[
                            PTC.SCA.SCO.ControlsAdvisor.NITestStandRunning
                            ]]>
                            </name>
                            <value>
                            <![CDATA[
                            WIRD AUSGEFÜHRT
                            ]]>
                            </value>
                        </Row>
                        <Row>
                            <name>
                            <![CDATA[
                            PTC.SCA.SCO.ControlsAdvisor.NITestStandIdle
                            ]]>
                            </name>
                            <value>
                            <![CDATA[
                            IM LEERLAUF
                            ]]>
                            </value>
                        </Row>
                        <Row>
                            <name>
                            <![CDATA[
                            PTC.SCA.SCO.ControlsAdvisor.NITestStandTestHistory
                            ]]>
                            </name>
                            <value>
                            <![CDATA[
                            Testverlauf (letzte 6 Sequenzen)
                            ]]>
                            </value>
                        </Row>
                        <Row>
                            <name>
                            <![CDATA[
                            PTC.SCA.SCO.ControlsAdvisor.TrendNumberOfTestsRun
                            ]]>
                            </name>
                            <value>
                            <![CDATA[
                            Trend: Anzahl der ausgeführten Tests
                            ]]>
                            </value>
                        </Row>
                        <Row>
                            <name>
                            <![CDATA[
                            PTC.SCA.SCO.ControlsAdvisor.TestHistoryDetails
                            ]]>
                            </name>
                            <value>
                            <![CDATA[
                            Testverlauf-Details
                            ]]>
                            </value>
                        </Row>
                        <Row>
                            <name>
                            <![CDATA[
                            PTC.SCA.SCO.ControlsAdvisor.NITestStandTestHistoryTrendName
                            ]]>
                            </name>
                            <value>
                            <![CDATA[
                            Ausgeführte Testsequenzen
                            ]]>
                            </value>
                        </Row>
                        <Row>
                            <name>
                            <![CDATA[
                            PTC.SCA.SCO.ControlsAdvisor.AppKeyUsername
                            ]]>
                            </name>
                            <value>
                            <![CDATA[
                            Benutzername für den Anwendungsschlüssel *
                            ]]>
                            </value>
                        </Row>
                        <Row>
                            <name>
                            <![CDATA[
                            PTC.SCA.SCO.ControlsAdvisor.AppKeyExpDate
                            ]]>
                            </name>
                            <value>
                            <![CDATA[
                            Ablaufdatum des Anwendungsschlüssels *
                            ]]>
                            </value>
                        </Row>
                    </Rows>
                </ConfigurationTable>
            </ConfigurationTables>
        </LocalizationTable>
    </LocalizationTables>
</Entities>
