<?xml version="1.0" encoding="UTF-8"?>
<Entities
 build="b1213"
 majorVersion="8"
 minorVersion="4"
 modelPersistenceProviderPackage="PostgresPersistenceProviderPackage"
 revision="0"
 schemaVersion="1040"
 universal="">
    <Mashups>
        <Mashup
         aspect.isEditableExtensionObject="false"
         aspect.isExtension="true"
         aspect.isResponsive="true"
         aspect.mashupType="mashup"
         columns="0.0"
         description="Default footer mashup shown in the Production Advisor page when no footer mashup is assigned to the selected equipment. Footer mashup definition can be found in the EquipmentUserInterfaceSettings configuration table."
         documentationContent=""
         homeMashup=""
         lastModifiedDate="2018-10-30T15:26:20.446-04:00"
         name="PTC.SCA.SCO.DefaultProductionKPIsFooterMashup"
         projectName="PTC.SCA.SCO.KPI.StructureDisplay"
         rows="0.0"
         tags="PTC:sca-sco;PTC:Mashup;PTC:sca-sco-kpi-structuredisplay">
            <avatar></avatar>
            <DesignTimePermissions>
                <Create></Create>
                <Read></Read>
                <Update></Update>
                <Delete></Delete>
                <Metadata></Metadata>
            </DesignTimePermissions>
            <RunTimePermissions></RunTimePermissions>
            <VisibilityPermissions>
                <Visibility>
                    <Principal
                     isPermitted="true"
                     name="PTC.Factory.MachineVisibility:PlantStatus"
                     type="OrganizationalUnit"></Principal>
                </Visibility>
            </VisibilityPermissions>
            <ConfigurationTableDefinitions></ConfigurationTableDefinitions>
            <ConfigurationTables></ConfigurationTables>
            <ParameterDefinitions>
                <FieldDefinition
                 aspect.dataShape="PTC.Factory.PlantStatusTreeDataShape"
                 aspect.ordinal="0"
                 baseType="INFOTABLE"
                 description=""
                 name="Input_1"
                 ordinal="0"></FieldDefinition>
            </ParameterDefinitions>
            <Things></Things>
            <ThingShapes></ThingShapes>
            <ThingTemplates></ThingTemplates>
            <mashupContent>
            <![CDATA[
            {
              "CustomMashupCss" : "",
              "Data" : {
                "Session" : {
                  "DataName" : "Session",
                  "EntityName" : "",
                  "EntityType" : "Session",
                  "Id" : "session",
                  "Services" : [ {
                    "APIMethod" : "post",
                    "Characteristic" : "Services",
                    "Id" : "SessionInterface",
                    "Name" : "GetGlobalSessionValues",
                    "Parameters" : { },
                    "RefreshInterval" : 0,
                    "Target" : "GetGlobalSessionValues"
                  } ]
                },
                "UserExtensions" : {
                  "DataName" : "UserExtensions",
                  "EntityName" : "",
                  "EntityType" : "UserExtensions",
                  "Id" : "UserExtensions",
                  "Services" : [ {
                    "APIMethod" : "post",
                    "Characteristic" : "Services",
                    "Id" : "UserExtensionInterface",
                    "Name" : "GetCurrentUserExtensionProperties",
                    "Parameters" : { },
                    "RefreshInterval" : 0,
                    "Target" : "GetCurrentUserExtensionProperties"
                  } ]
                }
              },
              "DataBindings" : [ {
                "Id" : "a7af3e72-c74c-4302-85f8-4a006e680b2a",
                "PropertyMaps" : [ {
                  "SourceProperty" : "Input_1",
                  "SourcePropertyBaseType" : "STRING",
                  "SubProperty" : "displayName",
                  "TargetProperty" : "Data",
                  "TargetPropertyBaseType" : "ANYSCALAR"
                } ],
                "SourceArea" : "Mashup",
                "SourceDetails" : "AllData",
                "SourceId" : "mashup-root",
                "SourceSection" : "",
                "TargetArea" : "UI",
                "TargetId" : "valuedisplay-139",
                "TargetSection" : ""
              } ],
              "DesignTimePermissions" : { },
              "Events" : [ {
                "EventHandlerArea" : "UI",
                "EventHandlerId" : "ContainedMashup-58",
                "EventHandlerService" : "Refresh",
                "EventTriggerArea" : "UI",
                "EventTriggerEvent" : "PopupClosed",
                "EventTriggerId" : "Navigation-83",
                "EventTriggerSection" : "",
                "Id" : "b5f3682e-21d3-40fb-84dc-bbf53922a99c"
              }, {
                "EventHandlerArea" : "UI",
                "EventHandlerId" : "Validator-85",
                "EventHandlerService" : "Evaluate",
                "EventTriggerArea" : "UI",
                "EventTriggerEvent" : "PopupClosed",
                "EventTriggerId" : "Navigation-84",
                "EventTriggerSection" : "",
                "Id" : "9f871e83-7c2f-4802-94e5-90cd409fc172"
              }, {
                "EventHandlerArea" : "UI",
                "EventHandlerId" : "Navigation-83",
                "EventHandlerService" : "Navigate",
                "EventTriggerArea" : "UI",
                "EventTriggerEvent" : "Clicked",
                "EventTriggerId" : "Button-96",
                "EventTriggerSection" : "",
                "Id" : "aed4b00d-300c-4427-9696-917674118b3b"
              }, {
                "EventHandlerArea" : "UI",
                "EventHandlerId" : "Navigation-84",
                "EventHandlerService" : "Navigate",
                "EventTriggerArea" : "UI",
                "EventTriggerEvent" : "Clicked",
                "EventTriggerId" : "Button-97",
                "EventTriggerSection" : "",
                "Id" : "9fa32189-da6b-4d93-84c8-6f2208581bb0"
              }, {
                "EventHandlerArea" : "UI",
                "EventHandlerId" : "Navigation-99",
                "EventHandlerService" : "Navigate",
                "EventTriggerArea" : "UI",
                "EventTriggerEvent" : "Clicked",
                "EventTriggerId" : "Button-98",
                "EventTriggerSection" : "",
                "Id" : "d6a545e7-5359-4ca3-8c23-9d5df6a3e997"
              }, {
                "EventHandlerArea" : "UI",
                "EventHandlerId" : "Navigation-102",
                "EventHandlerService" : "Navigate",
                "EventTriggerArea" : "UI",
                "EventTriggerEvent" : "Clicked",
                "EventTriggerId" : "Button-100",
                "EventTriggerSection" : "",
                "Id" : "bbdf2398-cd84-4d0b-870c-948477d4b857"
              }, {
                "EventHandlerArea" : "UI",
                "EventHandlerId" : "ContainedMashup-58",
                "EventHandlerService" : "Refresh",
                "EventTriggerArea" : "UI",
                "EventTriggerEvent" : "PopupClosed",
                "EventTriggerId" : "Navigation-99",
                "EventTriggerSection" : "",
                "Id" : "2f57a706-eae7-4af3-86d9-c54cd29e7b57"
              } ],
              "RunTimePermissions" : { },
              "UI" : {
                "Properties" : {
                  "AddToDashboardButtonStyle" : "DefaultAddToDashboardButtonStyle",
                  "Area" : "Mashup",
                  "BGImageRepeat" : "no-repeat",
                  "BGImageSize" : "auto",
                  "Columns" : 0,
                  "ConfigureGadgetButtonStyle" : "DefaultConfigureGadgetButtonStyle",
                  "Description" : "Plant Status Site Footer",
                  "DisplayName" : "Plant Status Site Footer",
                  "EnableParameterEditing" : false,
                  "Height" : 618,
                  "Id" : "mashup-root",
                  "IgnoreWarningsInViewMashup" : false,
                  "IsPrintLayout" : false,
                  "Left" : 0,
                  "MashupToEditGadget" : "DefaultMashupToEditGadget",
                  "Master" : "PTC.Factory.PlantStatus.Master",
                  "MinHeight" : 0,
                  "MinWidth" : 0,
                  "ResponsiveLayout" : true,
                  "Rows" : 0,
                  "ShowDataLoading" : true,
                  "Style" : "PTC.SCA.SCO.Core.MashupStyle",
                  "Title" : "",
                  "TitleBar" : false,
                  "TitleBarStyle" : "DefaultTitleBarStyle",
                  "TitleBarText" : "Gadget Title Here",
                  "Top" : 0,
                  "Type" : "mashup",
                  "Visible" : true,
                  "Width" : 1024,
                  "Z-index" : 10,
                  "__TypeDisplayName" : "Mashup",
                  "_currentParameterDefs" : [ {
                    "Aspects" : {
                      "dataShape" : "PTC.Factory.PlantStatusTreeDataShape"
                    },
                    "BaseType" : "INFOTABLE",
                    "Description" : "",
                    "ParameterName" : "Input_1"
                  } ],
                  "id_index" : 263,
                  "supportsAutoResize" : true
                },
                "Widgets" : [ {
                  "Properties" : {
                    "Area" : "UI",
                    "Columns" : 1,
                    "DisplayName" : "layout-178",
                    "Footer" : false,
                    "FooterHeight" : 0,
                    "Header" : false,
                    "HeaderHeight" : 0,
                    "Id" : "layout-178",
                    "IncludeSpacingInFixedAreas" : false,
                    "IsPrintLayout" : false,
                    "Left" : 125,
                    "LeftSidebar" : true,
                    "LeftSidebarWidth" : 20,
                    "Orientation" : "horizontal",
                    "PctColumn1" : 100,
                    "PctColumn2" : 0,
                    "PctColumn3" : 1,
                    "PctColumn4" : 1,
                    "PctColumn5" : 1,
                    "PctColumn6" : 1,
                    "PctColumn7" : 1,
                    "PctColumn8" : 1,
                    "PctRow1" : 50,
                    "PctRow2" : 50,
                    "PctRow3" : 0,
                    "PctRow4" : 0,
                    "PctRow5" : 0,
                    "PctRow6" : 0,
                    "PctRow7" : 0,
                    "PctRow8" : 0,
                    "PrintMarginLeftRight" : 0.5,
                    "PrintMarginTopBottom" : 0.5,
                    "PrintWidth" : 650,
                    "ResponsiveLayout" : true,
                    "RightSidebar" : true,
                    "RightSidebarWidth" : 20,
                    "Rows" : 0,
                    "ShowDataLoading" : true,
                    "Spacing" : 0,
                    "Top" : 50,
                    "Type" : "layout",
                    "Visible" : true,
                    "Z-index" : 10,
                    "__TypeDisplayName" : "Layout"
                  },
                  "Widgets" : [ {
                    "Properties" : {
                      "AnimateExpandCollapse" : true,
                      "Area" : "UI",
                      "BGImageRepeat" : "no-repeat",
                      "BGImageSize" : "auto",
                      "DisplayName" : "Left Sidebar",
                      "ExpandCollapseTabLocation" : "outside",
                      "Expanded" : true,
                      "Id" : "container-179",
                      "MinHeight" : 0,
                      "MinWidth" : 0,
                      "Overlay" : false,
                      "OverlayIsTransparent" : false,
                      "ResponsiveLayout" : true,
                      "ShowDataLoading" : true,
                      "ShowExpandCollapseTab" : false,
                      "Style" : "DefaultContainerStyle",
                      "TabCollapseStyle" : "DefaultTabCollapseStyle",
                      "TabExpandStyle" : "DefaultTabExpandStyle",
                      "TabHeight" : 36,
                      "TabLocation" : "center",
                      "TabOffset" : 0,
                      "TabWidth" : 36,
                      "Type" : "container",
                      "Visible" : true,
                      "Z-index" : 10,
                      "__TypeDisplayName" : "Container"
                    },
                    "Widgets" : [ ]
                  }, {
                    "Properties" : {
                      "AnimateExpandCollapse" : true,
                      "Area" : "UI",
                      "BGImageRepeat" : "no-repeat",
                      "BGImageSize" : "auto",
                      "DisplayName" : "Column",
                      "ExpandCollapseTabLocation" : "outside",
                      "Expanded" : true,
                      "Id" : "container-180",
                      "MinHeight" : 0,
                      "MinWidth" : 0,
                      "Overlay" : false,
                      "OverlayIsTransparent" : false,
                      "ResponsiveLayout" : true,
                      "ShowDataLoading" : true,
                      "ShowExpandCollapseTab" : false,
                      "Style" : "DefaultContainerStyle",
                      "TabCollapseStyle" : "DefaultTabCollapseStyle",
                      "TabExpandStyle" : "DefaultTabExpandStyle",
                      "TabHeight" : 36,
                      "TabLocation" : "center",
                      "TabOffset" : 0,
                      "TabWidth" : 36,
                      "Type" : "container",
                      "Visible" : true,
                      "Z-index" : 10,
                      "__TypeDisplayName" : "Container"
                    },
                    "Widgets" : [ {
                      "Properties" : {
                        "Area" : "UI",
                        "Columns" : 0,
                        "Description" : "",
                        "DisplayName" : "layout-182",
                        "Footer" : false,
                        "FooterHeight" : 0,
                        "Header" : true,
                        "HeaderHeight" : 40,
                        "Id" : "layout-182",
                        "IncludeSpacingInFixedAreas" : false,
                        "IsPrintLayout" : false,
                        "Left" : 85,
                        "LeftSidebar" : false,
                        "LeftSidebarWidth" : 0,
                        "Orientation" : "vertical",
                        "PctColumn1" : 50,
                        "PctColumn2" : 50,
                        "PctColumn3" : 1,
                        "PctColumn4" : 1,
                        "PctColumn5" : 1,
                        "PctColumn6" : 1,
                        "PctColumn7" : 1,
                        "PctColumn8" : 1,
                        "PctRow1" : 100,
                        "PctRow2" : 0,
                        "PctRow3" : 0,
                        "PctRow4" : 0,
                        "PctRow5" : 0,
                        "PctRow6" : 0,
                        "PctRow7" : 0,
                        "PctRow8" : 0,
                        "PrintMarginLeftRight" : 0.5,
                        "PrintMarginTopBottom" : 0.5,
                        "PrintWidth" : 650,
                        "ResponsiveLayout" : true,
                        "RightSidebar" : false,
                        "RightSidebarWidth" : 0,
                        "Rows" : 1,
                        "ShowDataLoading" : true,
                        "Spacing" : 0,
                        "Top" : 35,
                        "Type" : "layout",
                        "Visible" : true,
                        "Z-index" : 10,
                        "__TypeDisplayName" : "Layout"
                      },
                      "Widgets" : [ {
                        "Properties" : {
                          "AnimateExpandCollapse" : true,
                          "Area" : "UI",
                          "BGImageRepeat" : "no-repeat",
                          "BGImageSize" : "auto",
                          "DisplayName" : "Header",
                          "ExpandCollapseTabLocation" : "outside",
                          "Expanded" : true,
                          "Id" : "container-183",
                          "MinHeight" : 0,
                          "MinWidth" : 0,
                          "Overlay" : false,
                          "OverlayIsTransparent" : false,
                          "ResponsiveLayout" : true,
                          "ShowDataLoading" : true,
                          "ShowExpandCollapseTab" : false,
                          "Style" : "DefaultContainerStyle",
                          "TabCollapseStyle" : "DefaultTabCollapseStyle",
                          "TabExpandStyle" : "DefaultTabExpandStyle",
                          "TabHeight" : 36,
                          "TabLocation" : "center",
                          "TabOffset" : 0,
                          "TabWidth" : 36,
                          "Type" : "container",
                          "Visible" : true,
                          "Z-index" : 10,
                          "__TypeDisplayName" : "Container"
                        },
                        "Widgets" : [ {
                          "Properties" : {
                            "Area" : "UI",
                            "Description" : "",
                            "DisplayName" : "footer-title-panel",
                            "Height" : 40,
                            "HideScrollbars" : false,
                            "HorizontalAnchor" : "left",
                            "Id" : "panel-164",
                            "Left" : 0,
                            "ResponsiveLayout" : true,
                            "ShowDataLoading" : true,
                            "Style" : "PTC.Factory.Generic.FooterHeader",
                            "Top" : 0,
                            "Type" : "panel",
                            "VerticalAnchor" : "top",
                            "Visible" : true,
                            "Width" : 1600,
                            "Z-index" : 10,
                            "__TypeDisplayName" : "Panel"
                          },
                          "Widgets" : [ {
                            "Properties" : {
                              "Alignment" : "left",
                              "Area" : "UI",
                              "BackgroundFill" : "content",
                              "DisplayName" : "valuedisplay-139",
                              "Height" : 35,
                              "Id" : "valuedisplay-139",
                              "ImageScaling" : "Width",
                              "Label" : "",
                              "LabelAlignment" : "left",
                              "Left" : 78.80001831054688,
                              "Overflow" : "hidden",
                              "ResponsiveLayout" : false,
                              "ShowDataLoading" : true,
                              "TextIfNoValue" : "",
                              "TextIfNoValueOffset" : 20,
                              "TextIfNoValueStyle" : "DefaultValueDisplayNoTextStyle",
                              "TextWrap" : true,
                              "ToolTipField" : "",
                              "ToolTipStyle" : "DefaultTooltipStyle",
                              "Top" : 2.8000030517578125,
                              "Type" : "valuedisplay",
                              "ValueDisplayLabelStyle" : "PTC.SCA.SCO.Core.WhiteLabelStyle",
                              "ValueDisplayStyle" : "PTC.Factory.Generic.FooterOverviewTitleLabel",
                              "ValueFormat" : {
                                "renderer" : "DEFAULT"
                              },
                              "ValueFormat_StateParameters" : [ ],
                              "VerticalAlignment" : "middle",
                              "Visible" : true,
                              "Width" : 1100,
                              "Z-index" : 15,
                              "__TypeDisplayName" : "Value Display",
                              "__supportsLabel" : true,
                              "__supportsTooltip" : true
                            },
                            "Widgets" : [ ]
                          } ]
                        } ]
                      }, {
                        "Properties" : {
                          "AnimateExpandCollapse" : true,
                          "Area" : "UI",
                          "BGImageRepeat" : "no-repeat",
                          "BGImageSize" : "auto",
                          "DisplayName" : "Row 1",
                          "ExpandCollapseTabLocation" : "outside",
                          "Expanded" : true,
                          "Id" : "container-184",
                          "MinHeight" : 0,
                          "MinWidth" : 0,
                          "Overlay" : false,
                          "OverlayIsTransparent" : false,
                          "ResponsiveLayout" : true,
                          "ShowDataLoading" : true,
                          "ShowExpandCollapseTab" : false,
                          "Style" : "DefaultContainerStyle",
                          "TabCollapseStyle" : "DefaultTabCollapseStyle",
                          "TabExpandStyle" : "DefaultTabExpandStyle",
                          "TabHeight" : 36,
                          "TabLocation" : "center",
                          "TabOffset" : 0,
                          "TabWidth" : 36,
                          "Type" : "container",
                          "Visible" : true,
                          "Z-index" : 10,
                          "__TypeDisplayName" : "Container"
                        },
                        "Widgets" : [ {
                          "Properties" : {
                            "Area" : "UI",
                            "DisplayName" : "panel-137",
                            "Height" : 200,
                            "HideScrollbars" : false,
                            "HorizontalAnchor" : "left",
                            "Id" : "panel-137",
                            "Left" : 70,
                            "ResponsiveLayout" : true,
                            "ShowDataLoading" : true,
                            "Style" : "PTC.Factory.Generic.FooterBackground",
                            "Top" : 50,
                            "Type" : "panel",
                            "VerticalAnchor" : "top",
                            "Visible" : true,
                            "Width" : 300,
                            "Z-index" : 10,
                            "__TypeDisplayName" : "Panel"
                          },
                          "Widgets" : [ {
                            "Properties" : {
                              "Alignment" : "left",
                              "AllowEllipsis" : false,
                              "Area" : "UI",
                              "Description" : "",
                              "DisplayName" : "label-263",
                              "Height" : 15,
                              "Id" : "label-263",
                              "Left" : 20,
                              "ResponsiveLayout" : false,
                              "ShowDataLoading" : true,
                              "Style" : "PTC.SCA.SCO.14pxLabelText",
                              "Text" : "[[PTC.SCA.SCO.DefaultProductionKPIsFooterMashupMessage]]",
                              "ToolTipField" : "",
                              "ToolTipStyle" : "DefaultTooltipStyle",
                              "Top" : 30,
                              "Type" : "label",
                              "Visible" : true,
                              "Width" : 950,
                              "Z-index" : 10,
                              "__TypeDisplayName" : "Label",
                              "__supportsTooltip" : true
                            },
                            "Widgets" : [ ]
                          } ]
                        } ]
                      } ]
                    } ]
                  }, {
                    "Properties" : {
                      "AnimateExpandCollapse" : true,
                      "Area" : "UI",
                      "BGImageRepeat" : "no-repeat",
                      "BGImageSize" : "auto",
                      "DisplayName" : "Right Sidebar",
                      "ExpandCollapseTabLocation" : "outside",
                      "Expanded" : true,
                      "Id" : "container-181",
                      "MinHeight" : 0,
                      "MinWidth" : 0,
                      "Overlay" : false,
                      "OverlayIsTransparent" : false,
                      "ResponsiveLayout" : true,
                      "ShowDataLoading" : true,
                      "ShowExpandCollapseTab" : false,
                      "Style" : "DefaultContainerStyle",
                      "TabCollapseStyle" : "DefaultTabCollapseStyle",
                      "TabExpandStyle" : "DefaultTabExpandStyle",
                      "TabHeight" : 36,
                      "TabLocation" : "center",
                      "TabOffset" : 0,
                      "TabWidth" : 36,
                      "Type" : "container",
                      "Visible" : true,
                      "Z-index" : 10,
                      "__TypeDisplayName" : "Container"
                    },
                    "Widgets" : [ ]
                  } ]
                } ]
              },
              "mashupType" : "mashup"
            }
            ]]>
            </mashupContent>
        </Mashup>
    </Mashups>
</Entities>
