<?xml version="1.0" encoding="UTF-8"?>
<Entities
 build="b50"
 majorVersion="7"
 minorVersion="3"
 modelPersistenceProviderPackage="NeoPersistenceProviderPackage"
 revision="0"
 schemaVersion="931">
    <DataShapes>
        <DataShape
         aspect.isEditableExtensionObject="false"
         baseDataShape=""
         description="Data shape for resources provided by PTC.Factory.ProductionLineResourceProvider {PTC.Factory.ProductionLineDataShape}"
         documentationContent=""
         homeMashup=""
         lastModifiedDate="2017-02-10T14:57:47.558-05:00"
         name="PTC.Factory.ProductionLineDataShape"
         projectName="PTC.SCA.SCO.Equipment.Model"
         tags="PTC:sca-sco;PTC:DataShape;PTC:sca-sco-equipment-model">
            <avatar></avatar>
            <DesignTimePermissions>
                <Create></Create>
                <Read></Read>
                <Update></Update>
                <Delete></Delete>
                <Metadata></Metadata>
            </DesignTimePermissions>
            <RunTimePermissions></RunTimePermissions>
            <VisibilityPermissions>
                <Visibility>
                    <Principal
                     isPermitted="true"
                     name="PTC.Factory.MachineVisibility"
                     type="Organization"></Principal>
                </Visibility>
            </VisibilityPermissions>
            <ConfigurationTables></ConfigurationTables>
            <FieldDefinitions></FieldDefinitions>
        </DataShape>
    </DataShapes>
</Entities>
