<?xml version="1.0" encoding="UTF-8"?>
<Entities
 build="b6794"
 majorVersion="0"
 minorVersion="0"
 modelPersistenceProviderPackage="PostgresPersistenceProviderPackage"
 revision="0"
 schemaVersion="1050"
 universal="password">
    <DataShapes>
        <DataShape
         aspect.isEditableExtensionObject="false"
         aspect.isExtension="true"
         baseDataShape=""
         description=""
         documentationContent=""
         homeMashup=""
         lastModifiedDate="2019-05-15T00:13:43.903-04:00"
         name="PTC.SCA.SCO.Status.DefinitionsDataShape"
         projectName="PTC.SCA.SCO.Status.Model"
         tags="PTC:sca-sco;PTC:DataShape;PTC:sca-sco-status-model">
            <avatar></avatar>
            <DesignTimePermissions>
                <Create></Create>
                <Read></Read>
                <Update></Update>
                <Delete></Delete>
                <Metadata></Metadata>
            </DesignTimePermissions>
            <RunTimePermissions></RunTimePermissions>
            <VisibilityPermissions>
                <Visibility></Visibility>
            </VisibilityPermissions>
            <ConfigurationTableDefinitions></ConfigurationTableDefinitions>
            <ConfigurationTables></ConfigurationTables>
            <FieldDefinitions>
                <FieldDefinition
                 aspect.isPrimaryKey="false"
                 baseType="STRING"
                 description="Color used for graphs"
                 name="color"
                 ordinal="5"></FieldDefinition>
                <FieldDefinition
                 aspect.defaultValue="true"
                 aspect.isPrimaryKey="false"
                 baseType="BOOLEAN"
                 description="BOOLEAN (default value is true) to specify if the status expression is editable in the configuration page"
                 name="editableExpression"
                 ordinal="8"></FieldDefinition>
                <FieldDefinition
                 aspect.isPrimaryKey="false"
                 baseType="INTEGER"
                 description="Order used to evaluate the statuses"
                 name="evaluationOrder"
                 ordinal="7"></FieldDefinition>
                <FieldDefinition
                 aspect.isPrimaryKey="false"
                 baseType="IMAGELINK"
                 description="Media Icon entity for the status"
                 name="icon"
                 ordinal="4"></FieldDefinition>
                <FieldDefinition
                 aspect.isPrimaryKey="true"
                 baseType="STRING"
                 description="Unique identifier of the status definition"
                 name="id"
                 ordinal="1"></FieldDefinition>
                <FieldDefinition
                 aspect.isPrimaryKey="false"
                 baseType="STRING"
                 description="Localization token used to display the name of the status"
                 name="localizationToken"
                 ordinal="3"></FieldDefinition>
                <FieldDefinition
                 aspect.isPrimaryKey="false"
                 baseType="STRING"
                 description="Unique name of the status definition"
                 name="name"
                 ordinal="2"></FieldDefinition>
                <FieldDefinition
                 baseType="INTEGER"
                 description="Order used for sorting a status"
                 name="orderOfCriticality"
                 ordinal="6"></FieldDefinition>
            </FieldDefinitions>
        </DataShape>
    </DataShapes>
</Entities>
