<?xml version="1.0" encoding="UTF-8"?>
<Entities
 build="b11"
 majorVersion="8"
 minorVersion="4"
 modelPersistenceProviderPackage="PostgresPersistenceProviderPackage"
 revision="4"
 schemaVersion="1040"
 universal="password">
    <DataShapes>
        <DataShape
         aspect.isEditableExtensionObject="false"
         aspect.isExtension="true"
         baseDataShape=""
         description="DataShape to store the permissions for entities in a context. {PTC.SCA.SCO.EntityPermissionInContextDataShape}"
         documentationContent=""
         homeMashup=""
         lastModifiedDate="2019-04-03T15:14:57.213-04:00"
         name="PTC.SCA.SCO.EntityPermissionInContextDataShape"
         projectName="PTC.SCA.SCO.Context.Model"
         tags="PTC:sca-sco;PTC:DataShape;PTC:sca-sco-context-model">
            <avatar></avatar>
            <DesignTimePermissions>
                <Create></Create>
                <Read></Read>
                <Update></Update>
                <Delete></Delete>
                <Metadata></Metadata>
            </DesignTimePermissions>
            <RunTimePermissions></RunTimePermissions>
            <VisibilityPermissions>
                <Visibility></Visibility>
            </VisibilityPermissions>
            <ConfigurationTableDefinitions></ConfigurationTableDefinitions>
            <ConfigurationTables></ConfigurationTables>
            <FieldDefinitions>
                <FieldDefinition
                 aspect.isPrimaryKey="true"
                 baseType="THINGNAME"
                 description="Equipment thing name in a context"
                 name="EntityName"
                 ordinal="1"></FieldDefinition>
                <FieldDefinition
                 aspect.dataShape="PTC.SCA.SCO.EntityPermissionListDataShape"
                 aspect.isPrimaryKey="false"
                 baseType="INFOTABLE"
                 description="List of permissions on the entity."
                 name="Permissions"
                 ordinal="2"></FieldDefinition>
            </FieldDefinitions>
        </DataShape>
    </DataShapes>
</Entities>
