<?xml version="1.0" encoding="UTF-8"?>
<Entities
 build="b11"
 majorVersion="8"
 minorVersion="4"
 modelPersistenceProviderPackage="PostgresPersistenceProviderPackage"
 revision="4"
 schemaVersion="1040"
 universal="password">
    <DataShapes>
        <DataShape
         aspect.isEditableExtensionObject="false"
         aspect.isExtension="true"
         baseDataShape=""
         description="DataShape to store a list of context permissions for an entity. {PTC.SCA.SCO.EntityPermissionListDataShape}"
         documentationContent=""
         homeMashup=""
         lastModifiedDate="2019-04-03T15:12:58.467-04:00"
         name="PTC.SCA.SCO.EntityPermissionListDataShape"
         projectName="PTC.SCA.SCO.Context.Model"
         tags="PTC:sca-sco;PTC:DataShape;PTC:sca-sco-context-model">
            <avatar></avatar>
            <DesignTimePermissions>
                <Create></Create>
                <Read></Read>
                <Update></Update>
                <Delete></Delete>
                <Metadata></Metadata>
            </DesignTimePermissions>
            <RunTimePermissions></RunTimePermissions>
            <VisibilityPermissions>
                <Visibility></Visibility>
            </VisibilityPermissions>
            <ConfigurationTableDefinitions></ConfigurationTableDefinitions>
            <ConfigurationTables></ConfigurationTables>
            <FieldDefinitions>
                <FieldDefinition
                 aspect.isPrimaryKey="false"
                 baseType="STRING"
                 description="Permission type, which can be &quot;Write&quot;, &quot;Read&quot; or &quot;None&quot;."
                 name="PermissionType"
                 ordinal="3"></FieldDefinition>
                <FieldDefinition
                 aspect.isPrimaryKey="true"
                 baseType="STRING"
                 description="Either &quot;User&quot; or &quot;Group&quot;"
                 name="Type"
                 ordinal="2"></FieldDefinition>
                <FieldDefinition
                 aspect.isPrimaryKey="true"
                 baseType="STRING"
                 description="User or user group name"
                 name="UserOrUserGroupName"
                 ordinal="1"></FieldDefinition>
            </FieldDefinitions>
        </DataShape>
    </DataShapes>
</Entities>
