<?xml version="1.0" encoding="UTF-8"?>
<Entities
 build="b198"
 majorVersion="8"
 minorVersion="3"
 modelPersistenceProviderPackage="PostgresPersistenceProviderPackage"
 revision="0"
 schemaVersion="1030"
 universal="">
    <DataShapes>
        <DataShape
         aspect.isEditableExtensionObject="false"
         aspect.isExtension="true"
         baseDataShape=""
         description=""
         documentationContent=""
         homeMashup=""
         lastModifiedDate="2018-05-03T08:46:04.347-04:00"
         name="PTC.Factory.EquipmentStatusTreeDataShape"
         projectName="PTC.SCA.SCO.Status.Model"
         tags="PTC:sca-sco;PTC:DataShape;PTC:sca-sco-status-model">
            <avatar></avatar>
            <DesignTimePermissions>
                <Create></Create>
                <Read></Read>
                <Update></Update>
                <Delete></Delete>
                <Metadata></Metadata>
            </DesignTimePermissions>
            <RunTimePermissions>
                <Permissions
                 resourceName="*">
                    <PropertyRead>
                        <Principal
                         isPermitted="true"
                         name="FactoryUsers"
                         type="Group"></Principal>
                    </PropertyRead>
                    <PropertyWrite>
                        <Principal
                         isPermitted="true"
                         name="FactoryUsers"
                         type="Group"></Principal>
                    </PropertyWrite>
                    <ServiceInvoke>
                        <Principal
                         isPermitted="true"
                         name="FactoryUsers"
                         type="Group"></Principal>
                    </ServiceInvoke>
                    <EventInvoke>
                        <Principal
                         isPermitted="true"
                         name="FactoryUsers"
                         type="Group"></Principal>
                    </EventInvoke>
                    <EventSubscribe>
                        <Principal
                         isPermitted="true"
                         name="FactoryUsers"
                         type="Group"></Principal>
                    </EventSubscribe>
                </Permissions>
            </RunTimePermissions>
            <VisibilityPermissions>
                <Visibility>
                    <Principal
                     isPermitted="true"
                     name="PTC.Factory.MachineVisibility:AssetPerformance"
                     type="OrganizationalUnit"></Principal>
                    <Principal
                     isPermitted="true"
                     name="PTC.Factory.MachineVisibility:PlantStatus"
                     type="OrganizationalUnit"></Principal>
                </Visibility>
            </VisibilityPermissions>
            <ConfigurationTableDefinitions></ConfigurationTableDefinitions>
            <ConfigurationTables></ConfigurationTables>
            <FieldDefinitions>
                <FieldDefinition
                 baseType="NUMBER"
                 description=""
                 name="availability"
                 ordinal="14"></FieldDefinition>
                <FieldDefinition
                 baseType="INTEGER"
                 description="***DEPRECATED-J*** This property will be deleted in a future release."
                 name="availability_MaxThreshold"
                 ordinal="25"></FieldDefinition>
                <FieldDefinition
                 baseType="INTEGER"
                 description="***DEPRECATED-J*** This property will be deleted in a future release."
                 name="availability_MinThreshold"
                 ordinal="26"></FieldDefinition>
                <FieldDefinition
                 baseType="NUMBER"
                 description="***DEPRECATED-J*** This property will be deleted in a future release."
                 name="availabilityTrending"
                 ordinal="18"></FieldDefinition>
                <FieldDefinition
                 baseType="INTEGER"
                 description=""
                 name="DefinedAlerts"
                 ordinal="48"></FieldDefinition>
                <FieldDefinition
                 baseType="INTEGER"
                 description=""
                 name="DefinedKPIs"
                 ordinal="50"></FieldDefinition>
                <FieldDefinition
                 baseType="STRING"
                 description=""
                 name="DefinedStatus"
                 ordinal="49"></FieldDefinition>
                <FieldDefinition
                 baseType="STRING"
                 description=""
                 name="description"
                 ordinal="6"></FieldDefinition>
                <FieldDefinition
                 baseType="STRING"
                 description=""
                 name="displayName"
                 ordinal="36"></FieldDefinition>
                <FieldDefinition
                 baseType="STRING"
                 description=""
                 name="displayNameHTML"
                 ordinal="43"></FieldDefinition>
                <FieldDefinition
                 baseType="STRING"
                 description="***DEPRECATED-J*** This property will be deleted in a future release."
                 name="EXP_E_goodCount"
                 ordinal="28"></FieldDefinition>
                <FieldDefinition
                 baseType="STRING"
                 description="***DEPRECATED-J*** This property will be deleted in a future release."
                 name="EXP_E_idealRunRate"
                 ordinal="30"></FieldDefinition>
                <FieldDefinition
                 baseType="STRING"
                 description="***DEPRECATED-J*** This property will be deleted in a future release."
                 name="EXP_E_performanceTag"
                 ordinal="43"></FieldDefinition>
                <FieldDefinition
                 baseType="STRING"
                 description="***DEPRECATED-J*** This property will be deleted in a future release."
                 name="EXP_E_PlannedDowntime"
                 ordinal="32"></FieldDefinition>
                <FieldDefinition
                 baseType="STRING"
                 description="***DEPRECATED-J*** This property will be deleted in a future release."
                 name="EXP_E_qualityTag"
                 ordinal="41"></FieldDefinition>
                <FieldDefinition
                 baseType="STRING"
                 description="***DEPRECATED-J*** This property will be deleted in a future release."
                 name="EXP_E_Running"
                 ordinal="33"></FieldDefinition>
                <FieldDefinition
                 baseType="STRING"
                 description="***DEPRECATED-J*** This property will be deleted in a future release."
                 name="EXP_E_totalCount"
                 ordinal="29"></FieldDefinition>
                <FieldDefinition
                 baseType="STRING"
                 description="***DEPRECATED-J*** This property will be deleted in a future release."
                 name="EXP_E_UnplannedDowntime"
                 ordinal="34"></FieldDefinition>
                <FieldDefinition
                 baseType="STRING"
                 description="***DEPRECATED-J*** This property will be deleted in a future release."
                 name="EXP_E_Warning"
                 ordinal="35"></FieldDefinition>
                <FieldDefinition
                 baseType="STRING"
                 description=""
                 name="from"
                 ordinal="1"></FieldDefinition>
                <FieldDefinition
                 baseType="BOOLEAN"
                 description=""
                 name="hasAlert"
                 ordinal="40"></FieldDefinition>
                <FieldDefinition
                 baseType="BOOLEAN"
                 description=""
                 name="HasChildren"
                 ordinal="52"></FieldDefinition>
                <FieldDefinition
                 baseType="BOOLEAN"
                 description="Indicates if the equipment has a defined status"
                 name="HasDefinedStatus"
                 ordinal="45"></FieldDefinition>
                <FieldDefinition
                 aspect.isPrimaryKey="false"
                 baseType="STRING"
                 description=""
                 name="Id"
                 ordinal="27"></FieldDefinition>
                <FieldDefinition
                 baseType="DATETIME"
                 description=""
                 name="lastModifiedDate"
                 ordinal="51"></FieldDefinition>
                <FieldDefinition
                 baseType="STRING"
                 description=""
                 name="name"
                 ordinal="3"></FieldDefinition>
                <FieldDefinition
                 baseType="NUMBER"
                 description=""
                 name="oee"
                 ordinal="11"></FieldDefinition>
                <FieldDefinition
                 baseType="INTEGER"
                 description="***DEPRECATED-J*** This property will be deleted in a future release."
                 name="oEE_MaxThreshold"
                 ordinal="19"></FieldDefinition>
                <FieldDefinition
                 baseType="INTEGER"
                 description="***DEPRECATED-J*** This property will be deleted in a future release."
                 name="oEE_MinThreshold"
                 ordinal="20"></FieldDefinition>
                <FieldDefinition
                 baseType="NUMBER"
                 description="***DEPRECATED-J*** This property will be deleted in a future release."
                 name="oeeTrending"
                 ordinal="15"></FieldDefinition>
                <FieldDefinition
                 baseType="NUMBER"
                 description="Equivalent to effectiveness."
                 name="performance"
                 ordinal="12"></FieldDefinition>
                <FieldDefinition
                 baseType="INTEGER"
                 description="***DEPRECATED-J*** This property will be deleted in a future release."
                 name="performance_MaxThreshold"
                 ordinal="21"></FieldDefinition>
                <FieldDefinition
                 baseType="INTEGER"
                 description="***DEPRECATED-J*** This property will be deleted in a future release."
                 name="performance_MinThreshold"
                 ordinal="22"></FieldDefinition>
                <FieldDefinition
                 baseType="NUMBER"
                 description="***DEPRECATED-J*** This property will be deleted in a future release."
                 name="performanceTrending"
                 ordinal="16"></FieldDefinition>
                <FieldDefinition
                 baseType="NUMBER"
                 description=""
                 name="quality"
                 ordinal="13"></FieldDefinition>
                <FieldDefinition
                 baseType="INTEGER"
                 description="***DEPRECATED-J*** This property will be deleted in a future release."
                 name="quality_MaxThreshold"
                 ordinal="23"></FieldDefinition>
                <FieldDefinition
                 baseType="INTEGER"
                 description="***DEPRECATED-J*** This property will be deleted in a future release."
                 name="quality_MinThreshold"
                 ordinal="24"></FieldDefinition>
                <FieldDefinition
                 baseType="NUMBER"
                 description="***DEPRECATED-J*** This property will be deleted in a future release."
                 name="qualityTrending"
                 ordinal="17"></FieldDefinition>
                <FieldDefinition
                 baseType="STRING"
                 description=""
                 name="status"
                 ordinal="5"></FieldDefinition>
                <FieldDefinition
                 baseType="INTEGER"
                 description=""
                 name="statusIndex"
                 ordinal="43"></FieldDefinition>
                <FieldDefinition
                 baseType="STRING"
                 description=""
                 name="thingTemplate"
                 ordinal="37"></FieldDefinition>
                <FieldDefinition
                 baseType="STRING"
                 description=""
                 name="to"
                 ordinal="2"></FieldDefinition>
                <FieldDefinition
                 aspect.isPrimaryKey="true"
                 baseType="STRING"
                 description=""
                 name="treeNodeDisplay"
                 ordinal="31"></FieldDefinition>
                <FieldDefinition
                 aspect.isPrimaryKey="true"
                 baseType="STRING"
                 description=""
                 name="treeNodeId"
                 ordinal="31"></FieldDefinition>
                <FieldDefinition
                 baseType="STRING"
                 description=""
                 name="type"
                 ordinal="4"></FieldDefinition>
                <FieldDefinition
                 baseType="STRING"
                 description="Localized name for the equipment status"
                 name="statusLocalizedName"
                 ordinal="53"></FieldDefinition>
            </FieldDefinitions>
        </DataShape>
    </DataShapes>
</Entities>
