<?xml version="1.0" encoding="UTF-8"?>
<Entities
 build="b441"
 majorVersion="8"
 minorVersion="4"
 modelPersistenceProviderPackage="PostgresPersistenceProviderPackage"
 revision="0"
 schemaVersion="1040"
 universal="">
    <DataShapes>
        <DataShape
         aspect.isEditableExtensionObject="false"
         aspect.isExtension="true"
         baseDataShape=""
         description="***DEPRECATED-L*** This entity will be deleted in a future release. DataShape to return the properties of a JSON object for the NITestStand result"
         documentationContent=""
         homeMashup=""
         lastModifiedDate="2018-07-30T18:32:42.954-04:00"
         name="PTC.SCA.SCO.ControlsAdvisor.NITestStandJsonResultDataShape"
         projectName="PTC.SCA.SCO.NITestStand"
         tags="PTC:sca-sco;PTC:DataShape;PTC:sca-sco-niteststand">
            <avatar></avatar>
            <DesignTimePermissions>
                <Create></Create>
                <Read></Read>
                <Update></Update>
                <Delete></Delete>
                <Metadata></Metadata>
            </DesignTimePermissions>
            <RunTimePermissions></RunTimePermissions>
            <VisibilityPermissions>
                <Visibility></Visibility>
            </VisibilityPermissions>
            <ConfigurationTableDefinitions></ConfigurationTableDefinitions>
            <ConfigurationTables></ConfigurationTables>
            <FieldDefinitions>
                <FieldDefinition
                 aspect.isPrimaryKey="false"
                 baseType="STRING"
                 description="Time it took for the test to complete."
                 name="Duration"
                 ordinal="10"></FieldDefinition>
                <FieldDefinition
                 aspect.isPrimaryKey="false"
                 baseType="DATETIME"
                 description="Time the test ended."
                 name="EndDateTime"
                 ordinal="12"></FieldDefinition>
                <FieldDefinition
                 aspect.isPrimaryKey="false"
                 baseType="INTEGER"
                 description="Time the test run ended."
                 name="EndTime"
                 ordinal="5"></FieldDefinition>
                <FieldDefinition
                 aspect.isPrimaryKey="false"
                 baseType="INTEGER"
                 description="The NI TestStand error code."
                 name="ErrorCode"
                 ordinal="7"></FieldDefinition>
                <FieldDefinition
                 aspect.isPrimaryKey="false"
                 baseType="STRING"
                 description="The message relating to the error."
                 name="ErrorMessage"
                 ordinal="8"></FieldDefinition>
                <FieldDefinition
                 aspect.isPrimaryKey="false"
                 baseType="STRING"
                 description="The name of the last step in the sequence."
                 name="LastStep"
                 ordinal="6"></FieldDefinition>
                <FieldDefinition
                 aspect.isPrimaryKey="false"
                 baseType="STRING"
                 description="The result of the last step in the sequence."
                 name="LastStepResult"
                 ordinal="9"></FieldDefinition>
                <FieldDefinition
                 aspect.isPrimaryKey="false"
                 baseType="STRING"
                 description="Name of the test sequence."
                 name="Sequence"
                 ordinal="3"></FieldDefinition>
                <FieldDefinition
                 aspect.isPrimaryKey="false"
                 baseType="DATETIME"
                 description="Time the test started."
                 name="StartDateTime"
                 ordinal="11"></FieldDefinition>
                <FieldDefinition
                 aspect.isPrimaryKey="false"
                 baseType="INTEGER"
                 description="The time the test was run in seconds since epoch."
                 name="StartTime"
                 ordinal="4"></FieldDefinition>
                <FieldDefinition
                 aspect.isPrimaryKey="false"
                 baseType="STRING"
                 description="Station identifier."
                 name="StationID"
                 ordinal="1"></FieldDefinition>
                <FieldDefinition
                 aspect.isPrimaryKey="false"
                 baseType="STRING"
                 description="The result of the test."
                 name="TestResult"
                 ordinal="2"></FieldDefinition>
            </FieldDefinitions>
        </DataShape>
    </DataShapes>
</Entities>
