<?xml version="1.0" encoding="UTF-8"?>
<Entities
 build="b6862"
 majorVersion="0"
 minorVersion="0"
 modelPersistenceProviderPackage="PostgresPersistenceProviderPackage"
 revision="0"
 schemaVersion="1050"
 universal="password">
    <DataShapes>
        <DataShape
         aspect.isEditableExtensionObject="false"
         aspect.isExtension="true"
         baseDataShape=""
         description="Structure holding basic KPI information. {PTC.SCA.SCO.KPIInformation}"
         documentationContent=""
         homeMashup=""
         lastModifiedDate="2019-05-26T22:04:46.721-04:00"
         name="PTC.SCA.SCO.KPIInformation"
         projectName="PTC.SCA.SCO.KPI.Display"
         tags="PTC:sca-sco;PTC:DataShape;PTC:sca-sco-kpi-display">
            <avatar></avatar>
            <DesignTimePermissions>
                <Create></Create>
                <Read></Read>
                <Update></Update>
                <Delete></Delete>
                <Metadata></Metadata>
            </DesignTimePermissions>
            <RunTimePermissions></RunTimePermissions>
            <VisibilityPermissions>
                <Visibility>
                    <Principal
                     isPermitted="true"
                     name="PTC.Factory.MachineVisibility"
                     type="Organization"></Principal>
                </Visibility>
            </VisibilityPermissions>
            <ConfigurationTableDefinitions></ConfigurationTableDefinitions>
            <ConfigurationTables></ConfigurationTables>
            <FieldDefinitions>
                <FieldDefinition
                 aspect.isPrimaryKey="false"
                 baseType="STRING"
                 description=""
                 name="color"
                 ordinal="4"></FieldDefinition>
                <FieldDefinition
                 aspect.isPrimaryKey="false"
                 baseType="STRING"
                 description=""
                 name="displayName"
                 ordinal="7"></FieldDefinition>
                <FieldDefinition
                 aspect.isPrimaryKey="true"
                 baseType="STRING"
                 description=""
                 name="name"
                 ordinal="5"></FieldDefinition>
                <FieldDefinition
                 aspect.isPrimaryKey="false"
                 baseType="NUMBER"
                 description=""
                 name="trend"
                 ordinal="3"></FieldDefinition>
                <FieldDefinition
                 aspect.isPrimaryKey="false"
                 baseType="NUMBER"
                 description=""
                 name="value"
                 ordinal="6"></FieldDefinition>
            </FieldDefinitions>
        </DataShape>
    </DataShapes>
</Entities>
