<?xml version="1.0" encoding="UTF-8"?>
<Entities
 build="b158"
 majorVersion="7"
 minorVersion="4"
 modelPersistenceProviderPackage="NeoPersistenceProviderPackage"
 revision="0"
 schemaVersion="940">
    <DataShapes>
        <DataShape
         aspect.isEditableExtensionObject="false"
         aspect.isExtension="true"
         baseDataShape=""
         description="***DEPRECATED-J*** This data shape will be deleted in a future release. Status Expression Template {PTC.Factory.StatusExpressionTemplateDataShape}"
         documentationContent=""
         homeMashup=""
         lastModifiedDate="2017-04-05T13:37:38.805-04:00"
         name="PTC.Factory.StatusExpressionTemplateDataShape"
         projectName="PTC.SCA.SCO.Status.Model"
         tags="PTC:sca-sco;PTC:DataShape;PTC:sca-sco-status-model">
            <avatar></avatar>
            <DesignTimePermissions>
                <Create></Create>
                <Read></Read>
                <Update></Update>
                <Delete></Delete>
                <Metadata></Metadata>
            </DesignTimePermissions>
            <RunTimePermissions></RunTimePermissions>
            <VisibilityPermissions>
                <Visibility>
                    <Principal
                     isPermitted="true"
                     name="PTC.Factory.MachineVisibility"
                     type="Organization"></Principal>
                </Visibility>
            </VisibilityPermissions>
            <ConfigurationTables></ConfigurationTables>
            <FieldDefinitions>
                <FieldDefinition
                 aspect.defaultValue="70"
                 aspect.maximumValue="999"
                 aspect.minimumValue="0"
                 aspect.units="%"
                 baseType="INTEGER"
                 description=""
                 name="availability_MaxThreshold"
                 ordinal="3"></FieldDefinition>
                <FieldDefinition
                 aspect.defaultValue="30"
                 aspect.maximumValue="999"
                 aspect.minimumValue="0"
                 aspect.units="%"
                 baseType="INTEGER"
                 description=""
                 name="availability_MinThreshold"
                 ordinal="4"></FieldDefinition>
                <FieldDefinition
                 baseType="STRING"
                 description=""
                 name="EXP_E_goodCount"
                 ordinal="9"></FieldDefinition>
                <FieldDefinition
                 baseType="STRING"
                 description=""
                 name="EXP_E_idealRunRate"
                 ordinal="11"></FieldDefinition>
                <FieldDefinition
                 baseType="STRING"
                 description=""
                 name="EXP_E_performanceTag"
                 ordinal="13"></FieldDefinition>
                <FieldDefinition
                 baseType="STRING"
                 description=""
                 name="EXP_E_qualityTag"
                 ordinal="12"></FieldDefinition>
                <FieldDefinition
                 baseType="STRING"
                 description=""
                 name="EXP_E_totalCount"
                 ordinal="10"></FieldDefinition>
                <FieldDefinition
                 aspect.defaultValue="70"
                 aspect.maximumValue="999"
                 aspect.minimumValue="0"
                 aspect.units="%"
                 baseType="INTEGER"
                 description=""
                 name="oEE_MaxThreshold"
                 ordinal="1"></FieldDefinition>
                <FieldDefinition
                 aspect.defaultValue="30"
                 aspect.maximumValue="999"
                 aspect.minimumValue="0"
                 aspect.units="%"
                 baseType="INTEGER"
                 description=""
                 name="oEE_MinThreshold"
                 ordinal="2"></FieldDefinition>
                <FieldDefinition
                 aspect.defaultValue="70"
                 aspect.maximumValue="999"
                 aspect.minimumValue="0"
                 aspect.units="%"
                 baseType="INTEGER"
                 description=""
                 name="performance_MaxThreshold"
                 ordinal="7"></FieldDefinition>
                <FieldDefinition
                 aspect.defaultValue="30"
                 aspect.maximumValue="999"
                 aspect.minimumValue="0"
                 aspect.units="%"
                 baseType="INTEGER"
                 description=""
                 name="performance_MinThreshold"
                 ordinal="8"></FieldDefinition>
                <FieldDefinition
                 aspect.defaultValue="70"
                 aspect.maximumValue="999"
                 aspect.minimumValue="0"
                 aspect.units="%"
                 baseType="INTEGER"
                 description=""
                 name="quality_MaxThreshold"
                 ordinal="5"></FieldDefinition>
                <FieldDefinition
                 aspect.defaultValue="30"
                 aspect.maximumValue="999"
                 aspect.minimumValue="0"
                 aspect.units="%"
                 baseType="INTEGER"
                 description=""
                 name="quality_MinThreshold"
                 ordinal="6"></FieldDefinition>
            </FieldDefinitions>
        </DataShape>
    </DataShapes>
</Entities>
