<?xml version="1.0" encoding="UTF-8"?>
<Entities
 build="b11"
 majorVersion="8"
 minorVersion="4"
 modelPersistenceProviderPackage="PostgresPersistenceProviderPackage"
 revision="4"
 schemaVersion="1040"
 universal="password">
    <DataShapes>
        <DataShape
         aspect.isEditableExtensionObject="true"
         aspect.isExtension="true"
         baseDataShape=""
         description="Data Shape containing the additional properties for a Crew {PTC.SCA.SCO.Crew_AP}"
         documentationContent=""
         homeMashup=""
         lastModifiedDate="2019-04-08T14:29:49.609-04:00"
         name="PTC.SCA.SCO.Crew_AP"
         projectName="PTC.SCA.SCO.Crew.Model"
         tags="PTC:sca-sco;PTC:DataShape;PTC:sca-sco-crew-model">
            <avatar></avatar>
            <DesignTimePermissions>
                <Create></Create>
                <Read></Read>
                <Update></Update>
                <Delete></Delete>
                <Metadata></Metadata>
            </DesignTimePermissions>
            <RunTimePermissions></RunTimePermissions>
            <VisibilityPermissions>
                <Visibility></Visibility>
            </VisibilityPermissions>
            <ConfigurationTableDefinitions></ConfigurationTableDefinitions>
            <ConfigurationTables></ConfigurationTables>
            <FieldDefinitions>
                <FieldDefinition
                 aspect.isPrimaryKey="true"
                 baseType="LONG"
                 description=""
                 name="UID"
                 ordinal="1"></FieldDefinition>
            </FieldDefinitions>
        </DataShape>
    </DataShapes>
</Entities>
