<?xml version="1.0" encoding="UTF-8"?>
<Entities
 build="b6756"
 majorVersion="0"
 minorVersion="0"
 modelPersistenceProviderPackage="PostgresPersistenceProviderPackage"
 revision="0"
 schemaVersion="1050"
 universal="password">
    <DataShapes>
        <DataShape
         aspect.isEditableExtensionObject="false"
         aspect.isExtension="true"
         baseDataShape=""
         description="Defines the structure for the StateValue database table {PTC.SCA.SCO.StateValue}"
         documentationContent=""
         homeMashup=""
         lastModifiedDate="2019-05-09T16:39:35.866-04:00"
         name="PTC.SCA.SCO.StateValue"
         projectName="PTC.SCA.SCO.Status.Model"
         tags="PTC:sca-sco;PTC:DataShape;PTC:sca-sco-status-model">
            <avatar></avatar>
            <DesignTimePermissions>
                <Create></Create>
                <Read></Read>
                <Update></Update>
                <Delete></Delete>
                <Metadata></Metadata>
            </DesignTimePermissions>
            <RunTimePermissions></RunTimePermissions>
            <VisibilityPermissions>
                <Visibility>
                    <Principal
                     isPermitted="true"
                     name="PTC.Factory.MachineVisibility"
                     type="Organization"></Principal>
                </Visibility>
            </VisibilityPermissions>
            <ConfigurationTableDefinitions></ConfigurationTableDefinitions>
            <ConfigurationTables></ConfigurationTables>
            <FieldDefinitions>
                <FieldDefinition
                 aspect.isPrimaryKey="false"
                 baseType="LONG"
                 description=""
                 name="CrewUID"
                 ordinal="9"></FieldDefinition>
                <FieldDefinition
                 aspect.isPrimaryKey="false"
                 baseType="LONG"
                 description=""
                 name="JobOrderUID"
                 ordinal="8"></FieldDefinition>
                <FieldDefinition
                 aspect.isPrimaryKey="false"
                 baseType="DATETIME"
                 description=""
                 name="LastUpdatedTime"
                 ordinal="11"></FieldDefinition>
                <FieldDefinition
                 aspect.isPrimaryKey="false"
                 baseType="STRING"
                 description=""
                 name="Notes"
                 ordinal="10"></FieldDefinition>
                <FieldDefinition
                 aspect.isPrimaryKey="false"
                 aspect.thingShape="PTC.SCA.SCO.StatusThingShape"
                 baseType="THINGNAME"
                 description=""
                 name="OwnerName"
                 ordinal="4"></FieldDefinition>
                <FieldDefinition
                 aspect.isPrimaryKey="false"
                 baseType="STRING"
                 description=""
                 name="OwnerStateID"
                 ordinal="5"></FieldDefinition>
                <FieldDefinition
                 aspect.isPrimaryKey="false"
                 baseType="LONG"
                 description=""
                 name="ReasonCodeUID"
                 ordinal="7"></FieldDefinition>
                <FieldDefinition
                 aspect.isPrimaryKey="false"
                 baseType="LONG"
                 description=""
                 name="ShiftScheduleUID"
                 ordinal="12"></FieldDefinition>
                <FieldDefinition
                 aspect.isPrimaryKey="false"
                 baseType="LONG"
                 description=""
                 name="ShiftUID"
                 ordinal="3"></FieldDefinition>
                <FieldDefinition
                 aspect.isPrimaryKey="false"
                 baseType="LONG"
                 description=""
                 name="SiteUID"
                 ordinal="2"></FieldDefinition>
                <FieldDefinition
                 aspect.isPrimaryKey="false"
                 baseType="DATETIME"
                 description=""
                 name="StartTime"
                 ordinal="6"></FieldDefinition>
                <FieldDefinition
                 aspect.isPrimaryKey="true"
                 baseType="LONG"
                 description=""
                 name="UID"
                 ordinal="1"></FieldDefinition>
            </FieldDefinitions>
        </DataShape>
    </DataShapes>
</Entities>
