<?xml version="1.0" encoding="UTF-8"?>
<Entities
 build="b76"
 majorVersion="8"
 minorVersion="5"
 modelPersistenceProviderPackage="PostgresPersistenceProviderPackage"
 revision="2"
 schemaVersion="1050"
 universal="password">
    <DataShapes>
        <DataShape
         aspect.isEditableExtensionObject="false"
         aspect.isExtension="true"
         baseDataShape=""
         description="Data Shape containing the properties for a ShiftToCrewLink{PTC.SCA.SCO.ShiftToCrewLink}"
         documentationContent=""
         homeMashup=""
         lastModifiedDate="2019-11-19T14:02:57.746-05:00"
         name="PTC.SCA.SCO.ShiftToCrewLink"
         projectName="PTC.SCA.SCO.Shift.Model"
         tags="PTC:sca-sco;PTC:DataShape;PTC:sca-sco-shift-model">
            <avatar></avatar>
            <DesignTimePermissions>
                <Create></Create>
                <Read></Read>
                <Update></Update>
                <Delete></Delete>
                <Metadata></Metadata>
            </DesignTimePermissions>
            <RunTimePermissions></RunTimePermissions>
            <VisibilityPermissions>
                <Visibility></Visibility>
            </VisibilityPermissions>
            <ConfigurationTableDefinitions></ConfigurationTableDefinitions>
            <ConfigurationTables></ConfigurationTables>
            <FieldDefinitions>
                <FieldDefinition
                 aspect.isPrimaryKey="true"
                 baseType="LONG"
                 description="Automatically generated ID"
                 name="UID"
                 ordinal="1"></FieldDefinition>
                <FieldDefinition
                 aspect.isPrimaryKey="false"
                 baseType="LONG"
                 description="Shift UID"
                 name="ShiftUID"
                 ordinal="2"></FieldDefinition>
                <FieldDefinition
                 aspect.isPrimaryKey="false"
                 baseType="LONG"
                 description="Crew UID"
                 name="CrewUID"
                 ordinal="3"></FieldDefinition>
            </FieldDefinitions>
        </DataShape>
    </DataShapes>
</Entities>
