<?xml version="1.0" encoding="UTF-8"?>
<Entities
 build="b2122"
 majorVersion="8"
 minorVersion="4"
 modelPersistenceProviderPackage="PostgresPersistenceProviderPackage"
 revision="1"
 schemaVersion="1040"
 universal="password">
    <DataShapes>
        <DataShape
         aspect.isEditableExtensionObject="false"
         aspect.isExtension="true"
         baseDataShape=""
         description="DataShape to store a list of user group names. {PTC.SCA.SCO.UserGroupNameListDataShape}"
         documentationContent=""
         homeMashup=""
         lastModifiedDate="2019-03-21T17:50:50.645-04:00"
         name="PTC.SCA.SCO.UserGroupNameListDataShape"
         projectName="PTC.SCA.SCO.Context.Model"
         tags="PTC:sca-sco;PTC:DataShape;PTC:sca-sco-context-model">
            <avatar></avatar>
            <DesignTimePermissions>
                <Create></Create>
                <Read></Read>
                <Update></Update>
                <Delete></Delete>
                <Metadata></Metadata>
            </DesignTimePermissions>
            <RunTimePermissions></RunTimePermissions>
            <VisibilityPermissions>
                <Visibility></Visibility>
            </VisibilityPermissions>
            <ConfigurationTableDefinitions></ConfigurationTableDefinitions>
            <ConfigurationTables></ConfigurationTables>
            <FieldDefinitions>
                <FieldDefinition
                 aspect.isPrimaryKey="true"
                 baseType="GROUPNAME"
                 description="User group name"
                 name="UserGroupName"
                 ordinal="3"></FieldDefinition>
            </FieldDefinitions>
        </DataShape>
    </DataShapes>
</Entities>
