<?xml version="1.0" encoding="UTF-8"?>
<Entities
 build="b158"
 majorVersion="7"
 minorVersion="4"
 modelPersistenceProviderPackage="PostgresPersistenceProviderPackage"
 revision="0"
 schemaVersion="940">
    <DataShapes>
        <DataShape
         aspect.isEditableExtensionObject="false"
         baseDataShape=""
         description="User auto complete {PTC.Resource.Factory.ThingworxFactoryUsersAutoCompleteDataShape}"
         documentationContent=""
         homeMashup=""
         lastModifiedDate="2017-04-12T17:15:18.490Z"
         name="PTC.Resource.Factory.ThingworxFactoryUsersAutoCompleteDataShape"
         projectName="PTC.SCA.SCO.Alert.Model"
         tags="PTC:sca-sco;PTC:DataShape;PTC:sca-sco-alert-model">
            <avatar></avatar>
            <DesignTimePermissions>
                <Create></Create>
                <Read></Read>
                <Update></Update>
                <Delete></Delete>
                <Metadata></Metadata>
            </DesignTimePermissions>
            <RunTimePermissions></RunTimePermissions>
            <VisibilityPermissions>
                <Visibility></Visibility>
            </VisibilityPermissions>
            <ConfigurationTables></ConfigurationTables>
            <FieldDefinitions>
                <FieldDefinition
                 baseType="STRING"
                 description=""
                 name="compositeUserKey"
                 ordinal="1"></FieldDefinition>
                <FieldDefinition
                 baseType="USERNAME"
                 description=""
                 name="factoryUser"
                 ordinal="2"></FieldDefinition>
            </FieldDefinitions>
        </DataShape>
    </DataShapes>
</Entities>
