<?xml version="1.0" encoding="UTF-8"?>
<Entities
 build="b13"
 majorVersion="7"
 minorVersion="2"
 modelPersistenceProviderPackage="NeoPersistenceProviderPackage"
 revision="5"
 schemaVersion="920">
    <DataShapes>
        <DataShape
         aspect.isEditableExtensionObject="false"
         aspect.isExtension="true"
         baseDataShape=""
         description="Equipment asset mapping {PTC.ISA95.EquipmentAssetMappingDataShape}"
         documentationContent="&lt;p&gt;&lt;br&gt;&lt;/p&gt;"
         homeMashup=""
         lastModifiedDate="2016-12-14T23:09:20.542Z"
         name="PTC.ISA95.EquipmentAssetMappingDataShape"
         projectName="PTC.SCA.SCO.Asset.Model"
         tags="PTC:sca-sco;PTC:DataShape;PTC:sca-sco-asset-model">
            <avatar></avatar>
            <DesignTimePermissions>
                <Create></Create>
                <Read></Read>
                <Update></Update>
                <Delete></Delete>
                <Metadata></Metadata>
            </DesignTimePermissions>
            <RunTimePermissions></RunTimePermissions>
            <VisibilityPermissions>
                <Visibility></Visibility>
            </VisibilityPermissions>
            <ConfigurationTables></ConfigurationTables>
            <FieldDefinitions>
                <FieldDefinition
                 baseType="DATETIME"
                 description=""
                 name="endTime"
                 ordinal="4"></FieldDefinition>
                <FieldDefinition
                 aspect.thingTemplate="PTC.ISA95.EquipmentThingTemplate"
                 baseType="THINGNAME"
                 description=""
                 name="equipmentID"
                 ordinal="1"></FieldDefinition>
                <FieldDefinition
                 aspect.thingTemplate="PTC.ISA95.PhysicalAssetThingTemplate"
                 baseType="THINGNAME"
                 description=""
                 name="physicalAssetID"
                 ordinal="2"></FieldDefinition>
                <FieldDefinition
                 baseType="DATETIME"
                 description=""
                 name="startTime"
                 ordinal="3"></FieldDefinition>
            </FieldDefinitions>
        </DataShape>
    </DataShapes>
</Entities>
