<?xml version="1.0" encoding="UTF-8"?>
<Entities
 build="b10"
 majorVersion="8"
 minorVersion="3"
 modelPersistenceProviderPackage="PostgresPersistenceProviderPackage"
 revision="0"
 schemaVersion="1030"
 universal="">
    <DataShapes>
        <DataShape
         aspect.isEditableExtensionObject="false"
         aspect.isExtension="true"
         baseDataShape=""
         description="Data Shape for excel file"
         documentationContent=""
         homeMashup=""
         lastModifiedDate="2018-03-30T02:34:48.746-04:00"
         name="PTC.SCA.SCO.Common.ImportExportDataShape"
         projectName="PTC.SCA.SCO.ImportExport.Model"
         tags="PTC:sca-sco;PTC:DataShape;PTC:sca-sco-importexport-model">
            <avatar></avatar>
            <DesignTimePermissions>
                <Create></Create>
                <Read></Read>
                <Update></Update>
                <Delete></Delete>
                <Metadata></Metadata>
            </DesignTimePermissions>
            <RunTimePermissions>
                <Permissions
                 resourceName="*">
                    <PropertyRead>
                        <Principal
                         isPermitted="true"
                         name="FactoryUsers"
                         type="Group"></Principal>
                    </PropertyRead>
                    <PropertyWrite>
                        <Principal
                         isPermitted="true"
                         name="FactoryUsers"
                         type="Group"></Principal>
                    </PropertyWrite>
                    <ServiceInvoke>
                        <Principal
                         isPermitted="true"
                         name="FactoryUsers"
                         type="Group"></Principal>
                    </ServiceInvoke>
                    <EventInvoke>
                        <Principal
                         isPermitted="true"
                         name="FactoryUsers"
                         type="Group"></Principal>
                    </EventInvoke>
                    <EventSubscribe>
                        <Principal
                         isPermitted="true"
                         name="FactoryUsers"
                         type="Group"></Principal>
                    </EventSubscribe>
                </Permissions>
            </RunTimePermissions>
            <VisibilityPermissions>
                <Visibility>
                    <Principal
                     isPermitted="true"
                     name="PTC.Factory.MachineVisibility"
                     type="Organization"></Principal>
                </Visibility>
            </VisibilityPermissions>
            <ConfigurationTables></ConfigurationTables>
            <FieldDefinitions>
                <FieldDefinition
                 aspect.dataShape="PTC.SCA.SCO.Common.ImportExport.EquipmentHierarchyDataShape"
                 baseType="INFOTABLE"
                 description=""
                 name="equipmentStructure"
                 ordinal="2"></FieldDefinition>
                <FieldDefinition
                 aspect.dataShape="PTC.SCA.SCO.Common.ImportExport.EquipmentGeneralInformationDataShape"
                 baseType="INFOTABLE"
                 description=""
                 name="generalInformation"
                 ordinal="3"></FieldDefinition>
                <FieldDefinition
                 aspect.dataShape="PTC.SCA.SCO.Common.ImportExportDataShape"
                 aspect.isPrimaryKey="false"
                 aspect.tagType="ModelTags"
                 baseType="INFOTABLE"
                 description="InfoTable with information which columns from file was parsed"
                 name="metadata"
                 ordinal="5"></FieldDefinition>
                <FieldDefinition
                 baseType="STRING"
                 description=""
                 name="parsedSuccessfully"
                 ordinal="1"></FieldDefinition>
                <FieldDefinition
                 aspect.dataShape="PTC.SCA.SCO.Common.ImportExport.EquipmentPropertiesDataShape"
                 baseType="INFOTABLE"
                 description=""
                 name="properties"
                 ordinal="4"></FieldDefinition>
            </FieldDefinitions>
        </DataShape>
    </DataShapes>
</Entities>
