<?xml version="1.0" encoding="UTF-8"?>
<Entities
 build="b50"
 majorVersion="7"
 minorVersion="3"
 modelPersistenceProviderPackage="NeoPersistenceProviderPackage"
 revision="0"
 schemaVersion="931">
    <DataShapes>
        <DataShape
         aspect.isEditableExtensionObject="false"
         aspect.isExtension="true"
         baseDataShape=""
         description="Equipment Property {PTC.ISA95.EquipmentPropertyDataShape}"
         documentationContent=""
         homeMashup=""
         lastModifiedDate="2016-12-26T19:01:22.086Z"
         name="PTC.ISA95.EquipmentPropertyDataShape"
         projectName="PTC.SCA.SCO.Equipment.Model"
         tags="PTC:sca-sco;PTC:DataShape;PTC:sca-sco-equipment-model">
            <avatar></avatar>
            <DesignTimePermissions>
                <Create></Create>
                <Read></Read>
                <Update></Update>
                <Delete></Delete>
                <Metadata></Metadata>
            </DesignTimePermissions>
            <RunTimePermissions></RunTimePermissions>
            <VisibilityPermissions>
                <Visibility></Visibility>
            </VisibilityPermissions>
            <ConfigurationTables></ConfigurationTables>
            <FieldDefinitions>
                <FieldDefinition
                 baseType="INFOTABLE"
                 description=""
                 name="equipmentCapabilityTestSpecificationID"
                 ordinal="6"></FieldDefinition>
                <FieldDefinition
                 baseType="INFOTABLE"
                 description=""
                 name="equipmentProperty"
                 ordinal="6"></FieldDefinition>
                <FieldDefinition
                 baseType="INFOTABLE"
                 description=""
                 name="otherProperties"
                 ordinal="5"></FieldDefinition>
                <FieldDefinition
                 aspect.isPrimaryKey="true"
                 baseType="STRING"
                 description=""
                 name="property"
                 ordinal="1"></FieldDefinition>
                <FieldDefinition
                 baseType="INFOTABLE"
                 description=""
                 name="testResult"
                 ordinal="5"></FieldDefinition>
                <FieldDefinition
                 baseType="STRING"
                 description=""
                 name="valueUnitOfMeasure"
                 ordinal="2"></FieldDefinition>
            </FieldDefinitions>
        </DataShape>
    </DataShapes>
</Entities>
