<?xml version="1.0" encoding="UTF-8"?>
<Entities>
    <DataShapes>
        <DataShape
         aspect.isEditableExtensionObject="false"
         baseDataShape=""
         description=""
         documentationContent="&lt;p&gt;&lt;br&gt;&lt;/p&gt;&#xA;"
         homeMashup=""
         lastModifiedDate="2016-11-03T19:40:08.070Z"
         name="PTC.SCA.SCO.Asset.SavedFilter"
         projectName="PTC.SCA.SCO.Asset.Model"
         tags="PTC:sca-sco;PTC:DataShape;PTC:sca-sco-asset-model">
            <avatar></avatar>
            <DesignTimePermissions>
                <Create></Create>
                <Read></Read>
                <Update></Update>
                <Delete></Delete>
                <Metadata></Metadata>
            </DesignTimePermissions>
            <RunTimePermissions></RunTimePermissions>
            <VisibilityPermissions>
                <Visibility></Visibility>
            </VisibilityPermissions>
            <ConfigurationTables></ConfigurationTables>
            <FieldDefinitions>
                <FieldDefinition
                 baseType="THINGTEMPLATENAME"
                 description=""
                 name="AssetType"
                 ordinal="3"></FieldDefinition>
                <FieldDefinition
                 aspect.isPrimaryKey="false"
                 baseType="STRING"
                 description=""
                 name="FilterName"
                 ordinal="1"></FieldDefinition>
                <FieldDefinition
                 baseType="STRING"
                 description=""
                 name="LocalizationToken"
                 ordinal="8"></FieldDefinition>
                <FieldDefinition
                 baseType="STRING"
                 description="Should be used for result sets, not data storage"
                 name="LocalizedFilterName"
                 ordinal="9"></FieldDefinition>
                <FieldDefinition
                 baseType="QUERY"
                 description=""
                 name="FilterQuery"
                 ordinal="4"></FieldDefinition>
                <FieldDefinition
                 aspect.isPrimaryKey="true"
                 baseType="STRING"
                 description=""
                 name="ID"
                 ordinal="6"></FieldDefinition>
                <FieldDefinition
                 baseType="STRING"
                 description=""
                 name="Keyword"
                 ordinal="5"></FieldDefinition>
                <FieldDefinition
                 aspect.defaultValue="CORE"
                 baseType="STRING"
                 description=""
                 name="SearchOrigin"
                 ordinal="7"></FieldDefinition>
                <FieldDefinition
                 aspect.isPrimaryKey="false"
                 baseType="USERNAME"
                 description=""
                 name="User"
                 ordinal="2"></FieldDefinition>
            </FieldDefinitions>
        </DataShape>
    </DataShapes>
</Entities>
