<?xml version="1.0" encoding="UTF-8"?>
<Entities
 build="b88"
 majorVersion="8"
 minorVersion="2"
 modelPersistenceProviderPackage="PostgresPersistenceProviderPackage"
 revision="0"
 schemaVersion="1020"
 universal="">
    <DataShapes>
        <DataShape
         aspect.isEditableExtensionObject="false"
         aspect.isExtension="true"
         baseDataShape=""
         description="***DEPRECATED-H*** Data shape for summary about parsed data from excel file."
         documentationContent=""
         homeMashup=""
         lastModifiedDate="2018-01-05T05:42:49.648-05:00"
         name="PTC.SCA.SCO.Common.ReportDataShape"
         projectName="PTC.SCA.SCO.Common"
         tags="PTC:sca-sco;PTC:DataShape;PTC:sca-sco-common">
            <avatar></avatar>
            <DesignTimePermissions>
                <Create></Create>
                <Read></Read>
                <Update></Update>
                <Delete></Delete>
                <Metadata></Metadata>
            </DesignTimePermissions>
            <RunTimePermissions></RunTimePermissions>
            <VisibilityPermissions>
                <Visibility></Visibility>
            </VisibilityPermissions>
            <ConfigurationTables></ConfigurationTables>
            <FieldDefinitions>
                <FieldDefinition
                 aspect.defaultValue="0.0"
                 baseType="NUMBER"
                 description=""
                 name="creates"
                 ordinal="6"></FieldDefinition>
                <FieldDefinition
                 aspect.defaultValue="0.0"
                 baseType="NUMBER"
                 description=""
                 name="exists"
                 ordinal="5"></FieldDefinition>
                <FieldDefinition
                 aspect.defaultValue="0.0"
                 baseType="NUMBER"
                 description=""
                 name="invalid"
                 ordinal="4"></FieldDefinition>
                <FieldDefinition
                 aspect.defaultValue="0.0"
                 baseType="NUMBER"
                 description=""
                 name="total"
                 ordinal="2"></FieldDefinition>
                <FieldDefinition
                 aspect.defaultValue="0.0"
                 baseType="NUMBER"
                 description=""
                 name="updates"
                 ordinal="7"></FieldDefinition>
                <FieldDefinition
                 aspect.defaultValue="0.0"
                 baseType="NUMBER"
                 description=""
                 name="valid"
                 ordinal="3"></FieldDefinition>
                <FieldDefinition
                 baseType="STRING"
                 description=""
                 name="worksheet"
                 ordinal="1"></FieldDefinition>
            </FieldDefinitions>
        </DataShape>
    </DataShapes>
</Entities>
