<?xml version="1.0" encoding="UTF-8"?>
<Entities
 build="b2122"
 majorVersion="8"
 minorVersion="4"
 modelPersistenceProviderPackage="PostgresPersistenceProviderPackage"
 revision="1"
 schemaVersion="1040"
 universal="password">
    <DataShapes>
        <DataShape
         baseDataShape=""
         description="DataShape to represent the fields of the table used to delete Equipment in Context {PTC.SCA.SCO.DeleteEquipmentDataShape}"
         documentationContent=""
         homeMashup=""
         lastModifiedDate="2019-02-27T15:38:58.263-05:00"
         name="PTC.SCA.SCO.DeleteEquipmentDataShape"
         projectName="PTC.SCA.SCO.Equipment.Model"
         tags="PTC:sca-sco;PTC:DataShape;PTC:sca-sco-equipment-model">
            <avatar></avatar>
            <DesignTimePermissions>
                <Create></Create>
                <Read></Read>
                <Update></Update>
                <Delete></Delete>
                <Metadata></Metadata>
            </DesignTimePermissions>
            <RunTimePermissions></RunTimePermissions>
            <VisibilityPermissions>
                <Visibility></Visibility>
            </VisibilityPermissions>
            <ConfigurationTableDefinitions></ConfigurationTableDefinitions>
            <ConfigurationTables></ConfigurationTables>
            <FieldDefinitions>
                <FieldDefinition
                 baseType="STRING"
                 description="Id of equipment"
                 name="Id"
                 ordinal="0"></FieldDefinition>
                <FieldDefinition
                 baseType="STRING"
                 description="Name of context"
                 name="ContextName"
                 ordinal="0"></FieldDefinition>
            </FieldDefinitions>
        </DataShape>
    </DataShapes>
</Entities>
