<?xml version="1.0" encoding="UTF-8"?>
<Entities>
    <ExtensionPackages>
        <ExtensionPackage name="WebSocketTunnel_ExtensionPackage"
                          description="Web Socket Tunnel Widget"
                          vendor="ThingWorx Customer Service"
                          packageVersion="4.1.0"
                          minimumThingWorxVersion="8.3.0"
                          dependsOn="WebSocketTunnelLibrary_ExtensionPackage"/>
    </ExtensionPackages>
    <Widgets>
        <Widget name="websockettunnel">
            <UIResources>
                <!-- Studio ONLY -->
                <FileResource type="CSS" file="websockettunnel.ide.css" description="" isDevelopment="true" isRuntime="false"/>
                <FileResource type="JS" file="websockettunnel.ide.js" description="" isDevelopment="true" isRuntime="false"/>
                <!-- Runtime/Squeal ONLY -->
                <FileResource type="CSS" file="websockettunnel.runtime.css" description="" isDevelopment="false" isRuntime="true"/>
                <FileResource type="JS" file="websockettunnel.runtime.js" description="" isDevelopment="false" isRuntime="true"/>
            </UIResources>
        </Widget>
    </Widgets>
</Entities>
