<?xml version="1.0" encoding="utf-8"?><Entities><ExtensionPackages><ExtensionPackage name="UserManagement-extension" haCompatible="true" description="Administrative Tools Extensions" vendor="PTC" packageVersion="9.1.0" buildNumber="02" minimumThingWorxVersion="8.1.0" dependsOn="AppHomePage-extension:9.1.0,SCO_Common-extension:9.1.0" licensed="true" licenseName="twx_mfg_common" namedLicensedGroup="twx_mfg_common_named"><Licensed><Entity name="PTC.Factory.ImportConfiguration"></Entity><Entity name="PTC.SCA.SCO.ConfigurationAndSetup.UserManagerMashup"></Entity></Licensed><JarResources><FileResource file="sco-UserManagement-extension.jar" type="JAR"></FileResource></JarResources></ExtensionPackage></ExtensionPackages></Entities>