<?xml version="1.0" encoding="UTF-8"?>
<Entities>
    <LocalizationTables>
        <LocalizationTable
         description="fr localization table"
         homeMashup=""
         name="fr"
         tags="PTC:factory-mv">
            <avatar></avatar>
            <DesignTimePermissions>
                <Create></Create>
                <Read></Read>
                <Update></Update>
                <Delete></Delete>
                <Metadata></Metadata>
            </DesignTimePermissions>
            <RunTimePermissions></RunTimePermissions>
            <VisibilityPermissions>
                <Visibility>
                    <Principal
                     isPermitted="true"
                     name="PTC.Factory.MachineVisibility"
                     type="Organization"></Principal>
                </Visibility>
            </VisibilityPermissions>
            <ConfigurationTables>
                <ConfigurationTable
                 description="Localization Tokens"
                 isMultiRow="true"
                 name="LocalizationTokens"
                 ordinal="0">
                    <DataShape>
                        <FieldDefinitions>
                            <FieldDefinition
                             aspect.friendlyName="Translation context"
                             baseType="STRING"
                             description="Translation context"
                             name="context"
                             ordinal="3"></FieldDefinition>
                            <FieldDefinition
                             aspect.friendlyName="Token name"
                             baseType="STRING"
                             description="Token name"
                             name="name"
                             ordinal="0"></FieldDefinition>
                            <FieldDefinition
                             aspect.friendlyName="Token usage"
                             baseType="STRING"
                             description="Token usage"
                             name="usage"
                             ordinal="2"></FieldDefinition>
                            <FieldDefinition
                             aspect.friendlyName="Localized value"
                             baseType="STRING"
                             description="Localized value"
                             name="value"
                             ordinal="1"></FieldDefinition>
                        </FieldDefinitions>
                    </DataShape>
                    <Rows>
                        <Row>
                            <name>
                            <![CDATA[
                            PTC.Factory.Administration.IncorrectEmailAddress
                            ]]>
                            </name>
                            <value>
                            <![CDATA[
                            Adresse {0} non valide. Entrez une adresse e-mail valide.
                            ]]>
                            </value>
                        </Row>
                        <Row>
                            <name>
                            <![CDATA[
                            PTC.Factory.Administration.EmailAddressExists
                            ]]>
                            </name>
                            <value>
                            <![CDATA[
                            L'adresse {0} existe déjà. Entrez une nouvelle adresse e-mail.
                            ]]>
                            </value>
                        </Row>
                        <Row>
                            <name>
                            <![CDATA[
                            PTC.Factory.Administration.IncorrectPhoneNumber
                            ]]>
                            </name>
                            <value>
                            <![CDATA[
                            Numéro de téléphone {0} non valide. Entrez un numéro de téléphone valide.
                            ]]>
                            </value>
                        </Row>
                        <Row>
                            <name>
                            <![CDATA[
                            PTC.Factory.Administration.DeleteUserLabel
                            ]]>
                            </name>
                            <value>
                            <![CDATA[
                            Etes-vous sûr de vouloir supprimer {0}, {1} ?
                            ]]>
                            </value>
                        </Row>
                        <Row>
                            <name>
                            <![CDATA[
                            PTC.Factory.DeleteServerMessage
                            ]]>
                            </name>
                            <value>
                            <![CDATA[
                            Etes-vous sûr de vouloir supprimer la connexion {0} ? Si vous supprimez la connexion, les propriétés de l'équipement qui sont liées localement via cette connexion et toutes les entités référencées (telles que les tendances) perdront la connexion à leurs données. Les propriétés de l'équipement qui sont liées à distance resteront connectées.
                            ]]>
                            </value>
                        </Row>
                        <Row>
                            <name>
                            <![CDATA[
                            PTC.Factory.DeleteAggregateServerMessage
                            ]]>
                            </name>
                            <value>
                            <![CDATA[
                            Si vous supprimez cet agrégateur, tous les serveurs existants et OPC non Kepware connectés seront supprimés de la liste des connexions. En outre, les entités (actifs, tendances, etc.) faisant référence au serveur ne seront plus reliées à leurs données.
                            ]]>
                            </value>
                        </Row>
                        <Row>
                            <name>
                            <![CDATA[
                            PTC.Factory.Administration.DELETE_USER.TITLE
                            ]]>
                            </name>
                            <value>
                            <![CDATA[
                            SUPPRIMER L'UTILISATEUR
                            ]]>
                            </value>
                        </Row>
                        <Row>
                            <name>
                            <![CDATA[
                            PTC.Factory.Administration.CREATE_USER.TITLE
                            ]]>
                            </name>
                            <value>
                            <![CDATA[
                            CREER UN UTILISATEUR
                            ]]>
                            </value>
                        </Row>
                        <Row>
                            <name>
                            <![CDATA[
                            PTC.Factory.Administration.EDIT_USER.TITLE
                            ]]>
                            </name>
                            <value>
                            <![CDATA[
                            MODIFIER L'UTILISATEUR
                            ]]>
                            </value>
                        </Row>
                        <Row>
                            <name>
                            <![CDATA[
                            PTC.Factory.DeleteConnectionTitle
                            ]]>
                            </name>
                            <value>
                            <![CDATA[
                            SUPPRIMER LA CONNEXION
                            ]]>
                            </value>
                        </Row>
                        <Row>
                            <name>
                            <![CDATA[
                            PTC.Factory.UserManager.Title
                            ]]>
                            </name>
                            <value>
                            <![CDATA[
                            UTILISATEURS ET CONTROLE D'ACCES
                            ]]>
                            </value>
                        </Row>
                        <Row>
                            <name>
                            <![CDATA[
                            PTC.Factory.Administration.DELETE_USER.TOOLTIP
                            ]]>
                            </name>
                            <value>
                            <![CDATA[
                            Supprimer l'utilisateur
                            ]]>
                            </value>
                        </Row>
                        <Row>
                            <name>
                            <![CDATA[
                            PTC.Factory.Administration.NEW_USER.TOOLTIP
                            ]]>
                            </name>
                            <value>
                            <![CDATA[
                            Créer un utilisateur
                            ]]>
                            </value>
                        </Row>
                        <Row>
                            <name>
                            <![CDATA[
                            PTC.Factory.Administration.EDIT_USER.TOOLTIP
                            ]]>
                            </name>
                            <value>
                            <![CDATA[
                            Modifier l'utilisateur
                            ]]>
                            </value>
                        </Row>
                        <Row>
                            <name>
                            <![CDATA[
                            PTC.Factory.Administration.User
                            ]]>
                            </name>
                            <value>
                            <![CDATA[
                            Utilisateur
                            ]]>
                            </value>
                        </Row>
                        <Row>
                            <name>
                            <![CDATA[
                            PTC.Factory.Administration.Contact Information
                            ]]>
                            </name>
                            <value>
                            <![CDATA[
                            Informations de contact
                            ]]>
                            </value>
                        </Row>
                        <Row>
                            <name>
                            <![CDATA[
                            PTC.Factory.Administration.Security
                            ]]>
                            </name>
                            <value>
                            <![CDATA[
                            Sécurité
                            ]]>
                            </value>
                        </Row>
                        <Row>
                            <name>
                            <![CDATA[
                            PTC.Factory.Administration.Role Assignment
                            ]]>
                            </name>
                            <value>
                            <![CDATA[
                            Affectation de rôles
                            ]]>
                            </value>
                        </Row>
                        <Row>
                            <name>
                            <![CDATA[
                            PTC.Factory.Administration.First Name
                            ]]>
                            </name>
                            <value>
                            <![CDATA[
                            Prénom
                            ]]>
                            </value>
                        </Row>
                        <Row>
                            <name>
                            <![CDATA[
                            PTC.Factory.Administration.Last Name
                            ]]>
                            </name>
                            <value>
                            <![CDATA[
                            Nom
                            ]]>
                            </value>
                        </Row>
                        <Row>
                            <name>
                            <![CDATA[
                            PTC.Factory.Administration.Name
                            ]]>
                            </name>
                            <value>
                            <![CDATA[
                            Nom d'utilisateur
                            ]]>
                            </value>
                        </Row>
                        <Row>
                            <name>
                            <![CDATA[
                            PTC.Factory.Administration.First Name.input
                            ]]>
                            </name>
                            <value>
                            <![CDATA[
                            Prénom *
                            ]]>
                            </value>
                        </Row>
                        <Row>
                            <name>
                            <![CDATA[
                            PTC.Factory.Administration.Last Name.input
                            ]]>
                            </name>
                            <value>
                            <![CDATA[
                            Nom *
                            ]]>
                            </value>
                        </Row>
                        <Row>
                            <name>
                            <![CDATA[
                            PTC.Factory.Administration.Name.input
                            ]]>
                            </name>
                            <value>
                            <![CDATA[
                            Nom d'utilisateur *
                            ]]>
                            </value>
                        </Row>
                        <Row>
                            <name>
                            <![CDATA[
                            PTC.Factory.Administration.Password.input
                            ]]>
                            </name>
                            <value>
                            <![CDATA[
                            Mot de passe *
                            ]]>
                            </value>
                        </Row>
                        <Row>
                            <name>
                            <![CDATA[
                            PTC.Factory.Administration.Confirm Password.input
                            ]]>
                            </name>
                            <value>
                            <![CDATA[
                            Confirmer le mot de passe *
                            ]]>
                            </value>
                        </Row>
                        <Row>
                            <name>
                            <![CDATA[
                            PTC.Factory.Administration.EmailInput
                            ]]>
                            </name>
                            <value>
                            <![CDATA[
                            E-mail *
                            ]]>
                            </value>
                        </Row>
                        <Row>
                            <name>
                            <![CDATA[
                            PTC.Factory.Administration.Email
                            ]]>
                            </name>
                            <value>
                            <![CDATA[
                            E-mail
                            ]]>
                            </value>
                        </Row>
                        <Row>
                            <name>
                            <![CDATA[
                            PTC.Factory.Administration.Mobile Phone
                            ]]>
                            </name>
                            <value>
                            <![CDATA[
                            Tél. mobile
                            ]]>
                            </value>
                        </Row>
                        <Row>
                            <name>
                            <![CDATA[
                            PTC.Factory.Administration.SMS Address
                            ]]>
                            </name>
                            <value>
                            <![CDATA[
                            Adresse SMS
                            ]]>
                            </value>
                        </Row>
                        <Row>
                            <name>
                            <![CDATA[
                            PTC.Factory.Administration.WorkPhoneInput
                            ]]>
                            </name>
                            <value>
                            <![CDATA[
                            Tél. professionnel *
                            ]]>
                            </value>
                        </Row>
                        <Row>
                            <name>
                            <![CDATA[
                            PTC.Factory.Administration.WorkPhone
                            ]]>
                            </name>
                            <value>
                            <![CDATA[
                            Tél. professionnel
                            ]]>
                            </value>
                        </Row>
                        <Row>
                            <name>
                            <![CDATA[
                            PTC.Factory.Administration.Notification Preference
                            ]]>
                            </name>
                            <value>
                            <![CDATA[
                            Préférence de notification
                            ]]>
                            </value>
                        </Row>
                        <Row>
                            <name>
                            <![CDATA[
                            PTC.Factory.Administration.SMS
                            ]]>
                            </name>
                            <value>
                            <![CDATA[
                            SMS
                            ]]>
                            </value>
                        </Row>
                        <Row>
                            <name>
                            <![CDATA[
                            PTC.Factory.Administration.groupName
                            ]]>
                            </name>
                            <value>
                            <![CDATA[
                            Rôle affecté
                            ]]>
                            </value>
                        </Row>
                        <Row>
                            <name>
                            <![CDATA[
                            PTC.Factory.Administration.Password
                            ]]>
                            </name>
                            <value>
                            <![CDATA[
                            Mot de passe
                            ]]>
                            </value>
                        </Row>
                        <Row>
                            <name>
                            <![CDATA[
                            PTC.Factory.Administration.Language
                            ]]>
                            </name>
                            <value>
                            <![CDATA[
                            Langue
                            ]]>
                            </value>
                        </Row>
                        <Row>
                            <name>
                            <![CDATA[
                            PTC.Factory.Administration.WarningDeleteYourSelfNotAllowed
                            ]]>
                            </name>
                            <value>
                            <![CDATA[
                            Attention : Vous ne pouvez pas vous supprimer vous-même.
                            ]]>
                            </value>
                        </Row>
                        <Row>
                            <name>
                            <![CDATA[
                            PTC.Factory.Administration.WarningUserAlreadyExist
                            ]]>
                            </name>
                            <value>
                            <![CDATA[
                            Attention : Impossible d'utiliser ce nom d'utilisateur car il existe déjà.
                            ]]>
                            </value>
                        </Row>
                        <Row>
                            <name>
                            <![CDATA[
                            PTC.Factory.Administration.WarningPasswordTooShort
                            ]]>
                            </name>
                            <value>
                            <![CDATA[
                            Attention : Le mot de passe doit être composé d'au moins {0} caractères.
                            ]]>
                            </value>
                        </Row>
                        <Row>
                            <name>
                            <![CDATA[
                            PTC.Factory.Administration.CreateUserInfoMissing
                            ]]>
                            </name>
                            <value>
                            <![CDATA[
                            Attention : Les champs suivants sont obligatoires : Nom d'utilisateur, Prénom, Nom, E-mail, Tél. professionnel, Mot de passe et Confirmer le mot de passe.
                            ]]>
                            </value>
                        </Row>
                        <Row>
                            <name>
                            <![CDATA[
                            PTC.Factory.Administration.EditUserInfoMissing
                            ]]>
                            </name>
                            <value>
                            <![CDATA[
                            Attention : Les champs suivants sont obligatoires : Nom d'utilisateur, Prénom, Nom, E-mail et Tél. professionnel.
                            ]]>
                            </value>
                        </Row>
                        <Row>
                            <name>
                            <![CDATA[
                            PTC.Factory.Administration.PasswordNotMatching
                            ]]>
                            </name>
                            <value>
                            <![CDATA[
                            Attention : Les champs Mot de passe et Confirmer le mot de passe doivent correspondre.
                            ]]>
                            </value>
                        </Row>
                        <Row>
                            <name>
                            <![CDATA[
                            PTC.Factory.Administration.UserInfoMaxSizeExceeded
                            ]]>
                            </name>
                            <value>
                            <![CDATA[
                            Attention : La longueur de tous les champs est limitée à 255 caractères.
                            ]]>
                            </value>
                        </Row>
                        <Row>
                            <name>
                            <![CDATA[
                            PTC.Factory.Administration.RemoveControlsEngineerNotAllowed
                            ]]>
                            </name>
                            <value>
                            <![CDATA[
                            Attention : Vous ne pouvez pas vous supprimer vous-même du rôle Ingénieur de contrôle.
                            ]]>
                            </value>
                        </Row>
                        <Row>
                            <name>
                            <![CDATA[
                            PTC.Factory.Administration.MobilePhoneFieldIfMobilePreferenceSelected
                            ]]>
                            </name>
                            <value>
                            <![CDATA[
                            Entrez un numéro de téléphone mobile pour la notification par SMS.
                            ]]>
                            </value>
                        </Row>
                        <Row>
                            <name>
                            <![CDATA[
                            PTC.Factory.Administration.NoSystemInfo
                            ]]>
                            </name>
                            <value>
                            <![CDATA[
                            Impossible d'obtenir les informations système
                            ]]>
                            </value>
                        </Row>
                        <Row>
                            <name>
                            <![CDATA[
                            PTC.Factory.ConnectionStatus
                            ]]>
                            </name>
                            <value>
                            <![CDATA[
                            Statut de connexion
                            ]]>
                            </value>
                        </Row>
                        <Row>
                            <name>
                            <![CDATA[
                            PTC.SCA.SCO.ConnectionPublishFloor_ms
                            ]]>
                            </name>
                            <value>
                            <![CDATA[
                            Valeur plancher de publication de la connexion (ms)
                            ]]>
                            </value>
                        </Row>
                        <Row>
                            <name>
                            <![CDATA[
                            PTC.SCA.SCO.ConnectionPublishFloor
                            ]]>
                            </name>
                            <value>
                            <![CDATA[
                            Valeur plancher de publication de la connexion
                            ]]>
                            </value>
                        </Row>
                        <Row>
                            <name>
                            <![CDATA[
                            PTC.SCA.SCO.ms
                            ]]>
                            </name>
                            <value>
                            <![CDATA[
                            ms
                            ]]>
                            </value>
                        </Row>
                        <Row>
                            <name>
                            <![CDATA[
                            PTC.Factory.Tags.Tag Name
                            ]]>
                            </name>
                            <value>
                            <![CDATA[
                            Nom de tag
                            ]]>
                            </value>
                        </Row>
                        <Row>
                            <name>
                            <![CDATA[
                            PTC.Factory.Tags.Source
                            ]]>
                            </name>
                            <value>
                            <![CDATA[
                            Source
                            ]]>
                            </value>
                        </Row>
                        <Row>
                            <name>
                            <![CDATA[
                            PTC.Factory.Tags.Select Server
                            ]]>
                            </name>
                            <value>
                            <![CDATA[
                            Sélectionner un serveur
                            ]]>
                            </value>
                        </Row>
                        <Row>
                            <name>
                            <![CDATA[
                            PTC.Factory.Tags.Server Structure
                            ]]>
                            </name>
                            <value>
                            <![CDATA[
                            Structure de serveur
                            ]]>
                            </value>
                        </Row>
                        <Row>
                            <name>
                            <![CDATA[
                            PTC.Factory.DeleteConnectionLabel
                            ]]>
                            </name>
                            <value>
                            <![CDATA[
                            Supprimer la connexion
                            ]]>
                            </value>
                        </Row>
                        <Row>
                            <name>
                            <![CDATA[
                            PTC.Factory.EditConnectionPopupLabel
                            ]]>
                            </name>
                            <value>
                            <![CDATA[
                            MODIFIER LA CONNEXION
                            ]]>
                            </value>
                        </Row>
                        <Row>
                            <name>
                            <![CDATA[
                            PTC.Factory.SelectTagLimit
                            ]]>
                            </name>
                            <value>
                            <![CDATA[
                            Sélectionnez jusqu'à 5 éléments
                            ]]>
                            </value>
                        </Row>
                        <Row>
                            <name>
                            <![CDATA[
                            PTC.Factory.LabelForRoles
                            ]]>
                            </name>
                            <value>
                            <![CDATA[
                            Rôles
                            ]]>
                            </value>
                        </Row>
                        <Row>
                            <name>
                            <![CDATA[
                            PTC.Factory.DataRates
                            ]]>
                            </name>
                            <value>
                            <![CDATA[
                            Débit de données
                            ]]>
                            </value>
                        </Row>
                        <Row>
                            <name>
                            <![CDATA[
                            PTC.Factory.ChangePassword
                            ]]>
                            </name>
                            <value>
                            <![CDATA[
                            Changer le mot de passe
                            ]]>
                            </value>
                        </Row>
                        <Row>
                            <name>
                            <![CDATA[
                            PTC.Factory.Export.ExportConfigurationAndData
                            ]]>
                            </name>
                            <value>
                            <![CDATA[
                            Exporter la configuration et les données
                            ]]>
                            </value>
                        </Row>
                        <Row>
                            <name>
                            <![CDATA[
                            PTC.Factory.Export.ExportConfigurationTitle
                            ]]>
                            </name>
                            <value>
                            <![CDATA[
                            EXPORTER LA CONFIGURATION ET LES DONNEES
                            ]]>
                            </value>
                        </Row>
                        <Row>
                            <name>
                            <![CDATA[
                            PTC.Factory.Export.IncludeData
                            ]]>
                            </name>
                            <value>
                            <![CDATA[
                            Inclure les données
                            ]]>
                            </value>
                        </Row>
                        <Row>
                            <name>
                            <![CDATA[
                            PTC.Factory.Export.ExportLabel
                            ]]>
                            </name>
                            <value>
                            <![CDATA[
                            Exporter
                            ]]>
                            </value>
                        </Row>
                        <Row>
                            <name>
                            <![CDATA[
                            PTC.Factory.Export.DownloadLinkLabel
                            ]]>
                            </name>
                            <value>
                            <![CDATA[
                            lien de téléchargement
                            ]]>
                            </value>
                        </Row>
                        <Row>
                            <name>
                            <![CDATA[
                            PTC.Factory.Export.DownloadMessage
                            ]]>
                            </name>
                            <value>
                            <![CDATA[
                            Exportation terminée. Cliquez ici pour télécharger :
                            ]]>
                            </value>
                        </Row>
                        <Row>
                            <name>
                            <![CDATA[
                            PTC.Factory.Export.ExportConfirmationTitle
                            ]]>
                            </name>
                            <value>
                            <![CDATA[
                            EXPORTER ?
                            ]]>
                            </value>
                        </Row>
                        <Row>
                            <name>
                            <![CDATA[
                            PTC.Factory.Export.ExportConfirmationMessage
                            ]]>
                            </name>
                            <value>
                            <![CDATA[
                            L'exportation peut prendre un peu de temps et peut avoir un impact sur les performances. Vous pouvez quitter cette page. Le processus d'exportation se poursuivra en arrière-plan et affichera un lien de téléchargement lorsqu'il sera terminé.
                            ]]>
                            </value>
                        </Row>
                        <Row>
                            <name>
                            <![CDATA[
                            PTC.Factory.Export.ExportSuccessMessage
                            ]]>
                            </name>
                            <value>
                            <![CDATA[
                            L'exportation est terminée.
                            ]]>
                            </value>
                        </Row>
                        <Row>
                            <name>
                            <![CDATA[
                            PTC.Factory.Export.ExportDoneWithErrorMessage
                            ]]>
                            </name>
                            <value>
                            <![CDATA[
                            L'exportation s'est terminée sans erreur.
                            ]]>
                            </value>
                        </Row>
                        <Row>
                            <name>
                            <![CDATA[
                            PTC.Factory.Export.CheckLogMessage
                            ]]>
                            </name>
                            <value>
                            <![CDATA[
                            Consultez le journal pour le statut de {0}.
                            ]]>
                            </value>
                        </Row>
                        <Row>
                            <name>
                            <![CDATA[
                            PTC.Factory.Export.TaskPrefix
                            ]]>
                            </name>
                            <value>
                            <![CDATA[
                            Tâche-
                            ]]>
                            </value>
                        </Row>
                        <Row>
                            <name>
                            <![CDATA[
                            PTC.Factory.Import.StartMessage
                            ]]>
                            </name>
                            <value>
                            <![CDATA[
                            L'importation des entités et des données a été envoyée pour traitement. Consultez le journal pour obtenir le statut d'achèvement de {0}.
                            ]]>
                            </value>
                        </Row>
                        <Row>
                            <name>
                            <![CDATA[
                            PTC.Factory.Import.EndMessage
                            ]]>
                            </name>
                            <value>
                            <![CDATA[
                            L'importation des entités et des données est terminée.
                            ]]>
                            </value>
                        </Row>
                        <Row>
                            <name>
                            <![CDATA[
                            PTC.Factory.Import.CheckLogMessage
                            ]]>
                            </name>
                            <value>
                            <![CDATA[
                            Consultez le journal pour le statut d'achèvement de {0}.
                            ]]>
                            </value>
                        </Row>
                        <Row>
                            <name>
                            <![CDATA[
                            PTC.Factory.Import.AbortMessage
                            ]]>
                            </name>
                            <value>
                            <![CDATA[
                            L'importation des entités et des données a été abandonnée. Consultez le journal pour obtenir le statut d'importation.
                            ]]>
                            </value>
                        </Row>
                        <Row>
                            <name>
                            <![CDATA[
                            PTC.Factory.Import.ErrortMessage
                            ]]>
                            </name>
                            <value>
                            <![CDATA[
                            La tâche s'est terminée sans erreur.
                            ]]>
                            </value>
                        </Row>
                        <Row>
                            <name>
                            <![CDATA[
                            PTC.Factory.Import.WorkInBackgroundMessage
                            ]]>
                            </name>
                            <value>
                            <![CDATA[
                            L'importation des entités et des données s'exécute en arrière-plan.
                            ]]>
                            </value>
                        </Row>
                        <Row>
                            <name>
                            <![CDATA[
                            PTC.Factory.Import.DeleteErrorMessage
                            ]]>
                            </name>
                            <value>
                            <![CDATA[
                            Erreur lors de la suppression du fichier importé. Supprimez-le manuellement. Fichier importé : {0}
                            ]]>
                            </value>
                        </Row>
                        <Row>
                            <name>
                            <![CDATA[
                            PTC.Factory.Import.GetLinkErrorMessage
                            ]]>
                            </name>
                            <value>
                            <![CDATA[
                            Exception lors de l'appel de getUploadFileLink.
                            ]]>
                            </value>
                        </Row>
                        <Row>
                            <name>
                            <![CDATA[
                            PTC.Factory.Import.TaskPrefix
                            ]]>
                            </name>
                            <value>
                            <![CDATA[
                            Tâche-
                            ]]>
                            </value>
                        </Row>
                        <Row>
                            <name>
                            <![CDATA[
                            PTC.Factory.Import.MaxAllowableMessage
                            ]]>
                            </name>
                            <value>
                            <![CDATA[
                            L'importation des entités et des données n'a pas pu démarrer. L'importation d'entités et de données maximale autorisée est en cours. Réessayez ultérieurement.
                            ]]>
                            </value>
                        </Row>
                        <Row>
                            <name>
                            <![CDATA[
                            PTC.Factory.Import.ImportTitle
                            ]]>
                            </name>
                            <value>
                            <![CDATA[
                            IMPORTER LA CONFIGURATION ET LES DONNEES
                            ]]>
                            </value>
                        </Row>
                        <Row>
                            <name>
                            <![CDATA[
                            PTC.Factory.Import.Import
                            ]]>
                            </name>
                            <value>
                            <![CDATA[
                            IMPORTER ?
                            ]]>
                            </value>
                        </Row>
                        <Row>
                            <name>
                            <![CDATA[
                            PTC.Factory.Import.ImportConfirmationMessage
                            ]]>
                            </name>
                            <value>
                            <![CDATA[
                            L'importation peut prendre un peu de temps et peut avoir un impact sur les performances. Vous pouvez quitter cette page. Le processus d'importation se poursuivra en arrière-plan et affichera un message de statut lorsqu'il sera terminé.
                            ]]>
                            </value>
                        </Row>
                        <Row>
                            <name>
                            <![CDATA[
                            PTC.Factory.Import.FileNameErrortMessage
                            ]]>
                            </name>
                            <value>
                            <![CDATA[
                            Sélectionnez un fichier valide.
                            ]]>
                            </value>
                        </Row>
                        <Row>
                            <name>
                            <![CDATA[
                            PTC.Factory.Import.ImportMenu
                            ]]>
                            </name>
                            <value>
                            <![CDATA[
                            Importer la configuration et les données
                            ]]>
                            </value>
                        </Row>
                        <Row>
                            <name>
                            <![CDATA[
                            PTC.Factory.UpdateLicense_LicenseExpired
                            ]]>
                            </name>
                            <value>
                            <![CDATA[
                            Votre licence est arrivée à expiration.
                            ]]>
                            </value>
                        </Row>
                        <Row>
                            <name>
                            <![CDATA[
                            PTC.Factory.UpdateLicense_LicenseExpiringInNextFewDays
                            ]]>
                            </name>
                            <value>
                            <![CDATA[
                            Votre licence expire dans {0} jours.
                            ]]>
                            </value>
                        </Row>
                        <Row>
                            <name>
                            <![CDATA[
                            PTC.Factory.UpdateLicense_LicenseExpiringInNextFewDays_ServiceApp
                            ]]>
                            </name>
                            <value>
                            <![CDATA[
                            <span style='color:#ed684a'><b>Votre licence expire dans {0} jours.</b></span>
                            ]]>
                            </value>
                        </Row>
                        <Row>
                            <name>
                            <![CDATA[
                            PTC.Factory.Console_LicenseExpirationInfo.OneDay_ServiceApp
                            ]]>
                            </name>
                            <value>
                            <![CDATA[
                            <span style='color:#ed684a'><b>Votre licence expire dans 1 jour.</b></span>
                            ]]>
                            </value>
                        </Row>
                        <Row>
                            <name>
                            <![CDATA[
                            PTC.Factory.Console_LicenseExpirationInfo_ServiceApp.Expired
                            ]]>
                            </name>
                            <value>
                            <![CDATA[
                            <span style='color:#ed684a'><b>Votre licence est arrivée à expiration.</b></span>
                            ]]>
                            </value>
                        </Row>
                        <Row>
                            <name>
                            <![CDATA[
                            PTC.Factory.UpdateLicense_LicenseExpiringTomorrow
                            ]]>
                            </name>
                            <value>
                            <![CDATA[
                            Votre licence expire dans 1 jour.
                            ]]>
                            </value>
                        </Row>
                        <Row>
                            <name>
                            <![CDATA[
                            PTC.Factory.UpdateLicense_LicensePurchaseInstructions
                            ]]>
                            </name>
                            <value>
                            <![CDATA[
                            Suivez les instructions ci-dessous pour acheter les ThingWorx Manufacturing Apps ou demander une extension de votre licence.
                            ]]>
                            </value>
                        </Row>
                        <Row>
                            <name>
                            <![CDATA[
                            PTC.Factory.UpdateLicense_BuyProductInstructions
                            ]]>
                            </name>
                            <value>
                            <![CDATA[
                            <span style='color:#232b2d;font-size:12px;line-height:23px'><b>1. </b>Contactez votre agence commerciale PTC à l'adresse <a style="color:#1b3c84;font-weight:bold" href="https://www.ptc.com/industries/manufacturing/contact-us" target="_blank">https://www.ptc.com/industries/manufacturing/contact-us</a> pour acquérir une licence pour les ThingWorx Manufacturing Apps.<br/>
                             <b>2. </b>Le fichier de licence vous sera envoyé par e-mail.<br/>
                             <b>3. </b>Enregistrez le fichier de licence à l'emplacement <tt>{0}</tt> sur votre serveur ThingWorx, en remplacement du fichier existant.<br/>
                             <b>4. </b>Redémarrez ThingWorx pour que la nouvelle licence soit prise en compte.</span>
                            ]]>
                            </value>
                        </Row>
                        <Row>
                            <name>
                            <![CDATA[
                            PTC.Factory.UpdateLicense_ExtensionRequest_1A
                            ]]>
                            </name>
                            <value>
                            <![CDATA[
                            <span style='color:#232b2d;font-size:12px;line-height:17px'><b>1. </b>Cliquez sur Rapport d'utilisation.</span>
                            ]]>
                            </value>
                        </Row>
                        <Row>
                            <name>
                            <![CDATA[
                            PTC.Factory.UpdateLicense_ExtensionRequest_1B
                            ]]>
                            </name>
                            <value>
                            <![CDATA[
                            <span style='color:#232b2d;font-size:12px;line-height:17px'>Ce rapport répertorie quelles applications sont utilisées et par quels utilisateurs.</span>
                            ]]>
                            </value>
                        </Row>
                        <Row>
                            <name>
                            <![CDATA[
                            PTC.Factory.UpdateLicense_ExtensionRequest_2
                            ]]>
                            </name>
                            <value>
                            <![CDATA[
                            <span style='color:#232b2d;font-size:12px;line-height:23px'><b>2. </b>Localisez le rapport d'utilisation dans votre dossier de téléchargement.</span><br/>
                             <span style='color:#232b2d;font-size:12px;line-height:17px'><b>3. </b>Envoyez votre rapport à PTC pour demander une licence étendue à l'adresse <a style="color:#1b3c84;font-weight:bold" href="https://www.ptc.com/mfg-renewal" target="_blank">https://www.ptc.com/mfg-renewal</a>. Si votre demande est approuvée, un nouveau fichier de licence vous sera envoyé.</span><br/>
                             <span style='color:#232b2d;font-size:12px;line-height:23px'><b>4. </b>Enregistrez le fichier de licence dans <tt>{0}</tt> sur votre serveur ThingWorx, en remplacement du fichier existant.</span><br/>
                             <span style='color:#232b2d;font-size:12px;line-height:23px'><b>5. </b>Redémarrez ThingWorx pour que la nouvelle licence soit prise en compte.</span>
                            ]]>
                            </value>
                        </Row>
                        <Row>
                            <name>
                            <![CDATA[
                            PTC.Factory.BuyProduct
                            ]]>
                            </name>
                            <value>
                            <![CDATA[
                            Acheter le produit
                            ]]>
                            </value>
                        </Row>
                        <Row>
                            <name>
                            <![CDATA[
                            PTC.Factory.ExtensionRequest
                            ]]>
                            </name>
                            <value>
                            <![CDATA[
                            Demander une extension
                            ]]>
                            </value>
                        </Row>
                        <Row>
                            <name>
                            <![CDATA[
                            PTC.Factory.UpdateLicense_LicenseExpirationInfo
                            ]]>
                            </name>
                            <value>
                            <![CDATA[
                            Vous avez {0} jour pour fournir vos commentaires en procédant comme suit.
                            ]]>
                            </value>
                        </Row>
                        <Row>
                            <name>
                            <![CDATA[
                            PTC.Factory.Console_LicenseExpirationInfoWithLink.MoreThanOneDays
                            ]]>
                            </name>
                            <value>
                            <![CDATA[
                            <span style='color:#ed684a'><b>Votre licence expire dans {0} jours. Achetez les ThingWorx Manufacturing Apps ou demandez une extension de licence à partir de la page <a href="index.html#master=PTC.Factory.RenewLicense.Master&mashup=PTC.Factory.RenewLicense" class='factory_black_16_link_console' style='color:#ed684a'><b>Mettre à jour la licence</b></a>.</b></span>
                            ]]>
                            </value>
                        </Row>
                        <Row>
                            <name>
                            <![CDATA[
                            PTC.Factory.Console_LicenseExpirationInfoWithLink.OneDay
                            ]]>
                            </name>
                            <value>
                            <![CDATA[
                            <span style='color:#ed684a'><b>Votre licence expire dans 1 jour. Achetez les ThingWorx Manufacturing Apps ou demandez une extension de licence à partir de la page <a href="index.html#master=PTC.Factory.RenewLicense.Master&mashup=PTC.Factory.RenewLicense" class='factory_black_16_link_console' style='color:#ed684a'><b>Mettre à jour la licence</b></a>.</b></span>
                            ]]>
                            </value>
                        </Row>
                        <Row>
                            <name>
                            <![CDATA[
                            PTC.Factory.Console_LicenseExpirationInfoWithLink.Expired
                            ]]>
                            </name>
                            <value>
                            <![CDATA[
                            <span style='color:#ed684a'><b>Votre licence est arrivée à expiration. Achetez les ThingWorx Manufacturing Apps ou demandez une extension de licence à partir de la page <a href="index.html#master=PTC.Factory.RenewLicense.Master&mashup=PTC.Factory.RenewLicense" class='factory_black_16_link_console' style='color:#ed684a'><b>Mettre à jour la licence</b></a>.</b></span>
                            ]]>
                            </value>
                        </Row>
                        <Row>
                            <name>
                            <![CDATA[
                            PTC.Factory.Console_LicenseExpirationInfoWithoutLink.MoreThanOneDays
                            ]]>
                            </name>
                            <value>
                            <![CDATA[
                            <span style='color:#ed684a'><b>Votre licence expire dans {0} jours. Achetez les ThingWorx Manufacturing Apps ou demandez une extension de licence à partir de la page Mettre à jour la licence.</b></span>
                            ]]>
                            </value>
                        </Row>
                        <Row>
                            <name>
                            <![CDATA[
                            PTC.Factory.Console_LicenseExpirationInfoWithoutLink.OneDay
                            ]]>
                            </name>
                            <value>
                            <![CDATA[
                            <span style='color:#ed684a'><b>Votre licence expire dans 1 jour. Achetez les ThingWorx Manufacturing Apps ou demandez une extension de licence à partir de la page Mettre à jour la licence.</b></span>
                            ]]>
                            </value>
                        </Row>
                        <Row>
                            <name>
                            <![CDATA[
                            PTC.Factory.Console_LicenseExpirationInfoWithoutLink.Expired
                            ]]>
                            </name>
                            <value>
                            <![CDATA[
                            <span style='color:#ed684a'><b>Votre licence est arrivée à expiration. Achetez les ThingWorx Manufacturing Apps ou demandez une extension de licence à partir de la page Mettre à jour la licence.</b></span>
                            ]]>
                            </value>
                        </Row>
                        <Row>
                            <name>
                            <![CDATA[
                            PTC.Factory.TextMessageRatesWarning
                            ]]>
                            </name>
                            <value>
                            <![CDATA[
                            Les frais standard facturés pour les SMS s'appliquent.
                            ]]>
                            </value>
                        </Row>
                        <Row>
                            <name>
                            <![CDATA[
                            PTC.Factory.MobileNumberFormattingTwilioErrorMessage
                            ]]>
                            </name>
                            <value>
                            <![CDATA[
                            Le numéro de téléphone mobile doit inclure le code pays suivi du numéro d'abonné, par ex., +151423567
                            ]]>
                            </value>
                        </Row>
                        <Row>
                            <name>
                            <![CDATA[
                            PTC.Factory.DisplayTypeName
                            ]]>
                            </name>
                            <value>
                            <![CDATA[
                            {0} {1} ({2})
                            ]]>
                            </value>
                        </Row>
                    </Rows>
                </ConfigurationTable>
            </ConfigurationTables>
        </LocalizationTable>
    </LocalizationTables>
</Entities>
