<?xml version="1.0" encoding="UTF-8"?>
<Entities
 build="b6899"
 majorVersion="0"
 minorVersion="0"
 modelPersistenceProviderPackage="PostgresPersistenceProviderPackage"
 revision="0"
 schemaVersion="1050"
 universal="password">
    <DataShapes>
        <DataShape
         aspect.isEditableExtensionObject="false"
         aspect.isExtension="true"
         baseDataShape=""
         description="Data Shape containing the properties for a status filtering {PTC.SCA.SCO.StatusFilterDataShape}"
         documentationContent=""
         homeMashup=""
         lastModifiedDate="2019-05-31T19:01:01.708-04:00"
         name="PTC.SCA.SCO.StatusFilterDataShape"
         projectName="PTC.SCA.SCO.Status.Model"
         tags="PTC:sca-sco;PTC:DataShape;PTC:sca-sco-status-model">
            <avatar></avatar>
            <DesignTimePermissions>
                <Create></Create>
                <Read></Read>
                <Update></Update>
                <Delete></Delete>
                <Metadata></Metadata>
            </DesignTimePermissions>
            <RunTimePermissions></RunTimePermissions>
            <VisibilityPermissions>
                <Visibility>
                    <Principal
                     isPermitted="true"
                     name="PTC.Factory.MachineVisibility"
                     type="Organization"></Principal>
                </Visibility>
            </VisibilityPermissions>
            <ConfigurationTableDefinitions></ConfigurationTableDefinitions>
            <ConfigurationTables></ConfigurationTables>
            <FieldDefinitions>
                <FieldDefinition
                 aspect.defaultValue="false"
                 aspect.isPrimaryKey="false"
                 baseType="BOOLEAN"
                 description="Determine if the status is selected using the check box in the mashup"
                 name="isSelected"
                 ordinal="3"></FieldDefinition>
                <FieldDefinition
                 aspect.isPrimaryKey="false"
                 baseType="STRING"
                 description=""
                 name="statusDisplay"
                 ordinal="2"></FieldDefinition>
                <FieldDefinition
                 aspect.isPrimaryKey="true"
                 baseType="STRING"
                 description=""
                 name="statusDisplayName"
                 ordinal="1"></FieldDefinition>
            </FieldDefinitions>
        </DataShape>
    </DataShapes>
</Entities>
