<?xml version="1.0" encoding="UTF-8"?>
<Entities
 build="b6730"
 majorVersion="0"
 minorVersion="0"
 modelPersistenceProviderPackage="PostgresPersistenceProviderPackage"
 revision="0"
 schemaVersion="1041"
 universal="password">
    <DataShapes>
        <DataShape
         aspect.isEditableExtensionObject="false"
         aspect.isExtension="true"
         baseDataShape=""
         description="Data Shape containing the properties for a status statistics {PTC.SCA.SCO.StatusStatistics}"
         documentationContent=""
         homeMashup=""
         lastModifiedDate="2019-05-05T08:24:15.985-04:00"
         name="PTC.SCA.SCO.StatusStatistics"
         projectName="PTC.SCA.SCO.Status.Model"
         tags="PTC:sca-sco;PTC:DataShape;PTC:sca-sco-status-model">
            <avatar></avatar>
            <DesignTimePermissions>
                <Create></Create>
                <Read></Read>
                <Update></Update>
                <Delete></Delete>
                <Metadata></Metadata>
            </DesignTimePermissions>
            <RunTimePermissions></RunTimePermissions>
            <VisibilityPermissions>
                <Visibility>
                    <Principal
                     isPermitted="true"
                     name="PTC.Factory.MachineVisibility"
                     type="Organization"></Principal>
                </Visibility>
            </VisibilityPermissions>
            <ConfigurationTableDefinitions></ConfigurationTableDefinitions>
            <ConfigurationTables></ConfigurationTables>
            <FieldDefinitions>
                <FieldDefinition
                 aspect.isPrimaryKey="false"
                 baseType="STRING"
                 description="String representing the status color"
                 name="color"
                 ordinal="6"></FieldDefinition>
                <FieldDefinition
                 aspect.isPrimaryKey="false"
                 baseType="STRING"
                 description="HTML String representing a square with background color"
                 name="colorHTMLString"
                 ordinal="5"></FieldDefinition>
                <FieldDefinition
                 aspect.isPrimaryKey="false"
                 baseType="STRING"
                 description="String representing the status localized display name"
                 name="displayName"
                 ordinal="3"></FieldDefinition>
                <FieldDefinition
                 aspect.defaultValue="true"
                 aspect.isPrimaryKey="false"
                 baseType="BOOLEAN"
                 description="Determine if the status is selected using the check box in the mashup"
                 name="isSelected"
                 ordinal="8"></FieldDefinition>
                <FieldDefinition
                 aspect.isPrimaryKey="true"
                 baseType="STRING"
                 description="Unique identifier of the status definition. Minimum 0"
                 name="statusIndex"
                 ordinal="2"></FieldDefinition>
                <FieldDefinition
                 aspect.isPrimaryKey="false"
                 baseType="NUMBER"
                 description="Statistic value"
                 name="value"
                 ordinal="4"></FieldDefinition>
                <FieldDefinition
                 aspect.isPrimaryKey="false"
                 baseType="STRING"
                 description="String representing the statistic value"
                 name="valueString"
                 ordinal="7"></FieldDefinition>
            </FieldDefinitions>
        </DataShape>
    </DataShapes>
</Entities>
