<?xml version="1.0" encoding="UTF-8"?>
<Entities
 majorVersion="0"
 minorVersion="0"
 universal="password">
    <Things>
        <Thing
         aspect.isEditableExtensionObject="true"
         aspect.isExtension="true"
         description="Default status manager Thing for SCP {PTC.SCA.SCP.DefaultStatusManager}"
         documentationContent=""
         effectiveThingPackage="ConfiguredThing"
         enabled="true"
         homeMashup="PTC.SCA.SCO.StatusDefinitionEditorMashup"
         identifier=""
         inheritedValueStream=""
         name="PTC.SCA.SCP.DefaultStatusManager"
         projectName="PTC.SCA.SCO.Status.Manager"
         published="false"
         tags="PTC:sca-scp;PTC:Thing;PTC:sca-sco-status-manager"
         thingTemplate="PTC.SCA.SCO.StatusManagerThingTemplate"
         valueStream="">
            <avatar></avatar>
            <DesignTimePermissions>
                <Create></Create>
                <Read></Read>
                <Update></Update>
                <Delete></Delete>
                <Metadata></Metadata>
            </DesignTimePermissions>
            <RunTimePermissions></RunTimePermissions>
            <VisibilityPermissions>
                <Visibility></Visibility>
            </VisibilityPermissions>
            <ConfigurationTableDefinitions></ConfigurationTableDefinitions>
            <ConfigurationTables>
                <ConfigurationTable
                 dataShapeName=""
                 description=""
                 isMultiRow="true"
                 name="ServiceConfigurationSettings"
                 ordinal="0">
                    <DataShape>
                        <FieldDefinitions>
                            <FieldDefinition
                             aspect.isPrimaryKey="false"
                             baseType="STRING"
                             description=""
                             name="createServiceName"
                             ordinal="2"></FieldDefinition>
                            <FieldDefinition
                             aspect.isPrimaryKey="true"
                             baseType="DATASHAPENAME"
                             description=""
                             name="dataShapeName"
                             ordinal="1"></FieldDefinition>
                        </FieldDefinitions>
                    </DataShape>
                    <Rows>
                        <Row>
                            <createServiceName>
                            <![CDATA[
                            CreateStateValue
                            ]]>
                            </createServiceName>
                            <dataShapeName>
                            <![CDATA[
                            PTC.SCA.SCO.StateValue
                            ]]>
                            </dataShapeName>
                        </Row>
                    </Rows>
                </ConfigurationTable>
            </ConfigurationTables>
            <ThingShape>
                <PropertyDefinitions></PropertyDefinitions>
                <ServiceDefinitions>
                    <ServiceDefinition
                     aspect.isAsync="false"
                     category=""
                     description="Enables scaled status calculation for SCP customers."
                     isAllowOverride="false"
                     isLocalOnly="false"
                     isOpen="false"
                     isPrivate="false"
                     name="EnableScaledStatusCalculation">
                        <ResultType
                         baseType="NOTHING"
                         description=""
                         name="result"
                         ordinal="0"></ResultType>
                        <ParameterDefinitions></ParameterDefinitions>
                    </ServiceDefinition>
                    <ServiceDefinition
                     aspect.isAsync="false"
                     category=""
                     description="Calls the UpdateStatusDefinitions service for all equipment when a status definition is changed."
                     isAllowOverride="false"
                     isLocalOnly="false"
                     isOpen="false"
                     isPrivate="false"
                     name="UpdateEquipmentStatusDefinitions">
                        <ResultType
                         baseType="NOTHING"
                         description=""
                         name="result"
                         ordinal="0"></ResultType>
                        <ParameterDefinitions>
                            <FieldDefinition
                             aspect.dataShape="PTC.SCA.SCO.StatusDefinition"
                             aspect.isRequired="true"
                             baseType="INFOTABLE"
                             description="Infotable containing status definition data (datashape PTC.SCA.SCO.StatusDefinition)"
                             name="statusDefinition"
                             ordinal="1"></FieldDefinition>
                        </ParameterDefinitions>
                    </ServiceDefinition>
                </ServiceDefinitions>
                <EventDefinitions></EventDefinitions>
                <ServiceMappings></ServiceMappings>
                <ServiceImplementations>
                    <ServiceImplementation
                     description=""
                     handlerName="Script"
                     name="AddStatusDefinition">
                        <ConfigurationTables>
                            <ConfigurationTable
                             dataShapeName=""
                             description=""
                             isMultiRow="false"
                             name="Script"
                             ordinal="0">
                                <DataShape>
                                    <FieldDefinitions>
                                        <FieldDefinition
                                         baseType="STRING"
                                         description="code"
                                         name="code"
                                         ordinal="0"></FieldDefinition>
                                    </FieldDefinitions>
                                </DataShape>
                                <Rows>
                                    <Row>
                                        <code>
                                        <![CDATA[
                                        me.ValidateStatusAction({
                                        	"action": "ADD" /* STRING */,
                                        	"statusDefinition": statusDefinition /* INFOTABLE */
                                        });
                                        
                                        Things[me.GetDatabaseThingName()].Insert({
                                        	"infoTable": statusDefinition,
                                        	"dataShapeName": "PTC.SCA.SCO.StatusDefinition"
                                        });
                                        
                                        me.ReloadStatusDefinitions();
                                        me.UpdateEquipmentStatusDefinitions({statusDefinition: statusDefinition});
                                        ]]>
                                        </code>
                                    </Row>
                                </Rows>
                            </ConfigurationTable>
                        </ConfigurationTables>
                    </ServiceImplementation>
                    <ServiceImplementation
                     description=""
                     handlerName="Script"
                     name="CreateStateValue">
                        <ConfigurationTables>
                            <ConfigurationTable
                             dataShapeName=""
                             description=""
                             isMultiRow="false"
                             name="Script"
                             ordinal="0">
                                <DataShape>
                                    <FieldDefinitions>
                                        <FieldDefinition
                                         baseType="STRING"
                                         description="code"
                                         name="code"
                                         ordinal="0"></FieldDefinition>
                                    </FieldDefinitions>
                                </DataShape>
                                <Rows>
                                    <Row>
                                        <code>
                                        <![CDATA[
                                        let result = stateValue;
                                        ]]>
                                        </code>
                                    </Row>
                                </Rows>
                            </ConfigurationTable>
                        </ConfigurationTables>
                    </ServiceImplementation>
                    <ServiceImplementation
                     description=""
                     handlerName="Script"
                     name="DeleteStatusDefinition">
                        <ConfigurationTables>
                            <ConfigurationTable
                             dataShapeName=""
                             description=""
                             isMultiRow="false"
                             name="Script"
                             ordinal="0">
                                <DataShape>
                                    <FieldDefinitions>
                                        <FieldDefinition
                                         baseType="STRING"
                                         description="code"
                                         name="code"
                                         ordinal="0"></FieldDefinition>
                                    </FieldDefinitions>
                                </DataShape>
                                <Rows>
                                    <Row>
                                        <code>
                                        <![CDATA[
                                        let statusDefinition = createValidationPayload();
                                        me.ValidateStatusAction({
                                        	"action": "DELETE" /* STRING */,
                                        	"statusDefinition": statusDefinition /* INFOTABLE */
                                        });
                                        
                                        Things[me.GetDatabaseThingName()].Delete({
                                        	"UID": UID,
                                        	"dataShapeName": "PTC.SCA.SCO.StatusDefinition"
                                        });
                                        
                                        me.ReloadStatusDefinitions();
                                        me.UpdateEquipmentStatusDefinitions({statusDefinition: statusDefinition});
                                        
                                        function createValidationPayload() {
                                            var statusDefinition = Resources["InfoTableFunctions"].CreateInfoTableFromDataShape({
                                                infoTableName : "InfoTable",
                                                dataShapeName : "PTC.SCA.SCO.StatusDefinition"
                                            });
                                        
                                            statusDefinition.AddRow({"UID":UID});
                                        
                                            return statusDefinition;
                                        }
                                        ]]>
                                        </code>
                                    </Row>
                                </Rows>
                            </ConfigurationTable>
                        </ConfigurationTables>
                    </ServiceImplementation>
                    <ServiceImplementation
                     description=""
                     handlerName="Script"
                     name="EnableScaledStatusCalculation">
                        <ConfigurationTables>
                            <ConfigurationTable
                             dataShapeName=""
                             description=""
                             isMultiRow="false"
                             name="Script"
                             ordinal="0">
                                <DataShape>
                                    <FieldDefinitions>
                                        <FieldDefinition
                                         baseType="STRING"
                                         description="code"
                                         name="code"
                                         ordinal="0"></FieldDefinition>
                                    </FieldDefinitions>
                                </DataShape>
                                <Rows>
                                    <Row>
                                        <code>
                                        <![CDATA[
                                        updateStatusThingShape();
                                        disableStatusEvaluationScheduler();
                                        buildStatusExpProperties();
                                        
                                        function updateStatusThingShape() {
                                            let statusThingShape = ThingShapes["PTC.SCA.SCO.StatusThingShape"];
                                        	statusThingShape.SetPropertyLogging({propertyName: 'status', enabled: true}); 
                                            
                                            const propertySubscriptions = ['PTC_SCA_SCO_StatusOnAlert', 'PTC_SCA_SCO_StatusOnAlertReset', 'PTC_SCA_SCO_StatusOnPropertyChange'];
                                            
                                            propertySubscriptions.forEach(subscription => statusThingShape.EnableSubscription({subscriptionName: subscription}));
                                        }
                                        
                                        function disableStatusEvaluationScheduler() {
                                            Things["PTC.Factory.StatusEvaluationScheduler"].Enabled = false;
                                            logger.info("PTC.Factory.StatusEvaluationScheduler has been disabled.");
                                        }
                                        
                                        function buildStatusExpProperties() {
                                            let allEquipment = getAllEquipment();
                                            allEquipment.forEach(e => {
                                                try {
                                                    e.BuildStatusExpProperties({force: false});
                                                } catch(exp) {
                                                    logger.error('Unable to call BuildStatusExpProperties for equipment: ' + e.name + ':' + exp);
                                                }
                                            });
                                        }
                                        
                                        function getAllEquipment() {
                                            let basicPropertyNames = getPropertyNamesInfoTable(['name']);
                                            let propertyNames = getPropertyNamesInfoTable();
                                        
                                            let equipment = ThingShapes["PTC.SCA.SCO.StatusThingShape"].QueryImplementingThingsWithNamedData({
                                                maxItems: Number.MAX_SAFE_INTEGER /* NUMBER */ ,
                                                basicPropertyNames: basicPropertyNames /* INFOTABLE */ ,
                                                nameMask: undefined /* STRING */ ,
                                                propertyNames: propertyNames /* INFOTABLE */ ,
                                                query: undefined /* QUERY */ ,
                                                tags: undefined /* TAGS */
                                            });
                                        
                                            return equipment.rows.toArray().map(e => Things[e.name]);
                                        }
                                        
                                        function getPropertyNamesInfoTable(propertyNames) {
                                            let infoTable = Resources["InfoTableFunctions"].CreateInfoTableFromDataShape({infoTableName: "InfoTable", dataShapeName: "EntityList"});
                                        
                                            if (propertyNames) {
                                                propertyNames.forEach(propertyName => infoTable.AddRow({name: propertyName}));
                                            }
                                        
                                            return infoTable;
                                        }
                                        ]]>
                                        </code>
                                    </Row>
                                </Rows>
                            </ConfigurationTable>
                        </ConfigurationTables>
                    </ServiceImplementation>
                    <ServiceImplementation
                     description=""
                     handlerName="Script"
                     name="GetStateValue">
                        <ConfigurationTables>
                            <ConfigurationTable
                             dataShapeName=""
                             description=""
                             isMultiRow="false"
                             name="Script"
                             ordinal="0">
                                <DataShape>
                                    <FieldDefinitions>
                                        <FieldDefinition
                                         baseType="STRING"
                                         description="code"
                                         name="code"
                                         ordinal="0"></FieldDefinition>
                                    </FieldDefinitions>
                                </DataShape>
                                <Rows>
                                    <Row>
                                        <code>
                                        <![CDATA[
                                        let history = Things[ownerName].QueryIntegerPropertyHistory({
                                        	maxItems: limit /* NUMBER */,
                                        	propertyName: "status" /* STRING */,
                                        	startDate: startDate /* DATETIME */,
                                        	endDate: endDate /* DATETIME */,
                                        	oldestFirst: ascending /* BOOLEAN */,
                                        	query: undefined /* QUERY */
                                        });
                                        
                                        let result = Resources["InfoTableFunctions"].CreateInfoTableFromDataShape({infoTableName : "InfoTable", dataShapeName : "PTC.SCA.SCO.StateValue"});
                                        
                                        for each (let row in history.rows) {
                                            // PTC.SCA.SCO.StateValue entry object
                                            let newEntry = {
                                                UID: getUID(row.id), // LONG [Primary Key]
                                                OwnerName: ownerName, // THINGNAME
                                                OwnerStateID: row.value, // STRING
                                                StartTime: row.timestamp, // DATETIME
                                                LastUpdatedTime: row.timestamp, // DATETIME
                                        	};
                                            
                                            result.AddRow(newEntry);
                                        }
                                        
                                        function getUID(id) {
                                            // For InfluxDB based Value Streams, the ID has the format: ThingName#ValueStreamName#status#ID
                                            let fields = id.split('#');
                                            return fields[fields.length - 1];
                                        }
                                        ]]>
                                        </code>
                                    </Row>
                                </Rows>
                            </ConfigurationTable>
                        </ConfigurationTables>
                    </ServiceImplementation>
                    <ServiceImplementation
                     description=""
                     handlerName="Script"
                     name="QueryValue">
                        <ConfigurationTables>
                            <ConfigurationTable
                             dataShapeName=""
                             description=""
                             isMultiRow="false"
                             name="Script"
                             ordinal="0">
                                <DataShape>
                                    <FieldDefinitions>
                                        <FieldDefinition
                                         baseType="STRING"
                                         description="code"
                                         name="code"
                                         ordinal="0"></FieldDefinition>
                                    </FieldDefinitions>
                                </DataShape>
                                <Rows>
                                    <Row>
                                        <code>
                                        <![CDATA[
                                        // To be compatible with other DB based managers
                                        columnName = "OwnerStateID" === columnName ? "status" : columnName;
                                        
                                        let result = Things[ownerName].QueryIntegerPropertyHistory({
                                        	maxItems: limit /* NUMBER */,
                                        	propertyName: columnName /* STRING */,
                                        	startDate: startDate /* DATETIME */,
                                        	endDate: endDate /* DATETIME */,
                                        	oldestFirst: oldestFirst /* BOOLEAN */,
                                        	query: undefined /* QUERY */
                                        });
                                        
                                        for each (let row in result.rows) {
                                            row.id = '' + row.value;
                                        }
                                        ]]>
                                        </code>
                                    </Row>
                                </Rows>
                            </ConfigurationTable>
                        </ConfigurationTables>
                    </ServiceImplementation>
                    <ServiceImplementation
                     description=""
                     handlerName="Script"
                     name="UpdateEquipmentStatusDefinitions">
                        <ConfigurationTables>
                            <ConfigurationTable
                             dataShapeName=""
                             description=""
                             isMultiRow="false"
                             name="Script"
                             ordinal="0">
                                <DataShape>
                                    <FieldDefinitions>
                                        <FieldDefinition
                                         baseType="STRING"
                                         description="code"
                                         name="code"
                                         ordinal="0"></FieldDefinition>
                                    </FieldDefinitions>
                                </DataShape>
                                <Rows>
                                    <Row>
                                        <code>
                                        <![CDATA[
                                        let equipment = getEligibleEquipment(statusDefinition);
                                        
                                        equipment.map(e => e.name).forEach(name => {
                                            Things[name].UpdateStatusDefinitions();
                                        });
                                        
                                        function getEligibleEquipment(statusDefinition) {
                                            let entityName = statusDefinition.entityName;
                                        	if (!entityName) {
                                                return getAllEquipment();
                                            } else if (ThingTemplates[entityName]) {
                                                return getTemplateEquipment(entityName);
                                            }
                                            
                                            return getSingleEquipment(entityName);
                                        }
                                        
                                        function getAllEquipment() {
                                            return getImplmentingEquipment(ThingShapes["PTC.SCA.SCO.StatusThingShape"]);
                                        }
                                        
                                        function getTemplateEquipment(templateName) {
                                            return getImplmentingEquipment(ThingTemplates[templateName]);
                                        }
                                        
                                        function getImplmentingEquipment(templateOrThingShape) {
                                            let basicPropertyNames = getPropertyNamesInfoTable(['name']);
                                            let propertyNames = getPropertyNamesInfoTable();
                                        
                                            let equipment = templateOrThingShape.QueryImplementingThingsWithNamedData({
                                                maxItems: Number.MAX_SAFE_INTEGER /* NUMBER */ ,
                                                basicPropertyNames: basicPropertyNames /* INFOTABLE */ ,
                                                nameMask: undefined /* STRING */ ,
                                                propertyNames: propertyNames /* INFOTABLE */ ,
                                                query: undefined /* QUERY */ ,
                                                tags: undefined /* TAGS */
                                            });  
                                            
                                            return equipment.rows.toArray();
                                        }
                                        
                                        function getSingleEquipment(equipmentName) {
                                            return [Things[equipmentName]];
                                        }
                                        
                                        function getPropertyNamesInfoTable(propertyNames) {
                                            let infoTable = Resources["InfoTableFunctions"].CreateInfoTableFromDataShape({infoTableName: "InfoTable", dataShapeName: "EntityList"});
                                            
                                            if (propertyNames) {
                                                propertyNames.forEach(propertyName => infoTable.AddRow({name: propertyName}));
                                            }
                                        
                                            return infoTable;
                                        }
                                        ]]>
                                        </code>
                                    </Row>
                                </Rows>
                            </ConfigurationTable>
                        </ConfigurationTables>
                    </ServiceImplementation>
                    <ServiceImplementation
                     description=""
                     handlerName="Script"
                     name="UpdateStatusDefinition">
                        <ConfigurationTables>
                            <ConfigurationTable
                             dataShapeName=""
                             description=""
                             isMultiRow="false"
                             name="Script"
                             ordinal="0">
                                <DataShape>
                                    <FieldDefinitions>
                                        <FieldDefinition
                                         baseType="STRING"
                                         description="code"
                                         name="code"
                                         ordinal="0"></FieldDefinition>
                                    </FieldDefinitions>
                                </DataShape>
                                <Rows>
                                    <Row>
                                        <code>
                                        <![CDATA[
                                        me.ValidateStatusAction({
                                        	"action": "UPDATE" /* STRING */,
                                        	"statusDefinition": statusDefinition /* INFOTABLE */
                                        });
                                        
                                        Things[me.GetDatabaseThingName()].Update({
                                        	"infoTable": statusDefinition,
                                        	"dataShapeName": "PTC.SCA.SCO.StatusDefinition"
                                        });
                                        
                                        me.ReloadStatusDefinitions();
                                        me.UpdateEquipmentStatusDefinitions({statusDefinition: statusDefinition});
                                        ]]>
                                        </code>
                                    </Row>
                                </Rows>
                            </ConfigurationTable>
                        </ConfigurationTables>
                    </ServiceImplementation>
                </ServiceImplementations>
                <Subscriptions></Subscriptions>
            </ThingShape>
            <PropertyBindings></PropertyBindings>
            <RemotePropertyBindings></RemotePropertyBindings>
            <RemoteServiceBindings></RemoteServiceBindings>
            <RemoteEventBindings></RemoteEventBindings>
            <AlertConfigurations></AlertConfigurations>
            <ImplementedShapes></ImplementedShapes>
            <ThingProperties></ThingProperties>
        </Thing>
    </Things>
</Entities>
