<?xml version="1.0" encoding="UTF-8" standalone="no"?>
<Entities build="b155" majorVersion="7" minorVersion="2" modelPersistenceProviderPackage="NeoPersistenceProviderPackage" revision="2"
          schemaVersion="809">
    <ThingShapes>
        <ThingShape name="CacheManager">
            <ServiceDefinitions>
                <ServiceDefinition name="ClearCacheEntryService" category="CXSHub" aspect.isRemote="true" aspect.isAsync="true">
                    <ParameterDefinitions>
                        <FieldDefinition baseType="STRING" description="The cache name." name="cacheName" ordinal="0" />
                        <FieldDefinition baseType="STRING" description="The cache key to clear" name="cacheKey" ordinal="1" />
                        <FieldDefinition baseType="JSON" description="Additional context info as a JSON object." name="context" ordinal="2" />
                    </ParameterDefinitions>
                </ServiceDefinition>
            </ServiceDefinitions>
            <RemoteServiceBindings>
                <RemoteServiceBinding sourceName="ClearCacheEntry" name="ClearCacheEntryService" enableQueue="true"/>
            </RemoteServiceBindings>
        </ThingShape>
    </ThingShapes>
</Entities>