<?xml version="1.0" encoding="UTF-8" standalone="no"?>
<Entities build="b139" majorVersion="6" minorVersion="6" modelPersistenceProviderPackage="NeoPersistenceProviderPackage" revision="1" schemaVersion="809">
    <ThingShapes>
        <ThingShape name="ProtocolAdapterWithAvailability">
           <PropertyDefinitions>
              <PropertyDefinition name="availabilityGroup" description="Defines the availability group name." baseType="STRING" aspect.isPersistent="true"/>
              <PropertyDefinition name="healthState" description="Defines the availability health state (UP, DOWN)." baseType="STRING" aspect.isPersistent="true"/>
              <PropertyDefinition name="active" description="Defines if this Protocol Adapter is the active node in the group." baseType="BOOLEAN" aspect.isPersistent="true" aspect.isRemote="true" isLocalOnly="false" aspect.dataChangeType="ALWAYS"/>
           </PropertyDefinitions>
          <RemotePropertyBindings>
            <RemotePropertyBinding foldType="NONE" name="active" pushThreshold="0.0" pushType="VALUE" sourceName="active" timeout="0"/>
          </RemotePropertyBindings>
          <ServiceDefinitions>
            <ServiceDefinition aspect.isAsync="false" category="" description="" isAllowOverride="false" isLocalOnly="false" isOpen="false" isPrivate="false" name="ClearExternallyBoundThings">
              <ResultType baseType="NOTHING" description="" name="result" ordinal="0"/>
              <ParameterDefinitions/>
            </ServiceDefinition>
          </ServiceDefinitions>
          <RemoteServiceBindings>
            <RemoteServiceBinding enableQueue="false" name="ClearExternallyBoundThings" sourceName="" timeout="0"/>
          </RemoteServiceBindings>
        </ThingShape>
    </ThingShapes>
</Entities>