<?xml version="1.0" encoding="UTF-8"?>
<Entities>
    <LocalizationTables>
        <LocalizationTable
         description="zh-CN localization table"
         homeMashup=""
         name="zh-CN"
         tags="PTC:factory-mv">
            <avatar></avatar>
            <DesignTimePermissions>
                <Create></Create>
                <Read></Read>
                <Update></Update>
                <Delete></Delete>
                <Metadata></Metadata>
            </DesignTimePermissions>
            <RunTimePermissions></RunTimePermissions>
            <VisibilityPermissions>
                <Visibility>
                    <Principal
                     isPermitted="true"
                     name="PTC.Factory.MachineVisibility"
                     type="Organization"></Principal>
                </Visibility>
            </VisibilityPermissions>
            <ConfigurationTables>
                <ConfigurationTable
                 description="Localization Tokens"
                 isMultiRow="true"
                 name="LocalizationTokens"
                 ordinal="0">
                    <DataShape>
                        <FieldDefinitions>
                            <FieldDefinition
                             aspect.friendlyName="Translation context"
                             baseType="STRING"
                             description="Translation context"
                             name="context"
                             ordinal="3"></FieldDefinition>
                            <FieldDefinition
                             aspect.friendlyName="Token name"
                             baseType="STRING"
                             description="Token name"
                             name="name"
                             ordinal="0"></FieldDefinition>
                            <FieldDefinition
                             aspect.friendlyName="Token usage"
                             baseType="STRING"
                             description="Token usage"
                             name="usage"
                             ordinal="2"></FieldDefinition>
                            <FieldDefinition
                             aspect.friendlyName="Localized value"
                             baseType="STRING"
                             description="Localized value"
                             name="value"
                             ordinal="1"></FieldDefinition>
                        </FieldDefinitions>
                    </DataShape>
                    <Rows>
                        <Row>
                            <name>
                            <![CDATA[
                            PTC.Factory.PlantStatus.Availability_Day
                            ]]>
                            </name>
                            <value>
                            <![CDATA[
                            状况汇总
                            ]]>
                            </value>
                        </Row>
                        <Row>
                            <name>
                            <![CDATA[
                            PTC.Factory.MetricsWidget.TITLE
                            ]]>
                            </name>
                            <value>
                            <![CDATA[
                            整体设备有效性
                            ]]>
                            </value>
                        </Row>
                        <Row>
                            <name>
                            <![CDATA[
                            PTC.Factory.MetricsWidget.day.TITLE
                            ]]>
                            </name>
                            <value>
                            <![CDATA[
                            整体设备有效性 (天)
                            ]]>
                            </value>
                        </Row>
                        <Row>
                            <name>
                            <![CDATA[
                            PTC.Factory.KPI.OEE.Percentage
                            ]]>
                            </name>
                            <value>
                            <![CDATA[
                            OEE (%)
                            ]]>
                            </value>
                        </Row>
                        <Row>
                            <name>
                            <![CDATA[
                            PTC.Factory.KPI.Availability.Percentage
                            ]]>
                            </name>
                            <value>
                            <![CDATA[
                            可用性 (%)
                            ]]>
                            </value>
                        </Row>
                        <Row>
                            <name>
                            <![CDATA[
                            PTC.Factory.KPI.Quality.Percentage
                            ]]>
                            </name>
                            <value>
                            <![CDATA[
                            质量 (%)
                            ]]>
                            </value>
                        </Row>
                        <Row>
                            <name>
                            <![CDATA[
                            PTC.Factory.KPI.Effectiveness.Percentage
                            ]]>
                            </name>
                            <value>
                            <![CDATA[
                            有效性 (%)
                            ]]>
                            </value>
                        </Row>
                        <Row>
                            <name>
                            <![CDATA[
                            PTC.Factory.LastModified
                            ]]>
                            </name>
                            <value>
                            <![CDATA[
                            上次修改时间
                            ]]>
                            </value>
                        </Row>
                        <Row>
                            <name>
                            <![CDATA[
                            PTC.Factory.AlertsThisWeek
                            ]]>
                            </name>
                            <value>
                            <![CDATA[
                            本周 {0} 个警报
                            ]]>
                            </value>
                        </Row>
                        <Row>
                            <name>
                            <![CDATA[
                            PTC.Factory.AlertThisWeek
                            ]]>
                            </name>
                            <value>
                            <![CDATA[
                            本周 1 个警报
                            ]]>
                            </value>
                        </Row>
                        <Row>
                            <name>
                            <![CDATA[
                            PTC.Factory.GeneralInfoTitle
                            ]]>
                            </name>
                            <value>
                            <![CDATA[
                            常规信息
                            ]]>
                            </value>
                        </Row>
                        <Row>
                            <name>
                            <![CDATA[
                            PTC.Factory.AlertTitle
                            ]]>
                            </name>
                            <value>
                            <![CDATA[
                            警报
                            ]]>
                            </value>
                        </Row>
                        <Row>
                            <name>
                            <![CDATA[
                            PTC.Factory.ProductionHistoryData
                            ]]>
                            </name>
                            <value>
                            <![CDATA[
                            {0}生产历史数据
                            ]]>
                            </value>
                        </Row>
                        <Row>
                            <name>
                            <![CDATA[
                            PTC.Factory.ViewProductionHistoryData
                            ]]>
                            </name>
                            <value>
                            <![CDATA[
                            查看生产历史数据
                            ]]>
                            </value>
                        </Row>
                        <Row>
                            <name>
                            <![CDATA[
                            PTC.Factory.StatusHistory.StatusSummary
                            ]]>
                            </name>
                            <value>
                            <![CDATA[
                            状况汇总
                            ]]>
                            </value>
                        </Row>
                        <Row>
                            <name>
                            <![CDATA[
                            PTC.SCA.Mfg.PlantStatus.GoodCountExpression
                            ]]>
                            </name>
                            <value>
                            <![CDATA[
                            良品计数表达式
                            ]]>
                            </value>
                        </Row>
                        <Row>
                            <name>
                            <![CDATA[
                            PTC.SCA.Mfg.PlantStatus.GoodCountExpression
                            ]]>
                            </name>
                            <value>
                            <![CDATA[
                            良品计数表达式
                            ]]>
                            </value>
                        </Row>
                        <Row>
                            <name>
                            <![CDATA[
                            PTC.SCA.Mfg.PlantStatus.IdealRunRateExpression
                            ]]>
                            </name>
                            <value>
                            <![CDATA[
                            理想运行速度表达式
                            ]]>
                            </value>
                        </Row>
                        <Row>
                            <name>
                            <![CDATA[
                            PTC.SCA.Mfg.PlantStatus.TotalCountExpression
                            ]]>
                            </name>
                            <value>
                            <![CDATA[
                            总计数表达式
                            ]]>
                            </value>
                        </Row>
                        <Row>
                            <name>
                            <![CDATA[
                            PTC.SCA.Mfg.PlantStatus.ChangeEvent
                            ]]>
                            </name>
                            <value>
                            <![CDATA[
                            更改事件
                            ]]>
                            </value>
                        </Row>
                        <Row>
                            <name>
                            <![CDATA[
                            PTC.SCA.Mfg.PlantStatus.DisplayChangeEvents
                            ]]>
                            </name>
                            <value>
                            <![CDATA[
                            显示更改事件
                            ]]>
                            </value>
                        </Row>
                        <Row>
                            <name>
                            <![CDATA[
                            PTC.SCA.Mfg.PlantStatus.NotInstantiableType
                            ]]>
                            </name>
                            <value>
                            <![CDATA[
                            类型不可实例化
                            ]]>
                            </value>
                        </Row>
                        <Row>
                            <name>
                            <![CDATA[
                            PTC.SCA.Mfg.PlantStatus.NotInstantiableTypeList
                            ]]>
                            </name>
                            <value>
                            <![CDATA[
                            {0}*{1}* (不可实例化)
                            ]]>
                            </value>
                        </Row>
                        <Row>
                            <name>
                            <![CDATA[
                            PTC.SCA.Mfg.PlantStatus.TypeListIndent
                            ]]>
                            </name>
                            <value>
                            <![CDATA[
                            -
                            ]]>
                            </value>
                        </Row>
                        <Row>
                            <name>
                            <![CDATA[
                            PTC.SCA.Mfg.PlantStatus.ConnectedProductionEquipment
                            ]]>
                            </name>
                            <value>
                            <![CDATA[
                            已连接的生产设备
                            ]]>
                            </value>
                        </Row>
                    </Rows>
                </ConfigurationTable>
            </ConfigurationTables>
        </LocalizationTable>
    </LocalizationTables>
</Entities>
