<?xml version="1.0" encoding="UTF-8"?>
<Entities>
    <LocalizationTables>
        <LocalizationTable
         description="fr localization table"
         homeMashup=""
         name="fr"
         tags="PTC:factory-mv">
            <avatar></avatar>
            <DesignTimePermissions>
                <Create></Create>
                <Read></Read>
                <Update></Update>
                <Delete></Delete>
                <Metadata></Metadata>
            </DesignTimePermissions>
            <RunTimePermissions></RunTimePermissions>
            <VisibilityPermissions>
                <Visibility>
                    <Principal
                     isPermitted="true"
                     name="PTC.Factory.MachineVisibility"
                     type="Organization"></Principal>
                </Visibility>
            </VisibilityPermissions>
            <ConfigurationTables>
                <ConfigurationTable
                 description="Localization Tokens"
                 isMultiRow="true"
                 name="LocalizationTokens"
                 ordinal="0">
                    <DataShape>
                        <FieldDefinitions>
                            <FieldDefinition
                             aspect.friendlyName="Translation context"
                             baseType="STRING"
                             description="Translation context"
                             name="context"
                             ordinal="3"></FieldDefinition>
                            <FieldDefinition
                             aspect.friendlyName="Token name"
                             baseType="STRING"
                             description="Token name"
                             name="name"
                             ordinal="0"></FieldDefinition>
                            <FieldDefinition
                             aspect.friendlyName="Token usage"
                             baseType="STRING"
                             description="Token usage"
                             name="usage"
                             ordinal="2"></FieldDefinition>
                            <FieldDefinition
                             aspect.friendlyName="Localized value"
                             baseType="STRING"
                             description="Localized value"
                             name="value"
                             ordinal="1"></FieldDefinition>
                        </FieldDefinitions>
                    </DataShape>
                    <Rows>
                        <Row>
                            <name>
                            <![CDATA[
                            PTC.Factory.PlantStatus.Availability_Day
                            ]]>
                            </name>
                            <value>
                            <![CDATA[
                            Résumé du statut
                            ]]>
                            </value>
                        </Row>
                        <Row>
                            <name>
                            <![CDATA[
                            PTC.Factory.MetricsWidget.TITLE
                            ]]>
                            </name>
                            <value>
                            <![CDATA[
                            Taux de rendement global
                            ]]>
                            </value>
                        </Row>
                        <Row>
                            <name>
                            <![CDATA[
                            PTC.Factory.MetricsWidget.day.TITLE
                            ]]>
                            </name>
                            <value>
                            <![CDATA[
                            Taux de rendement global (jours)
                            ]]>
                            </value>
                        </Row>
                        <Row>
                            <name>
                            <![CDATA[
                            PTC.Factory.KPI.OEE.Percentage
                            ]]>
                            </name>
                            <value>
                            <![CDATA[
                            TRG (%)
                            ]]>
                            </value>
                        </Row>
                        <Row>
                            <name>
                            <![CDATA[
                            PTC.Factory.KPI.Availability.Percentage
                            ]]>
                            </name>
                            <value>
                            <![CDATA[
                            Disponibilité (%)
                            ]]>
                            </value>
                        </Row>
                        <Row>
                            <name>
                            <![CDATA[
                            PTC.Factory.KPI.Quality.Percentage
                            ]]>
                            </name>
                            <value>
                            <![CDATA[
                            Qualité (%)
                            ]]>
                            </value>
                        </Row>
                        <Row>
                            <name>
                            <![CDATA[
                            PTC.Factory.KPI.Effectiveness.Percentage
                            ]]>
                            </name>
                            <value>
                            <![CDATA[
                            Rendement (%)
                            ]]>
                            </value>
                        </Row>
                        <Row>
                            <name>
                            <![CDATA[
                            PTC.Factory.LastModified
                            ]]>
                            </name>
                            <value>
                            <![CDATA[
                            Dernière modification
                            ]]>
                            </value>
                        </Row>
                        <Row>
                            <name>
                            <![CDATA[
                            PTC.Factory.AlertsThisWeek
                            ]]>
                            </name>
                            <value>
                            <![CDATA[
                            {0} alertes cette semaine
                            ]]>
                            </value>
                        </Row>
                        <Row>
                            <name>
                            <![CDATA[
                            PTC.Factory.AlertThisWeek
                            ]]>
                            </name>
                            <value>
                            <![CDATA[
                            1 alerte cette semaine
                            ]]>
                            </value>
                        </Row>
                        <Row>
                            <name>
                            <![CDATA[
                            PTC.Factory.GeneralInfoTitle
                            ]]>
                            </name>
                            <value>
                            <![CDATA[
                            Informations générales
                            ]]>
                            </value>
                        </Row>
                        <Row>
                            <name>
                            <![CDATA[
                            PTC.Factory.AlertTitle
                            ]]>
                            </name>
                            <value>
                            <![CDATA[
                            Alerte
                            ]]>
                            </value>
                        </Row>
                        <Row>
                            <name>
                            <![CDATA[
                            PTC.Factory.ProductionHistoryData
                            ]]>
                            </name>
                            <value>
                            <![CDATA[
                            Données d'historique de production de {0}
                            ]]>
                            </value>
                        </Row>
                        <Row>
                            <name>
                            <![CDATA[
                            PTC.Factory.ViewProductionHistoryData
                            ]]>
                            </name>
                            <value>
                            <![CDATA[
                            Afficher les données d'historique de production
                            ]]>
                            </value>
                        </Row>
                        <Row>
                            <name>
                            <![CDATA[
                            PTC.Factory.StatusHistory.StatusSummary
                            ]]>
                            </name>
                            <value>
                            <![CDATA[
                            Résumé du statut
                            ]]>
                            </value>
                        </Row>
                        <Row>
                            <name>
                            <![CDATA[
                            PTC.SCA.Mfg.PlantStatus.GoodCountExpression
                            ]]>
                            </name>
                            <value>
                            <![CDATA[
                            Expression du nombre de pièces bonnes
                            ]]>
                            </value>
                        </Row>
                        <Row>
                            <name>
                            <![CDATA[
                            PTC.SCA.Mfg.PlantStatus.GoodCountExpression
                            ]]>
                            </name>
                            <value>
                            <![CDATA[
                            Expression du nombre de pièces bonnes
                            ]]>
                            </value>
                        </Row>
                        <Row>
                            <name>
                            <![CDATA[
                            PTC.SCA.Mfg.PlantStatus.IdealRunRateExpression
                            ]]>
                            </name>
                            <value>
                            <![CDATA[
                            Expression de la cadence théorique
                            ]]>
                            </value>
                        </Row>
                        <Row>
                            <name>
                            <![CDATA[
                            PTC.SCA.Mfg.PlantStatus.TotalCountExpression
                            ]]>
                            </name>
                            <value>
                            <![CDATA[
                            Expression du nombre total
                            ]]>
                            </value>
                        </Row>
                        <Row>
                            <name>
                            <![CDATA[
                            PTC.SCA.Mfg.PlantStatus.ChangeEvent
                            ]]>
                            </name>
                            <value>
                            <![CDATA[
                            Evénement de modification
                            ]]>
                            </value>
                        </Row>
                        <Row>
                            <name>
                            <![CDATA[
                            PTC.SCA.Mfg.PlantStatus.DisplayChangeEvents
                            ]]>
                            </name>
                            <value>
                            <![CDATA[
                            Afficher les événements de modification
                            ]]>
                            </value>
                        </Row>
                        <Row>
                            <name>
                            <![CDATA[
                            PTC.SCA.Mfg.PlantStatus.NotInstantiableType
                            ]]>
                            </name>
                            <value>
                            <![CDATA[
                            Le type n'est pas instanciable
                            ]]>
                            </value>
                        </Row>
                        <Row>
                            <name>
                            <![CDATA[
                            PTC.SCA.Mfg.PlantStatus.NotInstantiableTypeList
                            ]]>
                            </name>
                            <value>
                            <![CDATA[
                            {0}*{1}* (non instanciable)
                            ]]>
                            </value>
                        </Row>
                        <Row>
                            <name>
                            <![CDATA[
                            PTC.SCA.Mfg.PlantStatus.TypeListIndent
                            ]]>
                            </name>
                            <value>
                            <![CDATA[
                            -
                            ]]>
                            </value>
                        </Row>
                        <Row>
                            <name>
                            <![CDATA[
                            PTC.SCA.Mfg.PlantStatus.ConnectedProductionEquipment
                            ]]>
                            </name>
                            <value>
                            <![CDATA[
                            EQUIPEMENT DE PRODUCTION CONNECTE
                            ]]>
                            </value>
                        </Row>
                    </Rows>
                </ConfigurationTable>
            </ConfigurationTables>
        </LocalizationTable>
    </LocalizationTables>
</Entities>
