<?xml version="1.0" encoding="UTF-8" standalone="no"?>
<Entities>
    <ExtensionPackages>
        <ExtensionPackage dependsOn="" description="" minimumThingWorxVersion="8.5.0" name="RuntimeQueryParameterFetcher" packageVersion="1.0.7" vendor="PTC Digital Transformation Solutions"> 
        </ExtensionPackage>
    </ExtensionPackages>
    <Widgets>
        <Widget name="queryparameterfetcher">
            <UIResources>
                <FileResource description="Fetches Query Parameter from the URL identified by 'ParamName' input property" file="queryparameterfetcher.ide.js" isDevelopment="true" isRuntime="false" type="JS"/>
                <FileResource description="Fetches Query Parameter from the URL identified by 'ParamName' input property" file="queryparameterfetcher.ide.css" isDevelopment="true" isRuntime="false" type="CSS"/>
                <FileResource description="Fetches Query Parameter from the URL identified by 'ParamName' input property" file="queryparameterfetcher.runtime.js" isDevelopment="false" isRuntime="true" type="JS"/>
                <FileResource description="Fetches Query Parameter from the URL identified by 'ParamName' input property" file="queryparameterfetcher.runtime.css" isDevelopment="false" isRuntime="true" type="CSS"/>
            </UIResources>
        </Widget>
    </Widgets>
</Entities>
