<?xml version="1.0" encoding="UTF-8"?>
<Entities>
    <Projects>
        <Project
         aspect.isEditableExtensionObject="false"
         aspect.isExtension="true"
         description="Project for extension UpgradeUtility {PTC.SCA.SCO.UpgradeUtility}"
         documentationContent=""
         homeMashup=""
         lastModifiedDate="2017-04-17T17:46:20.775Z"
         name="PTC.SCA.SCO.UpgradeUtility"
         packageVersion="1.0.0"
         projectName="PTC.SCA.SCO.UpgradeUtility"
         tags="PTC:sca-sco;PTC:sca-sco-upgradeutility">
            <avatar></avatar>
            <DesignTimePermissions>
                <Create></Create>
                <Read></Read>
                <Update></Update>
                <Delete></Delete>
                <Metadata></Metadata>
            </DesignTimePermissions>
            <RunTimePermissions></RunTimePermissions>
            <VisibilityPermissions>
                <Visibility>
                    <Principal
                     isPermitted="true"
                     name="PTC.Factory.MachineVisibility"
                     type="Organization"></Principal>
                </Visibility>
            </VisibilityPermissions>
            <ConfigurationTables></ConfigurationTables>
        </Project>
    </Projects>
</Entities>
