<?xml version="1.0" encoding="utf-8"?><Entities><ExtensionPackages><ExtensionPackage name="KEPServerMonitor-extension" haCompatible="true" description="KEPServer Monitoring Extension" vendor="PTC" packageVersion="9.1.0" buildNumber="02" minimumThingWorxVersion="8.1.0" dependsOn="AppHomePage-extension:9.1.0,UserManagement-extension:9.1.0" licensed="true" licenseName="twx_mfg_common" namedLicensedGroup="twx_mfg_common_named"><Licensed><Entity name="PTC.Factory.KEPServerEX.ListServers"></Entity></Licensed><JarResources><FileResource file="mfg-KEPServerMonitor-extension.jar" type="JAR"></FileResource></JarResources></ExtensionPackage></ExtensionPackages></Entities>