<?xml version="1.0" encoding="UTF-8" standalone="no"?>
<Entities>
    <ExtensionPackages>
        <ExtensionPackage dependsOn="" description="Detect browser properties" minimumThingWorxVersion="7.0.0" name="PTC_DetectBrowser_Widgets_ExtensionPackage" packageVersion="1.0.4" vendor="PTC Digital Solution Engineering"> 
        </ExtensionPackage>
    </ExtensionPackages>
    <Widgets>
        <Widget name="Bowser">
            <UIResources>
                <FileResource description="Suppress Asynchronous Module Definition (AMD)" file="suppress-amd.js" isDevelopment="false" isRuntime="true" type="JS"/>
                <FileResource description="Bowser JavaScript library" file="bowser-bundled-2-11-0.js" isDevelopment="false" isRuntime="true" type="JS"/>
                <FileResource description="Restore Asynchronous Module Definition (AMD)" file="restore-amd.js" isDevelopment="false" isRuntime="true" type="JS"/>
            </UIResources>
        </Widget>
        <Widget name="DetectBrowser">
            <UIResources>
                <FileResource description="" file="DetectBrowser.ide.js" isDevelopment="true" isRuntime="false" type="JS"/>
                <FileResource description="" file="DetectBrowser.ide.css" isDevelopment="true" isRuntime="false" type="CSS"/>
                <FileResource description="" file="DetectBrowser.runtime.js" isDevelopment="false" isRuntime="true" type="JS"/>
                <FileResource description="" file="DetectBrowser.runtime.css" isDevelopment="false" isRuntime="true" type="CSS"/>
            </UIResources>
        </Widget>
    </Widgets>
</Entities>
