<?xml version="1.0" encoding="UTF-8"?>
<Entities
 build="b158"
 majorVersion="7"
 minorVersion="4"
 modelPersistenceProviderPackage="NeoPersistenceProviderPackage"
 revision="0"
 schemaVersion="940">
    <MediaEntities>
        <MediaEntity
         description="Rollover add icon (22px) {PTC.Factory.AddRollover22pxIcon}"
         documentationContent=""
         homeMashup=""
         lastModifiedDate="2017-04-11T13:17:42.815-04:00"
         name="PTC.Factory.AddRollover22pxIcon"
         projectName="PTC.SCA.SCO.Common"
         tags="PTC:sca-sco;PTC:MediaEntity;PTC:sca-sco-common">
            <avatar></avatar>
            <DesignTimePermissions>
                <Create></Create>
                <Read></Read>
                <Update></Update>
                <Delete></Delete>
                <Metadata></Metadata>
            </DesignTimePermissions>
            <RunTimePermissions></RunTimePermissions>
            <VisibilityPermissions>
                <Visibility>
                    <Principal
                     isPermitted="true"
                     name="PTC.Factory.MachineVisibility"
                     type="Organization"></Principal>
                </Visibility>
            </VisibilityPermissions>
            <ConfigurationTables></ConfigurationTables>
            <content>
            <![CDATA[
            iVBORw0KGgoAAAANSUhEUgAAABYAAAAWCAYAAADEtGw7AAABXElEQVR42rVVO27CQBDdBilFEEpN
            R4ocg6vQcIC1xK/jGqm8SURDgUWPtCsgNPEFSFoOEIkWKczbjzHCaxPBWhppvTvzPPPe7JgxzzOc
            rJ6iWHYioRKyLRdqD8Na79EZfNi1zziWDxQ4osBfHsu/MoMPfBFTCsrfNk3K6isLFHIRxarb/1i/
            jKfyEYY19nCWfQQxFOsFJeedcVbf/H3ZrqoOPtrXJLG7AEcpp0zVsoi7nvh8pv1WkRaIcZmf0QKe
            XKZFoK9pWuNCHmBYe8Bt5mqUV98I5SlfV2T59AllaDGC6uTQNk6osk6pAjaVG0GBCRoS86K6NwMT
            hqUjYbr56QVtlOcUAM4G07ThgLHOn+U5B4YF3jJ9o5AJ9ahTXwtVcTlOPSwPiNGVEYbtjv1dgfvz
            dT0DDkZFIPFm4dot2AUJdqX/M4Sc+lcPoVvGJmX44x2bQQd90F/TPX+mR1D6vKWdeelXAAAAAElF
            TkSuQmCC
            ]]>
            </content>
        </MediaEntity>
    </MediaEntities>
</Entities>
