<?xml version="1.0" encoding="UTF-8"?><Entities>
    <ExtensionPackages>
        <ExtensionPackage artifactId="iamadmin" dependsOn="GoogleWidgets_ExtensionPackage,PTC.Base" groupId="ptcts" lastModifiedDate="2021-07-02T08:55:16.321-04:00" minimumThingWorxVersion="9.1.0" packageVersion="0.2.211831255" haCompatible="true" description="Identity and Access Management Admin building block" documentationContent="" homeMashup="" name="PTCTS.IAMAdmin" tags="" vendor="">
            <avatar/>
            <DesignTimePermissions>
                                
                <Create/>
                                
                <Read/>
                                
                <Update/>
                                
                <Delete/>
                                
                <Metadata/>
                            
            </DesignTimePermissions>
            <RunTimePermissions/>
            <VisibilityPermissions>
                                
                <Visibility>
                                        
                    <Principal isPermitted="true" name="PTCTS.IAMAdmin.Default_OR" type="Organization"/>
                                    
                </Visibility>
                            
            </VisibilityPermissions>
            <ConfigurationTableDefinitions/>
            <ConfigurationTables/>
        </ExtensionPackage>
    </ExtensionPackages>
</Entities>
