<?xml version="1.0" encoding="UTF-8"?>
<Entities
 build="b6862"
 majorVersion="0"
 minorVersion="0"
 modelPersistenceProviderPackage="PostgresPersistenceProviderPackage"
 revision="0"
 schemaVersion="1050"
 universal="password">
    <DataShapes>
        <DataShape
         aspect.isEditableExtensionObject="false"
         aspect.isExtension="true"
         baseDataShape=""
         description="Structure used to populate the KPI information for the PlantStatusWidgetsFooter mashup. {PTC.SCA.SCO.DefaultKPIInformation}"
         documentationContent=""
         homeMashup=""
         lastModifiedDate="2019-05-26T22:05:40.206-04:00"
         name="PTC.SCA.SCO.DefaultKPIInformation"
         projectName="PTC.SCA.SCO.KPI.Display"
         tags="PTC:sca-sco;PTC:DataShape;PTC:sca-sco-kpi-display">
            <avatar></avatar>
            <DesignTimePermissions>
                <Create></Create>
                <Read></Read>
                <Update></Update>
                <Delete></Delete>
                <Metadata></Metadata>
            </DesignTimePermissions>
            <RunTimePermissions></RunTimePermissions>
            <VisibilityPermissions>
                <Visibility>
                    <Principal
                     isPermitted="true"
                     name="PTC.Factory.MachineVisibility"
                     type="Organization"></Principal>
                </Visibility>
            </VisibilityPermissions>
            <ConfigurationTableDefinitions></ConfigurationTableDefinitions>
            <ConfigurationTables></ConfigurationTables>
            <FieldDefinitions>
                <FieldDefinition
                 aspect.dataShape="PTC.SCA.SCO.KPIInformation"
                 aspect.isPrimaryKey="false"
                 baseType="INFOTABLE"
                 description=""
                 name="Availability"
                 ordinal="2"></FieldDefinition>
                <FieldDefinition
                 aspect.dataShape="PTC.SCA.SCO.KPIInformation"
                 aspect.isPrimaryKey="false"
                 baseType="INFOTABLE"
                 description=""
                 name="Effectiveness"
                 ordinal="3"></FieldDefinition>
                <FieldDefinition
                 aspect.isPrimaryKey="false"
                 baseType="STRING"
                 description=""
                 name="kpiUpdateDisplayMessage"
                 ordinal="5"></FieldDefinition>
                <FieldDefinition
                 aspect.dataShape="PTC.SCA.SCO.KPIInformation"
                 aspect.isPrimaryKey="false"
                 baseType="INFOTABLE"
                 description=""
                 name="OEE"
                 ordinal="1"></FieldDefinition>
                <FieldDefinition
                 aspect.dataShape="PTC.SCA.SCO.KPIInformation"
                 aspect.isPrimaryKey="false"
                 baseType="INFOTABLE"
                 description=""
                 name="QualityRatio"
                 ordinal="4"></FieldDefinition>
            </FieldDefinitions>
        </DataShape>
    </DataShapes>
</Entities>
