<?xml version="1.0" encoding="UTF-8"?>
<Entities
 build="b14"
 majorVersion="7"
 minorVersion="1"
 modelPersistenceProviderPackage="NeoPersistenceProviderPackage"
 revision="3"
 schemaVersion="911">
    <StyleDefinitions>
        <StyleDefinition
         aspect.isEditableExtensionObject="true"
         aspect.isExtension="true"
         description="Disabled add tags style {PTC.Factory.DisableAddTags}"
         documentationContent=""
         homeMashup=""
         lastModifiedDate="2016-07-28T16:02:06.140Z"
         name="PTC.Factory.DisableAddTags"
         projectName="PTC.SCA.SCO.Troubleshooting Tool"
         tags="PTC:sca-sco-troubleshootingtool;PTC:sca-common;PTC:StyleDefinition">
            <avatar></avatar>
            <DesignTimePermissions>
                <Create></Create>
                <Read></Read>
                <Update></Update>
                <Delete></Delete>
                <Metadata></Metadata>
            </DesignTimePermissions>
            <RunTimePermissions></RunTimePermissions>
            <VisibilityPermissions>
                <Visibility>
                    <Principal
                     isPermitted="true"
                     name="PTC.Factory.MachineVisibility"
                     type="Organization"></Principal>
                </Visibility>
            </VisibilityPermissions>
            <ConfigurationTables></ConfigurationTables>
            <content>
            <![CDATA[
            {"image":"PTC.Factory.Add_Tags","backgroundColor":"","textSize":"large","lineStyle":"solid","displayString":"","fontEmphasisUnderline":false,"fontEmphasisItalic":false,"lineThickness":1,"foregroundColor":"#a2a2a2","lineColor":"","fontEmphasisBold":false,"secondaryBackgroundColor":""}
            ]]>
            </content>
        </StyleDefinition>
    </StyleDefinitions>
</Entities>
