<?xml version="1.0" encoding="UTF-8"?>
<Entities
 build="b8238"
 majorVersion="0"
 minorVersion="0"
 modelPersistenceProviderPackage="PostgresPersistenceProviderPackage"
 revision="0"
 schemaVersion="1100"
 universal="password">
    <Projects>
        <Project
         artifactId=""
         aspect.isEditableExtensionObject="false"
         aspect.isExtension="true"
         dependsOn="{&quot;extensions&quot;:&quot;&quot;,&quot;projects&quot;:&quot;PTC.Factory.Demo:9.1.0&quot;}"
         description="Project for work definition display entities. {PTC.Factory.Demo.WorkDefinition.Display}"
         documentationContent=""
         groupId=""
         homeMashup=""
         lastModifiedDate="2020-01-02T11:45:07.112-05:00"
         minPlatformVersion=""
         name="PTC.Factory.Demo.WorkDefinition.Display"
         packageVersion="9.1.0"
         projectName="PTC.Factory.Demo.WorkDefinition.Display"
         publishResult=""
         state="DRAFT"
         tags="PTC:factory-demo">
            <avatar></avatar>
            <DesignTimePermissions>
                <Create></Create>
                <Read></Read>
                <Update></Update>
                <Delete></Delete>
                <Metadata></Metadata>
            </DesignTimePermissions>
            <RunTimePermissions></RunTimePermissions>
            <VisibilityPermissions>
                <Visibility></Visibility>
            </VisibilityPermissions>
            <ConfigurationTableDefinitions></ConfigurationTableDefinitions>
            <ConfigurationTables></ConfigurationTables>
        </Project>
    </Projects>
</Entities>
