<?xml version="1.0" encoding="UTF-8"?>
<Entities>
    <LocalizationTables>
        <LocalizationTable
         description="zh-TW localization table"
         homeMashup=""
         name="zh-TW"
         tags="PTC:factory-mv">
            <avatar></avatar>
            <DesignTimePermissions>
                <Create></Create>
                <Read></Read>
                <Update></Update>
                <Delete></Delete>
                <Metadata></Metadata>
            </DesignTimePermissions>
            <RunTimePermissions></RunTimePermissions>
            <VisibilityPermissions>
                <Visibility>
                    <Principal
                     isPermitted="true"
                     name="PTC.Factory.MachineVisibility"
                     type="Organization"></Principal>
                </Visibility>
            </VisibilityPermissions>
            <ConfigurationTables>
                <ConfigurationTable
                 description="Localization Tokens"
                 isMultiRow="true"
                 name="LocalizationTokens"
                 ordinal="0">
                    <DataShape>
                        <FieldDefinitions>
                            <FieldDefinition
                             aspect.friendlyName="Translation context"
                             baseType="STRING"
                             description="Translation context"
                             name="context"
                             ordinal="3"></FieldDefinition>
                            <FieldDefinition
                             aspect.friendlyName="Token name"
                             baseType="STRING"
                             description="Token name"
                             name="name"
                             ordinal="0"></FieldDefinition>
                            <FieldDefinition
                             aspect.friendlyName="Token usage"
                             baseType="STRING"
                             description="Token usage"
                             name="usage"
                             ordinal="2"></FieldDefinition>
                            <FieldDefinition
                             aspect.friendlyName="Localized value"
                             baseType="STRING"
                             description="Localized value"
                             name="value"
                             ordinal="1"></FieldDefinition>
                        </FieldDefinitions>
                    </DataShape>
                    <Rows>
                        <Row>
                            <name>
                            <![CDATA[
                            PTC.Factory.TrendAndTroubleshooting.DELETE_TREND.TITLE
                            ]]>
                            </name>
                            <value>
                            <![CDATA[
                            刪除趨勢
                            ]]>
                            </value>
                        </Row>
                        <Row>
                            <name>
                            <![CDATA[
                            PTC.Factory.TrendAndTroubleshooting.NEW_TREND.TITLE
                            ]]>
                            </name>
                            <value>
                            <![CDATA[
                            新趨勢
                            ]]>
                            </value>
                        </Row>
                        <Row>
                            <name>
                            <![CDATA[
                            PTC.Factory.TrendAndTroubleshooting.EDIT_TREND.TITLE
                            ]]>
                            </name>
                            <value>
                            <![CDATA[
                            編輯趨勢
                            ]]>
                            </value>
                        </Row>
                        <Row>
                            <name>
                            <![CDATA[
                            PTC.Factory.TrendAndTroubleshooting.ADD_TAGS.TITLE
                            ]]>
                            </name>
                            <value>
                            <![CDATA[
                            新增標籤或屬性至趨勢
                            ]]>
                            </value>
                        </Row>
                        <Row>
                            <name>
                            <![CDATA[
                            PTC.Factory.TrendAndTroubleshooting.DELETE_TAG.TITLE
                            ]]>
                            </name>
                            <value>
                            <![CDATA[
                            移除標籤
                            ]]>
                            </value>
                        </Row>
                        <Row>
                            <name>
                            <![CDATA[
                            PTC.Factory.TrendAndTroubleshooting.DELETE_TREND.TOOLTIP
                            ]]>
                            </name>
                            <value>
                            <![CDATA[
                            刪除趨勢
                            ]]>
                            </value>
                        </Row>
                        <Row>
                            <name>
                            <![CDATA[
                            PTC.Factory.TrendAndTroubleshooting.NEW_TREND.TOOLTIP
                            ]]>
                            </name>
                            <value>
                            <![CDATA[
                            新趨勢
                            ]]>
                            </value>
                        </Row>
                        <Row>
                            <name>
                            <![CDATA[
                            PTC.Factory.TrendAndTroubleshooting.EDIT_TREND.TOOLTIP
                            ]]>
                            </name>
                            <value>
                            <![CDATA[
                            編輯趨勢
                            ]]>
                            </value>
                        </Row>
                        <Row>
                            <name>
                            <![CDATA[
                            PTC.Factory.TrendAndTroubleshooting.Title
                            ]]>
                            </name>
                            <value>
                            <![CDATA[
                            趨勢
                            ]]>
                            </value>
                        </Row>
                        <Row>
                            <name>
                            <![CDATA[
                            PTC.Factory.TrendAndTroubleshooting.OverviewTile
                            ]]>
                            </name>
                            <value>
                            <![CDATA[
                            概述：{0}
                            ]]>
                            </value>
                        </Row>
                        <Row>
                            <name>
                            <![CDATA[
                            PTC.Factory.TrendAndTroubleshooting.MissingInfo
                            ]]>
                            </name>
                            <value>
                            <![CDATA[
                            名稱欄位不可空白
                            ]]>
                            </value>
                        </Row>
                        <Row>
                            <name>
                            <![CDATA[
                            PTC.Factory.TrendAndTroubleshooting.MaxSizeExceeded
                            ]]>
                            </name>
                            <value>
                            <![CDATA[
                            趨勢名稱長度不能超過 150
                            ]]>
                            </value>
                        </Row>
                        <Row>
                            <name>
                            <![CDATA[
                            PTC.Factory.TrendAndTroubleshooting.TagOrPropertyName
                            ]]>
                            </name>
                            <value>
                            <![CDATA[
                            標籤或屬性
                            ]]>
                            </value>
                        </Row>
                        <Row>
                            <name>
                            <![CDATA[
                            PTC.Factory.ms
                            ]]>
                            </name>
                            <value>
                            <![CDATA[
                            ms
                            ]]>
                            </value>
                        </Row>
                        <Row>
                            <name>
                            <![CDATA[
                            PTC.Factory.Trend
                            ]]>
                            </name>
                            <value>
                            <![CDATA[
                            趨勢
                            ]]>
                            </value>
                        </Row>
                        <Row>
                            <name>
                            <![CDATA[
                            PTC.Factory.Save
                            ]]>
                            </name>
                            <value>
                            <![CDATA[
                            儲存
                            ]]>
                            </value>
                        </Row>
                        <Row>
                            <name>
                            <![CDATA[
                            PTC.Factory.Trend Name
                            ]]>
                            </name>
                            <value>
                            <![CDATA[
                            趨勢名稱 *
                            ]]>
                            </value>
                        </Row>
                        <Row>
                            <name>
                            <![CDATA[
                            PTC.Factory.Trend Period
                            ]]>
                            </name>
                            <value>
                            <![CDATA[
                            趨勢期間
                            ]]>
                            </value>
                        </Row>
                        <Row>
                            <name>
                            <![CDATA[
                            PTC.Factory.View Trend
                            ]]>
                            </name>
                            <value>
                            <![CDATA[
                            檢視趨勢詳細資訊
                            ]]>
                            </value>
                        </Row>
                        <Row>
                            <name>
                            <![CDATA[
                            PTC.Factory.DeleteTrendLabel
                            ]]>
                            </name>
                            <value>
                            <![CDATA[
                            您確定要移除 {0}？
                            ]]>
                            </value>
                        </Row>
                        <Row>
                            <name>
                            <![CDATA[
                            PTC.Factory.Radio.Week
                            ]]>
                            </name>
                            <value>
                            <![CDATA[
                            週
                            ]]>
                            </value>
                        </Row>
                        <Row>
                            <name>
                            <![CDATA[
                            PTC.Factory.Radio.last15min
                            ]]>
                            </name>
                            <value>
                            <![CDATA[
                            最後 15 分鐘
                            ]]>
                            </value>
                        </Row>
                        <Row>
                            <name>
                            <![CDATA[
                            PTC.Factory.Radio.lastHour
                            ]]>
                            </name>
                            <value>
                            <![CDATA[
                            最後一小時
                            ]]>
                            </value>
                        </Row>
                        <Row>
                            <name>
                            <![CDATA[
                            PTC.Factory.Radio.lastDay
                            ]]>
                            </name>
                            <value>
                            <![CDATA[
                            最後一天
                            ]]>
                            </value>
                        </Row>
                        <Row>
                            <name>
                            <![CDATA[
                            PTC.Factory.Radio.custom
                            ]]>
                            </name>
                            <value>
                            <![CDATA[
                            自訂
                            ]]>
                            </value>
                        </Row>
                        <Row>
                            <name>
                            <![CDATA[
                            PTC.Factory.Radio.Today
                            ]]>
                            </name>
                            <value>
                            <![CDATA[
                            今天
                            ]]>
                            </value>
                        </Row>
                        <Row>
                            <name>
                            <![CDATA[
                            PTC.Factory.Radio.Yesterday
                            ]]>
                            </name>
                            <value>
                            <![CDATA[
                            昨天
                            ]]>
                            </value>
                        </Row>
                        <Row>
                            <name>
                            <![CDATA[
                            PTC.Factory.Radio.Day3
                            ]]>
                            </name>
                            <value>
                            <![CDATA[
                            第三天
                            ]]>
                            </value>
                        </Row>
                        <Row>
                            <name>
                            <![CDATA[
                            PTC.Factory.Radio.Day4
                            ]]>
                            </name>
                            <value>
                            <![CDATA[
                            第四天
                            ]]>
                            </value>
                        </Row>
                        <Row>
                            <name>
                            <![CDATA[
                            PTC.Factory.Radio.Day5
                            ]]>
                            </name>
                            <value>
                            <![CDATA[
                            第五天
                            ]]>
                            </value>
                        </Row>
                        <Row>
                            <name>
                            <![CDATA[
                            PTC.Factory.Radio.Day6
                            ]]>
                            </name>
                            <value>
                            <![CDATA[
                            第六天
                            ]]>
                            </value>
                        </Row>
                        <Row>
                            <name>
                            <![CDATA[
                            PTC.Factory.Radio.Day7
                            ]]>
                            </name>
                            <value>
                            <![CDATA[
                            第七天
                            ]]>
                            </value>
                        </Row>
                        <Row>
                            <name>
                            <![CDATA[
                            PTC.Factory.Created On
                            ]]>
                            </name>
                            <value>
                            <![CDATA[
                            建立日期
                            ]]>
                            </value>
                        </Row>
                        <Row>
                            <name>
                            <![CDATA[
                            PTC.Factory.Created By
                            ]]>
                            </name>
                            <value>
                            <![CDATA[
                            建立者
                            ]]>
                            </value>
                        </Row>
                        <Row>
                            <name>
                            <![CDATA[
                            PTC.Factory.Start Time
                            ]]>
                            </name>
                            <value>
                            <![CDATA[
                            開始時間
                            ]]>
                            </value>
                        </Row>
                        <Row>
                            <name>
                            <![CDATA[
                            PTC.Factory.End Time
                            ]]>
                            </name>
                            <value>
                            <![CDATA[
                            結束時間
                            ]]>
                            </value>
                        </Row>
                        <Row>
                            <name>
                            <![CDATA[
                            PTC.Factory.Tags
                            ]]>
                            </name>
                            <value>
                            <![CDATA[
                            標籤
                            ]]>
                            </value>
                        </Row>
                        <Row>
                            <name>
                            <![CDATA[
                            PTC.Factory.Add Tags
                            ]]>
                            </name>
                            <value>
                            <![CDATA[
                            可新增最多 5 個標籤至趨勢
                            ]]>
                            </value>
                        </Row>
                        <Row>
                            <name>
                            <![CDATA[
                            PTC.Factory.Apply
                            ]]>
                            </name>
                            <value>
                            <![CDATA[
                            套用
                            ]]>
                            </value>
                        </Row>
                        <Row>
                            <name>
                            <![CDATA[
                            PTC.Factory.RemoveTag
                            ]]>
                            </name>
                            <value>
                            <![CDATA[
                            移除標籤
                            ]]>
                            </value>
                        </Row>
                        <Row>
                            <name>
                            <![CDATA[
                            PTC.Factory.On
                            ]]>
                            </name>
                            <value>
                            <![CDATA[
                            開
                            ]]>
                            </value>
                        </Row>
                        <Row>
                            <name>
                            <![CDATA[
                            PTC.Factory.Off
                            ]]>
                            </name>
                            <value>
                            <![CDATA[
                            關
                            ]]>
                            </value>
                        </Row>
                        <Row>
                            <name>
                            <![CDATA[
                            PTC.Factory.Error.CannotFindOPCDAThingByName
                            ]]>
                            </name>
                            <value>
                            <![CDATA[
                            找不到包含名稱 {0} 的 OPCDAThing。
                            ]]>
                            </value>
                        </Row>
                        <Row>
                            <name>
                            <![CDATA[
                            PTC.Factory.ConfirmationMessageForAddTags
                            ]]>
                            </name>
                            <value>
                            <![CDATA[
                            所選的標籤已新增至趨勢。
                            ]]>
                            </value>
                        </Row>
                        <Row>
                            <name>
                            <![CDATA[
                            PTC.Factory.ShowValueRange
                            ]]>
                            </name>
                            <value>
                            <![CDATA[
                            顯示值的範圍
                            ]]>
                            </value>
                        </Row>
                        <Row>
                            <name>
                            <![CDATA[
                            PTC.Factory.ProductionHistoricalData.SyncZoom.TOOLTIP
                            ]]>
                            </name>
                            <value>
                            <![CDATA[
                            切換同步縮放
                            ]]>
                            </value>
                        </Row>
                        <Row>
                            <name>
                            <![CDATA[
                            PTC.Factory.ProductionHistoricalData.SyncZoom.LABEL
                            ]]>
                            </name>
                            <value>
                            <![CDATA[
                            同步縮放
                            ]]>
                            </value>
                        </Row>
                        <Row>
                            <name>
                            <![CDATA[
                            PTC.Factory.LocalizedDateTimeFormat
                            ]]>
                            </name>
                            <value>
                            <![CDATA[
                            yyyy-mm-dd
                            ]]>
                            </value>
                        </Row>
                        <Row>
                            <name>
                            <![CDATA[
                            PTC.SCA.SCO.AxisIconTooltip
                            ]]>
                            </name>
                            <value>
                            <![CDATA[
                            顯示於 Y 軸的左或右側上
                            ]]>
                            </value>
                        </Row>
                        <Row>
                            <name>
                            <![CDATA[
                            PTC.SCA.SCO.VisibilityIconTooltip
                            ]]>
                            </name>
                            <value>
                            <![CDATA[
                            於圖表中顯示數值
                            ]]>
                            </value>
                        </Row>
                    </Rows>
                </ConfigurationTable>
            </ConfigurationTables>
        </LocalizationTable>
    </LocalizationTables>
</Entities>
