<?xml version="1.0" encoding="UTF-8"?>
<Entities
 build="b8140"
 majorVersion="0"
 minorVersion="0"
 modelPersistenceProviderPackage="PostgresPersistenceProviderPackage"
 revision="0"
 schemaVersion="1100"
 universal="password">
    <DataShapes>
        <DataShape
         aspect.isEditableExtensionObject="false"
         aspect.isExtension="true"
         baseDataShape=""
         description="Data shape for the service configuration table {PTC.SCA.SCO.ServiceConfiguration}"
         documentationContent=""
         homeMashup=""
         lastModifiedDate="2019-12-13T00:11:03.492-05:00"
         name="PTC.SCA.SCO.ServiceConfiguration"
         projectName="PTC.SCA.SCO.OperatorAdvisor.Model"
         tags="PTC:sca-sco;PTC:DataShape">
            <avatar></avatar>
            <DesignTimePermissions>
                <Create></Create>
                <Read></Read>
                <Update></Update>
                <Delete></Delete>
                <Metadata></Metadata>
            </DesignTimePermissions>
            <RunTimePermissions></RunTimePermissions>
            <VisibilityPermissions>
                <Visibility></Visibility>
            </VisibilityPermissions>
            <ConfigurationTableDefinitions></ConfigurationTableDefinitions>
            <ConfigurationTables></ConfigurationTables>
            <FieldDefinitions>
                <FieldDefinition
                 aspect.isPrimaryKey="false"
                 baseType="STRING"
                 description=""
                 name="createServiceName"
                 ordinal="2"></FieldDefinition>
                <FieldDefinition
                 aspect.isPrimaryKey="true"
                 baseType="DATASHAPENAME"
                 description=""
                 name="dataShapeName"
                 ordinal="1"></FieldDefinition>
            </FieldDefinitions>
        </DataShape>
    </DataShapes>
</Entities>
