<?xml version="1.0" encoding="UTF-8"?>
<Entities
 build="b198"
 majorVersion="8"
 minorVersion="3"
 modelPersistenceProviderPackage="PostgresPersistenceProviderPackage"
 revision="0"
 schemaVersion="1030"
 universal="">
    <DataShapes>
        <DataShape
         aspect.isEditableExtensionObject="false"
         aspect.isExtension="true"
         baseDataShape=""
         description="Data Shape containing properties for the material specification of a work definition {PTC.SCA.SCO.WorkDefinitionMaterialSpecification}"
         documentationContent=""
         homeMashup=""
         lastModifiedDate="2018-05-04T15:57:06.185-04:00"
         name="PTC.SCA.SCO.WorkDefinitionMaterialSpecification"
         projectName="PTC.SCA.SCO.WorkDefinition.Model"
         tags="PTC:sca-sco;PTC:DataShape;PTC:sca-sco-workdefinition-model">
            <avatar></avatar>
            <DesignTimePermissions>
                <Create></Create>
                <Read></Read>
                <Update></Update>
                <Delete></Delete>
                <Metadata></Metadata>
            </DesignTimePermissions>
            <RunTimePermissions></RunTimePermissions>
            <VisibilityPermissions>
                <Visibility></Visibility>
            </VisibilityPermissions>
            <ConfigurationTables></ConfigurationTables>
            <FieldDefinitions>
                <FieldDefinition
                 baseType="STRING"
                 description=""
                 name="OccurrencePath"
                 ordinal="12"></FieldDefinition>
                <FieldDefinition
                 baseType="STRING"
                 description=""
                 name="ComponentPath"
                 ordinal="11"></FieldDefinition>
                <FieldDefinition
                 baseType="INTEGER"
                 description=""
                 name="AssemblyRelationship"
                 ordinal="10"></FieldDefinition>
                <FieldDefinition
                 baseType="INTEGER"
                 description=""
                 name="AssemblyType"
                 ordinal="9"></FieldDefinition>
                <FieldDefinition
                 baseType="STRING"
                 description=""
                 name="Description"
                 ordinal="5"></FieldDefinition>
                <FieldDefinition
                 baseType="LONG"
                 description=""
                 name="MaterialClassUID"
                 ordinal="3"></FieldDefinition>
                <FieldDefinition
                 baseType="LONG"
                 description=""
                 name="MaterialDefinitionUID"
                 ordinal="4"></FieldDefinition>
                <FieldDefinition
                 baseType="INTEGER"
                 description=""
                 name="MaterialUse"
                 ordinal="6"></FieldDefinition>
                <FieldDefinition
                 baseType="NUMBER"
                 description=""
                 name="Quantity"
                 ordinal="7"></FieldDefinition>
                <FieldDefinition
                 baseType="STRING"
                 description=""
                 name="QuantityUnitOfMeasure"
                 ordinal="8"></FieldDefinition>
                <FieldDefinition
                 aspect.isPrimaryKey="true"
                 baseType="LONG"
                 description=""
                 name="UID"
                 ordinal="1"></FieldDefinition>
                <FieldDefinition
                 baseType="LONG"
                 description=""
                 name="WorkDefinitionUID"
                 ordinal="2"></FieldDefinition>
            </FieldDefinitions>
        </DataShape>
    </DataShapes>
</Entities>
