<?xml version="1.0" encoding="UTF-8"?>
<Entities
 majorVersion="0"
 minorVersion="0"
 universal="password">
    <DataShapes>
        <DataShape
         baseDataShape=""
         description="This entity represents the connection configuration table on the Odata connector thing"
         documentationContent=""
         homeMashup=""
         name="PTC.SCA.SCO.ODataConnectorConnectionSettings"
         projectName="PTC.SCA.SCO.MPMLinkConverter"
         tags="PTC:OA;PTC:sca-sco-mpmlinkconverter">
            <avatar></avatar>
            <DesignTimePermissions>
                <Create></Create>
                <Read></Read>
                <Update></Update>
                <Delete></Delete>
                <Metadata></Metadata>
            </DesignTimePermissions>
            <RunTimePermissions></RunTimePermissions>
            <VisibilityPermissions>
                <Visibility></Visibility>
            </VisibilityPermissions>
            <ConfigurationTableDefinitions></ConfigurationTableDefinitions>
            <ConfigurationTables></ConfigurationTables>
            <FieldDefinitions>
                <FieldDefinition
                 aspect.isPrimaryKey="true"
                 baseType="STRING"
                 description=""
                 name="ServiceRootRelativeURL"
                 ordinal="1"></FieldDefinition>
            </FieldDefinitions>
        </DataShape>
    </DataShapes>
</Entities>
