<?xml version="1.0" encoding="UTF-8"?>
<Entities
 build="b9338"
 majorVersion="0"
 minorVersion="0"
 modelPersistenceProviderPackage="PostgresPersistenceProviderPackage"
 revision="0"
 schemaVersion="1100"
 universal="password">
    <DataShapes>
        <DataShape
         aspect.isEditableExtensionObject="false"
         aspect.isExtension="true"
         baseDataShape=""
         description="Data Shape containing properties for a job order work definition link {PTC.SCA.SCO.JobOrderWorkDefinitionLink}"
         documentationContent=""
         homeMashup=""
         lastModifiedDate="2020-05-15T09:13:43.690-04:00"
         name="PTC.SCA.SCO.JobOrderWorkDefinitionLink"
         projectName="PTC.SCA.SCO.JobOrder.Model"
         tags="PTC:sca-sco;PTC:DataShape;PTC:sca-sco-joborder-model">
            <avatar></avatar>
            <DesignTimePermissions>
                <Create></Create>
                <Read></Read>
                <Update></Update>
                <Delete></Delete>
                <Metadata></Metadata>
            </DesignTimePermissions>
            <RunTimePermissions></RunTimePermissions>
            <VisibilityPermissions>
                <Visibility></Visibility>
            </VisibilityPermissions>
            <ConfigurationTableDefinitions></ConfigurationTableDefinitions>
            <ConfigurationTables></ConfigurationTables>
            <FieldDefinitions>
                <FieldDefinition
                 aspect.isPrimaryKey="false"
                 baseType="LONG"
                 description="Job Order UID foreign key"
                 name="JobOrderUID"
                 ordinal="5"></FieldDefinition>
                <FieldDefinition
                 aspect.isPrimaryKey="true"
                 baseType="LONG"
                 description=""
                 name="UID"
                 ordinal="1"></FieldDefinition>
                <FieldDefinition
                 aspect.isPrimaryKey="false"
                 baseType="LONG"
                 description="Work Definitoin UID foreign key"
                 name="WorkDefinitionUID"
                 ordinal="6"></FieldDefinition>
            </FieldDefinitions>
        </DataShape>
    </DataShapes>
</Entities>
