<?xml version="1.0" encoding="UTF-8"?>
<Entities
 build="b198"
 majorVersion="8"
 minorVersion="3"
 modelPersistenceProviderPackage="PostgresPersistenceProviderPackage"
 revision="0"
 schemaVersion="1030"
 universal="">
    <DataShapes>
        <DataShape
         aspect.isEditableExtensionObject="false"
         aspect.isExtension="true"
         baseDataShape=""
         description="Data Shape containing properties for the processing resource requirement of a job order {PTC.SCA.SCO.JobOrderProcessingResourceRequirement}"
         documentationContent=""
         homeMashup=""
         lastModifiedDate="2018-05-04T15:21:10.258-04:00"
         name="PTC.SCA.SCO.JobOrderProcessingResourceRequirement"
         projectName="PTC.SCA.SCO.JobOrder.Model"
         tags="PTC:sca-sco;PTC:DataShape;PTC:sca-sco-joborder-model">
            <avatar></avatar>
            <DesignTimePermissions>
                <Create></Create>
                <Read></Read>
                <Update></Update>
                <Delete></Delete>
                <Metadata></Metadata>
            </DesignTimePermissions>
            <RunTimePermissions></RunTimePermissions>
            <VisibilityPermissions>
                <Visibility></Visibility>
            </VisibilityPermissions>
            <ConfigurationTables></ConfigurationTables>
            <FieldDefinitions>
                <FieldDefinition
                 baseType="STRING"
                 description=""
                 name="Description"
                 ordinal="5"></FieldDefinition>
                <FieldDefinition
                 baseType="STRING"
                 description=""
                 name="EquipmentLevel"
                 ordinal="9"></FieldDefinition>
                <FieldDefinition
                 baseType="LONG"
                 description=""
                 name="JobOrderUID"
                 ordinal="2"></FieldDefinition>
                <FieldDefinition
                 baseType="LONG"
                 description=""
                 name="ProcessingResourceClassUID"
                 ordinal="3"></FieldDefinition>
                <FieldDefinition
                 baseType="LONG"
                 description=""
                 name="ProcessingResourceUID"
                 ordinal="4"></FieldDefinition>
                <FieldDefinition
                 baseType="NUMBER"
                 description=""
                 name="Quantity"
                 ordinal="7"></FieldDefinition>
                <FieldDefinition
                 baseType="STRING"
                 description=""
                 name="QuantityUnitOfMeasure"
                 ordinal="8"></FieldDefinition>
                <FieldDefinition
                 baseType="STRING"
                 description=""
                 name="ResourceUse"
                 ordinal="6"></FieldDefinition>
                <FieldDefinition
                 aspect.isPrimaryKey="true"
                 baseType="LONG"
                 description=""
                 name="UID"
                 ordinal="1"></FieldDefinition>
            </FieldDefinitions>
        </DataShape>
    </DataShapes>
</Entities>
