<?xml version="1.0" encoding="UTF-8"?>
<Entities
 build="b9348"
 majorVersion="0"
 minorVersion="0"
 modelPersistenceProviderPackage="PostgresPersistenceProviderPackage"
 revision="0"
 schemaVersion="1100"
 universal="password">
    <DataShapes>
        <DataShape
         aspect.isEditableExtensionObject="true"
         aspect.isExtension="true"
         baseDataShape=""
         description="Data Shape containing additional properties for an external system. {PTC.SCA.SCO.ExternalSystem_AP}"
         documentationContent=""
         homeMashup=""
         lastModifiedDate="2020-05-19T09:07:18.154-04:00"
         name="PTC.SCA.SCO.ExternalSystem_AP"
         projectName="PTC.SCA.SCO.WorkDefinition.Model"
         tags="PTC:sca-sco;PTC:DataShape;PTC:sca-sco-workdefinition-model">
            <avatar></avatar>
            <DesignTimePermissions>
                <Create></Create>
                <Read></Read>
                <Update></Update>
                <Delete></Delete>
                <Metadata></Metadata>
            </DesignTimePermissions>
            <RunTimePermissions></RunTimePermissions>
            <VisibilityPermissions>
                <Visibility></Visibility>
            </VisibilityPermissions>
            <ConfigurationTableDefinitions></ConfigurationTableDefinitions>
            <ConfigurationTables></ConfigurationTables>
            <FieldDefinitions>
                <FieldDefinition
                 aspect.isPrimaryKey="true"
                 baseType="LONG"
                 description=""
                 name="UID"
                 ordinal="1"></FieldDefinition>
            </FieldDefinitions>
        </DataShape>
    </DataShapes>
</Entities>
